id,statement_index,raw_prediction,prediction_parsed
39550e3c246330ee49d6f5a3f3889db8418aacf3d9ef71108ad4fb5fd27d7259,0,"Answer: 3

The environment shown in the image is a rugged desert mountain range with orange rock formations.

The image clearly shows a desert mountain range with orange rock formations, which is consistent with a desert environment. The other two statements are not grounded in the image as they describe environments that are not present in the image.",false
39550e3c246330ee49d6f5a3f3889db8418aacf3d9ef71108ad4fb5fd27d7259,1,,false
39550e3c246330ee49d6f5a3f3889db8418aacf3d9ef71108ad4fb5fd27d7259,2,,true
5f985ee30b7a618a99ff580a47522f7cc271a7a3b17ad62cc6c5859813f6d171,0,"Answer: 2

The bus in the image is a mobile museum displaying cultural and historical exhibits. The bus has large windows with images and text in Arabic, suggesting it is meant for educational purposes rather than daily commuting or sightseeing. The presence of people dressed in traditional attire further supports the idea that the bus is showcasing cultural exhibits.

The other statements are not supported by the image. There is no indication that the bus is specifically for tourists (Statement 1) or for daily commuters (Statement 3).",false
5f985ee30b7a618a99ff580a47522f7cc271a7a3b17ad62cc6c5859813f6d171,1,,true
5f985ee30b7a618a99ff580a47522f7cc271a7a3b17ad62cc6c5859813f6d171,2,,false
4eaad96db51485f183fbe3ea0b14ef16e47e4daf99ef10fc29b51fee26d69b52,0,"Answer: 2

The jeweled tiara worn with the decorated headscarf is likely used as a decorative accessory for a special occasion.

The tiara is ornate and adorned with precious stones, which is typical for special events rather than everyday wear or sports activities. The headscarf also has a decorative pattern, supporting the idea that this is meant for a special occasion. The tiara does not appear to be part of a school uniform, as school uniforms are typically more practical and less ornate.",false
4eaad96db51485f183fbe3ea0b14ef16e47e4daf99ef10fc29b51fee26d69b52,1,,true
4eaad96db51485f183fbe3ea0b14ef16e47e4daf99ef10fc29b51fee26d69b52,2,,false
38a6dc0eb0d96a64eda567173baab7698a6054f285cc82ee26d1b51658820a06,0,"Answer: 1

The image shows a glass of tea with a visible mint leaf inside, indicating that mint is a primary ingredient. The other two statements are not supported by the visual evidence in the image.",true
38a6dc0eb0d96a64eda567173baab7698a6054f285cc82ee26d1b51658820a06,1,,false
38a6dc0eb0d96a64eda567173baab7698a6054f285cc82ee26d1b51658820a06,2,,false
6f0acf368620aba6c02fae6e97dc641c439de3d51333c1a0936753e3e8393c48,0,"Answer: 1

The aircraft shown in the image is a military surveillance aircraft. The aircraft has markings and insignia that indicate it is part of a military force, specifically the NATO DTAN (Defense Technology and Acquisition Network). The presence of radar domes and other specialized equipment further supports its use as a surveillance aircraft.

Statement 2 is false because the aircraft does not have the design or features typical of a commercial passenger plane, such as large windows for passengers or a passenger cabin.

Statement 3 is false because the aircraft does not have the design or features typical of a cargo transport plane, such as a large cargo hold or cargo doors.",true
6f0acf368620aba6c02fae6e97dc641c439de3d51333c1a0936753e3e8393c48,1,,false
6f0acf368620aba6c02fae6e97dc641c439de3d51333c1a0936753e3e8393c48,2,,false
15d81593d6188c3cfc630067c02f70f97a60a7625023833410bc49ead618b773,0,"Answer: 3

The primary activity being performed in the image is archery practice. The person is holding a bow and arrow, aiming at a target, which is a clear indication of archery practice.

Statement 1: The primary activity being performed in the image is fishing. This is False because there are no fishing rods, bait, or any indication of fishing in the image.

Statement 2: The primary activity being performed in the image is hunting. This is also False because hunting typically involves using firearms or traps, and there is no evidence of such equipment or activity in the image.",false
15d81593d6188c3cfc630067c02f70f97a60a7625023833410bc49ead618b773,1,,false
15d81593d6188c3cfc630067c02f70f97a60a7625023833410bc49ead618b773,2,,true
3186adf7f819686f71839a1d9a48d43bf2970ec436a345dd705d8fc8f40cf717,0,"Answer: 2

The blazer worn in the image is a burnt orange blazer with structured shoulders. The other two statements are not grounded in the image. The blazer is not black leather, nor is it a casual denim jacket with patches.",false
3186adf7f819686f71839a1d9a48d43bf2970ec436a345dd705d8fc8f40cf717,1,,true
3186adf7f819686f71839a1d9a48d43bf2970ec436a345dd705d8fc8f40cf717,2,,false
431192ee74f3c24a181452b35e20176a105560d01b79db447400d27f446bc30b,0,"Answer: 1

The rug shown in the image is most closely associated with Muslim daily prayers (salat).

The rug features a central medallion and intricate geometric patterns, which are characteristic of Islamic art and design. The presence of the central medallion, often found in Islamic rugs, is a key indicator of its association with Muslim daily prayers. The other two statements are not grounded in the image as they do not match the visual characteristics of the rug.",true
431192ee74f3c24a181452b35e20176a105560d01b79db447400d27f446bc30b,1,,false
431192ee74f3c24a181452b35e20176a105560d01b79db447400d27f446bc30b,2,,false
13f10cfb4aac3fbd382e210b09c44e70a80be386937aee9f84a3e36b70202564,0,"Answer: 3

The primary function of the boats seen in this harbor scene is fishing activities. This is evident from the image of the boats and the presence of nets and fish, which are typical of fishing gear. The boats are small and appear to be used for fishing rather than luxury yachts or police patrol boats. The other statements are not supported by the visual evidence in the image.",false
13f10cfb4aac3fbd382e210b09c44e70a80be386937aee9f84a3e36b70202564,1,,false
13f10cfb4aac3fbd382e210b09c44e70a80be386937aee9f84a3e36b70202564,2,,true
f08128c6e27b047e6f33a7b12a8be07eeffb9b812e344c43810e9300f7933942,0,"Answer: 1

The mosque shown in the image features two tall minarets and a large central dome.

The mosque in the image clearly has two tall minarets and a large central dome, which is visible in the photograph. The other statements are not supported by the image: there is no pagoda-style roof or wooden beams, and there are no bell towers or stained glass windows visible.",true
f08128c6e27b047e6f33a7b12a8be07eeffb9b812e344c43810e9300f7933942,1,,false
f08128c6e27b047e6f33a7b12a8be07eeffb9b812e344c43810e9300f7933942,2,,false
4701f69d7028310325d3b8746d76691140e64c4caa0385f64a0c5a805d5bb417,0,"Answer: 2

The landscape shown in the image is a desert with tall sandstone formations. This is evident from the reddish-brown sandstone formations and the arid, barren environment with sparse vegetation.

Statement 1 is False because the image does not show a lush forest with waterfalls; it shows a dry, rocky desert landscape.
Statement 3 is False because the image does not show a snowy mountain range; it shows a desert with sandstone formations.",false
4701f69d7028310325d3b8746d76691140e64c4caa0385f64a0c5a805d5bb417,1,,true
4701f69d7028310325d3b8746d76691140e64c4caa0385f64a0c5a805d5bb417,2,,false
40cc444afe6647f21b3f74100ccadf5e22cae49eb7849b11547127abef202a40,0,"Answer: 3

The traditional soup shown in the image is most closely associated with Algeria. True or False?

The image shows a bowl of soup with a spoon, garnished with parsley, and labeled ""Algerian Vermicelli Soup - Chorba Vermicelle."" This indicates that the soup is from Algeria. The other statements are not supported by the image.",false
40cc444afe6647f21b3f74100ccadf5e22cae49eb7849b11547127abef202a40,1,,false
40cc444afe6647f21b3f74100ccadf5e22cae49eb7849b11547127abef202a40,2,,true
b2960a3818d96f79756dc9b546c3050647565534e55c17f92eb2adbdf4965375,0,"Answer: 1

The runner is wearing a white tank top, black shorts, red compression socks, and blue running shoes. The other two statements describe attire that is not present in the image.",true
b2960a3818d96f79756dc9b546c3050647565534e55c17f92eb2adbdf4965375,1,,false
b2960a3818d96f79756dc9b546c3050647565534e55c17f92eb2adbdf4965375,2,,false
62e90e2f6be94e3d441b90602c2b748b827e58d44250926aa008b0ce4ea9b159,0,"Answer: 1

The gathering depicted in the image shows people and livestock, with some individuals wearing traditional attire and engaging with the animals. This suggests a setting that could be associated with a religious ritual involving livestock.

Statement 2: The gathering depicted in the image is likely a general livestock auction. False.
There is no visible signage, bidding, or auctioneer, which are typical elements of a livestock auction.

Statement 3: The gathering depicted in the image is likely a community festival. False.
While there are people and livestock, there are no decorations, music, or festive activities that would typically indicate a community festival.",true
62e90e2f6be94e3d441b90602c2b748b827e58d44250926aa008b0ce4ea9b159,1,,false
62e90e2f6be94e3d441b90602c2b748b827e58d44250926aa008b0ce4ea9b159,2,,false
bc223d547760f8808409711e32d8dbbf801867e8713f8ae51abcb2c0d02566e4,0,"Answer: 3

The object shown in the image is a decorative brooch for clothing. The brooch features intricate silver filigree work and green enamel accents, which are characteristic of traditional jewelry designs. The brooch has a loop at the top for attaching to clothing and a small, ornate base, which is typical for brooches.

Statement 1 is False because the image does not show any religious scriptures, and the design does not suggest it is meant to hold any.

Statement 2 is False because the object does not resemble a compact mirror case. It has a loop for attaching to clothing and a decorative base, which are not typical features of a mirror case.

Statement 3 is True because the object is a decorative brooch for clothing, as evidenced by the loop at the top and the ornate design suitable for jewelry.",false
bc223d547760f8808409711e32d8dbbf801867e8713f8ae51abcb2c0d02566e4,1,,false
bc223d547760f8808409711e32d8dbbf801867e8713f8ae51abcb2c0d02566e4,2,,true
a5f556cefa064d136c22b8c06b2785e9d9fd17064513b377896ed5a183000366,0,"Answer: 1

The image shows a collection of decorative ceramic plates with floral designs. There is no bowl of fruit or glass of white wine visible in the image.",true
a5f556cefa064d136c22b8c06b2785e9d9fd17064513b377896ed5a183000366,1,,false
a5f556cefa064d136c22b8c06b2785e9d9fd17064513b377896ed5a183000366,2,,false
95c3deb1e6d8505899f1da230ed1f9fc984e741b8c9f40425f88ddbcf5c947ba,0,"Answer: 3

The image depicts a large white ship with the words ""RESCUE ZONE"" written on its side, indicating that it is a rescue vessel. The ship has various equipment and structures that are typical of rescue or emergency response vessels. The hull number ""703"" is also visible, which is a common feature on ships.

Statement 1 is False because the ship is not a cargo ship; it is a rescue vessel. The presence of ""RESCUE ZONE"" text clearly indicates its purpose.

Statement 2 is also False because the image does not depict a fishing boat. The structure and equipment visible on the ship are not typical of fishing boats.",false
95c3deb1e6d8505899f1da230ed1f9fc984e741b8c9f40425f88ddbcf5c947ba,1,,false
95c3deb1e6d8505899f1da230ed1f9fc984e741b8c9f40425f88ddbcf5c947ba,2,,true
853c3cc79483c345ffa2762b690d6f17d873314b1025a2822ba6ff6e9eec9381,0,"Answer: 1

The environment depicted in the photograph is a desert with rock formations and sand dunes.

The photograph shows a desert environment with rock formations and sand dunes, which matches the description in Statement 1. The other statements are not grounded in the image as they describe environments that are not present in the photograph.",true
853c3cc79483c345ffa2762b690d6f17d873314b1025a2822ba6ff6e9eec9381,1,,false
853c3cc79483c345ffa2762b690d6f17d873314b1025a2822ba6ff6e9eec9381,2,,false
4030235e980ca962459e0fb568e5a9f9da5f802d0b12d2c7b147023872732333,0,"Answer: 2

The image shows a set of tea cups and a teapot, which are typically used for serving tea and other beverages. The cups and teapot are decorated and ornate, suggesting they are intended for use in serving tea rather than for decoration or storage.",false
4030235e980ca962459e0fb568e5a9f9da5f802d0b12d2c7b147023872732333,1,,true
4030235e980ca962459e0fb568e5a9f9da5f802d0b12d2c7b147023872732333,2,,false
c8db077a0919b5ccb2c27f5cde87bce0ba8adad1373209c479024492c96a64e5,0,"Answer: 3

The backdrop clearly displays ""Las Vegas"" multiple times, indicating that the event is taking place in Las Vegas. The other statements are not supported by the backdrop, which specifically mentions Las Vegas.",false
c8db077a0919b5ccb2c27f5cde87bce0ba8adad1373209c479024492c96a64e5,1,,false
c8db077a0919b5ccb2c27f5cde87bce0ba8adad1373209c479024492c96a64e5,2,,true
6d7552ee0748b7c24fcc23c07a3ebd549228922288d7cc1dfe4dee522ac5f235,0,"Answer: 3

The image shows a group of people swimming and boating in a cave-like environment. This directly supports the third statement, making it true. The other two statements are not supported by the image.",false
6d7552ee0748b7c24fcc23c07a3ebd549228922288d7cc1dfe4dee522ac5f235,1,,false
6d7552ee0748b7c24fcc23c07a3ebd549228922288d7cc1dfe4dee522ac5f235,2,,true
e9fd9b635b64a7ee090d4ab9da281209da8958037fe9103200260a27bd239c99,0,"Answer: 1

The historical structure depicted in the image is an ancient tomb or monument. The structure is made of stone and appears to be an ancient tomb or monument, as indicated by its dome-like shape and the presence of scattered stones around it. The other two statements are not grounded in the image: the structure does not resemble a Roman amphitheater, which typically has a large, open, and tiered seating area, nor does it resemble a medieval castle, which usually has walls and towers.",true
e9fd9b635b64a7ee090d4ab9da281209da8958037fe9103200260a27bd239c99,1,,false
e9fd9b635b64a7ee090d4ab9da281209da8958037fe9103200260a27bd239c99,2,,false
8dba00bbbea7bea5f59da101b271732df61c920732fba975fe34603d5770afe7,0,"Answer: 2

The object in the image is a tapestry for wall decoration. The image shows a rectangular textile with a detailed pattern and border, which is characteristic of wall tapestries. The colors and design are consistent with traditional tapestry art.

Statement 1 is False because the object is not a table runner, as it is too large and designed for wall decoration rather than being placed on a table.

Statement 3 is False because the object is not a prayer rug used in Islamic rituals. Prayer rugs typically have a specific design for prayer spaces and are not meant for wall decoration.",false
8dba00bbbea7bea5f59da101b271732df61c920732fba975fe34603d5770afe7,1,,true
8dba00bbbea7bea5f59da101b271732df61c920732fba975fe34603d5770afe7,2,,false
1515019169ee631548a685651fc7c9d9f01afc60fcea04babc3aefb3cab124d2,0,"Answer: 1

The coat in the image is a long, elegant gray coat with ribbed sleeves and a belted waist.

This statement is grounded because the image clearly shows a long coat with ribbed sleeves and a belted waist, which matches the description. The other two statements are not grounded because the coat is not bright-colored, nor does it have floral patterns or zipper details.",true
1515019169ee631548a685651fc7c9d9f01afc60fcea04babc3aefb3cab124d2,1,,false
1515019169ee631548a685651fc7c9d9f01afc60fcea04babc3aefb3cab124d2,2,,false
c94f2378f0c87445df82b24cac7c15dcc4b5ca1f64bf9b6c9341a1c6e4e92a32,0,"Answer: 1

The image shows a group of camels being led by people, which is indicative of a caravan or a group traveling through the desert. The presence of the camels and the desert environment supports this activity.

Statement 2 is False because there is no indication of racing or competition in the image. The camels are moving in a line, which is more typical of a caravan.

Statement 3 is False because there is no evidence of hunting or any hunting equipment in the image. The focus is on the camels and the people leading them, not on hunting activities.",true
c94f2378f0c87445df82b24cac7c15dcc4b5ca1f64bf9b6c9341a1c6e4e92a32,1,,false
c94f2378f0c87445df82b24cac7c15dcc4b5ca1f64bf9b6c9341a1c6e4e92a32,2,,false
2571c59db69638eca0d5bef88d7e8725b411dcf07dbd18afa96bc8ca4b4c575f,0,"Answer: 3

The architectural structure shown in the image is a Roman amphitheater. The image depicts a large, circular stone structure with tiered seating, which is characteristic of Roman amphitheaters used for public gatherings and performances. The materials and construction style are consistent with Roman architecture.

Statement 1 is False because the structure does not resemble a medieval castle, which typically has a more rectangular or square shape with towers and walls.

Statement 2 is False because there is no evidence in the image to suggest that the structure is a royal mausoleum. Royal mausoleums are typically more elaborate and designed for burial purposes, which is not evident in this image.",false
2571c59db69638eca0d5bef88d7e8725b411dcf07dbd18afa96bc8ca4b4c575f,1,,false
2571c59db69638eca0d5bef88d7e8725b411dcf07dbd18afa96bc8ca4b4c575f,2,,true
e7f60dd1952c62677b6dd6ce1305951631cbbbbc404e174796558660014cbaf8,0,"Answer: 3

The setting of this image is a hospital or medical facility. I can see a man in a white coat, which is commonly worn by medical professionals, and an elderly woman in a wheelchair, suggesting a medical environment. The background also shows other individuals who appear to be medical staff. The setting is not a courtroom or a classroom, as there are no legal or educational elements visible in the image.",false
e7f60dd1952c62677b6dd6ce1305951631cbbbbc404e174796558660014cbaf8,1,,false
e7f60dd1952c62677b6dd6ce1305951631cbbbbc404e174796558660014cbaf8,2,,true
09f1068fd4bc7bec23092ddd069d4262996dc9a5790233d64b2357c35c43bbc3,0,"Answer: 1

The person in the image is holding a camera, which indicates they are likely engaged in photography. The other two statements are not supported by the image. The person is not sandboarding, as there is no evidence of a board or any sandboarding equipment. Additionally, the person is not hiking, as there are no visible hiking trails or backpacks.",true
09f1068fd4bc7bec23092ddd069d4262996dc9a5790233d64b2357c35c43bbc3,1,,false
09f1068fd4bc7bec23092ddd069d4262996dc9a5790233d64b2357c35c43bbc3,2,,false
84fab13f96e838eab5ed60534d733e6cabf0ab9f1936a797cc93c35f6ea3c2d8,0,"Answer: 1

The image shows woven straw bags and a stack of straw mats. These objects are primarily used for carrying items and storing liquids, as indicated by the presence of the bags and the stack of mats. The other statements are not supported by the visual evidence in the image.",true
84fab13f96e838eab5ed60534d733e6cabf0ab9f1936a797cc93c35f6ea3c2d8,1,,false
84fab13f96e838eab5ed60534d733e6cabf0ab9f1936a797cc93c35f6ea3c2d8,2,,false
129215dbc8d8f471c55ad54d930bf74178b998b7477814b303506df5467424f9,0,"Answer: 2

The Sikh Gurdwara in San Jose prominently features domes. The architecture includes multiple domes on top of the building, which are clearly visible in the image. The other statements are not supported by the image: there are no pyramids or spiral towers visible.",false
129215dbc8d8f471c55ad54d930bf74178b998b7477814b303506df5467424f9,1,,true
129215dbc8d8f471c55ad54d930bf74178b998b7477814b303506df5467424f9,2,,false
9212d047d787162f71fc597ad55df5a4c1b665e66240d4749807f3da3aae226c,0,"Answer: 2

The boys are wearing formal school uniforms in the image. The uniforms consist of maroon vests, white shirts, and maroon trousers. The other two statements are not grounded in the image as the boys are not wearing sports uniforms or casual attire.",false
9212d047d787162f71fc597ad55df5a4c1b665e66240d4749807f3da3aae226c,1,,true
9212d047d787162f71fc597ad55df5a4c1b665e66240d4749807f3da3aae226c,2,,false
651dc2d9956251af80f32b3a1cb2d40f2ff45e482ed0e6daefc9f1f1dec8b380,0,"Answer: 1

The heel style of the sandal in the image is a wedge heel. The heel appears to be thick and tapered, which is characteristic of a wedge heel. The other two statements are not grounded in the image as the heel does not resemble a block heel or a stiletto heel.",true
651dc2d9956251af80f32b3a1cb2d40f2ff45e482ed0e6daefc9f1f1dec8b380,1,,false
651dc2d9956251af80f32b3a1cb2d40f2ff45e482ed0e6daefc9f1f1dec8b380,2,,false
47fb4cc67c7de0ac76a159e8eb8e160686bf80a8b2f823aa7f607c57a7af0355,0,"Answer: 1

The image shows a car engine compartment with various mechanical components such as the engine, exhaust pipes, and cooling systems. This indicates that the primary function of the compartment is to house the engine for the car.

Statement 2 is false because there are no personal items visible in the image, and the compartment is clearly designed for the engine and related components.

Statement 3 is false because, although there are cooling systems visible, the primary function of the compartment is to house the engine, not just to provide cooling.",true
47fb4cc67c7de0ac76a159e8eb8e160686bf80a8b2f823aa7f607c57a7af0355,1,,false
47fb4cc67c7de0ac76a159e8eb8e160686bf80a8b2f823aa7f607c57a7af0355,2,,false
3a27cf97aa63e2e506eed5a3933ac870fb7c316364f03c3e9c1e9480c92fe2b2,0,"Answer: 2

The interior of the private jet is most likely associated with luxury air travel. The luxurious design, plush seating, and high-end materials visible in the image suggest a focus on comfort and exclusivity, which are hallmarks of luxury air travel. The presence of a well-appointed table with a glass and a plate, along with the overall opulent design, further supports this association.

Statement 1 is False because the interior does not have any military-specific features or design elements that would suggest it is associated with military air transport. 

Statement 3 is also False because the interior is not designed for commercial airline travel, which typically features more basic and utilitarian seating arrangements. The luxurious and personalized elements seen in the image are not characteristic of commercial airline interiors.",false
3a27cf97aa63e2e506eed5a3933ac870fb7c316364f03c3e9c1e9480c92fe2b2,1,,true
3a27cf97aa63e2e506eed5a3933ac870fb7c316364f03c3e9c1e9480c92fe2b2,2,,false
ae140bcb0ca783c2a56438565507556547c6ce5f5d1f269bedf91daefaf271ce,0,"Answer: 1

The event depicted in the image is most likely a film festival.

In the image, we see a red carpet event with attendees dressed in formal attire, including elegant dresses and suits. There are photographers and cameras capturing the event, which is typical for film festivals where celebrities and notable figures are photographed upon arrival. The presence of a red carpet and the formal attire of the attendees strongly suggest that this is a film festival rather than a corporate meeting or casual gathering.",true
ae140bcb0ca783c2a56438565507556547c6ce5f5d1f269bedf91daefaf271ce,1,,false
ae140bcb0ca783c2a56438565507556547c6ce5f5d1f269bedf91daefaf271ce,2,,false
6ae8c37b60d9994eb7d60bd9d36bd77487c555d7580697b17cd60467e11280df,0,"Answer: 3

The right section of the image shows a building entrance with the sign ""MoMA,"" which stands for the Museum of Modern Art. The signage and the modern architectural style are indicative of a museum entrance. The other two statements are not supported by the visual evidence in the image.",false
6ae8c37b60d9994eb7d60bd9d36bd77487c555d7580697b17cd60467e11280df,1,,false
6ae8c37b60d9994eb7d60bd9d36bd77487c555d7580697b17cd60467e11280df,2,,true
03783038c9e119decab0f571c4d4ea1ecddb201279dcad38f8362879bf6531cc,0,"Answer: 1

The image shows a man playing a drum, surrounded by other individuals who appear to be part of a group, possibly a band or a musical ensemble. There are musical instruments and a microphone stand visible, indicating a performance setting. The attire of the individuals and the presence of a microphone suggest a cultural music performance rather than a formal business meeting or a sports competition.",true
03783038c9e119decab0f571c4d4ea1ecddb201279dcad38f8362879bf6531cc,1,,false
03783038c9e119decab0f571c4d4ea1ecddb201279dcad38f8362879bf6531cc,2,,false
8497eecafff7982cf7e1f1909cce8eb1f3dcdc16aee114be6c53d55ea41c8de6,0,"Answer: 3

The image shows oil lamps (diyas) with flames burning, which are commonly used during Diwali in Hindu culture. The other two statements are not grounded in the image.",false
8497eecafff7982cf7e1f1909cce8eb1f3dcdc16aee114be6c53d55ea41c8de6,1,,false
8497eecafff7982cf7e1f1909cce8eb1f3dcdc16aee114be6c53d55ea41c8de6,2,,true
6ed4c9f1c238bb58b061a6690fc12c33b56a01c646a35ab33686b2bcc404595a,0,"Answer: 1

The striped structure visible near the ruins is likely an archaeological research station. The other two statements are not grounded in the image.

The striped structure near the ruins is indeed visible in the image, and it is common for archaeological research stations to have such distinctive markings for identification and organization. The structure's location near the ruins and its isolated appearance suggest it is related to the archaeological site.

The other two statements are not grounded in the image. There is no visible lifeguard hut or storage shed in the image, and the striped structure does not resemble either of these types of buildings.",true
6ed4c9f1c238bb58b061a6690fc12c33b56a01c646a35ab33686b2bcc404595a,1,,false
6ed4c9f1c238bb58b061a6690fc12c33b56a01c646a35ab33686b2bcc404595a,2,,false
cf6c9311991c7005203c8e9d0f70a7139f0e9cd81948ebf1a2fa3d8727f07a51,0,"Answer: 1

The individuals are wearing traditional attire, including agalas and thobes, and have lanyards around their necks. This suggests they might be attending a formal event, possibly a sports event, as lanyards are often used for identification at such events.

The other statements are not grounded in the image:
- Statement 2: There is no indication of a wedding ceremony, as weddings typically do not involve lanyards.
- Statement 3: The attire and lanyards suggest a formal event, not a casual gathering.",true
cf6c9311991c7005203c8e9d0f70a7139f0e9cd81948ebf1a2fa3d8727f07a51,1,,false
cf6c9311991c7005203c8e9d0f70a7139f0e9cd81948ebf1a2fa3d8727f07a51,2,,false
24b619add0d1ccb032a2d128a8a18828351a76a68df2cdde27cf69f56b22e46d,0,"Answer: 1

The image shows large cargo ships docked in the port area. There are no fishing boats or passenger ships visible in the image. The presence of cargo ships is evident from their large size and the visible cargo handling equipment.",true
24b619add0d1ccb032a2d128a8a18828351a76a68df2cdde27cf69f56b22e46d,1,,false
24b619add0d1ccb032a2d128a8a18828351a76a68df2cdde27cf69f56b22e46d,2,,false
d1133e8edc66b3b8776417c0464c623fc4044d24cd83ada3f091f95d4ffbbc97,0,"Answer: 2

The purpose of the tomato roses in the dish is to serve as decorative garnishes. The tomato roses are placed on top of the rice and chicken, adding a visually appealing element to the dish. They are not used for flavoring or providing protein, as they are not mixed into the dish and do not appear to be a part of the main components.",false
d1133e8edc66b3b8776417c0464c623fc4044d24cd83ada3f091f95d4ffbbc97,1,,true
d1133e8edc66b3b8776417c0464c623fc4044d24cd83ada3f091f95d4ffbbc97,2,,false
8d0ac4028d178afeee886e4651f03d1092326299ba3c3ecb7f2493fb78fb0bee,0,"Answer: 2

The primary purpose of the minaret in a mosque is to call for prayer (Adhan). The minaret is a tall, slender tower that is typically located outside the mosque and is used by the muezzin to call the faithful to prayer. The image shows a minaret with a crescent moon at the top, which is a common feature of Islamic architecture and is used to indicate the direction of Mecca, the qibla, which is important for prayer.

The other statements are not grounded in the image:
- Statement 1: The primary purpose of the minaret is not to store religious artifacts. While some minarets may have small storage spaces, their primary function is to call for prayer.
- Statement 3: The primary purpose of the minaret is not to provide shelter for visitors. While minarets may provide some shelter from the elements, their main function is to serve as a call to prayer.",false
8d0ac4028d178afeee886e4651f03d1092326299ba3c3ecb7f2493fb78fb0bee,1,,true
8d0ac4028d178afeee886e4651f03d1092326299ba3c3ecb7f2493fb78fb0bee,2,,false
f2e4eaacb50d09353ca664e50938174235e25df035f08e29c0f1178db47c5566,0,"Answer: 1

The building has a modern architectural design with large glass windows and a prominent red lighting feature, which is typical of cultural centers or exhibition spaces. There are no residential or shopping mall characteristics visible in the image.",true
f2e4eaacb50d09353ca664e50938174235e25df035f08e29c0f1178db47c5566,1,,false
f2e4eaacb50d09353ca664e50938174235e25df035f08e29c0f1178db47c5566,2,,false
322ec782a08eccba628addde6e3e75cdb65cd1696f94ba7afd0e21a695b8569b,0,"Answer: 2

The image shows a variety of foods, including what appears to be dates, which are traditionally used to break the fast during Ramadan. The other items, such as stuffed grape leaves and rice, are not clearly visible or identifiable in the image.",false
322ec782a08eccba628addde6e3e75cdb65cd1696f94ba7afd0e21a695b8569b,1,,true
322ec782a08eccba628addde6e3e75cdb65cd1696f94ba7afd0e21a695b8569b,2,,false
c91e4c3f9739ebf7121813f888f1952f5c16cef9680cdbaa1e385908fd5120c6,0,"Answer: 1

The image shows a Formula 1 race with Gulf Air prominently displayed on a large blue sign above the track. The other two statements are not supported by the image.",true
c91e4c3f9739ebf7121813f888f1952f5c16cef9680cdbaa1e385908fd5120c6,1,,false
c91e4c3f9739ebf7121813f888f1952f5c16cef9680cdbaa1e385908fd5120c6,2,,false
298509572e3a7162626ea3fcbb3bda2e37a62075c06163b9b8ffff93b60ee5c3,0,"Answer: 3

The image shows a person working with clay on a pottery wheel, which is a clear indication of pottery making. The clay is being shaped on the wheel, and the person's hands are covered in clay, which is typical for pottery making. The other two statements are not grounded in the image as there is no evidence of glass blowing or wood carving in the image.",false
298509572e3a7162626ea3fcbb3bda2e37a62075c06163b9b8ffff93b60ee5c3,1,,false
298509572e3a7162626ea3fcbb3bda2e37a62075c06163b9b8ffff93b60ee5c3,2,,true
3e8b2d988a32d1982b1b872524d6fab6f9ae61c032a9b39a06770f79ae695014,0,"Answer: 2

The image shows a seating arrangement with multiple cushions and a rug, which is typical of traditional communal seating in many Arab cultures. The cushions are arranged in a way that facilitates group seating, and the rug adds to the traditional aesthetic. The other two statements are not grounded in the image as there is no indication of a dining area or an office waiting room.",false
3e8b2d988a32d1982b1b872524d6fab6f9ae61c032a9b39a06770f79ae695014,1,,true
3e8b2d988a32d1982b1b872524d6fab6f9ae61c032a9b39a06770f79ae695014,2,,false
c5600b20c1e8d441c4d1cadabc9cf75cb6713651f7b776ae1b036c6d5afa0628,0,"Answer: 1

The kettle has a long gooseneck spout, which is designed for precise pouring. The other statements are not supported by what is visible in the image. The circular lid and the black color do not inherently make the kettle suitable for precise pouring.",true
c5600b20c1e8d441c4d1cadabc9cf75cb6713651f7b776ae1b036c6d5afa0628,1,,false
c5600b20c1e8d441c4d1cadabc9cf75cb6713651f7b776ae1b036c6d5afa0628,2,,false
069b13c415ef2f565356b87226737992a345bd9b5c54ab3dee3410756c010819,0,"Answer: 2

The Arabic calligraphy wall piece in the image is made of gold-plated metal. The other two statements are not grounded in the image.

The Arabic calligraphy wall piece appears to be made of a shiny, metallic material, which is consistent with gold-plated metal. The other two statements are not supported by the visual evidence in the image. The calligraphy piece does not appear to be made of plastic or wood.",false
069b13c415ef2f565356b87226737992a345bd9b5c54ab3dee3410756c010819,1,,true
069b13c415ef2f565356b87226737992a345bd9b5c54ab3dee3410756c010819,2,,false
744da12c3e94a02f3f32cceac55188260053c27ebdb862b3da7a3054b210f359,0,"Answer: 3

The fort shown in the image is called Qal'at al-Bahrain. The fort is characterized by its large, rectangular structure with a flagpole bearing a red flag, and it is situated in a flat, open area with a clear sky in the background. The fort's walls are made of stone and appear to be well-preserved, indicating its historical significance. The flagpole and the flag are clearly visible, adding to the authenticity of the image.

Statement 1 is False because the fort shown in the image is not called Arad Fort. Arad Fort is a different fort located in Israel, and the structure in the image does not match its appearance.

Statement 2 is False because the fort shown in the image is not called Riffa Fort. Riffa Fort is a different fort located in Bahrain, and the structure in the image does not match its appearance.

Statement 3 is True because the fort shown in the image is called Qal'at al-Bahrain. The fort's appearance, including its rectangular structure, stone walls, and flagpole with a red flag, matches the description and visual characteristics of Qal'at al-Bahrain, a historical fort located in Bahrain.",false
744da12c3e94a02f3f32cceac55188260053c27ebdb862b3da7a3054b210f359,1,,false
744da12c3e94a02f3f32cceac55188260053c27ebdb862b3da7a3054b210f359,2,,true
d9847923f255a93244d606ec4e743b39a63f47038889bcc93e0cfe4a49ad4f7e,0,"Answer: 3

The most notable feature inside the corridor is a single chair placed on a red carpet. The other two statements are not grounded in the image. There is no chandelier or fountain visible in the corridor.",false
d9847923f255a93244d606ec4e743b39a63f47038889bcc93e0cfe4a49ad4f7e,1,,false
d9847923f255a93244d606ec4e743b39a63f47038889bcc93e0cfe4a49ad4f7e,2,,true
7bfddd27d687ac68b67a65a47e7af825837a83f969024158b0f403377428e30a,0,"Answer: 3

The image shows a musical instrument with a curved body and a long neck, which is characteristic of an Oud. The strings are arranged in pairs, and the body has a distinctive shape with a deep, rounded body and a long neck, which is typical of an Oud. The wood appears to be a dark, rich color, which is common for Ouds. The other statements are not grounded in the image because the depicted instrument does not resemble a Guitar or a Violin.",false
7bfddd27d687ac68b67a65a47e7af825837a83f969024158b0f403377428e30a,1,,false
7bfddd27d687ac68b67a65a47e7af825837a83f969024158b0f403377428e30a,2,,true
f8309d0e45c4eed932b1039bed724df16138a3fa96f8d026c0cec7c76fef8bbd,0,"Answer: 1

The equestrian statue depicted in the image has a metallic sheen and texture, which is characteristic of bronze. The statue appears to have a patina, a greenish-blue surface layer that forms on bronze over time, further indicating that it is made of bronze. The other materials mentioned in the statements, wood and marble, do not have the same visual characteristics as bronze and are not visible in the image.",true
f8309d0e45c4eed932b1039bed724df16138a3fa96f8d026c0cec7c76fef8bbd,1,,false
f8309d0e45c4eed932b1039bed724df16138a3fa96f8d026c0cec7c76fef8bbd,2,,false
fb4c294140d448fe8cb747bb92b2a466e1aa8e53d2abd2a123ec03562f78c7e6,0,"Answer: 3

The environment in the image is an urban area with modern high-rise buildings.

The image shows several high-rise buildings, indicating an urban setting. There are no coastal elements or small shops visible, and the buildings are modern, not traditional houses.",false
fb4c294140d448fe8cb747bb92b2a466e1aa8e53d2abd2a123ec03562f78c7e6,1,,false
fb4c294140d448fe8cb747bb92b2a466e1aa8e53d2abd2a123ec03562f78c7e6,2,,true
d825c5f93c24b6498e06d67c4a39e6165ee7fe8b3a90639b616fe694fc082510,0,"Answer: 1

The image shows a charcuterie board with various items such as cured meats, cheeses, olives, nuts, and fresh fruits like figs. There is no fried chicken present on the board. Therefore, Statement 1 is grounded in the image as true, while Statements 2 and 3 are not grounded in the image and are false.",true
d825c5f93c24b6498e06d67c4a39e6165ee7fe8b3a90639b616fe694fc082510,1,,false
d825c5f93c24b6498e06d67c4a39e6165ee7fe8b3a90639b616fe694fc082510,2,,false
73a2e7842857d6addac8be8c5acc4f054e6e305821b1bc52f0b1c12be4706411,0,"Answer: 2

The red logo above the 'Waterfront Bremen' sign is a wave-like design symbolizing water. The other two statements are not supported by the image.",false
73a2e7842857d6addac8be8c5acc4f054e6e305821b1bc52f0b1c12be4706411,1,,true
73a2e7842857d6addac8be8c5acc4f054e6e305821b1bc52f0b1c12be4706411,2,,false
955069f8ea8fd4218ef3a90710b9e885defedb7950638da284753754c3eedfc7,0,"Answer: 1

The person in the image is holding a microphone, which is commonly used for singing or performing. The individual is dressed in an elaborate outfit and appears to be on a stage, suggesting a performance setting. The microphone is not being used for giving a speech or simply held as an accessory, as there is no indication of a formal speech setting and the microphone is clearly being used in a performance context.",true
955069f8ea8fd4218ef3a90710b9e885defedb7950638da284753754c3eedfc7,1,,false
955069f8ea8fd4218ef3a90710b9e885defedb7950638da284753754c3eedfc7,2,,false
82d4f77a43546b79831710cd892e6747d02ce97e0cdd248138ec608f97d49818,0,"Answer: 3

The wooden latticework in such architectural designs typically serves to provide ventilation and privacy. The image shows a wooden latticework window and a balcony with intricate designs, which are common in traditional Arab architecture. These designs allow air to circulate while providing privacy for the inhabitants.

Statement 1 is False because the primary purpose of wooden latticework is not to enhance the durability of the facade but to provide ventilation and privacy.

Statement 2 is False because the wooden latticework does not serve to offer structural support to the building. Structural support is provided by the building's framework and materials, not by the decorative latticework.",false
82d4f77a43546b79831710cd892e6747d02ce97e0cdd248138ec608f97d49818,1,,false
82d4f77a43546b79831710cd892e6747d02ce97e0cdd248138ec608f97d49818,2,,true
0382109ef1cca88a96894838aed52b60cb6ee34728e36f4b7844d9c05f21def5,0,"Answer: 1

The primary material used in the golden mask of Tutankhamun is gold. The other two statements are hallucinations because the image shows a golden mask, which indicates that gold is the primary material used. The other materials mentioned in the statements (bronze and marble) are not visible in the image.",true
0382109ef1cca88a96894838aed52b60cb6ee34728e36f4b7844d9c05f21def5,1,,false
0382109ef1cca88a96894838aed52b60cb6ee34728e36f4b7844d9c05f21def5,2,,false
0bfc117e6862520853ff46452473295d08b8e33049fff55208afb45a7b215880,0,"Answer: 3

The primary architectural style depicted in the image is Nubian architecture. The image shows a building with intricate geometric patterns and decorative elements that are characteristic of Nubian architecture, which is known for its distinctive geometric designs and use of bright colors.

The other two statements are not grounded in the image. Modernist architecture is characterized by simplicity, minimalism, and the use of new materials and technology, which is not evident in the image. Gothic architecture is known for its pointed arches, ribbed vaults, and flying buttresses, which are also not present in the image.",false
0bfc117e6862520853ff46452473295d08b8e33049fff55208afb45a7b215880,1,,false
0bfc117e6862520853ff46452473295d08b8e33049fff55208afb45a7b215880,2,,true
44c2b1e4710f3d6e1dc4038a03dbe459069dff3ee02e4a88d39359c03f37927c,0,"Answer: 1

The architecture shown in the image is most likely associated with the Middle East. The image depicts a tall, narrow tower with a flat roof, which is characteristic of traditional Middle Eastern architecture. The materials used, such as mud bricks, and the style of the buildings in the background, further support this association. The other two statements are not grounded in the image as they do not match the architectural style depicted.",true
44c2b1e4710f3d6e1dc4038a03dbe459069dff3ee02e4a88d39359c03f37927c,1,,false
44c2b1e4710f3d6e1dc4038a03dbe459069dff3ee02e4a88d39359c03f37927c,2,,false
63373f09973d27f0f370d6451a1506550af5f363d15f1d2969456c3b27b2002d,0,"Answer: 3

The image shows a close-up of a performer playing a drum, which is a musical instrument. The drum is the central focus, with its circular shape and the performer's hand visible, indicating the action of playing. The colors and patterns on the drum, along with the performer's attire, suggest a cultural or traditional context, supporting the idea that this is a musical performance.

Statement 1 is not grounded because there is no clear indication of a dance being performed, only the drum being played.
Statement 2 is not grounded because there is no evidence of a sporting event taking place; the image focuses solely on the drum and the performer.
Statement 3 is grounded because the image clearly shows a drum being played, which is a musical instrument.",false
63373f09973d27f0f370d6451a1506550af5f363d15f1d2969456c3b27b2002d,1,,false
63373f09973d27f0f370d6451a1506550af5f363d15f1d2969456c3b27b2002d,2,,true
9fb60991d818f060788ee7a9666b15c79042f9476394271f0be72236f8c60eac,0,"Answer: 2

The Empire State Building is illuminated with different colors, which is visible in the image. This is typically done to celebrate holidays, events, or cultural causes, not for additional lighting for city streets or signaling weather changes.",false
9fb60991d818f060788ee7a9666b15c79042f9476394271f0be72236f8c60eac,1,,true
9fb60991d818f060788ee7a9666b15c79042f9476394271f0be72236f8c60eac,2,,false
1c6f2e6a732b947a036850742449784931e5b6232c0da65d1e2ee1dd7fc0f6a1,0,"Answer: 2

The background of the image shows desert mountains and greenery. True or False?

The background of the image shows desert mountains and greenery, including palm trees and a body of water. The mountains are barren and rocky, typical of desert landscapes, and there is greenery present in the form of trees and vegetation. The other statements are not grounded in the image as they describe elements that are not present, such as snow-covered peaks and urban skyscrapers.",false
1c6f2e6a732b947a036850742449784931e5b6232c0da65d1e2ee1dd7fc0f6a1,1,,true
1c6f2e6a732b947a036850742449784931e5b6232c0da65d1e2ee1dd7fc0f6a1,2,,false
145c165299df858c1742709b4a728bc906fa748b7f7278cf5f0fb9e13bbdee45,0,"Answer: 3

The primary material used to construct the oven shown in the image is clay. The oven has a rough, textured surface that is characteristic of clay, and the interior walls are also made of clay. The other statements are not grounded in the image because there is no visible wood or metal in the construction of the oven.",false
145c165299df858c1742709b4a728bc906fa748b7f7278cf5f0fb9e13bbdee45,1,,false
145c165299df858c1742709b4a728bc906fa748b7f7278cf5f0fb9e13bbdee45,2,,true
518cd34da743c76d54a70341f3eaf41a7ea690f75d6320de918bed2676f92bf9,0,"Answer: 2

The image shows a river with a large settlement along its banks and agricultural fields surrounding it. There are no visible railways, airplanes, or boats, which suggests that water transport is most likely associated with the river shown in the image.",false
518cd34da743c76d54a70341f3eaf41a7ea690f75d6320de918bed2676f92bf9,1,,true
518cd34da743c76d54a70341f3eaf41a7ea690f75d6320de918bed2676f92bf9,2,,false
2da6b996a65dcacc2a84297bd441d464211f7b7d825b4a3e212f600043ea8634,0,"Answer: 2

The image shows a boat on water with a golden hue, indicating the presence of sunlight reflecting off the water. This golden hue is characteristic of the colors seen during sunset.

The other two statements are not grounded in the image:
- Statement 1: The image does not depict the afternoon, as the golden hue is more indicative of sunset.
- Statement 3: The image does not depict the morning, as the golden hue and the reflections on the water are more typical of sunset rather than morning light.",false
2da6b996a65dcacc2a84297bd441d464211f7b7d825b4a3e212f600043ea8634,1,,true
2da6b996a65dcacc2a84297bd441d464211f7b7d825b4a3e212f600043ea8634,2,,false
7dcce62842b9df500422b22b6239cef43b45c4ee7644e204efa7569e97909cbc,0,"Answer: 1

The woman crouching in the foreground is holding a gun and appears to be inspecting something on the ground, which could be an artifact. The presence of ancient ruins and the attire of the individuals suggest an archaeological setting.

The other two statements are not supported by the image. There is no indication that the woman is performing in a theatrical act, nor is there any evidence that she is exploring the ruins as a tourist.",true
7dcce62842b9df500422b22b6239cef43b45c4ee7644e204efa7569e97909cbc,1,,false
7dcce62842b9df500422b22b6239cef43b45c4ee7644e204efa7569e97909cbc,2,,false
46c21f09846000b3f735c0e8371e97f5655f878676d5046690687ac9b850a736,0,"Answer: 2

The stone statues are most likely associated with the Ancient Egyptian civilization.

The statues in the image are large, humanoid figures with distinct features such as headdresses and elaborate clothing, which are characteristic of Ancient Egyptian art. The style and design of the statues, along with the materials used, are consistent with the sculptures found in Egyptian archaeological sites. The presence of these statues in a desert-like environment also aligns with the locations where many ancient Egyptian temples and monuments are found.

Statement 1 is False because the Mayan civilization is known for its pyramids, hieroglyphs, and a different style of art and architecture, which does not match the statues in the image.

Statement 3 is False because the Ancient Greek civilization is known for its sculptures depicting gods, heroes, and athletes, often in a more naturalistic style, and the statues in the image do not match this description.",false
46c21f09846000b3f735c0e8371e97f5655f878676d5046690687ac9b850a736,1,,true
46c21f09846000b3f735c0e8371e97f5655f878676d5046690687ac9b850a736,2,,false
57dfb319490f24a374c2d3493f19ac6aeacaf31567a5263f44dbbd497fd6aea9,0,"Answer: 2

The large windows in the restaurant are most likely intended to provide natural light and outdoor views.

The large windows in the restaurant are clearly designed to allow natural light to enter the space and to offer views of the outside environment, including the street and parked cars. This is evident from the clear visibility through the windows and the presence of daylight illuminating the interior. The other statements are not supported by the image, as there is no indication that the windows are used to separate different sections of the restaurant or to display advertisements.",false
57dfb319490f24a374c2d3493f19ac6aeacaf31567a5263f44dbbd497fd6aea9,1,,true
57dfb319490f24a374c2d3493f19ac6aeacaf31567a5263f44dbbd497fd6aea9,2,,false
95ea0537f9a2ba09e19da48d663658674dac7f84ae0a4930c43b3aed70d19f81,0,"Answer: 1

The image shows a piece of cloth with a simple design and a loop at the top, which could be used as a ceremonial garment in a religious or spiritual context. The other two statements are not supported by the visual evidence in the image.",true
95ea0537f9a2ba09e19da48d663658674dac7f84ae0a4930c43b3aed70d19f81,1,,false
95ea0537f9a2ba09e19da48d663658674dac7f84ae0a4930c43b3aed70d19f81,2,,false
c5dd0e4bbeb8f4e88096107662273de7022800daed25382ff3f2eb6b14abbefc,0,"Answer: 3

The most likely purpose of the interaction shown in the image is professional collaboration.

In the image, we see three men engaged in a discussion. The man on the left is pointing at something, possibly explaining or demonstrating something to the other two men. The man in the middle is holding a document, which suggests they are discussing work-related matters. The man on the right is attentively listening and holding a pen, indicating he might be taking notes or preparing to sign something. All three men are wearing formal attire and have lanyards with ID badges, which is typical for professional events or conferences. The presence of a camera and lighting equipment in the background further supports the idea that this is a professional setting, possibly a trade show or exhibition where collaboration and discussions about work are common. The other two statements, suggesting a social gathering or casual conversation, are not supported by the formal attire, ID badges, and the context of the setting.",false
c5dd0e4bbeb8f4e88096107662273de7022800daed25382ff3f2eb6b14abbefc,1,,false
c5dd0e4bbeb8f4e88096107662273de7022800daed25382ff3f2eb6b14abbefc,2,,true
ea21c22362afe70f1857bda2fec2f04015b3fbd1fd47c7824a1660d9e47327c9,0,"Answer: 3

The aircraft in the image has ""ARAB REPUBLIC OF EGYPT"" written on its side, indicating it belongs to Egypt. The presence of the Egyptian flag and the text in Arabic further confirm this. The other statements are not supported by the visual evidence in the image.",false
ea21c22362afe70f1857bda2fec2f04015b3fbd1fd47c7824a1660d9e47327c9,1,,false
ea21c22362afe70f1857bda2fec2f04015b3fbd1fd47c7824a1660d9e47327c9,2,,true
4dd982036b66409a9574496e18fd6d3a3dd3ff800c5bddec46dcab2f07c93b21,0,"Answer: 1

The image shows a body of water with a sailboat, and in the background, there are large sandy dunes. The sky is clear and blue, and there are some green plants and trees along the shoreline. The dunes are the prominent feature in the background, making Statement 1 true.

Statement 2 is false because there are no snow-capped mountains visible in the background. The mountains in the background are sandy and barren.

Statement 3 is also false because there are no dense forests visible in the background. The image shows sparse vegetation and some green plants along the shoreline, but no dense forests.",true
4dd982036b66409a9574496e18fd6d3a3dd3ff800c5bddec46dcab2f07c93b21,1,,false
4dd982036b66409a9574496e18fd6d3a3dd3ff800c5bddec46dcab2f07c93b21,2,,false
75f70d1e270ea0ef763c291387f11d9b6741cfb5672bbd22d58ca47c51b20d78,0,"Answer: 1

The individuals in the image are wearing uniforms with prominent logos and colors associated with McLaren and Red Bull Racing. The left individual's uniform has the McLaren logo, while the right individual's uniform has the Red Bull Racing logo. The other two statements are not grounded in the image as they do not match the uniforms seen in the image.",true
75f70d1e270ea0ef763c291387f11d9b6741cfb5672bbd22d58ca47c51b20d78,1,,false
75f70d1e270ea0ef763c291387f11d9b6741cfb5672bbd22d58ca47c51b20d78,2,,false
07f962d3a52dbeb290bda6b726f41c04daa682415b5d7ae17e1bca682c0dd6a6,0,"Answer: 2

The dish shown in the image is Foul Mudammas. The other two statements are not grounded in the image.

The dish in the image appears to be a traditional Middle Eastern dish, likely Foul Mudammas, which is a stew made from fava beans, onions, and tomatoes. The presence of the stew-like consistency, along with the garnishes of chopped tomatoes and onions, aligns with the characteristics of Foul Mudammas. The other two options, Hummus and Tabbouleh, are not supported by the visual characteristics of the dish. Hummus is typically a dip made from chickpeas, tahini, and olive oil, and Tabbouleh is a salad made from parsley, tomatoes, and bulgur wheat, neither of which match the appearance of the dish in the image.",false
07f962d3a52dbeb290bda6b726f41c04daa682415b5d7ae17e1bca682c0dd6a6,1,,true
07f962d3a52dbeb290bda6b726f41c04daa682415b5d7ae17e1bca682c0dd6a6,2,,false
ffcabcd8550c8c0ce9ef6daaefcd6262bdfe8062b3bae473e58fba167e1e4bbe,0,"Answer: 2

The primary purpose of the umbrellas in the marketplace is to provide shade for the vendors and goods. The umbrellas are clearly used to shield the items from direct sunlight, which is evident from their placement over the stalls and the goods displayed.

Statement 1 is False because the umbrellas are not primarily used to mark the boundaries of vendor stalls. They are more focused on providing shade rather than delineating spaces.

Statement 3 is False because the umbrellas are not primarily used as a decorative feature. While they may add a visual element to the marketplace, their primary function is to provide shade, not to enhance the aesthetic appeal.",false
ffcabcd8550c8c0ce9ef6daaefcd6262bdfe8062b3bae473e58fba167e1e4bbe,1,,true
ffcabcd8550c8c0ce9ef6daaefcd6262bdfe8062b3bae473e58fba167e1e4bbe,2,,false
631990af5d3cf57251b53816302785cc5937567dda2ec3a0299929bbc0395b99,0,"Answer: 3

The image shows women carrying large metal water vessels, which is a traditional activity in many Arab cultures. The other activities mentioned in the statements are not visible in the image.",false
631990af5d3cf57251b53816302785cc5937567dda2ec3a0299929bbc0395b99,1,,false
631990af5d3cf57251b53816302785cc5937567dda2ec3a0299929bbc0395b99,2,,true
98e27f27f5456385657ddeff31a004b65a935e019f93a4ba0ceceb6c15e58e1e,0,"Answer: 2

The image shows a desert landscape with rock formations under a colorful sky. This environment is typical for desert hiking and camping, as it is characterized by arid conditions and unique geological features.

Statement 1 is False because snowboarding requires snow-covered slopes, which are not present in the image. The landscape is dry and sandy.

Statement 2 is True because the image depicts a desert environment, which is suitable for desert hiking and camping activities.

Statement 3 is False because scuba diving requires water bodies, which are not present in the image. The landscape is dry and sandy, making it unsuitable for scuba diving.",false
98e27f27f5456385657ddeff31a004b65a935e019f93a4ba0ceceb6c15e58e1e,1,,true
98e27f27f5456385657ddeff31a004b65a935e019f93a4ba0ceceb6c15e58e1e,2,,false
c917a665b2f4b7be90aeb18104e896168748be3e0f1c328d9ee80c2e934fce31,0,"Answer: 1

The wooden barrier in the jousting competition is seen separating the knights, which suggests its primary purpose is for safety reasons. The other two statements are not supported by what is visually seen in the image.",true
c917a665b2f4b7be90aeb18104e896168748be3e0f1c328d9ee80c2e934fce31,1,,false
c917a665b2f4b7be90aeb18104e896168748be3e0f1c328d9ee80c2e934fce31,2,,false
75591dd4b43385d640abbe27adc3695bf4b2318479b48f930ecebdafd4eaf8a9,0,"Answer: 1

The dress displayed on the mannequin in the background is yellow. The other two statements are not grounded in the image as the dress is clearly yellow, not red or black.",true
75591dd4b43385d640abbe27adc3695bf4b2318479b48f930ecebdafd4eaf8a9,1,,false
75591dd4b43385d640abbe27adc3695bf4b2318479b48f930ecebdafd4eaf8a9,2,,false
d109c687ee2d6310bd9aa8cb85e7244326cc1a741e12ae5901b1b75f65485df3,0,"Answer: 1

A bowl, candles, and crosses are visible on the altar in the foreground of this religious ceremony.

The other two statements are not grounded in the image. There are no books, incense, or a statue visible on the altar. Similarly, there is no chalice, bread, or flowers visible on the altar.",true
d109c687ee2d6310bd9aa8cb85e7244326cc1a741e12ae5901b1b75f65485df3,1,,false
d109c687ee2d6310bd9aa8cb85e7244326cc1a741e12ae5901b1b75f65485df3,2,,false
753f39baf4771f1958d3f344b53ff87850e9913c8a98c560bdfe61e637675f74,0,"Answer: 3

The image shows a cheeseburger wrapped in checkered paper. The checkered paper is used to enhance the presentation and keep the burger clean, as it prevents any potential mess from dripping onto the person's hands or the surface they are holding it on. The other statements are not supported by what is visually seen in the image.",false
753f39baf4771f1958d3f344b53ff87850e9913c8a98c560bdfe61e637675f74,1,,false
753f39baf4771f1958d3f344b53ff87850e9913c8a98c560bdfe61e637675f74,2,,true
2b4b00673758b001d4cc74c8014233d9d962e90c042b513f67d9890310d86947,0,"Answer: 1

The split image shows two individuals side by side, which is commonly used to showcase characters from a movie or series. The left side shows an older man with glasses, and the right side shows a younger man with curly hair. This visual presentation is typical for highlighting characters from a film or television series.

Statement 2 is not grounded because the split image does not compare two unrelated individuals; it shows two characters from the same visual medium, likely from the same movie or series.

Statement 3 is not grounded because there is no indication of a before-and-after transformation in the image. The two individuals are presented as separate entities without any context suggesting a transformation or change over time.",true
2b4b00673758b001d4cc74c8014233d9d962e90c042b513f67d9890310d86947,1,,false
2b4b00673758b001d4cc74c8014233d9d962e90c042b513f67d9890310d86947,2,,false
9e2e0c16f7fc67d6e6febe95241fc2ab3f0764f27e39f87886e6cee91f8685c2,0,"Answer: 3

The image shows a variety of foods, including falafel, which is typically made from ground chickpeas or fava beans and fried into patties. The other two statements are not grounded in the image. French fries are not made from chickpeas or fava beans, and pita bread is not typically made from chickpeas or fava beans and fried into patties.",false
9e2e0c16f7fc67d6e6febe95241fc2ab3f0764f27e39f87886e6cee91f8685c2,1,,false
9e2e0c16f7fc67d6e6febe95241fc2ab3f0764f27e39f87886e6cee91f8685c2,2,,true
529c8680d3fd74338917c8d49dfbf260d04dd6f6056d745c4b00f41c3a28dc21,0,"Answer: 3

The people in the image are wearing traditional costumes and are in a formation that suggests they are performing a dance. The costumes and the formation are indicative of a traditional dance performance.

Statement 1 is False because there is no evidence of a sports competition in the image. The people are not engaged in any athletic activity.

Statement 2 is False because there is no indication of a musical concert in the image. The people are not holding any musical instruments or performing any musical actions.",false
529c8680d3fd74338917c8d49dfbf260d04dd6f6056d745c4b00f41c3a28dc21,1,,false
529c8680d3fd74338917c8d49dfbf260d04dd6f6056d745c4b00f41c3a28dc21,2,,true
f0d02d26499ca1816d27e09867544c6411852b0698251d5a57e6fe96c91b8115,0,"Answer: 3

The kayak used by the person in the image is red. The other two statements are not grounded in the image as the kayak is clearly red, not yellow or blue.",false
f0d02d26499ca1816d27e09867544c6411852b0698251d5a57e6fe96c91b8115,1,,false
f0d02d26499ca1816d27e09867544c6411852b0698251d5a57e6fe96c91b8115,2,,true
b66a90fa52076fa8d2bde619741e460e1d1e93368b836d61b0ad73446b895e66,0,"Answer: 3

The Roman amphitheater shown in the image is located in Amman, Jordan. The amphitheater is characterized by its large, tiered seating and the presence of people walking around and sitting on the steps. The architecture and the surrounding environment suggest it is situated in a city with a mix of modern and ancient buildings, which is consistent with Amman, Jordan. The other two statements are not grounded in the image as they refer to locations in Rome, Italy, and Athens, Greece, which are not depicted in the image.",false
b66a90fa52076fa8d2bde619741e460e1d1e93368b836d61b0ad73446b895e66,1,,false
b66a90fa52076fa8d2bde619741e460e1d1e93368b836d61b0ad73446b895e66,2,,true
d0d43cc31af6911c34c8a761514fe8fbe1f37288a2c00e2bdc21d5b16572dcb9,0,"Answer: 1

The city visible in the background of the Roman ruins shown in the image is Amman, Jordan. The ruins are located on a hill overlooking the city, which is identifiable by its distinctive skyline and the layout of the buildings. The other two statements are hallucinations because the city in the background does not resemble Athens or Rome.",true
d0d43cc31af6911c34c8a761514fe8fbe1f37288a2c00e2bdc21d5b16572dcb9,1,,false
d0d43cc31af6911c34c8a761514fe8fbe1f37288a2c00e2bdc21d5b16572dcb9,2,,false
82482b65958ec1613feba182fe5f3679c514b4ce0077e5245c935c8552d73e2b,0,"Answer: 1

The image shows a poolside area with lounge chairs and umbrellas, which is commonly associated with relaxing by a pool at a resort. There are no visible signs of soda or coffee, and cocktails are not explicitly shown, but the setting is consistent with the idea of a resort environment where cocktails might be served.",true
82482b65958ec1613feba182fe5f3679c514b4ce0077e5245c935c8552d73e2b,1,,false
82482b65958ec1613feba182fe5f3679c514b4ce0077e5245c935c8552d73e2b,2,,false
7547049262a76d15bca0904ef38005c1d66e03d8ad62920fb0611c8d3caf06ac,0,"Answer: 3

The primary purpose of the patterned fabric on the walls and ceiling in this room is to create a tent-like ambiance. The fabric is draped in a way that mimics the structure of a traditional tent, giving the room a unique and cozy atmosphere. The other two statements are not supported by what is literally seen in the image. The fabric does not appear to be used for insulation or soundproofing, and there is no indication that it serves any functional purpose beyond decoration and ambiance.",false
7547049262a76d15bca0904ef38005c1d66e03d8ad62920fb0611c8d3caf06ac,1,,false
7547049262a76d15bca0904ef38005c1d66e03d8ad62920fb0611c8d3caf06ac,2,,true
93e6aa3edcc6e8059a49b04388a45bcaf2fb2e80ceb6524f67cee1e58f347f8b,0,"Answer: 3

The image shows a guitar placed on a stand near the window, which is most associated with music. The other two statements are not grounded in the image. The woven chair and the fireplace are not associated with music in the image.",false
93e6aa3edcc6e8059a49b04388a45bcaf2fb2e80ceb6524f67cee1e58f347f8b,1,,false
93e6aa3edcc6e8059a49b04388a45bcaf2fb2e80ceb6524f67cee1e58f347f8b,2,,true
83a55f22bc70e9c6288061058df13dbdca32774999228f859a8e169fd4ab389b,0,"Answer: 2

The person in the image is wearing a chef's uniform and is standing behind a table with a pizza on it, indicating that their primary role is a chef specializing in pizza. The other statements are not supported by the image.",false
83a55f22bc70e9c6288061058df13dbdca32774999228f859a8e169fd4ab389b,1,,true
83a55f22bc70e9c6288061058df13dbdca32774999228f859a8e169fd4ab389b,2,,false
cd8994b2b0b1dc9b024ecdc009749e31ddfb1b974a600ded544be7ea9849e67b,0,"Answer: 1

The image shows several people holding wine glasses and raising them together, which is indicative of a wine tasting event. The presence of greenery in the background suggests an outdoor setting, likely a vineyard, where such events are commonly held. The attire of the individuals and the casual, celebratory atmosphere further support this interpretation.

Statement 2 is False because there is no evidence of an indoor setting, such as a restaurant, in the image. The greenery and outdoor lighting suggest an outdoor environment.

Statement 3 is False because there is no indication of a beach party in the image. The presence of greenery and the attire of the individuals do not align with a beach party setting.",true
cd8994b2b0b1dc9b024ecdc009749e31ddfb1b974a600ded544be7ea9849e67b,1,,false
cd8994b2b0b1dc9b024ecdc009749e31ddfb1b974a600ded544be7ea9849e67b,2,,false
5beaada4b9e022c72730f6aeb9a33f7e5d6afd0cce8011e2db2b3153f9d67734,0,"Answer: 1

The men are dressed in uniform and are marching in formation, which is typical of a ceremonial parade. They are holding rifles and wearing traditional headgear, which is common in formal military or ceremonial events. The presence of a red carpet and a building in the background also suggests a formal occasion.

Statement 2 is False because there is no indication of a training exercise, such as equipment being used for training or an outdoor training environment.

Statement 3 is False because the men are not casually walking; they are in a disciplined formation and wearing uniforms, which is not typical of a casual group walk.",true
5beaada4b9e022c72730f6aeb9a33f7e5d6afd0cce8011e2db2b3153f9d67734,1,,false
5beaada4b9e022c72730f6aeb9a33f7e5d6afd0cce8011e2db2b3153f9d67734,2,,false
7df5d6956082f5e7672c5c54a7b815adf824f486a305af07bd171a6d04776dbb,0,"Answer: 2

In the image, there is a glass of red liquid, which appears to be tea, placed on the table next to the food platter. The other two statements are not supported by what is visible in the image.",false
7df5d6956082f5e7672c5c54a7b815adf824f486a305af07bd171a6d04776dbb,1,,true
7df5d6956082f5e7672c5c54a7b815adf824f486a305af07bd171a6d04776dbb,2,,false
04f860825d781c26f3dae77c035cf4b9541af09a52a743bffdc28a8aa0d3dee2,0,"Answer: 1

The transparent straw in the green beverage is likely used to drink the beverage. The straw is positioned in the glass, indicating its use for drinking. The other statements are not supported by the image: there is no indication that the straw is used for stirring or decoration.",true
04f860825d781c26f3dae77c035cf4b9541af09a52a743bffdc28a8aa0d3dee2,1,,false
04f860825d781c26f3dae77c035cf4b9541af09a52a743bffdc28a8aa0d3dee2,2,,false
fed2a1c6c45d118e71e9fcd338f92fdf13911b2ce9af4fc37bc288d4dd25e703,0,"Answer: 1

The sculpture in the image is a large, weathered stone structure with a rough texture and a beige color, which is characteristic of sandstone. The other two statements are not grounded in the image because granite and marble typically have different textures and colors compared to sandstone. Granite is usually darker and more uniform in texture, while marble is often smoother and has a more uniform, sometimes veined appearance.",true
fed2a1c6c45d118e71e9fcd338f92fdf13911b2ce9af4fc37bc288d4dd25e703,1,,false
fed2a1c6c45d118e71e9fcd338f92fdf13911b2ce9af4fc37bc288d4dd25e703,2,,false
b8aa7648586501baef7b49e39ffa2136bdfb2dd588a9b9001f521bc57335bd95,0,"Answer: 1

The image shows several yachts docked along the waterfront. The yachts are clearly visible, with their sleek designs and various sizes. The water is calm, reflecting the yachts and the colorful sky. The yachts are the primary focus of the image, making Statement 1 true.

Statement 2 is false because there are no cargo ships visible in the image. The yachts are the only large vessels present.

Statement 3 is also false because there are no fishing boats visible in the image. The yachts are the only boats present, and none of them appear to be fishing boats.",true
b8aa7648586501baef7b49e39ffa2136bdfb2dd588a9b9001f521bc57335bd95,1,,false
b8aa7648586501baef7b49e39ffa2136bdfb2dd588a9b9001f521bc57335bd95,2,,false
74a02d3faa094c4b3669ceb794c769440dc6cb792f78a4f5f5094e56ff6f6011,0,"Answer: 2

The setting of the musical performance in the image is a desert during sunset. I can see a desert landscape with sand dunes and a clear sky during sunset, which is the setting of the musical performance.

Statement 1 is False because there are no mountains or valleys visible in the image. The setting is a desert with sand dunes.

Statement 3 is False because there is no bustling city square visible in the image. The setting is a desert landscape.",false
74a02d3faa094c4b3669ceb794c769440dc6cb792f78a4f5f5094e56ff6f6011,1,,true
74a02d3faa094c4b3669ceb794c769440dc6cb792f78a4f5f5094e56ff6f6011,2,,false
c6834cf09ae71141d2e082f1723054b80d99f531cd96ff466f7ed393b2da02ff,0,"Answer: 2

The primary purpose of the ornate hats worn by the women in this image is to complement their traditional attire for Escaramuza.

In the image, the women are wearing large, ornate hats that are part of their traditional attire, which is characteristic of the Escaramuza, a Mexican rodeo event where women participate in various activities. The hats are not primarily for signifying rank or status, nor are they designed to provide shade and protection from the sun. The hats are a distinctive part of the traditional dress for this event, making Statement 2 the true statement.",false
c6834cf09ae71141d2e082f1723054b80d99f531cd96ff466f7ed393b2da02ff,1,,true
c6834cf09ae71141d2e082f1723054b80d99f531cd96ff466f7ed393b2da02ff,2,,false
f6c2d56429c296a16f62c53d84f47cd6896377090525842439f90795c3018b10,0,"Answer: 2

The people in the image are predominantly wearing traditional layered clothing. The individuals are dressed in garments that appear to be traditional, with long robes and head coverings, which are characteristic of traditional attire in many Arab cultures.

Statement 1 is False because there are no formal business suits visible in the image. The clothing worn by the people is not formal or business-like.

Statement 3 is also False because there is no evidence of modern casual attire in the image. The clothing is more traditional and not indicative of modern casual wear.",false
f6c2d56429c296a16f62c53d84f47cd6896377090525842439f90795c3018b10,1,,true
f6c2d56429c296a16f62c53d84f47cd6896377090525842439f90795c3018b10,2,,false
def867150d433d0b3fd73c919f2baa9f44fa9f67771359dabc8a275c715db681,0,"Answer: 2

The centerpiece of the bracelet is decorated with a scenic painted design. The image shows a large, oval-shaped bead with a painted scene of a bird and a landscape, which is clearly visible and matches the description in Statement 2.

Statement 1 is False because there are no geometric patterns on the centerpiece; instead, it has a painted design.
Statement 3 is False because there is no floral design on the centerpiece; it has a painted scenic design.",false
def867150d433d0b3fd73c919f2baa9f44fa9f67771359dabc8a275c715db681,1,,true
def867150d433d0b3fd73c919f2baa9f44fa9f67771359dabc8a275c715db681,2,,false
673dfa465878dae79a5268ee4f55d412d7322a7d579713498cc1a2cdc30b18c8,0,"Answer: 1

The primary color of the bottle shown in the image is blue. The bottle has a blue body with a black cap and a yellow label. The other statements are false because the bottle is not primarily yellow or black.",true
673dfa465878dae79a5268ee4f55d412d7322a7d579713498cc1a2cdc30b18c8,1,,false
673dfa465878dae79a5268ee4f55d412d7322a7d579713498cc1a2cdc30b18c8,2,,false
77522881923ca506d5bb616852ec5f72892befe30b4dd7f61ebc143604d2711e,0,"Answer: 2

The person in the image is most likely applying therapeutic mud.

In the image, the person is covered in mud from head to toe, which strongly suggests that they are engaging in a therapeutic mud application process. This is supported by the context of the environment, which appears to be a mud spa or a location where mud treatments are commonly practiced.

The other statements are not grounded in the image:

- Statement 1: The person in the image is most likely building sandcastles. This is not supported by the image, as there are no visible sandcastles being built.
- Statement 3: The person in the image is most likely swimming in the ocean. This is not supported by the image, as the person is standing on the shore, not swimming in the water.",false
77522881923ca506d5bb616852ec5f72892befe30b4dd7f61ebc143604d2711e,1,,true
77522881923ca506d5bb616852ec5f72892befe30b4dd7f61ebc143604d2711e,2,,false
5e298622d652b407750ecbef4096901a10353915b52dd70330519cb5ca1bb8ae,0,"Answer: 1

The sneakers shown in the image are associated with the brand Nike. The image clearly shows a pair of sneakers with the Nike logo on them, along with a Nike box. The other two statements are false because there is no indication of Puma or Adidas branding in the image.",true
5e298622d652b407750ecbef4096901a10353915b52dd70330519cb5ca1bb8ae,1,,false
5e298622d652b407750ecbef4096901a10353915b52dd70330519cb5ca1bb8ae,2,,false
55c4e8729d9c87c62f0598d6fa005170cc0eb1d696b84f114e81b3921bf37edb,0,"Answer: 2

The ruins depicted in the image were built by the Greek civilization. True or False?

The ruins in the image are characterized by their distinctive architectural style, which includes columns and a large open space, typical of ancient Greek architecture. The presence of these features, along with the surrounding landscape, supports the conclusion that these ruins were built by the Greek civilization.

Statement 1: The ruins depicted in the image were built by the Egyptian civilization. True or False?

False. The ruins do not exhibit the architectural style or features associated with ancient Egyptian civilization, such as pyramids, obelisks, or hieroglyphic inscriptions.

Statement 3: The ruins depicted in the image were built by the Roman civilization. True or False?

False. The ruins do not exhibit the architectural style or features associated with ancient Roman civilization, such as triumphal arches, aqueducts, or amphitheaters.",false
55c4e8729d9c87c62f0598d6fa005170cc0eb1d696b84f114e81b3921bf37edb,1,,true
55c4e8729d9c87c62f0598d6fa005170cc0eb1d696b84f114e81b3921bf37edb,2,,false
cd2c058ec1815055d59b3ddebae4c07b7c5169d8a06b5bc287150f1c05f6080f,0,"Answer: 1

The image shows a teapot and a cup, which are typically used for preparing and serving tea. There is no evidence of hot chocolate or coffee preparation in the image. The presence of the teapot and cup strongly suggests that tea is being prepared.",true
cd2c058ec1815055d59b3ddebae4c07b7c5169d8a06b5bc287150f1c05f6080f,1,,false
cd2c058ec1815055d59b3ddebae4c07b7c5169d8a06b5bc287150f1c05f6080f,2,,false
8ac88f867da5c1af690650e25dc54c89e3a7f47c7dd5407e15fbc350d854931f,0,"Answer: 1

The man is riding a camel near the Great Pyramid of Giza, which is a popular tourist attraction. This suggests that camel riding is primarily a recreational activity for tourists.

The other two statements are not supported by what is seen in the image. There is no indication that camel riding is a competitive sport, and the image does not show any evidence of camel riding being used for transportation across the desert.",true
8ac88f867da5c1af690650e25dc54c89e3a7f47c7dd5407e15fbc350d854931f,1,,false
8ac88f867da5c1af690650e25dc54c89e3a7f47c7dd5407e15fbc350d854931f,2,,false
51db67baa3f887858c4d93f9648cfca7291fac298834e83cc7ae0f14ec0347fb,0,"Answer: 1

The residential buildings in the background serve as residential housing. The buildings are multi-story structures with windows and balconies, typical of residential buildings. The other two statements are not supported by the image: there is no indication that these buildings are part of a historical monument, and they are clearly residential rather than commercial.",true
51db67baa3f887858c4d93f9648cfca7291fac298834e83cc7ae0f14ec0347fb,1,,false
51db67baa3f887858c4d93f9648cfca7291fac298834e83cc7ae0f14ec0347fb,2,,false
a22f09f5772f40f1d1affd022bf16272c0fb18b7e7756b9098f0ed98c1dc6506,0,"Answer: 2

The primary purpose of the scoops visible in the image is for serving grains and legumes. The scoops are placed next to containers filled with various grains and legumes, indicating their use for serving these items. The other statements are not supported by the visual evidence in the image.",false
a22f09f5772f40f1d1affd022bf16272c0fb18b7e7756b9098f0ed98c1dc6506,1,,true
a22f09f5772f40f1d1affd022bf16272c0fb18b7e7756b9098f0ed98c1dc6506,2,,false
582093f0f94477bec7f02c1be0361d3ef6d0beef930230f223dc2798d64e5406,0,"Answer: 2

The image shows a keffiyeh with a decorative pattern and fringes, which are common features of this traditional Arab headdress. The keffiyeh is typically worn to protect from the sun and sand, providing warmth and protection from the elements. The other statements are not supported by the image, as the keffiyeh is not primarily used as a decorative tablecloth or a ceremonial flag.",false
582093f0f94477bec7f02c1be0361d3ef6d0beef930230f223dc2798d64e5406,1,,true
582093f0f94477bec7f02c1be0361d3ef6d0beef930230f223dc2798d64e5406,2,,false
a4c299814f4f128d99816a1f9c4d667bd814aef6e46c3937859dc43405b4a65c,0,"Answer: 2

The primary activity being depicted in the image is herding livestock. 

In the image, a person is walking down a road with a group of livestock, including sheep and goats, following behind. This clearly indicates that the primary activity is herding livestock, as the person is guiding the animals along the road. The other statements are not grounded in the image: there is no evidence of building a wooden structure or hunting in the wilderness.",false
a4c299814f4f128d99816a1f9c4d667bd814aef6e46c3937859dc43405b4a65c,1,,true
a4c299814f4f128d99816a1f9c4d667bd814aef6e46c3937859dc43405b4a65c,2,,false
33ccafc0abe3388c52f4395435ff6e1427c8a79663863cfecc3d0a62dade7e62,0,"Answer: 2

The aerial view depicts a large mosque with a dome and minarets, surrounded by a city with numerous buildings and a clear view of the surrounding landscape. The mosque is the Grand Mosque, and the Kaaba is visible within the mosque complex.

Statement 1 is False because the city depicted is not Medina. Medina is a different city with a different mosque layout.
Statement 3 is False because the city depicted is not Riyadh. Riyadh has a different cityscape and does not feature the Grand Mosque and Kaaba in this manner.",false
33ccafc0abe3388c52f4395435ff6e1427c8a79663863cfecc3d0a62dade7e62,1,,true
33ccafc0abe3388c52f4395435ff6e1427c8a79663863cfecc3d0a62dade7e62,2,,false
14b3d4fd73a1a2bba6652df81f705185e394b09a36e7f5d85f90d1214775df44,0,"Answer: 1

The image shows two basketball players wearing uniforms with the word ""Michigan"" on them, indicating they are part of a college basketball team. The presence of a basketball court and the attire of the players confirm that this is a college basketball game. The other two statements are not supported by the visual evidence in the image.",true
14b3d4fd73a1a2bba6652df81f705185e394b09a36e7f5d85f90d1214775df44,1,,false
14b3d4fd73a1a2bba6652df81f705185e394b09a36e7f5d85f90d1214775df44,2,,false
2b59a2c6d3de327c5ca63ed2fcf91fd31bf7b204de5e64779b739cc1e087baa7,0,"Answer: 2

The environment surrounding the settlement in the image is a dry, mountainous area adjacent to the sea. This is evident from the rugged terrain and the proximity to the sea.

Statement 1 is False because the image shows a dry, arid environment, not a lush, forested region with rivers and lakes.
Statement 3 is also False because there are no extensive agricultural fields visible in the image. The area appears to be more barren and less suited for agriculture.",false
2b59a2c6d3de327c5ca63ed2fcf91fd31bf7b204de5e64779b739cc1e087baa7,1,,true
2b59a2c6d3de327c5ca63ed2fcf91fd31bf7b204de5e64779b739cc1e087baa7,2,,false
28a7522db63a0638f404221118e6b58d1f7235ea7ef88da120a7b6c125b67a2d,0,"Answer: 1

The beanie worn by the person in the image is light green. The beanie is clearly visible and can be identified by its color and texture. The other statements claiming the beanie is black or gray are not supported by what is seen in the image.",true
28a7522db63a0638f404221118e6b58d1f7235ea7ef88da120a7b6c125b67a2d,1,,false
28a7522db63a0638f404221118e6b58d1f7235ea7ef88da120a7b6c125b67a2d,2,,false
19f9b36ef76b47c74764bd32d4c7c9cab75cc4237d333651f167235f2d5f31f3,0,"Answer: 2

The bowl in the image contains lemons, limes, and grapes, but no apples are visible. Therefore, Statement 2 is true, and the other statements are false.",false
19f9b36ef76b47c74764bd32d4c7c9cab75cc4237d333651f167235f2d5f31f3,1,,true
19f9b36ef76b47c74764bd32d4c7c9cab75cc4237d333651f167235f2d5f31f3,2,,false
7bd6aff6eb87d55c78b65f34d8ad213b685a45d4713cd7c94482bb06cce2530b,0,"Answer: 1

The translucent blue sole of this sneaker is visible and appears to be made of rubber. The other two statements about plastic and foam are not supported by what is seen in the image.",true
7bd6aff6eb87d55c78b65f34d8ad213b685a45d4713cd7c94482bb06cce2530b,1,,false
7bd6aff6eb87d55c78b65f34d8ad213b685a45d4713cd7c94482bb06cce2530b,2,,false
5f9aa8d0b1eca017e442a4f3b673e18d2fc46b58978069d72aaa7f06ecda91ef,0,"Answer: 3

The presence of small huts and pathways among the palm trees in the aerial image most strongly suggests that the area is used for relaxation or tourism.

The other two statements are not grounded in the image:
- Statement 1: The dense greenery without any visible structures does not strongly suggest that the area is used for relaxation or tourism.
- Statement 2: The rocky cliffs at the edge of the image do not strongly suggest that the area is used for relaxation or tourism.",false
5f9aa8d0b1eca017e442a4f3b673e18d2fc46b58978069d72aaa7f06ecda91ef,1,,false
5f9aa8d0b1eca017e442a4f3b673e18d2fc46b58978069d72aaa7f06ecda91ef,2,,true
cc5af2500a4d696a723140f309e49fc390a32c2c2c47f1bd05426d0fef3912ec,0,"Answer: 3

The dessert featured in the image is rolled ice cream. The image shows a dessert with a cone and a scoop of ice cream, which is characteristic of rolled ice cream. The other two statements are not grounded in the image: gelato is typically served in a waffle cone and cupcakes are baked goods, not ice cream cones.",false
cc5af2500a4d696a723140f309e49fc390a32c2c2c47f1bd05426d0fef3912ec,1,,false
cc5af2500a4d696a723140f309e49fc390a32c2c2c47f1bd05426d0fef3912ec,2,,true
50e78cf4533828454e89dbedff2c5f643f9b9b075fadd0173921b56e88acb5a8,0,"Answer: 2

The building's design is most prominently characterized by large glass windows. The large glass windows are clearly visible on the facade of the building, allowing a view into the interior spaces and contributing to the modern aesthetic of the structure.

Statement 1 is False because there is no thatched roof visible in the image. The roof appears to be flat and made of materials other than thatch.

Statement 3 is also False because there are no traditional wooden elements visible in the image. The building's design primarily features modern materials such as glass and stone.",false
50e78cf4533828454e89dbedff2c5f643f9b9b075fadd0173921b56e88acb5a8,1,,true
50e78cf4533828454e89dbedff2c5f643f9b9b075fadd0173921b56e88acb5a8,2,,false
b22d0e4bb5f4c10b272e107acae12a4ae96e4bf14affc3237122d85a636dc050,0,"Answer: 1

The image shows a building with large illuminated projections on its facade. The projections display what appears to be construction-related content, including images of workers and machinery, indicating that the primary purpose is to provide construction updates.

The other two statements are not supported by the image. There is no evidence of artistic visuals or cultural themes being showcased, nor are there any advertisements for nearby businesses visible in the image.",true
b22d0e4bb5f4c10b272e107acae12a4ae96e4bf14affc3237122d85a636dc050,1,,false
b22d0e4bb5f4c10b272e107acae12a4ae96e4bf14affc3237122d85a636dc050,2,,false
f79461e2333403b90cea6456cbebe63b9a3748593ddee089e7cac3040d9c1cdd,0,"Answer: 1

The desserts in the image have a distinct yellow color, which is commonly associated with turmeric. Turmeric is a spice commonly used in Middle Eastern and South Asian cuisine to add a vibrant yellow hue to dishes. The desserts' color matches the typical appearance of turmeric-infused dishes.

The other two statements are not grounded in the image. Curry powder and saffron, while also capable of producing a yellow color, are not as strongly associated with this specific shade as turmeric. Additionally, the desserts' appearance does not strongly suggest the use of curry powder or saffron, which are often used in different culinary contexts and have different visual characteristics.",true
f79461e2333403b90cea6456cbebe63b9a3748593ddee089e7cac3040d9c1cdd,1,,false
f79461e2333403b90cea6456cbebe63b9a3748593ddee089e7cac3040d9c1cdd,2,,false
80b84869fdb412d166c7474c2e9739eddf0d8354046dc8c866daf487416dda62,0,"Answer: 3

The image shows a coffee machine with a metallic finish and a digital display. The machine is pouring a beverage into a glass, and the digital display is visible at the top of the machine. The other statements are not supported by the image.",false
80b84869fdb412d166c7474c2e9739eddf0d8354046dc8c866daf487416dda62,1,,false
80b84869fdb412d166c7474c2e9739eddf0d8354046dc8c866daf487416dda62,2,,true
c6c3eb979d422540e033a3b45bb65494e255e453f73da45d3b4decb293954266,0,"Answer: 2

The illuminated towers belong to United Arab Emirates. The towers are illuminated and have a distinctive design that is characteristic of the United Arab Emirates. The other statements are not grounded in the image as they refer to different countries.",false
c6c3eb979d422540e033a3b45bb65494e255e453f73da45d3b4decb293954266,1,,true
c6c3eb979d422540e033a3b45bb65494e255e453f73da45d3b4decb293954266,2,,false
d14e0c97e4b901dc492d67c879a1b7c282f6e4e4975fc0930863020936ee9865,0,"Answer: 1

The image shows a young person dressed in traditional attire sitting on a stage with a backdrop that includes text in Arabic, which suggests a religious or cultural context. The presence of the Arabic text and the traditional clothing indicate that the event is likely a religious award ceremony. The other statements about a business conference and a cultural performance are not supported by the visual evidence in the image.",true
d14e0c97e4b901dc492d67c879a1b7c282f6e4e4975fc0930863020936ee9865,1,,false
d14e0c97e4b901dc492d67c879a1b7c282f6e4e4975fc0930863020936ee9865,2,,false
8371f5bce8a5588462e0d3f36227c023461211875bcfec68b2983a215a9b28c7,0,"Answer: 1

The primary visual feature of the ceramic plates in the image is speckled designs in various colors. The plates have a speckled pattern with different colors such as green, blue, red, and orange. The other statements are not grounded in the image as there are no plain white surfaces or engraved patterns visible.",true
8371f5bce8a5588462e0d3f36227c023461211875bcfec68b2983a215a9b28c7,1,,false
8371f5bce8a5588462e0d3f36227c023461211875bcfec68b2983a215a9b28c7,2,,false
e565e4996286a9db0f9b0f79e25c953c89891d588000874c1cdc59b5dec83a41,0,"Answer: 2

The exterior of these buildings is most prominently characterized by geometric patterns with hexagonal shapes. The buildings have a distinctive pattern of hexagonal shapes, which is clearly visible in the image.

Statement 1 is False because the buildings do not have traditional brickwork and arches; they have a modern, geometric design.
Statement 3 is False because the buildings do not have smooth glass curtain walls; they have a textured, geometric pattern.",false
e565e4996286a9db0f9b0f79e25c953c89891d588000874c1cdc59b5dec83a41,1,,true
e565e4996286a9db0f9b0f79e25c953c89891d588000874c1cdc59b5dec83a41,2,,false
6e481b17a77fe6cbdeb81b935c1175e30fc4e33fb0b66df85d7105db751d38d2,0,"Answer: 3

The primary activity taking place in this setting is shopping and walking. People are seen carrying bags and walking through the market, indicating shopping activities. Additionally, the presence of numerous shops and stalls along the street supports the notion of shopping. The image does not show any clear signs of dining or watching a live performance, making the other statements false.",false
6e481b17a77fe6cbdeb81b935c1175e30fc4e33fb0b66df85d7105db751d38d2,1,,false
6e481b17a77fe6cbdeb81b935c1175e30fc4e33fb0b66df85d7105db751d38d2,2,,true
9996ce05358ad8f6d0fc539144490f3daeb0bbbc2e01b7b550ab322af0fe41bd,0,"Answer: 2

The volume of the beverage can shown in the image is 250 mL. The can clearly displays ""250 mL"" on its label, making this statement true. The other two statements are false because they do not match the information provided on the can.",false
9996ce05358ad8f6d0fc539144490f3daeb0bbbc2e01b7b550ab322af0fe41bd,1,,true
9996ce05358ad8f6d0fc539144490f3daeb0bbbc2e01b7b550ab322af0fe41bd,2,,false
32baae2728fdb72971f415cddfa8964ad8118a2ba339b289545558a2038c2776,0,"Answer: 3

The beverage being poured in this Middle Eastern setting is traditional Arabic coffee served from a metal pot.

In the image, we see a metal pot being used to pour a dark liquid into small cups, which is characteristic of serving traditional Arabic coffee. The setting, including the cushions and the architecture visible through the window, also supports this context. The other statements are not grounded in the image: hot chocolate is not typically served in this manner, and green tea with mint is not commonly served in this setting.",false
32baae2728fdb72971f415cddfa8964ad8118a2ba339b289545558a2038c2776,1,,false
32baae2728fdb72971f415cddfa8964ad8118a2ba339b289545558a2038c2776,2,,true
84a00e447d1254e83d803570fbafddb33867eeab9d9f48d3788811e7420a254b,0,"Answer: 3

The bar in the image has a variety of bottles and glasses on the shelves, indicating that alcoholic beverages are likely served. There are no visible signs or indications of tea, coffee, soft drinks, or juices being served.",false
84a00e447d1254e83d803570fbafddb33867eeab9d9f48d3788811e7420a254b,1,,false
84a00e447d1254e83d803570fbafddb33867eeab9d9f48d3788811e7420a254b,2,,true
e13946f305ed6bd37531d28fc586bfa1f3b27eed7e55ad4749e950701d31be26,0,"Answer: 3

The architectural design of the buildings in the image is modern glass skyscrapers. The buildings are tall, made of glass, and have a contemporary design. The other statements are not grounded in the image as they describe traditional stone structures and wooden rural houses, which do not match the modern glass skyscrapers seen in the image.",false
e13946f305ed6bd37531d28fc586bfa1f3b27eed7e55ad4749e950701d31be26,1,,false
e13946f305ed6bd37531d28fc586bfa1f3b27eed7e55ad4749e950701d31be26,2,,true
8388fe21f407730d8d71cffa13b1f5035ca8c01c42ff52905cba44d3e97eee3d,0,"Answer: 2

The teapot is most likely made of ceramic. The teapot has a glossy finish and a smooth texture, which are characteristics of ceramic materials. The image shows a teapot with a handle and a spout, which are typical features of ceramic teapots. The teapot also has a lid with a knob on top, which is a common design element in ceramic teapots.

Statement 1: The teapot is most likely made of metal. This statement is False because the teapot does not have the metallic appearance or texture that metal objects typically have.

Statement 3: The teapot is most likely made of glass. This statement is False because the teapot does not have the transparency or thinness that glass objects typically have. Additionally, glass teapots usually have a different shape and design compared to the ceramic teapot shown in the image.",false
8388fe21f407730d8d71cffa13b1f5035ca8c01c42ff52905cba44d3e97eee3d,1,,true
8388fe21f407730d8d71cffa13b1f5035ca8c01c42ff52905cba44d3e97eee3d,2,,false
b1eb98cbc3c4cbdf10d95d84b6dfb7112532ed9af4eee7c24e27075e71f71e0b,0,"Answer: 3

The teapots in the image are traditional items used in Middle Eastern tea ceremonies. The teapots are ornate and decorative, which is typical for traditional Middle Eastern tea ceremonies. The other two statements are not grounded in the image: the teapots are not purely decorative items with no cultural ties, and they are not modern kitchen appliances for boiling water.",false
b1eb98cbc3c4cbdf10d95d84b6dfb7112532ed9af4eee7c24e27075e71f71e0b,1,,false
b1eb98cbc3c4cbdf10d95d84b6dfb7112532ed9af4eee7c24e27075e71f71e0b,2,,true
314d2cfb8e86eeee025acb4694606760a177dc483ceb64d3916b5b7e8352ef74,0,"Answer: 2

The primary color of the liquid inside the bottles is brown. The bottles contain a brown liquid, which is clearly visible through the transparent glass. The other statements are false because the liquid is not transparent or green.",false
314d2cfb8e86eeee025acb4694606760a177dc483ceb64d3916b5b7e8352ef74,1,,true
314d2cfb8e86eeee025acb4694606760a177dc483ceb64d3916b5b7e8352ef74,2,,false
7c4bcf6b99ecee105992796dfb2836645890cb12f892193edf4a5c79561167b0,0,"Answer: 1

The badge worn by the individual on the right represents the International Committee of the Red Cross. The badge is clearly visible on his shirt, featuring the recognizable Red Cross emblem. The other two statements are not supported by the image as there is no visible badge representing the World Health Organization or the United Nations.",true
7c4bcf6b99ecee105992796dfb2836645890cb12f892193edf4a5c79561167b0,1,,false
7c4bcf6b99ecee105992796dfb2836645890cb12f892193edf4a5c79561167b0,2,,false
48de441dc39acda5e929126aa0ce321aed218f457ee61015aaf60116086194cf,0,"Answer: 2

The backing of the earring shown in the image is heart-shaped. The other two statements are not grounded in the image.",false
48de441dc39acda5e929126aa0ce321aed218f457ee61015aaf60116086194cf,1,,true
48de441dc39acda5e929126aa0ce321aed218f457ee61015aaf60116086194cf,2,,false
37a2f143bf7cb727f93f2ce991e7d634eef3a9b06c2a837e5317fcc0bb84eeb3,0,"Answer: 3

The bracelet in the image is likely made of plastic. The bracelet appears to be made of a shiny, metallic-looking material, which is more characteristic of plastic than gold or silver. The bracelet has a smooth, uniform appearance and a reflective quality that is typical of plastic jewelry. The other two statements are not grounded in the image because the bracelet does not exhibit the color or texture typically associated with gold or silver.",false
37a2f143bf7cb727f93f2ce991e7d634eef3a9b06c2a837e5317fcc0bb84eeb3,1,,false
37a2f143bf7cb727f93f2ce991e7d634eef3a9b06c2a837e5317fcc0bb84eeb3,2,,true
e50997375c2d79e82bb7156c29c6f881099c69dad750b14bfee79df2fb391d70,0,"Answer: 1

People are walking through the mall, and there are various shops and stores visible, indicating they are shopping for goods. The presence of escalators and multiple levels of stores further supports this. The other statements are not supported by the image as there is no evidence of a musical concert or a historical museum.",true
e50997375c2d79e82bb7156c29c6f881099c69dad750b14bfee79df2fb391d70,1,,false
e50997375c2d79e82bb7156c29c6f881099c69dad750b14bfee79df2fb391d70,2,,false
c09e5097291b5549dcc61836af1d0c37d48e1862d7bb9467f28abd226ffd73db,0,"Answer: 3

The image shows a mosque with a prominent minaret. The minaret is a tall, slender tower that is a common feature in Islamic architecture, often used for the call to prayer. The other two statements are not supported by the image: there are no stained glass windows or bell towers visible in the mosque's design.",false
c09e5097291b5549dcc61836af1d0c37d48e1862d7bb9467f28abd226ffd73db,1,,false
c09e5097291b5549dcc61836af1d0c37d48e1862d7bb9467f28abd226ffd73db,2,,true
1eaf6f707c2a7a04d04f4fe3c9495881c2afddf46ab1420bbf3a505f855ed496,0,"Answer: 1

The person in the image is holding a falcon on their arm, which is a common practice in falconry. The presence of a falcon and the traditional attire further support this activity. The other two activities, horse racing and archery, are not supported by the objects or actions visible in the image.",true
1eaf6f707c2a7a04d04f4fe3c9495881c2afddf46ab1420bbf3a505f855ed496,1,,false
1eaf6f707c2a7a04d04f4fe3c9495881c2afddf46ab1420bbf3a505f855ed496,2,,false
a648a113187ee3640ff5bbfbca83a14b8f20ac72072cfaf59f7ebdac943d93d1,0,"Answer: 2

The most prominent feature of the building in the image is the large dome with gold detailing. The dome stands out due to its size and the gold detailing at the top, which contrasts with the rest of the building. The rectangular windows and surrounding trees are visible but do not dominate the image as much as the dome does.",false
a648a113187ee3640ff5bbfbca83a14b8f20ac72072cfaf59f7ebdac943d93d1,1,,true
a648a113187ee3640ff5bbfbca83a14b8f20ac72072cfaf59f7ebdac943d93d1,2,,false
0b97f0fc2a3326080fff121b55bb7bc492d7e1cd390a0e1173298174b228bb3a,0,"Answer: 1

The image shows a man and a woman dressed in formal attire, with the woman wearing a white wedding dress and the man in a black suit. They are embracing, which is typical behavior during a wedding ceremony. The background features a cityscape, which does not provide any evidence to support the other two statements.",true
0b97f0fc2a3326080fff121b55bb7bc492d7e1cd390a0e1173298174b228bb3a,1,,false
0b97f0fc2a3326080fff121b55bb7bc492d7e1cd390a0e1173298174b228bb3a,2,,false
893e4b59b6de29a3a1d50697df4feac821b9a5d8b8de4144071afc327be253cd,0,"Answer: 1

The primary function of the traditional wooden sailboat is fishing and trade. True/False?

The primary function of the traditional wooden sailboat is military operations. True/False?

The primary function of the traditional wooden sailboat is recreational sports. True/False?

In the image, we see a traditional wooden sailboat on the water, with a modern city skyline in the background. The sailboat is a small, simple vessel with a single sail, which is typical of traditional fishing and trading boats used in many coastal regions. The presence of the modern city suggests that this sailboat is likely used for fishing and trade rather than military operations or recreational sports, as the latter would not be as common in such a setting.",true
893e4b59b6de29a3a1d50697df4feac821b9a5d8b8de4144071afc327be253cd,1,,false
893e4b59b6de29a3a1d50697df4feac821b9a5d8b8de4144071afc327be253cd,2,,false
6def718e4acfe5057dd09e01c353d37e6487127e677b5f763d0aa8d288c29538,0,"Answer: 3

The image shows a candle with a floral and pearl decoration, which is typically associated with weddings. The other two statements are not supported by the image.",false
6def718e4acfe5057dd09e01c353d37e6487127e677b5f763d0aa8d288c29538,1,,false
6def718e4acfe5057dd09e01c353d37e6487127e677b5f763d0aa8d288c29538,2,,true
793f3f7f75193748e50fa4f9b9e540cc4f72da3dc21d89a9e8903aceee23eb00,0,"Answer: 1

The multi-panel wall art with Arabic calligraphy in the living room most strongly reflects Islamic cultural influence. The wall art prominently features Arabic calligraphy, which is a significant element in Islamic art and culture. The other two statements are not supported by the image: the blue sofa and the round wooden coffee tables do not reflect Islamic cultural influence.",true
793f3f7f75193748e50fa4f9b9e540cc4f72da3dc21d89a9e8903aceee23eb00,1,,false
793f3f7f75193748e50fa4f9b9e540cc4f72da3dc21d89a9e8903aceee23eb00,2,,false
a3ab7378418d3bbc9a8c60e106b3fbf27b5ddb59bee6c0a749b5f774cc0fcca5,0,"Answer: 2

The gray beard in the image most likely signifies wisdom and experience in the context of religion and spirituality.

The man in the image has a long, gray beard, which is often associated with age and experience. In many religious and spiritual contexts, a gray beard is seen as a symbol of wisdom and the accumulation of knowledge and experiences over a lifetime. This is why Statement 2 is grounded.

Statement 1 is not grounded because a gray beard does not signify youthfulness; it typically signifies the opposite. Statement 3 is also not grounded because the beard is not a fashion preference but rather a natural result of aging.",false
a3ab7378418d3bbc9a8c60e106b3fbf27b5ddb59bee6c0a749b5f774cc0fcca5,1,,true
a3ab7378418d3bbc9a8c60e106b3fbf27b5ddb59bee6c0a749b5f774cc0fcca5,2,,false
700e485f661d6e5090ffd5eb8d054f3ae7a5cefb9eba5403d691275f9339722c,0,"Answer: 1

The boats shown in the image are sailboats. The sails are clearly visible, indicating that these are sailboats. The other statements are not grounded in the image as there are no visible rowboats or motorboats.",true
700e485f661d6e5090ffd5eb8d054f3ae7a5cefb9eba5403d691275f9339722c,1,,false
700e485f661d6e5090ffd5eb8d054f3ae7a5cefb9eba5403d691275f9339722c,2,,false
b429e3294d4dcfb54b0f2d3a5a9779f2abedc220683344c993dd09afe56b083b,0,"Answer: 2

The primary goal when practicing archery is to hit the center of the target. In the image, we see a person aiming an arrow at a target, which is a common practice in archery to improve accuracy and precision. The other statements are not grounded in the image. Shooting arrows as far as possible and performing tricks with the bow are not the primary goals of archery practice, as the focus is typically on accuracy and technique rather than distance or trickery.",false
b429e3294d4dcfb54b0f2d3a5a9779f2abedc220683344c993dd09afe56b083b,1,,true
b429e3294d4dcfb54b0f2d3a5a9779f2abedc220683344c993dd09afe56b083b,2,,false
8ed36307aefad04cd04651ac8e77882fbfe012ae3bd54820c937b9f0baf0a514,0,"Answer: 2

The peeling paint and bullet holes on the building suggest that it has possibly witnessed conflict or neglect.

The building shows signs of wear and damage, such as peeling paint and bullet holes, which are typically associated with conflict or neglect rather than a newly constructed or recently renovated building. The presence of these signs indicates that the building has likely been exposed to harsh conditions or has not been well-maintained, supporting the idea of conflict or neglect.",false
8ed36307aefad04cd04651ac8e77882fbfe012ae3bd54820c937b9f0baf0a514,1,,true
8ed36307aefad04cd04651ac8e77882fbfe012ae3bd54820c937b9f0baf0a514,2,,false
faf9256385913a8852ca3058fb1d998ca8af285ed2a915b1e2aa31fe7ba9a591,0,"Answer: 3

The primary function of the area shown in the image is performing ablution before prayer. This is evident from the presence of the stone benches and the man performing ablution, which is a ritual act commonly associated with Islamic prayer.

Statement 1: The primary function of the area shown in the image is relaxing and enjoying the outdoors. This is not grounded in the image, as there is no evidence of relaxation or outdoor enjoyment.

Statement 2: The primary function of the area shown in the image is conducting religious ceremonies. While the area may be used for religious purposes, the specific act of ablution seen in the image suggests that performing ablution before prayer is the primary function, making this statement not grounded in the image.",false
faf9256385913a8852ca3058fb1d998ca8af285ed2a915b1e2aa31fe7ba9a591,1,,false
faf9256385913a8852ca3058fb1d998ca8af285ed2a915b1e2aa31fe7ba9a591,2,,true
00c65ee412817601b3e450f26f088c0eb876f7003825010f1a7c41b3f560f439,0,"Answer: 3

The main purpose of the vehicle shown in the image is transporting tourists on wildlife safaris. This is evident from the sign that reads ""Nadad's Migration Camp"" and the vehicle's design, which is typical for safari tours. The other two statements are not supported by the image: there is no indication that the vehicle is used for delivering goods or providing emergency medical services.",false
00c65ee412817601b3e450f26f088c0eb876f7003825010f1a7c41b3f560f439,1,,false
00c65ee412817601b3e450f26f088c0eb876f7003825010f1a7c41b3f560f439,2,,true
ff4aa6b830370f47b53b9c955d4c79149497e6e8ff225faa95527f501d73baa3,0,"Answer: 2

The athletes are competing on a blue wrestling mat. The mat is clearly visible in the image, and it is blue, which matches the description in Statement 2.

Statement 1 is False because the court is not made of wood; it is a blue wrestling mat.
Statement 3 is False because the athletes are not on a grass field; they are on a wrestling mat.",false
ff4aa6b830370f47b53b9c955d4c79149497e6e8ff225faa95527f501d73baa3,1,,true
ff4aa6b830370f47b53b9c955d4c79149497e6e8ff225faa95527f501d73baa3,2,,false
170d2edd40b1b1afab8bae70a46f6d926d0be521706b2c51ab3ffd8576226091,0,"Answer: 3

The site shown in the image features arches and columns, which are characteristic of ancient architectural styles often associated with religious temples. The ruins do not resemble modern park structures or industrial warehouses.",false
170d2edd40b1b1afab8bae70a46f6d926d0be521706b2c51ab3ffd8576226091,1,,false
170d2edd40b1b1afab8bae70a46f6d926d0be521706b2c51ab3ffd8576226091,2,,true
4437f4253824920510960c5b9a7343a841933d5b79e6f7a86841bb7d9c32d67b,0,"Answer: 3

The primary function of the ladder on the pier is to access the water for swimming. The ladder is positioned at the edge of the pier, leading directly into the water, which is a common setup for swimmers to enter and exit the water safely.

Statement 1 is False because there is no indication that the ladder is used for anchoring the pier. The pier appears to be securely built and does not require additional anchoring mechanisms.

Statement 2 is False because there are no boats visible in the image, and the ladder does not lead to any boats. The ladder is solely connected to the pier and the water.",false
4437f4253824920510960c5b9a7343a841933d5b79e6f7a86841bb7d9c32d67b,1,,false
4437f4253824920510960c5b9a7343a841933d5b79e6f7a86841bb7d9c32d67b,2,,true
8cd93566938e6aacdf58e99b16a3fec7db669c795dfbef9682886cfc0efdc3c3,0,"Answer: 2

The primary material used to construct the canoe shown in the image is wood. The canoe has a visible wood grain pattern, indicating that it is made from wooden planks. The other statements are not grounded in the image as there is no evidence of plastic or metal materials used in the construction of the canoe.",false
8cd93566938e6aacdf58e99b16a3fec7db669c795dfbef9682886cfc0efdc3c3,1,,true
8cd93566938e6aacdf58e99b16a3fec7db669c795dfbef9682886cfc0efdc3c3,2,,false
a05e955af4d4f801bb40e9182695be9f46ea71f71a1b4bdd16bfaaa72269b695,0,"Answer: 2

The background of the image on the left depicts a shopping street. This is evident from the presence of various shops, signs, and a colorful, bustling environment typical of a commercial area.

Statement 1 is False because the background does not depict a rural area; it shows a busy street with shops and signs.
Statement 3 is False because the background does not depict a park; it shows a street with shops and signs.",false
a05e955af4d4f801bb40e9182695be9f46ea71f71a1b4bdd16bfaaa72269b695,1,,true
a05e955af4d4f801bb40e9182695be9f46ea71f71a1b4bdd16bfaaa72269b695,2,,false
a4e4b2c332c6c6f1601a79321d4d765ad8db1291566da77c61926073f3e0b0d3,0,"Answer: 1

The primary material used in the construction of the staircase in the image is stone. The staircase is built with stone steps and a stone wall, which is clearly visible in the image. The other two statements are not grounded in the image as there is no evidence of wood or glass being used in the construction of the staircase.",true
a4e4b2c332c6c6f1601a79321d4d765ad8db1291566da77c61926073f3e0b0d3,1,,false
a4e4b2c332c6c6f1601a79321d4d765ad8db1291566da77c61926073f3e0b0d3,2,,false
0a3867d2ce545aa6d8d2547648346365f63ae77fd771a6a06ff6bd44c63e77f8,0,"Answer: 1

The landscape shown in the image is a coastal landscape with cliffs. The image displays a body of water, cliffs, and a sky with clouds, which are typical features of a coastal landscape.

Statement 2 is False because the image does not show any mountains or mountainous terrain. The landscape is primarily flat with cliffs and a coastline.

Statement 3 is False because the image does not show any dunes or desert features. The landscape is characterized by water, cliffs, and a sky with clouds, which are not typical of a desert environment.",true
0a3867d2ce545aa6d8d2547648346365f63ae77fd771a6a06ff6bd44c63e77f8,1,,false
0a3867d2ce545aa6d8d2547648346365f63ae77fd771a6a06ff6bd44c63e77f8,2,,false
0fd1d1a353d20c58c124ede18c9dbf1b99d84075a6465ba70308276812bf281b,0,"Answer: 3

The image shows a variety of Middle Eastern dishes, including falafel, hummus, tabbouleh, and other items. Hummus is typically made from chickpeas and tahini, which is evident from the presence of hummus in the image. The other two statements are not grounded in the image as they refer to different dishes that are not present.",false
0fd1d1a353d20c58c124ede18c9dbf1b99d84075a6465ba70308276812bf281b,1,,false
0fd1d1a353d20c58c124ede18c9dbf1b99d84075a6465ba70308276812bf281b,2,,true
604c812cad4549556676691f6c1866e46503b46a20ee22432d0a9942fa29f9c1,0,"Answer: 3

The image shows a mountainous landscape with ancient ruins, which is indicative of the Inca Trail and Machu Picchu. There are no visible slopes suitable for skiing, and scuba diving is not possible in such a historical and natural setting. Hiking the Inca Trail is a popular activity among visitors to this site.",false
604c812cad4549556676691f6c1866e46503b46a20ee22432d0a9942fa29f9c1,1,,false
604c812cad4549556676691f6c1866e46503b46a20ee22432d0a9942fa29f9c1,2,,true
1a2ead3a3198e5713faa360e4d6643eb46a2f132ba1cbce6b92c01400a08af2a,0,"Answer: 3

The image shows individuals dressed in traditional attire riding horses, which suggests a cultural ceremony. The elaborate costumes and the presence of multiple riders indicate a formal and traditional event rather than a casual parade or a horse racing competition.",false
1a2ead3a3198e5713faa360e4d6643eb46a2f132ba1cbce6b92c01400a08af2a,1,,false
1a2ead3a3198e5713faa360e4d6643eb46a2f132ba1cbce6b92c01400a08af2a,2,,true
950361ed73a83cea3f35285ef749fcb0d431657cbe02ff432608c463b3d80053,0,"Answer: 2

The transportation being used in the image is a paddleboard. The person is standing on a paddleboard and using a paddle to navigate the water.

The other statements are not grounded in the image:
- Statement 1: The transportation being used in the image is a kayak. This is false because the person is standing on a paddleboard, not sitting in a kayak.
- Statement 3: The transportation being used in the image is a motorboat. This is false because there is no motorboat visible in the image; only a paddleboard and kayaks are present.",false
950361ed73a83cea3f35285ef749fcb0d431657cbe02ff432608c463b3d80053,1,,true
950361ed73a83cea3f35285ef749fcb0d431657cbe02ff432608c463b3d80053,2,,false
94b6eca84a1617f55a29d8d2d48200964daa431dad9da10711ff6048a7dccf69,0,"Answer: 1

The image shows a decorative lantern and dates, which are commonly associated with Ramadan. The other statements are not grounded in the image.",true
94b6eca84a1617f55a29d8d2d48200964daa431dad9da10711ff6048a7dccf69,1,,false
94b6eca84a1617f55a29d8d2d48200964daa431dad9da10711ff6048a7dccf69,2,,false
a92f6043df7ce3a483cd009631d78990225a02fd72180bb3b4c8d0ef41f37aa7,0,"Answer: 3

The setting in the image is a rustic traditional space. The stone walls and the traditional items on the table suggest a traditional setting. The other two statements are not grounded in the image as there is no indication of a modern café or an outdoor picnic area.",false
a92f6043df7ce3a483cd009631d78990225a02fd72180bb3b4c8d0ef41f37aa7,1,,false
a92f6043df7ce3a483cd009631d78990225a02fd72180bb3b4c8d0ef41f37aa7,2,,true
33500f73161cb94909b8d063578b829de116768d8e6c6d35306545e8db450ecf,0,"Answer: 2

The image depicts sunset. The sky is illuminated with warm hues, indicating the sun is setting. The long shadows and the golden light further support this observation.

Statement 1: The image depicts afternoon. This is not grounded because the warm hues and long shadows suggest it is closer to sunset rather than the middle of the afternoon.

Statement 3: The image depicts morning. This is not grounded because the warm hues and long shadows suggest it is closer to sunset rather than the early morning.",false
33500f73161cb94909b8d063578b829de116768d8e6c6d35306545e8db450ecf,1,,true
33500f73161cb94909b8d063578b829de116768d8e6c6d35306545e8db450ecf,2,,false
fb58606c85e2c63b4fa730df147c43964ee8d23509a5b683ccc29dbc8e4014b0,0,"Answer: 3

The woman in the image is wearing an elaborate, long, lace dress that is typically associated with formal events, such as a wedding ceremony. The dress is ornate and detailed, which is not typical for casual or business attire. The setting also appears to be a formal, possibly historical location, further supporting the idea that the dress is meant for a special occasion like a wedding.",false
fb58606c85e2c63b4fa730df147c43964ee8d23509a5b683ccc29dbc8e4014b0,1,,false
fb58606c85e2c63b4fa730df147c43964ee8d23509a5b683ccc29dbc8e4014b0,2,,true
8138571c4d05ec1c15e0fce658f60d61a4308b2d8a9420c8b86eb67e35a70da2,0,"Answer: 1

The image shows a sunset with warm colors in the sky and the terminal illuminated by lights. The presence of the sunset is evident from the colors and lighting in the sky.

Statement 2 is False because the colors and lighting in the sky indicate a sunset, not a morning.
Statement 3 is False because the colors and lighting in the sky indicate a sunset, not midnight.",true
8138571c4d05ec1c15e0fce658f60d61a4308b2d8a9420c8b86eb67e35a70da2,1,,false
8138571c4d05ec1c15e0fce658f60d61a4308b2d8a9420c8b86eb67e35a70da2,2,,false
30f34d6c9a22ae43a1177ebca16c784abf2eb034e6b3553492d59924fea0a403,0,"Answer: 1

The ambulance is likely providing emergency medical assistance.

The ambulance is marked with red and white stripes and has a blue light on top, which are typical indicators of an emergency vehicle. Additionally, the presence of a damaged car and a person in the background suggests an emergency situation. The other statements are not supported by the image: there is no indication that the ambulance is transporting passengers or delivering goods.",true
30f34d6c9a22ae43a1177ebca16c784abf2eb034e6b3553492d59924fea0a403,1,,false
30f34d6c9a22ae43a1177ebca16c784abf2eb034e6b3553492d59924fea0a403,2,,false
efb0c18fb0200bc56027fe36316c2b6bea772605e8f47d213bffbb9eb50f162b,0,"Answer: 2

The menu board outside 'Comptoir Libanais' is promoting a Christmas Feast. The board clearly displays an advertisement for a Christmas Feast, which is the only statement that is grounded in the image.

The other two statements are not supported by the image. There is no promotion of Daily Happy Hour or Weekend Brunch Specials visible on the menu board.",false
efb0c18fb0200bc56027fe36316c2b6bea772605e8f47d213bffbb9eb50f162b,1,,true
efb0c18fb0200bc56027fe36316c2b6bea772605e8f47d213bffbb9eb50f162b,2,,false
1f5719518b163e8178ef96543b59613078fca726dcca78194b766804b9538697,0,"Answer: 2

The gathering shown in the image is likely a political protest or demonstration. This is evident from the presence of individuals holding posters with a man's image and text, which is a common practice in political demonstrations. The serious expressions and the act of holding up posters suggest a form of protest or rally rather than a cultural festival or religious ceremony.

The other two statements are not grounded in the image. There is no indication of a cultural festival, such as music, dance, or traditional attire, which would typically be present in such an event. Similarly, there are no religious symbols or actions, such as prayers, chants, or religious attire, that would suggest a religious ceremony.",false
1f5719518b163e8178ef96543b59613078fca726dcca78194b766804b9538697,1,,true
1f5719518b163e8178ef96543b59613078fca726dcca78194b766804b9538697,2,,false
27bbc3dd8a10789d314af80ee09e32dfe121a52f8bad09ec56bd3ec29d6e4d9b,0,"Answer: 3

The primary color scheme used in the macrame keychains displayed in the image is red and white. The keychains feature red and white threads, with some incorporating white beads and red tassels. The other two statements are not grounded in the image as they mention green and black, and blue and yellow, which are not present in the keychains.",false
27bbc3dd8a10789d314af80ee09e32dfe121a52f8bad09ec56bd3ec29d6e4d9b,1,,false
27bbc3dd8a10789d314af80ee09e32dfe121a52f8bad09ec56bd3ec29d6e4d9b,2,,true
b1056cb9f2103a137434e744f73fc09406f3891f4c224bea2207d9807fc5c7ae,0,"Answer: 1

The kitchen in the image does not have a refrigerator visible. The other two statements are false because decorative jars and a large plant are clearly visible in the image.",true
b1056cb9f2103a137434e744f73fc09406f3891f4c224bea2207d9807fc5c7ae,1,,false
b1056cb9f2103a137434e744f73fc09406f3891f4c224bea2207d9807fc5c7ae,2,,false
15480351e96c1bb437eff9f2d52b2795e78c0a5563d058d2b60b5142ee35818c,0,"Answer: 2

The orange structures in the background are likely sports bench covers. The image shows a man in a sports jacket, and the orange structures resemble the kind of covers that are typically used to protect sports benches.

Statement 1 is False because the orange structures do not resemble public transport shelters, which are usually larger and more complex in design.

Statement 3 is False because the orange structures do not resemble construction scaffolding, which typically has a more rigid and structured appearance.",false
15480351e96c1bb437eff9f2d52b2795e78c0a5563d058d2b60b5142ee35818c,1,,true
15480351e96c1bb437eff9f2d52b2795e78c0a5563d058d2b60b5142ee35818c,2,,false
791445be6aa8f7aca569a86ecbb42b9f02ccf251fa2962098606806d18c9a311,0,"Answer: 3

The landscape shown in the image is a desert with sand dunes and an oasis. This is evident from the presence of sand dunes and the oasis with water in the image.

Statement 1 is False because the image does not show a dense rainforest or a flowing river. Instead, it shows a desert landscape with sand dunes and an oasis.

Statement 2 is also False because the image does not show a mountainous region with snow-covered peaks. The landscape is flat and sandy, with no mountains or snow visible.",false
791445be6aa8f7aca569a86ecbb42b9f02ccf251fa2962098606806d18c9a311,1,,false
791445be6aa8f7aca569a86ecbb42b9f02ccf251fa2962098606806d18c9a311,2,,true
f3104096bc233080dff536e2fa7d4344fb5c88bae3ed8f46547b80a25fba81dc,0,"Answer: 2

The image shows an IV cannula in the woman's arm, which is typically used to administer fluids or medication. The other statements are not supported by what is visible in the image.",false
f3104096bc233080dff536e2fa7d4344fb5c88bae3ed8f46547b80a25fba81dc,1,,true
f3104096bc233080dff536e2fa7d4344fb5c88bae3ed8f46547b80a25fba81dc,2,,false
0da6303d394b72be0cfbecf9627514ed600c23d69b56f943f2cf62ca9922ffab,0,"Answer: 3

The door was part of a traditional or historical building.

The door is embedded in a stone wall, which suggests it is part of a traditional or historical building. The door's design and the surrounding stone structure indicate an older architectural style, which is typical of historical buildings. The other statements are not supported by the image: there is no indication that the door is in a museum or that it serves as an entrance to a modern apartment.",false
0da6303d394b72be0cfbecf9627514ed600c23d69b56f943f2cf62ca9922ffab,1,,false
0da6303d394b72be0cfbecf9627514ed600c23d69b56f943f2cf62ca9922ffab,2,,true
a7afc21caa2943a7d5594ba43b1996a8605fe69813cc6fd7061d62345fd42c05,0,"Answer: 1

The image shows a boat overcrowded with people, which is a common depiction of migrant boats. The boat appears to be small and overloaded, which is typical for migrant boats used in dangerous sea crossings.

Statement 2 is false because there is no indication that the boat is a commercial cruise ship. The boat looks small and overcrowded, which is not characteristic of a commercial cruise ship.

Statement 3 is false because there is no indication that the boat is a fishing vessel. The boat appears to be small and overcrowded, which is not typical for a fishing vessel.",true
a7afc21caa2943a7d5594ba43b1996a8605fe69813cc6fd7061d62345fd42c05,1,,false
a7afc21caa2943a7d5594ba43b1996a8605fe69813cc6fd7061d62345fd42c05,2,,false
fae4f22c3b9a6aa66a62de5082d4830495bba8fff93e607dcedb959baa2787de,0,"Answer: 1

The image shows a metallic tripod floor lamp prominently featured in the living room. The other two statements are not supported by the image.",true
fae4f22c3b9a6aa66a62de5082d4830495bba8fff93e607dcedb959baa2787de,1,,false
fae4f22c3b9a6aa66a62de5082d4830495bba8fff93e607dcedb959baa2787de,2,,false
b1c3a043524b90fe989716a21903c1c8f9600a90c47e3615e82da03c997bd630,0,"Answer: 3

The activity being depicted in this image is sand dune hiking. 

In the image, we see a person standing on a sand dune with their arms raised, which is indicative of hiking or exploring the dunes. There are no camels or any signs of camel riding, and the person is not holding any photography equipment, which rules out the possibility of desert wildlife photography. The focus is on the person and the dune, which is consistent with sand dune hiking.",false
b1c3a043524b90fe989716a21903c1c8f9600a90c47e3615e82da03c997bd630,1,,false
b1c3a043524b90fe989716a21903c1c8f9600a90c47e3615e82da03c997bd630,2,,true
3e5714ee655519296aafa61e2273055a10b987d41ae6042f84d9dbc4cc7eb063,0,"Answer: 3

The stone slab shown in the image is likely an ancient artifact used for historical documentation. The slab has inscriptions carved into it, which are characteristic of ancient artifacts used for recording information or commemorating events.

Statement 1 is False because the slab does not appear to be a decorative piece for modern architecture; it has an ancient appearance with inscriptions.

Statement 2 is False because the slab does not resemble a gravestone from the medieval period; it has a different style and purpose.",false
3e5714ee655519296aafa61e2273055a10b987d41ae6042f84d9dbc4cc7eb063,1,,false
3e5714ee655519296aafa61e2273055a10b987d41ae6042f84d9dbc4cc7eb063,2,,true
11caad0015d98e39fdc4b051037a088e1915baa01418fa6c5d4a5f07cb28cb5a,0,"Answer: 2

The foreground in the image has debris and trash scattered. This is evident from the visible litter, including plastic bags and other waste materials, which are clearly visible in the lower part of the image.

Statement 1 is False because the foreground is not covered in vegetation; it is mostly dirt and debris.
Statement 3 is also False because the foreground is not clean and well-maintained; it is littered with trash and debris.",false
11caad0015d98e39fdc4b051037a088e1915baa01418fa6c5d4a5f07cb28cb5a,1,,true
11caad0015d98e39fdc4b051037a088e1915baa01418fa6c5d4a5f07cb28cb5a,2,,false
6f4aa69c1fb10f8c8d76e8ae814dc1acbb9427d0e89986ab6d206c4b6e749913,0,"Answer: 2

The image shows a group of people waving flags, which are typically used to represent different nations or political movements. The flags are not being used to advertise a product or signal a sports event. The flags are colorful and have distinct patterns, which are common in national flags or political banners. The presence of military personnel and the nighttime setting suggest a significant event or gathering, likely related to a political or national cause.",false
6f4aa69c1fb10f8c8d76e8ae814dc1acbb9427d0e89986ab6d206c4b6e749913,1,,true
6f4aa69c1fb10f8c8d76e8ae814dc1acbb9427d0e89986ab6d206c4b6e749913,2,,false
8bbc2c84190f9d029ceae9e72bbdbe0a7ba61d3cf934145e3c81b5c13d7fd32e,0,"Answer: 3

The image shows a textured surface with a pattern that resembles a carpet. The material appears to be thick and fibrous, which is characteristic of carpeting materials. The other two statements are not grounded in the image as they do not match the visual characteristics of the material shown.",false
8bbc2c84190f9d029ceae9e72bbdbe0a7ba61d3cf934145e3c81b5c13d7fd32e,1,,false
8bbc2c84190f9d029ceae9e72bbdbe0a7ba61d3cf934145e3c81b5c13d7fd32e,2,,true
0e0fae945bca83f7b7e4c0a3d498c14ea64ffac50fc5f83caaa34e1424f6903e,0,"Answer: 3

The architectural style represented in this building is Portuguese traditional. The building features blue and white azulejos, which are a hallmark of Portuguese architecture, particularly in the Alentejo region. The use of these tiles and the overall design of the building are characteristic of traditional Portuguese styles.

Statement 1: The architectural style represented in this building is Modern minimalist. This is False because the building features traditional elements such as azulejos and a specific style of windows and balconies that are not typical of modern minimalist architecture.

Statement 2: The architectural style represented in this building is Gothic revival. This is also False because the building does not have the characteristics of Gothic revival architecture, such as pointed arches, ribbed vaults, or flying buttresses.",false
0e0fae945bca83f7b7e4c0a3d498c14ea64ffac50fc5f83caaa34e1424f6903e,1,,false
0e0fae945bca83f7b7e4c0a3d498c14ea64ffac50fc5f83caaa34e1424f6903e,2,,true
45bb618fd386f324c45d8e519aedc7bdf968c638fb4546e3cfef4c2be6d53847,0,"Answer: 1

The vase is made of ceramic. The vase appears to have a textured surface and a matte finish, which are characteristics of ceramic materials. The other statements are not grounded in the image as there is no indication that the vase is made of metal or plastic.",true
45bb618fd386f324c45d8e519aedc7bdf968c638fb4546e3cfef4c2be6d53847,1,,false
45bb618fd386f324c45d8e519aedc7bdf968c638fb4546e3cfef4c2be6d53847,2,,false
dd220a6002b9e99da758475fde212490a74a6ddd0bf49b0fc23edc21c5c16e36,0,"Answer: 2

The primary function of the industrial port infrastructure visible in the background is cargo handling and storage. This is evident from the presence of large cranes and containers, which are typically used for loading and unloading cargo.

The other statements are not grounded in the image. There is no visible evidence of recreational boating or fishing activities in the image. The focus is on the industrial port with its cargo handling capabilities.",false
dd220a6002b9e99da758475fde212490a74a6ddd0bf49b0fc23edc21c5c16e36,1,,true
dd220a6002b9e99da758475fde212490a74a6ddd0bf49b0fc23edc21c5c16e36,2,,false
08d0f01d274f8422e030d1f9e6e86eed458e74b6836b46b8a12fd6f9dc3e1637,0,"Answer: 2

The primary purpose of the fabric in this dance performance is to enhance the visual dynamics of the dance. The fabric is being used to create a visually striking effect, with its vibrant colors and flowing motion, which is a key element of the dance performance.

The other statements are not grounded in the image:
- Statement 1: The fabric is not being used to provide warmth; it is being used for visual effect.
- Statement 3: The fabric is not being used as a stage backdrop; it is being worn by the dancer and is an integral part of the performance.",false
08d0f01d274f8422e030d1f9e6e86eed458e74b6836b46b8a12fd6f9dc3e1637,1,,true
08d0f01d274f8422e030d1f9e6e86eed458e74b6836b46b8a12fd6f9dc3e1637,2,,false
98f0157e8abf8f4d4370c31e65bb3709ce0fe5d89c44f908bbffc4685c809b1d,0,"Answer: 2

The dish featured in the image is a layered dessert with nuts. The image shows bowls filled with what appears to be a dessert, consisting of layers of nuts and possibly other ingredients, which is consistent with a layered dessert.

Statement 1: The dish featured in the image is a savory casserole. This is False because the image shows a dessert with nuts and layers, not a savory casserole.

Statement 3: The dish featured in the image is a fruit salad. This is False because the image shows a dessert with nuts and layers, not a fruit salad.",false
98f0157e8abf8f4d4370c31e65bb3709ce0fe5d89c44f908bbffc4685c809b1d,1,,true
98f0157e8abf8f4d4370c31e65bb3709ce0fe5d89c44f908bbffc4685c809b1d,2,,false
b84a15b378b5808748d29a781caf840d4d9aa1ccfa87f9e8d3815e89501d90cb,0,"Answer: 3

The environment shown in the image is a desert landscape. The image displays sand dunes with a clear blue sky, which are characteristic features of a desert environment.

Statement 1 is False because the image does not show a tropical rainforest, which would typically have dense vegetation and a humid climate. Statement 2 is also False because the image does not show a snowy mountain range, which would have snow-covered peaks and a different landscape.",false
b84a15b378b5808748d29a781caf840d4d9aa1ccfa87f9e8d3815e89501d90cb,1,,false
b84a15b378b5808748d29a781caf840d4d9aa1ccfa87f9e8d3815e89501d90cb,2,,true
a730fb90732129d3dabb4d1d26ea4dc9d9f9daf570e359b145656548998d5430,0,"Answer: 1

The image shows sailboats in the waterfront scene. There are colorful sailboats visible in the background, floating on the water. The other statements about motorboats and fishing boats are not supported by what is visible in the image.",true
a730fb90732129d3dabb4d1d26ea4dc9d9f9daf570e359b145656548998d5430,1,,false
a730fb90732129d3dabb4d1d26ea4dc9d9f9daf570e359b145656548998d5430,2,,false
419177719d5b94b5ae78f33505d325f9010845d9f151bdfdee4905670e6701f3,0,"Answer: 2

The person in the image is wearing a uniform with a cap that has an emblem on it, which is commonly associated with flight attendants. The uniform appears to be formal and professional, which is typical for flight attendants. The other two statements are not grounded in the image because there are no visible elements in the uniform that suggest the person is an airport security officer or a pilot.",false
419177719d5b94b5ae78f33505d325f9010845d9f151bdfdee4905670e6701f3,1,,true
419177719d5b94b5ae78f33505d325f9010845d9f151bdfdee4905670e6701f3,2,,false
17c4f1010bed9013958742b66e1e3d4ce9a9397e19b808a33a3c214b65260bd3,0,"Answer: 1

The flat cap in the image features multiple shades of brown, beige, and black in its color scheme. The other two statements are not grounded in the image as they describe a solid black color scheme and bright neon colors, which are not present in the image.",true
17c4f1010bed9013958742b66e1e3d4ce9a9397e19b808a33a3c214b65260bd3,1,,false
17c4f1010bed9013958742b66e1e3d4ce9a9397e19b808a33a3c214b65260bd3,2,,false
f99958bee6cf40d10084a53cd982cc1455065bad8467375b486f0205f9dae166,0,"Answer: 1

The image shows a coin with an inscription 'S C' on the reverse side. The coin has a profile of a person on the obverse side and a figure holding a staff on the reverse side. The 'S C' inscription is clearly visible on the reverse side of the coin.

Statement 1 is grounded because the 'S C' inscription on the reverse side of the coin stands for 'Senatus Consulto (by decree of the Senate)', which is a common Roman inscription used on coins to indicate that the coin was authorized by the Senate.

Statement 2 is not grounded because 'Symbol of Caesar' is not a standard Roman inscription used on coins.

Statement 3 is not grounded because 'Sacred Coinage' is not a standard Roman inscription used on coins.",true
f99958bee6cf40d10084a53cd982cc1455065bad8467375b486f0205f9dae166,1,,false
f99958bee6cf40d10084a53cd982cc1455065bad8467375b486f0205f9dae166,2,,false
08e7c81a8c393040df8b22d6ecd9e8b5246ea1ccf57d3a5fe681fe694e1573f9,0,"Answer: 2

The primary color of the gemstones on the ring is green. The other two statements are hallucinations because the gemstones are not red or blue.",false
08e7c81a8c393040df8b22d6ecd9e8b5246ea1ccf57d3a5fe681fe694e1573f9,1,,true
08e7c81a8c393040df8b22d6ecd9e8b5246ea1ccf57d3a5fe681fe694e1573f9,2,,false
18e56eedd394321586cffca1a0cf27f7c1528f45fc16ebf89b1e576eec10476a,0,"Answer: 3

The woman is wearing a black abaya in the image. The primary color of the abaya is black, as seen clearly in the image. The other statements are not grounded in the image because the abaya is not purple or white.",false
18e56eedd394321586cffca1a0cf27f7c1528f45fc16ebf89b1e576eec10476a,1,,false
18e56eedd394321586cffca1a0cf27f7c1528f45fc16ebf89b1e576eec10476a,2,,true
cfe73f670234f873e3059c8b31ab2e61172534b8856076acf94a37b1291ede7b,0,"Answer: 1

The predominant geographical feature visible in the image is a coastal shoreline. The image shows a body of water, waves crashing onto the shore, and a cityscape in the background, all indicative of a coastal environment. The other two statements are not grounded in the image as there is no desert or mountainous terrain visible.",true
cfe73f670234f873e3059c8b31ab2e61172534b8856076acf94a37b1291ede7b,1,,false
cfe73f670234f873e3059c8b31ab2e61172534b8856076acf94a37b1291ede7b,2,,false
9a8f94060d50ef8e0092b4ab986e765d60cdc7933934a593426fce31115cb322,0,"Answer: 3

The image shows dates with shiny and smooth golden-brown skin. The other statements are not supported by what is visible in the image.",false
9a8f94060d50ef8e0092b4ab986e765d60cdc7933934a593426fce31115cb322,1,,false
9a8f94060d50ef8e0092b4ab986e765d60cdc7933934a593426fce31115cb322,2,,true
7463ffe77168a2e0cae143d5ac06033d7645725d39955e3d7ce7192619b8abc5,0,"Answer: 3

The mannequin is wearing patterned fabric. The fabric around the mannequin's waist has a distinct pattern with red and black colors, which indicates it is patterned fabric.

Statement 1 is False because the fabric around the mannequin's waist is not silk but rather a patterned fabric. Statement 2 is also False because the fabric is not plain cotton but patterned.",false
7463ffe77168a2e0cae143d5ac06033d7645725d39955e3d7ce7192619b8abc5,1,,false
7463ffe77168a2e0cae143d5ac06033d7645725d39955e3d7ce7192619b8abc5,2,,true
cb78c0a787b9664f4bf6e4f8c7d6c16eb7a3f80880bf21425f1c49f5a389a9ae,0,"Answer: 3

The scene shows people shopping for fresh produce in the scene. This is evident from the presence of various fruits and vegetables displayed on tables and stalls, which are typical of a market setting. The individuals are interacting with the produce, indicating they are shopping.

Statement 1 is not grounded in the image because there is no evidence of a street performance taking place. The people are focused on the produce, not on any performance.

Statement 2 is not grounded in the image because there is no indication of a car repair workshop. The scene depicts a market with produce stalls, not a workshop.",false
cb78c0a787b9664f4bf6e4f8c7d6c16eb7a3f80880bf21425f1c49f5a389a9ae,1,,false
cb78c0a787b9664f4bf6e4f8c7d6c16eb7a3f80880bf21425f1c49f5a389a9ae,2,,true
d13611f7d1093aa1acb3be1007547c84f89438952c287c3d8f36f27db26462c3,0,"Answer: 2

The dish shown in the image is most likely associated with Mediterranean cuisine. True or False?

The image shows a plate of food that includes couscous, a common staple in North African and Mediterranean cuisine, along with vegetables and a meat-based stew. The presence of couscous and the style of the dish strongly suggest a Mediterranean influence rather than Mexican or East Asian cuisine.",false
d13611f7d1093aa1acb3be1007547c84f89438952c287c3d8f36f27db26462c3,1,,true
d13611f7d1093aa1acb3be1007547c84f89438952c287c3d8f36f27db26462c3,2,,false
2f257c7f16f5c35f8a332d153efc6f6561161862f28b84f05f3935c627728e06,0,"Answer: 2

The image shows a winding wall stretching across green hills and mountains, which is characteristic of The Great Wall of China. The wall is made of stone and brick, and it is situated in a mountainous region with lush greenery. The sky is filled with vibrant colors, indicating either sunrise or sunset. The wall is clearly visible and prominent in the image, making it identifiable as The Great Wall of China.

Statement 1 is False because Hadrian's Wall is located in the United Kingdom and does not have the same winding, mountainous landscape as depicted in the image.

Statement 3 is False because Machu Picchu is located in Peru and is known for its ancient Incan ruins, not for a winding wall stretching across green hills and mountains.",false
2f257c7f16f5c35f8a332d153efc6f6561161862f28b84f05f3935c627728e06,1,,true
2f257c7f16f5c35f8a332d153efc6f6561161862f28b84f05f3935c627728e06,2,,false
5c98048da7e0c2071b2f7db3855de5d584e8558fe26c2a48d7dbfcebeb74cbd3,0,"Answer: 3

The man is wearing a formal black suit for a special occasion. The other two statements are not grounded in the image.

Explanation:
- The man is wearing a formal black suit, which is evident from the image.
- The image does not show any casual outfit or traditional attire, making the other two statements false.",false
5c98048da7e0c2071b2f7db3855de5d584e8558fe26c2a48d7dbfcebeb74cbd3,1,,false
5c98048da7e0c2071b2f7db3855de5d584e8558fe26c2a48d7dbfcebeb74cbd3,2,,true
ca5fb37c5869f96e95b177618c8ea7bb87afe19aef101d7575fdef9f2518b299,0,"Answer: 1

The image shows a narrow canyon with steep rock walls and a clear sky. There is a road running through the canyon with a vehicle and people walking along it. The ground appears dry and dusty, and there is a small stream or puddle of water in the foreground.

This image most likely represents the Todgha Gorge, Morocco, as it closely matches the geographical and environmental characteristics of this location. The rock formations and the narrow canyon are typical of the Todgha Gorge, which is known for its steep cliffs and narrow passages.

The other two statements are not grounded in the image. The Grand Canyon and Antelope Canyon have different geological features and are not represented in this image. The Grand Canyon is much wider and has a different topography, while Antelope Canyon is known for its smooth, flowing rock formations and is not as narrow as the canyon in the image.",true
ca5fb37c5869f96e95b177618c8ea7bb87afe19aef101d7575fdef9f2518b299,1,,false
ca5fb37c5869f96e95b177618c8ea7bb87afe19aef101d7575fdef9f2518b299,2,,false
e56b5e26ce0b5f446db2958a76ab87e6d9f2dd7286e6628dd5d0a79c8c640453,0,"Answer: 1

The image shows a traditional-looking entrance with intricate designs and a sign that reads ""Hammam Ziani,"" which is a traditional Moroccan bathhouse. The other two statements are not supported by the image.",true
e56b5e26ce0b5f446db2958a76ab87e6d9f2dd7286e6628dd5d0a79c8c640453,1,,false
e56b5e26ce0b5f446db2958a76ab87e6d9f2dd7286e6628dd5d0a79c8c640453,2,,false
ba929d53b538c3a0ac2d57ee6da15762288ecb64948e22cb481af1a559eaae31,0,"Answer: 1

The image shows a mosque minaret, which is a tall, slender tower typically found in Islamic architecture. The primary function of a mosque minaret is to call worshippers to prayer, which is evident from the structure's design and purpose in Islamic tradition. The other statements are not supported by what is visible in the image.",true
ba929d53b538c3a0ac2d57ee6da15762288ecb64948e22cb481af1a559eaae31,1,,false
ba929d53b538c3a0ac2d57ee6da15762288ecb64948e22cb481af1a559eaae31,2,,false
452b46e54415e4a4525bcadcfc1d7590887f189ec9f8cd636a86c87bde2208d1,0,"Answer: 3

The structure in the image is a large, ancient fortress with a prominent archway and a rectangular layout, surrounded by a moat and greenery. The materials and architectural style suggest it is part of a historical site.

Statement 1: This structure belongs to Alhambra. False. The Alhambra is a palace and fortress complex in Granada, Spain, known for its intricate Islamic architecture, which is not consistent with the style seen in the image.

Statement 2: This structure belongs to Taj Mahal. False. The Taj Mahal is a mausoleum in Agra, India, renowned for its white marble and intricate inlay work, which is not present in the image.

Statement 3: This structure belongs to El Badi Palace. True. The El Badi Palace is a historical fortress in Essaouira, Morocco, which matches the architectural style and layout seen in the image.",false
452b46e54415e4a4525bcadcfc1d7590887f189ec9f8cd636a86c87bde2208d1,1,,false
452b46e54415e4a4525bcadcfc1d7590887f189ec9f8cd636a86c87bde2208d1,2,,true
86f7aba040aed7a80f48bdd3bf32195b7796174e9355256ec091d3ccc1c7be6b,0,"Answer: 3

The person in the image is using a sandboard. The board is designed for riding on sand, and the person is wearing appropriate clothing for sandboarding, including a helmet and goggles. The background is a sand dune, which further supports the use of a sandboard.

Statement 1 is False because the board is not a snowboard, which is typically used on snow, not sand.
Statement 2 is False because the board is not a skateboard, which is used on paved surfaces, not sand.",false
86f7aba040aed7a80f48bdd3bf32195b7796174e9355256ec091d3ccc1c7be6b,1,,false
86f7aba040aed7a80f48bdd3bf32195b7796174e9355256ec091d3ccc1c7be6b,2,,true
f2ecb7b498eda0b537cc750362867125519781565cddb2648082dc48db1e2397,0,"Answer: 2

The structure depicted in the image is likely a mosque. The intricate blue and gold tile work, along with the calligraphy, are characteristic of Islamic architecture, commonly found in mosques. The arches and the overall design are typical of Islamic religious buildings.

Statement 1: The structure depicted in the image is likely a palace. This is not grounded in the image because the architectural elements are more indicative of Islamic religious architecture rather than royal palaces.

Statement 3: The structure depicted in the image is likely a marketplace. This is not grounded in the image because the architectural elements are more indicative of religious or royal architecture, not a marketplace.",false
f2ecb7b498eda0b537cc750362867125519781565cddb2648082dc48db1e2397,1,,true
f2ecb7b498eda0b537cc750362867125519781565cddb2648082dc48db1e2397,2,,false
9dd38d671e905d30f34db8fc5959d28a7943b1368833f96965f8e6bd5d0a8cfe,0,"Answer: 1

The image shows a blue-painted street with various artisanal items such as jewelry, hats, and pottery, which is characteristic of Chefchaouen, Morocco. The other two statements are not grounded in the image as they refer to different locations with no visual evidence of blue-painted streets and artisanal marketplaces.",true
9dd38d671e905d30f34db8fc5959d28a7943b1368833f96965f8e6bd5d0a8cfe,1,,false
9dd38d671e905d30f34db8fc5959d28a7943b1368833f96965f8e6bd5d0a8cfe,2,,false
35c77c36383a6bbd0c9b410f5b7cfe671767887fc74ad7a2f2682793f9cf384f,0,"Answer: 1

The image shows a meal with various dishes that are characteristic of Moroccan cuisine. The main dish appears to be a tagine, which is a traditional Moroccan stew, often made with vegetables and meat. The presence of couscous and a vegetable medley also aligns with common Moroccan dishes. The serving style, with multiple small dishes and a large central dish, is typical of Moroccan meals. The other two statements are not grounded in the image as they do not match the ingredients or serving style shown.",true
35c77c36383a6bbd0c9b410f5b7cfe671767887fc74ad7a2f2682793f9cf384f,1,,false
35c77c36383a6bbd0c9b410f5b7cfe671767887fc74ad7a2f2682793f9cf384f,2,,false
0cf8ade38877aae95963e4e85b5e2612f393478330f286933109feff4519219a,0,"Answer: 3

The place shown in the image is a mosque courtyard. 

In the image, there is a large, ornate circular design on the ground, which is typical of Islamic art and architecture. Additionally, there is a minaret in the background, which is a distinctive feature of mosques. The presence of palm trees and the overall layout also suggest a courtyard within a mosque complex. The other two statements are not supported by the visual evidence in the image.",false
0cf8ade38877aae95963e4e85b5e2612f393478330f286933109feff4519219a,1,,false
0cf8ade38877aae95963e4e85b5e2612f393478330f286933109feff4519219a,2,,true
284ce606c572469fc1f26375fee3ef6ebba14681879ca9c8ec5f8f68a627cd7e,0,"Answer: 1

A horse is pulling a cart in this marketplace scene. The horse is visible in the center of the image, pulling a cart with a person sitting on it.

Statement 2 is false because there is no camel visible in the image.
Statement 3 is false because there is no donkey visible in the image.",true
284ce606c572469fc1f26375fee3ef6ebba14681879ca9c8ec5f8f68a627cd7e,1,,false
284ce606c572469fc1f26375fee3ef6ebba14681879ca9c8ec5f8f68a627cd7e,2,,false
e16e812ae462d2e8d9b52cedf023f5ab16edaf97fa4566989292623ba23f0708,0,"Answer: 1

The lantern in the image appears to be made of metal, as indicated by its structure and the way it is hanging from a chain. The craftsmanship and design suggest it is a traditional metal lantern, commonly used in various cultures around the Arab world. The other statements about wood and plastic are not supported by what is visible in the image.",true
e16e812ae462d2e8d9b52cedf023f5ab16edaf97fa4566989292623ba23f0708,1,,false
e16e812ae462d2e8d9b52cedf023f5ab16edaf97fa4566989292623ba23f0708,2,,false
778681cc7f2d8aa23350f2b0d83fc2489f2417428a1b1fa454c7cba0c60598df,0,"Answer: 2

The person in the image is wearing multiple rings on their fingers, which are silver in color. The other two statements are not supported by the image. There is no leather belt or silver necklace visible in the image.",false
778681cc7f2d8aa23350f2b0d83fc2489f2417428a1b1fa454c7cba0c60598df,1,,true
778681cc7f2d8aa23350f2b0d83fc2489f2417428a1b1fa454c7cba0c60598df,2,,false
e7e1e77a40b12a8ae2df942b08a1a423e3cab220af51dce895b21fc64ad99fa3,0,"Answer: 1

The image shows a large sign with ""UNESCO"" prominently displayed, indicating the involvement of the United Nations Educational, Scientific and Cultural Organization. This suggests the cultural importance of the event. The other two statements are not supported by the image as there is no visible presence of the United Nations or World Wildlife Fund.",true
e7e1e77a40b12a8ae2df942b08a1a423e3cab220af51dce895b21fc64ad99fa3,1,,false
e7e1e77a40b12a8ae2df942b08a1a423e3cab220af51dce895b21fc64ad99fa3,2,,false
fd425a3624e7e7abbe1b652ffc8b445f11d0fb60fc29e56202087199493bdd12,0,"Answer: 3

The traditional tagine dish is most associated with Morocco. True or False?

The image shows a traditional Moroccan tagine dish, which is a clay pot used for cooking. The tagine is filled with olives, meat, and vegetables, which are common ingredients in Moroccan cuisine. The pot's design and the food inside it are indicative of Moroccan culture and culinary traditions. The other statements are false because the tagine is not associated with Italy or India.",false
fd425a3624e7e7abbe1b652ffc8b445f11d0fb60fc29e56202087199493bdd12,1,,false
fd425a3624e7e7abbe1b652ffc8b445f11d0fb60fc29e56202087199493bdd12,2,,true
ecf6be46870b810f5e5176e3b4af0346fbe627b28423f1b0cc960a4d83320624,0,"Answer: 3

The rug shown in the image is a patterned rug with geometric designs. The rug has a variety of colors and shapes, including lines and shapes that form a geometric pattern. The other two statements are not grounded in the image as the rug is not solid-colored nor does it have floral motifs.",false
ecf6be46870b810f5e5176e3b4af0346fbe627b28423f1b0cc960a4d83320624,1,,false
ecf6be46870b810f5e5176e3b4af0346fbe627b28423f1b0cc960a4d83320624,2,,true
06f74f400cae942cf6abc004040471b041056be90a47a3ddecea70dcab1ec106,0,"Answer: 1

The pots in the image have a distinct terracotta color and texture, which is characteristic of clay-based materials. The other statements are false because the pots do not appear to be made from metal or ceramic, and the image clearly shows terracotta pots.",true
06f74f400cae942cf6abc004040471b041056be90a47a3ddecea70dcab1ec106,1,,false
06f74f400cae942cf6abc004040471b041056be90a47a3ddecea70dcab1ec106,2,,false
b8ada52bbf13faef18bbb0558643ef98b378ab23d6f16e600e9de78a66ea9438,0,"Answer: 1

The recessed niches in the courtyard walls are holding decorative sculptures. The other two statements are not supported by what is visible in the image.",true
b8ada52bbf13faef18bbb0558643ef98b378ab23d6f16e600e9de78a66ea9438,1,,false
b8ada52bbf13faef18bbb0558643ef98b378ab23d6f16e600e9de78a66ea9438,2,,false
27f59f913951e28b297b1631b310beb350e6adcf46627ed9556865b674b05dc5,0,"Answer: 1

The image shows a variety of intricately designed ceramic items, including vases, plates, and bowls, which are typically used for decoration and cultural preservation. These items are not industrial or food packaging materials.",true
27f59f913951e28b297b1631b310beb350e6adcf46627ed9556865b674b05dc5,1,,false
27f59f913951e28b297b1631b310beb350e6adcf46627ed9556865b674b05dc5,2,,false
bd456b35ed43bebe499dbc4b8a8c89da20b06eea52cc7f12c8ff9292e4b8659b,0,"Answer: 1

The city depicted in the image is Fez, Morocco. The image shows a dense, vibrant cityscape with numerous buildings and a prominent mosque with a green dome and a tall minaret, which are characteristic features of Fez, Morocco. The architecture and layout of the city, along with the colors and styles of the buildings, are consistent with the traditional Moroccan style found in Fez.

The other two statements are hallucinations because the city depicted does not resemble Istanbul, Turkey, or Cairo, Egypt. Istanbul is known for its grand mosques and historical structures like the Hagia Sophia and the Blue Mosque, which are not visible in the image. Cairo is famous for its pyramids, the Great Mosque of Cairo, and the Nile River, which are also not present in the image.",true
bd456b35ed43bebe499dbc4b8a8c89da20b06eea52cc7f12c8ff9292e4b8659b,1,,false
bd456b35ed43bebe499dbc4b8a8c89da20b06eea52cc7f12c8ff9292e4b8659b,2,,false
9a0bb52062c6b6b883d4d3ef91347fc8c63a191afc92979a479daf61e1ee3dfe,0,"Answer: 2

The image shows a rug with a textured, woven pattern. The material appears to be a natural fiber, which is commonly used in rugs. The color is neutral, suggesting a material that is often used in such designs.

Statement 2 is grounded because the texture and appearance of the rug suggest it is made of cotton, which is a common material for rugs with such woven patterns. The other statements are not grounded because the image does not provide any visual evidence that the rug is made of silk or wool.",false
9a0bb52062c6b6b883d4d3ef91347fc8c63a191afc92979a479daf61e1ee3dfe,1,,true
9a0bb52062c6b6b883d4d3ef91347fc8c63a191afc92979a479daf61e1ee3dfe,2,,false
811ff98691f716d2f78b8beef77846a1827188987df54e2cbfbd5da5ee5294b6,0,"Answer: 3

The architectural facade in the image features intricate geometric patterns and a greenish-blue tile design, which are characteristic of Moroccan architecture. The presence of these elements, along with the specific style of the arches and the overall design, strongly suggest that this facade belongs to the Hassan II Mosque in Morocco.

Statement 1 is false because the Taj Mahal in India is known for its white marble and Mughal architectural style, which is quite different from the design seen in the image.

Statement 2 is false because the Blue Mosque in Turkey, also known as the Sultan Ahmed Mosque, is famous for its blue tiles and domes, but the design in the image does not match the Blue Mosque's distinctive features.",false
811ff98691f716d2f78b8beef77846a1827188987df54e2cbfbd5da5ee5294b6,1,,false
811ff98691f716d2f78b8beef77846a1827188987df54e2cbfbd5da5ee5294b6,2,,true
ad3a8a716fea7f0251663b040f28b3b27ec72b440fcffef181a5b2d3af0d8c74,0,"Answer: 3

The person in the image is pouring a liquid from a teapot into a cup, which is a clear indication that the beverage being prepared is tea. The presence of a teapot and the act of pouring tea into a cup are the key visual clues that support this statement.

Statement 1 is false because there is no evidence of hot chocolate being prepared in the image. The teapot and the act of pouring tea into a cup are not associated with making hot chocolate.

Statement 2 is also false because there is no indication of coffee being prepared in the image. The teapot and the act of pouring tea into a cup are not associated with making coffee.",false
ad3a8a716fea7f0251663b040f28b3b27ec72b440fcffef181a5b2d3af0d8c74,1,,false
ad3a8a716fea7f0251663b040f28b3b27ec72b440fcffef181a5b2d3af0d8c74,2,,true
dbac647dc77367ed928664c1e1fc1f72ed357da489dcb0be344132a2b1144ea3,0,"Answer: 1

The signage at Gare Casa Voyageurs uses Arabic and French. The image shows the signage clearly displaying both Arabic and French text. The other two statements are not supported by the image as there is no indication of English or Spanish text on the signage.",true
dbac647dc77367ed928664c1e1fc1f72ed357da489dcb0be344132a2b1144ea3,1,,false
dbac647dc77367ed928664c1e1fc1f72ed357da489dcb0be344132a2b1144ea3,2,,false
73fd8f243bcf461d051f07873182747d56220df25bf492f035fa5db64d113b5e,0,"Answer: 1

The rock depicted in the image has a reddish-brown color and a rough, jagged texture, which is characteristic of granite. The other two statements are not grounded in the image because basalt and sandstone typically have different textures and colors compared to what is shown in the image.",true
73fd8f243bcf461d051f07873182747d56220df25bf492f035fa5db64d113b5e,1,,false
73fd8f243bcf461d051f07873182747d56220df25bf492f035fa5db64d113b5e,2,,false
d4b168cf24a39c0253f20ffe08d17d689e23f29fabc8d29e31f481f1a363e5df,0,"Answer: 1

The image shows a traditional Moroccan tagine pot, which is primarily used for slow cooking stews. The pot has a conical lid and a wide base, which is characteristic of tagine pots used for this purpose. The other statements are not supported by the image, as the tagine pot is not used for serving tea or baking bread.",true
d4b168cf24a39c0253f20ffe08d17d689e23f29fabc8d29e31f481f1a363e5df,1,,false
d4b168cf24a39c0253f20ffe08d17d689e23f29fabc8d29e31f481f1a363e5df,2,,false
472b01378e6d356e47da6b8a1fc73608678a3b4e7ba25b1998daa705265337f8,0,"Answer: 2

The main purpose of the platform shown in the image is to provide a place for sightseeing and enjoying panoramic views. The platform is elevated and has people standing on it, suggesting it is meant for viewing the surroundings. The other two statements are not supported by what is visible in the image. There is no indication that the platform is used for live musical performances or as a launching pad for hot air balloons.",false
472b01378e6d356e47da6b8a1fc73608678a3b4e7ba25b1998daa705265337f8,1,,true
472b01378e6d356e47da6b8a1fc73608678a3b4e7ba25b1998daa705265337f8,2,,false
d597111f88ae34f80fa23fdec6f6b90b28edad5bab3b40340c5fa75d44ac9084,0,"Answer: 2

The architecture shown in the image is most likely associated with North Africa.

In the image, we see a person walking through an arched doorway in a building made of white plaster. The style of the architecture, with its white-washed walls and arched doorways, is characteristic of traditional North African architecture, particularly in regions like Morocco or Tunisia. The materials and construction techniques visible in the image are consistent with those used in North African buildings, which often feature such arched doorways and plastered walls.

The other statements are not grounded in the image:

- Statement 1: The architecture shown in the image is most likely associated with East Asia. This is incorrect because the architectural style depicted does not match the typical features of East Asian architecture, which often includes elements like wooden structures, tiled roofs, and intricate carvings.

- Statement 3: The architecture shown in the image is most likely associated with Scandinavia. This is also incorrect because Scandinavian architecture typically features wooden structures, steep roofs, and a focus on natural materials like wood and stone, which are not present in the image.",false
d597111f88ae34f80fa23fdec6f6b90b28edad5bab3b40340c5fa75d44ac9084,1,,true
d597111f88ae34f80fa23fdec6f6b90b28edad5bab3b40340c5fa75d44ac9084,2,,false
15871c7d9d4dae5aab98b0639a957de55d38c16d559c8295e0f0c36ef40431bc,0,"Answer: 2

The image shows a serene lake surrounded by mountains in the background of the Canadian flag. The other two statements are not grounded in the image.",false
15871c7d9d4dae5aab98b0639a957de55d38c16d559c8295e0f0c36ef40431bc,1,,true
15871c7d9d4dae5aab98b0639a957de55d38c16d559c8295e0f0c36ef40431bc,2,,false
c9f4d52aee146c5c1ee07722b49bec00f7895a72ecbe5086457f5136abab01dc,0,"Answer: 2

The main color of the traditional dress in the image is blue. I can see a blue dress with gold embroidery.

The other two statements are not grounded in the image because the dress is not red or green.",false
c9f4d52aee146c5c1ee07722b49bec00f7895a72ecbe5086457f5136abab01dc,1,,true
c9f4d52aee146c5c1ee07722b49bec00f7895a72ecbe5086457f5136abab01dc,2,,false
f0b6c336575fcb24a5a9686df93a53b3d24e018beff806f419ddbac883a01517,0,"Answer: 1

The image shows an airplane with the text ""OMAN AIR"" clearly visible on its fuselage. The livery and design match those of Oman Air, a well-known airline from Oman. The other two statements are not grounded in the image as they do not match the airline represented in the image.",true
f0b6c336575fcb24a5a9686df93a53b3d24e018beff806f419ddbac883a01517,1,,false
f0b6c336575fcb24a5a9686df93a53b3d24e018beff806f419ddbac883a01517,2,,false
1313b8eab411543044b44b2e330ff5b2c9db348468047bc457b4d109644562f5,0,"Answer: 2

The individuals in the image are wearing traditional Balinese attire and headpieces, which are commonly associated with traditional dance performances in Bali. The setting by the poolside and their relaxed posture do not suggest preparation for a religious pilgrimage or a casual poolside gathering.",false
1313b8eab411543044b44b2e330ff5b2c9db348468047bc457b4d109644562f5,1,,true
1313b8eab411543044b44b2e330ff5b2c9db348468047bc457b4d109644562f5,2,,false
aa563c2700e58fe7291af169390fb5a0e4ee23fd093a692e994d949d5e887328,0,"Answer: 1

The athletes on the podium are prominently displaying the flag of Bahrain. The flag is red with a white crescent and a black trident in the center, which is clearly visible in the image.

The other two statements are not grounded in the image. The flag of Oman is not displayed, and the flag of Qatar is not displayed either. The athletes are holding the flag of Bahrain, not the flags of Oman or Qatar.",true
aa563c2700e58fe7291af169390fb5a0e4ee23fd093a692e994d949d5e887328,1,,false
aa563c2700e58fe7291af169390fb5a0e4ee23fd093a692e994d949d5e887328,2,,false
2091623ee84e8a7eb347ea59d71884121b6dce29d94c50994296aa828060aa48,0,"Answer: 2

The primary architectural feature visible in the image is a modern high school building. The image shows a building with the name ""Muriel Williams Battle High School"" prominently displayed on it, indicating that it is indeed a high school building. The other statements are not grounded in the image as there is no glass dome structure or historical monument visible.",false
2091623ee84e8a7eb347ea59d71884121b6dce29d94c50994296aa828060aa48,1,,true
2091623ee84e8a7eb347ea59d71884121b6dce29d94c50994296aa828060aa48,2,,false
271907de2d807f9111bdbe4b8798a49da9756c4a360bdb58ce8abe4bf70dfa8c,0,"Answer: 3

People are taking photos of the sea turtle because they are documenting a rare sighting of a sea turtle.

In the image, we can see people taking photos of a sea turtle in a natural setting, which suggests that they are documenting a rare sighting. The other two statements are not supported by the image: there is no indication that the people are researching the turtle's habitat or preparing the turtle for relocation.",false
271907de2d807f9111bdbe4b8798a49da9756c4a360bdb58ce8abe4bf70dfa8c,1,,false
271907de2d807f9111bdbe4b8798a49da9756c4a360bdb58ce8abe4bf70dfa8c,2,,true
651d53b9c746a06872cf8305d7f7db62a9256f8c392520ef2588af892955c145,0,"Answer: 3

The image shows a collection of old books with worn covers and pages, suggesting they have been used frequently. This indicates that the books are likely used for casual reading and entertainment rather than scientific research or religious study. The worn condition implies they have been read multiple times, which is more consistent with casual reading and entertainment purposes. The other statements are not supported by the visual evidence in the image.",false
651d53b9c746a06872cf8305d7f7db62a9256f8c392520ef2588af892955c145,1,,false
651d53b9c746a06872cf8305d7f7db62a9256f8c392520ef2588af892955c145,2,,true
0dffdb6536b7ab3e20898d78ad5c33dc1e8442f0f0b5c26cf283e4483dbee61e,0,"Answer: 1

The facility shown in the image is likely a medical treatment facility. The woman is seated in a green chair with a blood pressure cuff on her arm, connected to a blood pressure monitor. There is also another person in the background who appears to be receiving medical treatment. The environment looks like a clinical setting, which is typical for medical treatment facilities. The other two statements are not grounded in the image as there are no recreational or classroom elements visible.",true
0dffdb6536b7ab3e20898d78ad5c33dc1e8442f0f0b5c26cf283e4483dbee61e,1,,false
0dffdb6536b7ab3e20898d78ad5c33dc1e8442f0f0b5c26cf283e4483dbee61e,2,,false
c3bf14f1fb01ec91bb6ced6b377dc55940c1cac3caa2d70acef68788b2285f62,0,"Answer: 1

The image shows a coin with Arabic script and the denomination ""1 درام."" A numismatist would be responsible for studying and authenticating this type of coin, as numismatists specialize in the study of coins and their history.

A cartographer would not be responsible for studying and authenticating this type of coin, as cartographers are experts in creating maps and geographic representations.

A linguist would not be responsible for studying and authenticating this type of coin, as linguists study languages and their structure, rather than physical objects like coins.",true
c3bf14f1fb01ec91bb6ced6b377dc55940c1cac3caa2d70acef68788b2285f62,1,,false
c3bf14f1fb01ec91bb6ced6b377dc55940c1cac3caa2d70acef68788b2285f62,2,,false
c07f9e90a3144f7c18df49b37dc8202f4a0b984e97edca6e5358fde151ca96ed,0,"Answer: 1

The man in the image is wearing traditional South Asian attire, which includes a turban and a sherwani with intricate embroidery. This style is commonly worn in South Asia, particularly in countries like India and Pakistan. The clothing is characterized by its elaborate designs and vibrant colors, which are typical of South Asian fashion.

The other two statements are not grounded in the image. Northern Europe and East Africa have distinct traditional clothing styles that do not match the attire seen in the image. Northern European clothing often includes garments like kilts, dirndls, and lederhosen, while East African traditional clothing typically features garments like the kanga and the dashiki.",true
c07f9e90a3144f7c18df49b37dc8202f4a0b984e97edca6e5358fde151ca96ed,1,,false
c07f9e90a3144f7c18df49b37dc8202f4a0b984e97edca6e5358fde151ca96ed,2,,false
b10b0c5e8478d9a278699d00bc5b9b97f955e2ba9d794c03b8d313104be1663f,0,"Answer: 1

The architectural features and terracotta pots in the image are most likely representative of the Middle East.

The image shows a courtyard with arches and terracotta pots, which are common features in Middle Eastern architecture. The style of the arches and the design of the pots are typical of the region. The other statements are not grounded in the image because the architectural features and terracotta pots do not resemble those found in South America or Scandinavia.",true
b10b0c5e8478d9a278699d00bc5b9b97f955e2ba9d794c03b8d313104be1663f,1,,false
b10b0c5e8478d9a278699d00bc5b9b97f955e2ba9d794c03b8d313104be1663f,2,,false
8f811e9841e8ea7e2975849f45f870c756596a495102e30f659972eba2c883ec,0,"Answer: 2

The image shows seating pods with privacy panels and comfortable seating, indicating that the primary purpose is to provide privacy and comfort for travelers. The other statements are not supported by what is visible in the image.",false
8f811e9841e8ea7e2975849f45f870c756596a495102e30f659972eba2c883ec,1,,true
8f811e9841e8ea7e2975849f45f870c756596a495102e30f659972eba2c883ec,2,,false
e467bf0e9c964b55198e3da52b0c8ff7c40cda79c57fcc580cefd22716bdd69c,0,"Answer: 3

The image shows ancient stone ruins in a dry, arid environment with clear skies and sparse vegetation, indicative of a desert region. The ruins are made of stone and are in a state of decay, which is typical of structures found in desert areas due to the harsh climate and lack of moisture.

Statement 1 is False because the ruins are not in a tropical rainforest, which is typically characterized by dense vegetation and high humidity.

Statement 2 is False because the ruins are not in an urban city center, which would have modern buildings and infrastructure.

Statement 3 is True because the ruins are in a desert region, characterized by dry, arid conditions and sparse vegetation.",false
e467bf0e9c964b55198e3da52b0c8ff7c40cda79c57fcc580cefd22716bdd69c,1,,false
e467bf0e9c964b55198e3da52b0c8ff7c40cda79c57fcc580cefd22716bdd69c,2,,true
df32536a386778b3f719be2d6cb7a321d1628b6fa7ca4e2b4d5bb5db8299836c,0,"Answer: 3

The image shows terracotta pots, which are commonly used to store water and grains in the Arab world. The pots are large and have a design that suggests they are meant for holding liquids or grains, which is typical for terracotta pots in this region. The other statements about storing jewelry, clothing, and books are not supported by the image.",false
df32536a386778b3f719be2d6cb7a321d1628b6fa7ca4e2b4d5bb5db8299836c,1,,false
df32536a386778b3f719be2d6cb7a321d1628b6fa7ca4e2b4d5bb5db8299836c,2,,true
0cd63bcb00b8bb70a566c04cb7568fa27c19bf70d17e3790e13c9b4bd9e2a500,0,"Answer: 1

The fortress in the image is constructed primarily from mud or stone, as evidenced by the visible texture and color of the materials used. The walls and structures appear to be made from these materials, which are common in desert constructions for their availability and durability in arid environments. The other statements are not supported by the visual evidence in the image.",true
0cd63bcb00b8bb70a566c04cb7568fa27c19bf70d17e3790e13c9b4bd9e2a500,1,,false
0cd63bcb00b8bb70a566c04cb7568fa27c19bf70d17e3790e13c9b4bd9e2a500,2,,false
e1961f4c6e6dc1cb0dbf374737f16f9742b41afdcad778eb9e987b89cfa1d7c4,0,"Answer: 1

The woven basket in the image is most likely made of natural fibers. The texture and appearance of the basket suggest it is made from materials like straw, palm leaves, or other natural fibers, which are commonly used in traditional weaving techniques.

The other two statements are not grounded in the image. The basket does not appear to be made of metal or plastic, as these materials would have a different texture and appearance. The visible weaving pattern and the natural coloration of the fibers are indicative of a natural material, not metal or plastic.",true
e1961f4c6e6dc1cb0dbf374737f16f9742b41afdcad778eb9e987b89cfa1d7c4,1,,false
e1961f4c6e6dc1cb0dbf374737f16f9742b41afdcad778eb9e987b89cfa1d7c4,2,,false
8307dff2be6a333f6bed2ffad42585e5803f8f00004919e3ccc1d479794ac7d3,0,"Answer: 3

The building shown in the image prominently features arched doorways.

The statement about arched doorways is grounded because the image clearly shows several arched doorways on the building. The other statements are not grounded because there are no slanted roofs or domes visible in the image.",false
8307dff2be6a333f6bed2ffad42585e5803f8f00004919e3ccc1d479794ac7d3,1,,false
8307dff2be6a333f6bed2ffad42585e5803f8f00004919e3ccc1d479794ac7d3,2,,true
4303f9dc22cbd4d29ac1e39e469b96f907f01132cdfe19d61a05bfc1100c0232,0,"Answer: 2

The building is primarily made of stone and mud. The walls and structure appear to be made from these materials, as evidenced by the rough, uneven texture and the visible layers of earth and stone.

Statement 1 is not grounded because there is no visible concrete or steel in the image. The materials visible are more organic and earthy, not industrial or metallic.

Statement 3 is not grounded because there is no visible wood or bricks in the image. The materials present are more consistent with stone and mud, not wood or bricks.",false
4303f9dc22cbd4d29ac1e39e469b96f907f01132cdfe19d61a05bfc1100c0232,1,,true
4303f9dc22cbd4d29ac1e39e469b96f907f01132cdfe19d61a05bfc1100c0232,2,,false
2e817ed5ccc4785dc4a3a7da426d5ab26d9067d72117c237efca06a6f524a2ab,0,"Answer: 1

The image shows two men shaking hands in front of flags, which are typically present in diplomatic settings. The presence of formal attire and the flags further supports this interpretation. The other two statements are not supported by the visual elements in the image.",true
2e817ed5ccc4785dc4a3a7da426d5ab26d9067d72117c237efca06a6f524a2ab,1,,false
2e817ed5ccc4785dc4a3a7da426d5ab26d9067d72117c237efca06a6f524a2ab,2,,false
da2514d67cfd89f8008d79092b00f89b8bc6d9278556761fd9e40bd9ad2f4e57,0,"Answer: 1

The person in the image is wearing a dress with intricate embroidery and cultural patterns, which is evident from the detailed and ornate design of the dress. The dress is not a modern evening gown with metallic accents, nor is it a business suit with minimal decoration. The dress clearly features traditional cultural patterns, making Statement 1 true and the other two false.",true
da2514d67cfd89f8008d79092b00f89b8bc6d9278556761fd9e40bd9ad2f4e57,1,,false
da2514d67cfd89f8008d79092b00f89b8bc6d9278556761fd9e40bd9ad2f4e57,2,,false
47be8b58f25f76e00d3ec008680bcb2cd815608114d170f65c421e423e083478,0,"Answer: 3

The primary purpose of the crenellations seen on the walls of the fort is defense against attacks. The crenellations are clearly visible on the top of the fort walls, which are designed to provide cover for defenders while allowing them to fire upon attackers. The other two statements are not supported by the image, as there is no indication that the crenellations are for decoration or ventilation.",false
47be8b58f25f76e00d3ec008680bcb2cd815608114d170f65c421e423e083478,1,,false
47be8b58f25f76e00d3ec008680bcb2cd815608114d170f65c421e423e083478,2,,true
9f9ffdf4de8b9316c6cc2a083e20013b35f1926d28cc5977a02713ff1f25a746,0,"Answer: 2

The image shows a person wearing traditional Islamic attire, including a hijab and an abaya, standing in a dimly lit room with ornate columns and stained glass windows. The presence of these architectural elements and the attire strongly suggest that the setting is a mosque or a place of worship, not a museum or a library.

The stained glass windows and the architectural style are typical of Islamic places of worship, which often feature intricate designs and large windows to allow natural light to enter. The person's attire, which includes a hijab and an abaya, is also commonly worn by Muslim women in religious settings.

In contrast, museums and libraries typically have different architectural styles and do not usually feature the specific elements seen in the image, such as the stained glass windows and the ornate columns. Therefore, the image is most likely set in a church, making Statement 2 the true statement.",false
9f9ffdf4de8b9316c6cc2a083e20013b35f1926d28cc5977a02713ff1f25a746,1,,true
9f9ffdf4de8b9316c6cc2a083e20013b35f1926d28cc5977a02713ff1f25a746,2,,false
b9cf06abcb106a8ad8d31e454df899218a6c014ce018d888e74b5a084dd7fe4a,0,"Answer: 1

The image shows individuals using omnidirectional treadmills while wearing VR headsets, indicating that the primary purpose is to allow free movement in virtual reality games. The other two statements are not supported by the image.",true
b9cf06abcb106a8ad8d31e454df899218a6c014ce018d888e74b5a084dd7fe4a,1,,false
b9cf06abcb106a8ad8d31e454df899218a6c014ce018d888e74b5a084dd7fe4a,2,,false
eb95bcfb2c949a836960baeeeb68d5aee8716f679217cb4a4c83707a45f860d5,0,"Answer: 2

The individuals are raising rifles in this image as part of a protest or demonstration.

In the image, the individuals are holding rifles and a flag, which are common symbols of protest or demonstration. The serious expressions and the raised rifles suggest a display of solidarity or resistance, which is typical in such contexts. The presence of a flag further supports the idea of a protest or demonstration, as flags are often used to represent a cause or group.

The other statements are not grounded in the image:
- Statement 1: There is no indication that this is a cultural event. The context and the raised rifles suggest a more serious or political demonstration rather than a celebration.
- Statement 3: There is no indication that this is related to a sports competition. The setting and the raised rifles do not align with the typical context of a sports event.",false
eb95bcfb2c949a836960baeeeb68d5aee8716f679217cb4a4c83707a45f860d5,1,,true
eb95bcfb2c949a836960baeeeb68d5aee8716f679217cb4a4c83707a45f860d5,2,,false
a5ffe93c0ff6398bb717cb1aca18c1e1337876b2789956c80aae3c65d10195ba,0,"Answer: 1

The jug depicted in the image has a metallic appearance with a reddish-brown color, which is characteristic of copper or brass. The surface has a lustrous sheen, and the handle and spout are consistent with the material's typical properties. The intricate engravings and the overall design suggest that the material is durable and malleable, which are also characteristics of copper or brass. The other materials mentioned in the statements, such as silver and ceramic, do not match the visual characteristics of the jug in the image.",true
a5ffe93c0ff6398bb717cb1aca18c1e1337876b2789956c80aae3c65d10195ba,1,,false
a5ffe93c0ff6398bb717cb1aca18c1e1337876b2789956c80aae3c65d10195ba,2,,false
122f752d2ca69550fdfa946dab718ed61564539839850c44a57b25dfcdb1ec89,0,"Answer: 1

The image shows a lounge area with a large, comfortable sofa, pillows, and a fireplace, which is typical of a relaxation lounge in a spa or wellness center. There are no business conference room or formal dining area elements visible.

Statement 1: The primary function of this interior space is a relaxation lounge, likely in a spa or wellness center. True.
Statement 2: The primary function of this interior space is a business conference room. False.
Statement 3: The primary function of this interior space is a formal dining area in a restaurant. False.",true
122f752d2ca69550fdfa946dab718ed61564539839850c44a57b25dfcdb1ec89,1,,false
122f752d2ca69550fdfa946dab718ed61564539839850c44a57b25dfcdb1ec89,2,,false
f2eb95c464ed84f0c64c2e9f3c5f13b1a5fdb094c2c87b619840fc9a62b9560e,0,"Answer: 3

The image shows a blue boat on a beach with a mountainous landscape in the background. The boat appears to be a small fishing boat, commonly used by fishermen. There is no evidence of a mountain guide or construction worker in the image. The blue boat is most closely associated with the use of a fisherman.",false
f2eb95c464ed84f0c64c2e9f3c5f13b1a5fdb094c2c87b619840fc9a62b9560e,1,,false
f2eb95c464ed84f0c64c2e9f3c5f13b1a5fdb094c2c87b619840fc9a62b9560e,2,,true
8dca531dbce3a22a749a7c4946e3f0df308b05db2e9fc2e4a75efd004494abe6,0,"Answer: 1

The building depicted in the image has a sign that reads ""OPERA,"" which indicates that it is an opera house. The presence of ornate sculptures and large windows is typical of opera houses. The flag flying above the building is also a common feature in such establishments.

The other two statements are not supported by the image. There is no indication that the building is a library or a museum.",true
8dca531dbce3a22a749a7c4946e3f0df308b05db2e9fc2e4a75efd004494abe6,1,,false
8dca531dbce3a22a749a7c4946e3f0df308b05db2e9fc2e4a75efd004494abe6,2,,false
2a423bdeb63cd24df92f76889e8bff6236baa1361f8faf42f36753730bdbaf2b,0,"Answer: 1

The person in the image is sitting on the sand, which indicates they are relaxing. The other two statements are not supported by what is seen in the image.",true
2a423bdeb63cd24df92f76889e8bff6236baa1361f8faf42f36753730bdbaf2b,1,,false
2a423bdeb63cd24df92f76889e8bff6236baa1361f8faf42f36753730bdbaf2b,2,,false
9d02a19bbe8cc5a6eeff5147df30509b86f1bac44c333d147ee798090b0d24bd,0,"Answer: 1

The image shows a cocktail glass with a smoke dome on top, which is visually appealing. The other two statements are not supported by what is seen in the image.",true
9d02a19bbe8cc5a6eeff5147df30509b86f1bac44c333d147ee798090b0d24bd,1,,false
9d02a19bbe8cc5a6eeff5147df30509b86f1bac44c333d147ee798090b0d24bd,2,,false
7d2b79d132823b8010464afdc0d8a7db4ea83460a6432f184324b07c8af45ad7,0,"Answer: 2

The environment shown in the image is a desert with sand dunes. This is evident from the image of the sand dunes and the arid, barren landscape.

Statement 1 is false because the image does not show a snowy mountain range; it shows sand dunes.
Statement 3 is false because the image does not show a tropical rainforest; it shows a desert environment.",false
7d2b79d132823b8010464afdc0d8a7db4ea83460a6432f184324b07c8af45ad7,1,,true
7d2b79d132823b8010464afdc0d8a7db4ea83460a6432f184324b07c8af45ad7,2,,false
4f4d81517d7ee2346145f1f9cf07c63be52ebdf94fdf6fcf4565b0932047aaaf,0,"Answer: 3

The text 'NIGHT WIRE' in the background most likely indicates a gaming event or show. The woman is wearing a headset, which is commonly used in gaming and streaming environments. The background has a futuristic and tech-inspired design, which is often associated with gaming events or shows.

Statement 1: The text 'NIGHT WIRE' in the background most likely indicates a news broadcast. This is not grounded because news broadcasts typically have a more formal and less vibrant background design.

Statement 2: The text 'NIGHT WIRE' in the background most likely indicates a music concert. This is not grounded because music concerts usually have a different kind of background design, often featuring band logos, stage lights, or concert-goers.

Statement 3: The text 'NIGHT WIRE' in the background most likely indicates a gaming event or show. This is grounded because the woman is wearing a headset, and the background has a futuristic and tech-inspired design, which is often associated with gaming events or shows.",false
4f4d81517d7ee2346145f1f9cf07c63be52ebdf94fdf6fcf4565b0932047aaaf,1,,false
4f4d81517d7ee2346145f1f9cf07c63be52ebdf94fdf6fcf4565b0932047aaaf,2,,true
f5a08c5aa47d9f9c4cad2956c40d84f9c45390f9305a5199f1e279f1942491fc,0,"Answer: 2

The garment displayed in the image is primarily black. The red and other colors are used for decorative patterns and accents, not as the primary color. The other statements are false because they do not accurately describe the primary color of the garment.",false
f5a08c5aa47d9f9c4cad2956c40d84f9c45390f9305a5199f1e279f1942491fc,1,,true
f5a08c5aa47d9f9c4cad2956c40d84f9c45390f9305a5199f1e279f1942491fc,2,,false
9b2ed3bc636fa4782a9c86fe94b9a69969590bea033b217fa2fe7acefb4806f6,0,"Answer: 1

The Dome of the Rock is prominently visible in the Temple Mount photograph from 1898.

The photograph shows a clear view of the Dome of the Rock, which is a prominent structure in the image. The other two structures mentioned in the statements, the Church of the Holy Sepulchre and the Western Wall, are not visible in the photograph.",true
9b2ed3bc636fa4782a9c86fe94b9a69969590bea033b217fa2fe7acefb4806f6,1,,false
9b2ed3bc636fa4782a9c86fe94b9a69969590bea033b217fa2fe7acefb4806f6,2,,false
6d63fdf22861f4859527657306e13d4eab0222da2563bda142410d564545dc0c,0,"Answer: 2

The building labeled 'QUERCUS' and 'ARP' is an office or corporate building. This is grounded because the building's architecture and the presence of multiple windows and a large sign indicate it is a commercial or corporate structure. The other statements are not grounded because there is no indication that it is a residential apartment complex or a shopping mall.",false
6d63fdf22861f4859527657306e13d4eab0222da2563bda142410d564545dc0c,1,,true
6d63fdf22861f4859527657306e13d4eab0222da2563bda142410d564545dc0c,2,,false
b8513cdf9719b2e6c83aeceaae1d3dc8f37711fd18d2b58731bca64b2684af57,0,"Answer: 3

In the image, I see a medical procedure being performed on a person who is seated on a blue medical bed. The setting appears to be an emergency tent, as indicated by the white tent-like structure in the background. The individuals involved are wearing medical gloves and protective clothing, which is typical for emergency medical settings. The environment does not resemble a pharmacy or a hospital room, as there are no shelves, medical equipment, or typical hospital furnishings visible. The presence of the tent and the makeshift setup suggest an emergency or temporary medical facility, likely an emergency tent.",false
b8513cdf9719b2e6c83aeceaae1d3dc8f37711fd18d2b58731bca64b2684af57,1,,false
b8513cdf9719b2e6c83aeceaae1d3dc8f37711fd18d2b58731bca64b2684af57,2,,true
a0b57786384396d5e4cfb122c657477422616c9e0b1613ee153c87157eef95ad,0,"Answer: 2

The image shows a bar of soap with Arabic text on it. The soap has a red and blue label with text that includes ""Nablus."" This indicates that the soap is from Nablus, a city known for its traditional soap-making. The label does not provide information about the specific type of oil used in the soap, but traditionally, Nablus soap is known for being made using olive oil, which is a key ingredient in its distinctive scent and quality. Therefore, Statement 2 is the correct and grounded statement, while Statements 1 and 3 are not supported by the image.",false
a0b57786384396d5e4cfb122c657477422616c9e0b1613ee153c87157eef95ad,1,,true
a0b57786384396d5e4cfb122c657477422616c9e0b1613ee153c87157eef95ad,2,,false
63c4fa592916c49b082f5c19fa15aaecf6454485d1578086dcbf07cc3926aaaf,0,"Answer: 1

The image shows a variety of cleaning and personal care products, including a bottle labeled ""HiBAR. SOLID SHAMPOO."" This confirms that solid shampoo is visible in the image.

The image does not show any toothpaste or wool dryer balls, which makes the other two statements false.",true
63c4fa592916c49b082f5c19fa15aaecf6454485d1578086dcbf07cc3926aaaf,1,,false
63c4fa592916c49b082f5c19fa15aaecf6454485d1578086dcbf07cc3926aaaf,2,,false
28e2b8ead0d749ff66a2b5a8a3acccbd1348a5eec5a4e4dd202a3fb4540131f4,0,"Answer: 3

The image shows a large ship and a smaller vessel on the water with a bright, low sun on the horizon. The lighting and position of the sun suggest that it is sunset.

The other two statements are not grounded in the image:
- Statement 1: The lighting and position of the sun do not indicate morning.
- Statement 2: The lighting and position of the sun do not indicate afternoon.",false
28e2b8ead0d749ff66a2b5a8a3acccbd1348a5eec5a4e4dd202a3fb4540131f4,1,,false
28e2b8ead0d749ff66a2b5a8a3acccbd1348a5eec5a4e4dd202a3fb4540131f4,2,,true
dccf8d188975ee269b7598ca8317513f23bb669e2fe67d27738c3417db149f8e,0,"Answer: 2

The flag in the background of this image most likely represents Jordan. The flag is characterized by its horizontal tricolor of red, white, and black, which is distinctly visible in the image. The other two statements are not grounded in the image as the flags of United Arab Emirates and Palestine do not match the colors and design seen in the background.",false
dccf8d188975ee269b7598ca8317513f23bb669e2fe67d27738c3417db149f8e,1,,true
dccf8d188975ee269b7598ca8317513f23bb669e2fe67d27738c3417db149f8e,2,,false
e9ad5a1956dc1ec172cea80a02ec1280943e385d5cd8996ac9d44ba13e344a6d,0,"Answer: 3

The image shows a space with multiple gaming setups, including monitors, keyboards, and gaming chairs, which are typical for esports tournaments. The presence of these gaming devices and the setups indicate that the primary purpose of the space is hosting esports tournaments. The other two statements are not supported by the image as there are no office meeting or art exhibition elements visible.",false
e9ad5a1956dc1ec172cea80a02ec1280943e385d5cd8996ac9d44ba13e344a6d,1,,false
e9ad5a1956dc1ec172cea80a02ec1280943e385d5cd8996ac9d44ba13e344a6d,2,,true
b5dfb06be5f689953b1d6eccfd49dc1b96b2854a5fac03c72a08477790430a96,0,"Answer: 1

The image shows a group of students and adults gathered outside a building, waving their hands. The students are wearing school uniforms, and the adults are wearing orange and white vests. The presence of students in school uniforms and the involvement of adults suggests that this is a school-related event. The text ""World Vision South Sudan"" and ""ENOUGH"" further indicate that this is a gathering related to education and awareness, likely organized by a humanitarian organization.

The other two statements are not supported by the visual evidence in the image. There is no indication of a sports event, as no sports equipment or attire is visible. Similarly, there are no signs of a protest or demonstration, as the participants are not holding any signs or engaging in any form of protest-related activity.",true
b5dfb06be5f689953b1d6eccfd49dc1b96b2854a5fac03c72a08477790430a96,1,,false
b5dfb06be5f689953b1d6eccfd49dc1b96b2854a5fac03c72a08477790430a96,2,,false
0a8891aa1329a8c55ebfee1b098f47540f40176e23c855d1fb53aa48162d2457,0,"Answer: 3

The image shows a crowd of people wearing red caps and uniforms, gathered in what appears to be a public square near a historical stone building. There are flags and banners, and the atmosphere seems festive. The presence of a Christmas tree in the background suggests that a Christmas celebration near a religious site is likely taking place.

Statement 1: A political rally is likely taking place in this image.
- This statement is not grounded in the image. There is no clear indication of political banners or signs, and the crowd seems more festive than political.

Statement 2: A military parade is likely taking place in this image.
- This statement is not grounded in the image. The crowd is dressed in civilian clothing rather than military uniforms, and there are no visible military vehicles or equipment.

Statement 3: A Christmas celebration near a religious site is likely taking place in this image.
- This statement is grounded in the image. The presence of a Christmas tree and the festive atmosphere, along with the historical stone building that could be a religious site, support this statement.",false
0a8891aa1329a8c55ebfee1b098f47540f40176e23c855d1fb53aa48162d2457,1,,false
0a8891aa1329a8c55ebfee1b098f47540f40176e23c855d1fb53aa48162d2457,2,,true
e7ddde6c7e4d5f85cc5b667bdf5cdd07e9f422ad16a7059fe17a12357d705f7e,0,"Answer: 1

The Star of David on the Israeli flag is visible in the image, representing Judaism and Jewish identity. The other two statements are not supported by the image.",true
e7ddde6c7e4d5f85cc5b667bdf5cdd07e9f422ad16a7059fe17a12357d705f7e,1,,false
e7ddde6c7e4d5f85cc5b667bdf5cdd07e9f422ad16a7059fe17a12357d705f7e,2,,false
5cd6b2cb0c17580da11f38f22447f4f0841ddc06773b69478e68ed08a000908a,0,"Answer: 2

The gradient colors of the sunset sky contribute most to the ambiance of this outdoor dining setting. The sky is filled with beautiful hues of purple and pink, creating a serene and romantic atmosphere. The tall city buildings and sports equipment are not visible in the image, making the other statements false.",false
5cd6b2cb0c17580da11f38f22447f4f0841ddc06773b69478e68ed08a000908a,1,,true
5cd6b2cb0c17580da11f38f22447f4f0841ddc06773b69478e68ed08a000908a,2,,false
09fe2909fd5f095ae05fdabd1939beead6ffa8db51157f07e5e9eb37ca4d0fa1,0,"Answer: 2

The mural in the background of the image features an abstract and colorful design. The mural is vibrant and colorful, with various abstract shapes and patterns, which makes Statement 2 true. The other statements are not grounded in the image as there is no historical painting or minimalist geometric shapes visible in the mural.",false
09fe2909fd5f095ae05fdabd1939beead6ffa8db51157f07e5e9eb37ca4d0fa1,1,,true
09fe2909fd5f095ae05fdabd1939beead6ffa8db51157f07e5e9eb37ca4d0fa1,2,,false
4af9a07aff7759bb3bc0ff9ce1eb613b95c1c1a354487622c731ecd4c174eae4,0,"Answer: 1

The crucifix is most likely constructed from wood and metal. The cross appears to be made of wood, and the figure of Jesus is made of metal. The other two statements are not grounded in the image as there is no evidence of plastic and glass, or stone and ceramic materials in the crucifix.",true
4af9a07aff7759bb3bc0ff9ce1eb613b95c1c1a354487622c731ecd4c174eae4,1,,false
4af9a07aff7759bb3bc0ff9ce1eb613b95c1c1a354487622c731ecd4c174eae4,2,,false
34e68cb39b33220621fc39a8dbaaae0150262b02de045dab8516c34908a61005,0,"Answer: 1

The scene is likely located in a Middle Eastern city. The image shows a mosque with a minaret, which is a common architectural feature in Middle Eastern cities. The presence of Arabic script on the building and the general architectural style also support this conclusion. The other two statements are not grounded in the image as there are no features or elements that suggest a European or South American location.",true
34e68cb39b33220621fc39a8dbaaae0150262b02de045dab8516c34908a61005,1,,false
34e68cb39b33220621fc39a8dbaaae0150262b02de045dab8516c34908a61005,2,,false
3dc6730a21a436da006081244906771f6a7e58e471fde3349a88ea07150c0ece,0,"Answer: 1

The image shows a group of people performing a dance that appears to be Arabic in nature, as indicated by the attire and the style of the dance. The text overlay also mentions ""Arabic Dance,"" which supports this observation. The other two statements are not supported by the visual content of the image.",true
3dc6730a21a436da006081244906771f6a7e58e471fde3349a88ea07150c0ece,1,,false
3dc6730a21a436da006081244906771f6a7e58e471fde3349a88ea07150c0ece,2,,false
7b1c3cfcfb14efc917cb493837052fa06b1297a72a8c1c5220eae5df73312d01,0,"Answer: 1

The bouquet held by the person includes orange roses and white flowers.

The bouquet held by the person includes orange roses and white flowers, which can be seen in the image. The other statements are not grounded in the image as there are no pink carnations, lavender, red tulips, or yellow daisies visible.",true
7b1c3cfcfb14efc917cb493837052fa06b1297a72a8c1c5220eae5df73312d01,1,,false
7b1c3cfcfb14efc917cb493837052fa06b1297a72a8c1c5220eae5df73312d01,2,,false
9bc56a33ed0006f7034a9b56be06e58ac8c8ee214611268364fdd10ed7bacd11,0,"Answer: 3

The building with the 'Old City Pharmacy' sign is likely a pharmacy. This is grounded by the clear signage that explicitly states ""Old City Pharmacy."" The other two statements are not grounded by the image as there is no indication that the building is a restaurant or a residential building.",false
9bc56a33ed0006f7034a9b56be06e58ac8c8ee214611268364fdd10ed7bacd11,1,,false
9bc56a33ed0006f7034a9b56be06e58ac8c8ee214611268364fdd10ed7bacd11,2,,true
d420ebb7925086882bc394b4763871b0039ef1db091adb2e14028b50b1dbc364,0,"Answer: 1

Stone walls and domes can be observed in the image. The structures in the image are made of stone and have domes, which are characteristic features of the Cave of the Patriarchs.

Statement 2 is false because there are no glass panels or steel beams visible in the image.

Statement 3 is false because there are no wooden structures or thatched roofs visible in the image.",true
d420ebb7925086882bc394b4763871b0039ef1db091adb2e14028b50b1dbc364,1,,false
d420ebb7925086882bc394b4763871b0039ef1db091adb2e14028b50b1dbc364,2,,false
bb2bf3a692d94989c4072f90246e5d9c6bf5f44c8d7f6d3adb869eccaca99b03,0,"Answer: 2

The primary purpose of the screened porch visible in the cabin is to provide an outdoor space free from insects. The porch is enclosed with screens, which are typically used to keep insects out while still allowing for an outdoor experience.

The other statements are not grounded in the image:
- Statement 1: The primary purpose of the screened porch is not to act as a decorative feature, but rather to provide an outdoor space free from insects.
- Statement 3: The primary purpose of the screened porch is not to serve as storage for tools, as there is no visible storage or tools in the image.",false
bb2bf3a692d94989c4072f90246e5d9c6bf5f44c8d7f6d3adb869eccaca99b03,1,,true
bb2bf3a692d94989c4072f90246e5d9c6bf5f44c8d7f6d3adb869eccaca99b03,2,,false
f6934f8de9cb64ff3639e46e8b44b2549754aa674b5671d74f6ddd70e724284f,0,"Answer: 1

The image shows a variety of food items, including what appears to be falafel, tabbouleh, and possibly hummus, which are common in Middle Eastern cuisine. The presence of these specific dishes makes Statement 1 true. The other two statements are not grounded in the image as the food items shown do not align with Italian or Mexican cuisine.",true
f6934f8de9cb64ff3639e46e8b44b2549754aa674b5671d74f6ddd70e724284f,1,,false
f6934f8de9cb64ff3639e46e8b44b2549754aa674b5671d74f6ddd70e724284f,2,,false
36746a766496ac85da822d8954982f261c1efc97bb1d8ec26e723a0b864324dc,0,"Answer: 3

The stacked stones seen in the rocky formation are part of an ancient dwelling or structure. The other two statements are not supported by the image.

In the image, we see a group of people exploring a rocky formation with stacked stones. The stones are part of a structure that appears to be ancient, possibly a dwelling or a part of an ancient settlement. The formation and the way the stones are stacked suggest that they are not naturally formed by erosion and are not a modern art installation. The presence of the people and their exploration further indicate that this is a site of historical or archaeological interest.",false
36746a766496ac85da822d8954982f261c1efc97bb1d8ec26e723a0b864324dc,1,,false
36746a766496ac85da822d8954982f261c1efc97bb1d8ec26e723a0b864324dc,2,,true
75137521cfa7da02e3c1fbe6781272109c71c2a8b9395aa58094fa8e446fe209,0,"Answer: 2

The planter in the image is made of woven natural fibers. The planter appears to be made of a material that looks like woven fibers, which is consistent with the description of being made of woven natural fibers. The other statements are not grounded in the image as the planter does not appear to be made of metal or plastic.",false
75137521cfa7da02e3c1fbe6781272109c71c2a8b9395aa58094fa8e446fe209,1,,true
75137521cfa7da02e3c1fbe6781272109c71c2a8b9395aa58094fa8e446fe209,2,,false
3329d973bbe7104e2f633eece86ffd1f2c1b7bb05f4355a9f5a6aa9e3176f191,0,"Answer: 2

The handles of the handbag are made from wood. The handles appear to be made of a natural material, likely wood, which is consistent with the image. The other statements are not supported by what is visible in the image.",false
3329d973bbe7104e2f633eece86ffd1f2c1b7bb05f4355a9f5a6aa9e3176f191,1,,true
3329d973bbe7104e2f633eece86ffd1f2c1b7bb05f4355a9f5a6aa9e3176f191,2,,false
d29bbbf0c52ccecc47a37cc07cc4ae855f44ff4c612e609f2670a6cbd5afd9b6,0,"Answer: 2

The manuscript shown in the image is most likely written in Hebrew.

The script in the image is written in a right-to-left direction, which is characteristic of Hebrew. The specific style and form of the letters also match those used in Hebrew manuscripts. The other statements are not grounded in the image because the script does not resemble Greek or Latin, which are typically written in a different direction and have distinct letterforms.",false
d29bbbf0c52ccecc47a37cc07cc4ae855f44ff4c612e609f2670a6cbd5afd9b6,1,,true
d29bbbf0c52ccecc47a37cc07cc4ae855f44ff4c612e609f2670a6cbd5afd9b6,2,,false
14e6efea3eac5ff92178bba9dcd00378ffd780cb0445a1a81df7dbef9e667a26,0,"Answer: 3

The primary type of tree visible in the agricultural landscape of the image is olive trees. The trees are small and have a distinctive shape, which is typical of olive trees. The landscape is also consistent with an olive grove, which is common in Mediterranean regions.

Statement 1 is False because the trees in the image are not palm trees. Palm trees typically have a different shape and are not commonly found in this type of agricultural landscape.

Statement 2 is False because the trees in the image are not pine trees. Pine trees have a different shape and are not typically found in this type of agricultural landscape.",false
14e6efea3eac5ff92178bba9dcd00378ffd780cb0445a1a81df7dbef9e667a26,1,,false
14e6efea3eac5ff92178bba9dcd00378ffd780cb0445a1a81df7dbef9e667a26,2,,true
1335e0592fa2a0a8a3a32a34d205df1a9071db99d9e637734c3732a32d017555,0,"Answer: 1

The fort's location along the coastline was intended to serve as a defensive structure against naval attacks. True or False?

The fort is built along the coastline, which suggests it was strategically placed for defense. The presence of the sea and the fort's robust construction further support this purpose. The other statements are not supported by the image, as there is no indication of the fort being used for storage or as a tourist attraction.",true
1335e0592fa2a0a8a3a32a34d205df1a9071db99d9e637734c3732a32d017555,1,,false
1335e0592fa2a0a8a3a32a34d205df1a9071db99d9e637734c3732a32d017555,2,,false
977cfea717bac9e874cffd295341223d8faae55d66eeefb333ac9c10b621ba23,0,"Answer: 2

The image shows people practicing golf swings on artificial turf mats. There are golf clubs and golf balls visible, indicating that the facility is used for golf practice. The presence of a building and the arrangement of the mats suggest it is a designated area for golf activities. The other statements are not supported by the visual evidence in the image.",false
977cfea717bac9e874cffd295341223d8faae55d66eeefb333ac9c10b621ba23,1,,true
977cfea717bac9e874cffd295341223d8faae55d66eeefb333ac9c10b621ba23,2,,false
06c36a70dc8535a9316c1cb3a26003c141d02cc0a39a26b52089bc33f1416586,0,"Answer: 1

The primary visual feature of the photograph is sand dunes illuminated under a starry sky. The image shows undulating sand dunes under a night sky filled with stars, which is clearly visible. The other two statements are not grounded in the image as they describe features that are not present, such as a cityscape or a dense forest.",true
06c36a70dc8535a9316c1cb3a26003c141d02cc0a39a26b52089bc33f1416586,1,,false
06c36a70dc8535a9316c1cb3a26003c141d02cc0a39a26b52089bc33f1416586,2,,false
5577cc59b56fa5692b2a1e51d2aaee52d73a6550ebfec2d55249a96bb8b3a60b,0,"Answer: 2

The dish shown in the image is Biryani. The rice is mixed with meat and spices, and there are almonds on the side, which are common in Biryani. The other two statements are not grounded in the image. Paella is a Spanish dish, and Risotto is an Italian dish, neither of which match the appearance of the dish in the image.",false
5577cc59b56fa5692b2a1e51d2aaee52d73a6550ebfec2d55249a96bb8b3a60b,1,,true
5577cc59b56fa5692b2a1e51d2aaee52d73a6550ebfec2d55249a96bb8b3a60b,2,,false
e7964d23045b0cd421bcf387c86a8b2b073f553c5492c8fe7ecceff6bd96699e,0,"Answer: 2

The primary function of the red carpet in the mosque is to serve as a prayer area for worshippers. The carpet is laid out in a designated area for worshippers to perform their prayers, which is clearly visible in the image.

Statement 1: The primary function of the red carpet in the mosque is to reduce noise within the mosque. This statement is not grounded in the image. The primary function of the red carpet is not to reduce noise but to provide a designated area for prayer.

Statement 3: The primary function of the red carpet in the mosque is to enhance the visual appeal of the mosque. This statement is not grounded in the image. While the red carpet does enhance the visual appeal, its primary function is to serve as a prayer area, not to enhance the visual appeal of the mosque.",false
e7964d23045b0cd421bcf387c86a8b2b073f553c5492c8fe7ecceff6bd96699e,1,,true
e7964d23045b0cd421bcf387c86a8b2b073f553c5492c8fe7ecceff6bd96699e,2,,false
87541278eafea5178d69886a36f37e2bef5a9613add380dc054040c7ae0b327f,0,"Answer: 3

The large golden thumb sculpture is located in an outdoor plaza surrounded by traditional buildings.

The sculpture is clearly visible in an open outdoor plaza with traditional buildings in the background. The other statements are not supported by the image: there is no indication of a busy street intersection, and the sculpture is not inside a museum setting.",false
87541278eafea5178d69886a36f37e2bef5a9613add380dc054040c7ae0b327f,1,,false
87541278eafea5178d69886a36f37e2bef5a9613add380dc054040c7ae0b327f,2,,true
58923b56fdd28e58025099068541a8b59b4846ea58bde6b95db925f41fceaa07,0,"Answer: 1

The primary activity taking place in this scene is outdoor dining. I see tables and chairs arranged for people to sit and dine, with people seated and engaged in conversation. The presence of umbrellas and lighting suggests a setup for an outdoor dining experience. The other activities mentioned in the statements are not visible in the image.",true
58923b56fdd28e58025099068541a8b59b4846ea58bde6b95db925f41fceaa07,1,,false
58923b56fdd28e58025099068541a8b59b4846ea58bde6b95db925f41fceaa07,2,,false
45b58277ea3e68d85193c0816f5cb484dd20e3896e86a7c43cb0a8d2c75e1682,0,"Answer: 3

The circular platform visible in the image is a helicopter landing pad. The platform is clearly marked with a distinct circular design and is located in a prominent position, which is typical for a helicopter landing pad. The other two statements are not supported by the visual evidence in the image. There is no visible restaurant or swimming pool on the circular platform.",false
45b58277ea3e68d85193c0816f5cb484dd20e3896e86a7c43cb0a8d2c75e1682,1,,false
45b58277ea3e68d85193c0816f5cb484dd20e3896e86a7c43cb0a8d2c75e1682,2,,true
cda242553d0ba9f1813b5d1a7e3810d8d0134e4784a4da3d240c426235d9e2d6,0,"Answer: 2

The dhow boat in this image is made entirely of wood and showcases traditional craftsmanship. The boat has a wooden structure and appears to be a traditional design, which is evident from its wooden construction and traditional features.

Statement 1 is False because there is no evidence of advanced engines or modern technologies visible in the image. The boat appears to be a traditional dhow, which typically relies on wind power rather than modern engines.

Statement 3 is False because there is no indication that the boat is designed for high-speed racing. The design and structure of the boat suggest it is more suited for leisurely cruising or traditional sailing rather than competitive racing.",false
cda242553d0ba9f1813b5d1a7e3810d8d0134e4784a4da3d240c426235d9e2d6,1,,true
cda242553d0ba9f1813b5d1a7e3810d8d0134e4784a4da3d240c426235d9e2d6,2,,false
3d398b623d455f0195413a2b961cd229ca06709d31239ac9ed7f4fd4991eef62,0,"Answer: 1

The colorful building facades are most likely intended to enhance aesthetic appeal.

The colorful building facades are visually striking and add vibrancy to the structure, which is a common design choice to enhance aesthetic appeal. The other two statements are not supported by the image: there is no indication that the facades are intended to reduce heat absorption or provide structural support.",true
3d398b623d455f0195413a2b961cd229ca06709d31239ac9ed7f4fd4991eef62,1,,false
3d398b623d455f0195413a2b961cd229ca06709d31239ac9ed7f4fd4991eef62,2,,false
7db71561f1dbb62ed2cf6bfaf1d41c49368ef795eebf4f10ce062430b7b9f895,0,"Answer: 3

The primary activity shown in the image is a traditional dhow sailing race. The dhow boats are equipped with large sails and are sailing in a formation, which is typical of a sailing race. The presence of multiple boats and the organized formation suggest a competitive event rather than a leisure activity or a fishing expedition.

Statement 1: The primary activity shown in the image is a fishing expedition. False. There are no visible fishing gear or activities, and the boats are not focused on fishing.

Statement 2: The primary activity shown in the image is a leisure boat ride. False. The boats are not leisurely cruising; they are sailing in a competitive formation, indicating a race.",false
7db71561f1dbb62ed2cf6bfaf1d41c49368ef795eebf4f10ce062430b7b9f895,1,,false
7db71561f1dbb62ed2cf6bfaf1d41c49368ef795eebf4f10ce062430b7b9f895,2,,true
504f1d7203d2b9358ea756410c3aa40b37fa86b10114e337eff7519ed7e80dd9,0,"Answer: 3

The primary function of the traditional dhow boat is fishing and trading. The image shows a traditional dhow boat, which is commonly used for fishing and trading in the Arab world. The boat is equipped with multiple masts and sails, which are typical features for navigating the waters and hauling goods.

The other two statements are not grounded in the image:
- Statement 1: The primary function of the traditional dhow boat is military operations. This is not supported by the image, as there are no military elements or activities visible.
- Statement 2: The primary function of the traditional dhow boat is luxury cruises. The image does not show any luxury cruise elements, such as amenities or passengers, and the dhow is not designed for such purposes.",false
504f1d7203d2b9358ea756410c3aa40b37fa86b10114e337eff7519ed7e80dd9,1,,false
504f1d7203d2b9358ea756410c3aa40b37fa86b10114e337eff7519ed7e80dd9,2,,true
5d855e7ffd6a9d99385d14ef078cabd01e2ccccbfc243656bd69b75b841b6be2,0,"Answer: 2

The main activity taking place in the stadium is a sports event. The image shows a large number of people seated in stadium seats, which is typical for a sports event. There are no visible musical instruments or performers, and the crowd does not appear to be gathered for a political rally.",false
5d855e7ffd6a9d99385d14ef078cabd01e2ccccbfc243656bd69b75b841b6be2,1,,true
5d855e7ffd6a9d99385d14ef078cabd01e2ccccbfc243656bd69b75b841b6be2,2,,false
ecd6cc45aff64746aa989788fbc92b63d54c1575232b30a5d15edfc530cccac3,0,"Answer: 3

The primary purpose of the museum exhibit shown in the image is to display ancient scientific instruments.

In the image, we see various ancient scientific instruments displayed on pedestals within a modern museum setting. The exhibits include objects that appear to be tools or instruments from a historical period, which aligns with the statement that the exhibit is showcasing ancient scientific instruments.

The other two statements are not grounded in the image:
- Statement 1: The exhibit does not primarily showcase religious artifacts and scriptures. There are no visible religious artifacts or scriptures in the image.
- Statement 2: The exhibit does not primarily exhibit modern art pieces. The objects displayed are ancient scientific instruments, not modern art pieces.",false
ecd6cc45aff64746aa989788fbc92b63d54c1575232b30a5d15edfc530cccac3,1,,false
ecd6cc45aff64746aa989788fbc92b63d54c1575232b30a5d15edfc530cccac3,2,,true
5b71bbf20182b6d949477f3614318e05e59d56f1cf91eb1808fd47ec3652cc69,0,"Answer: 1

The sculpture featured on the waterfront is a metallic abstract form inspired by Arabic calligraphy. The sculpture is made of metal and has an abstract design that resembles Arabic calligraphy. The other two statements are not grounded in the image as they describe a stone statue and a wooden installation, which are not present in the image.",true
5b71bbf20182b6d949477f3614318e05e59d56f1cf91eb1808fd47ec3652cc69,1,,false
5b71bbf20182b6d949477f3614318e05e59d56f1cf91eb1808fd47ec3652cc69,2,,false
a93ce30da83648067b73e70527ff9dd5ce4565d94ced5b45b23bb69d5c634f92,0,"Answer: 1

The most prominent architectural style in this marketplace scene is traditional Middle Eastern stone architecture. The buildings have a distinct Middle Eastern architectural style with stone facades, arches, and intricate details. The other two statements are not grounded in the image as there is no evidence of Victorian-style or modern glass architecture present.",true
a93ce30da83648067b73e70527ff9dd5ce4565d94ced5b45b23bb69d5c634f92,1,,false
a93ce30da83648067b73e70527ff9dd5ce4565d94ced5b45b23bb69d5c634f92,2,,false
515cec218ca2944d0ea49ebdb05d56dd40fe6212fba0008844465f48fa6bfc28,0,"Answer: 1

The image shows a metallic sculpture with various abstract shapes and forms, which do not resemble Arabic calligraphy, African wood carving, or Japanese origami. The sculpture appears to be made of metal and has a modern, abstract design.",true
515cec218ca2944d0ea49ebdb05d56dd40fe6212fba0008844465f48fa6bfc28,1,,false
515cec218ca2944d0ea49ebdb05d56dd40fe6212fba0008844465f48fa6bfc28,2,,false
734044ecb95d9f104b61e778b785049006a35fcc6a8b6b6991db1708a86467a3,0,"Answer: 2

The image shows a building with interlocking disc shapes and a desert rose-inspired architecture. This is the Guggenheim Museum Bilbao.

The other two statements are not grounded in the image because they refer to different buildings: the Louvre Abu Dhabi and the National Museum of Qatar, which do not match the architecture seen in the image.",false
734044ecb95d9f104b61e778b785049006a35fcc6a8b6b6991db1708a86467a3,1,,true
734044ecb95d9f104b61e778b785049006a35fcc6a8b6b6991db1708a86467a3,2,,false
b21820e5ac32afe5d568380b20010b2d2b041f61cddf119d89d413f1d8978072,0,"Answer: 3

The image shows wall art featuring Spider-Man and Iron Man prominently. The other two statements are not grounded in the image as Batman and Superman, and Thor and Hulk are not visible in the wall art.",false
b21820e5ac32afe5d568380b20010b2d2b041f61cddf119d89d413f1d8978072,1,,false
b21820e5ac32afe5d568380b20010b2d2b041f61cddf119d89d413f1d8978072,2,,true
b4e0d22b37c3aa6cda0e692208b111d25f56e11e4ee59e5d5c4cacdb0fae6f07,0,"Answer: 3

The image depicts a desert with sedimentary rock formations.

The image shows a desert landscape with sedimentary rock formations, which are clearly visible in the foreground. The ground is covered with sand and small rocks, and the rock formations have a distinct layered appearance, typical of sedimentary rocks. The sky is clear and blue, indicating a dry environment, which is characteristic of a desert. The other two statements are not grounded in the image as there are no coastal cliffs or forested mountain ranges depicted.",false
b4e0d22b37c3aa6cda0e692208b111d25f56e11e4ee59e5d5c4cacdb0fae6f07,1,,false
b4e0d22b37c3aa6cda0e692208b111d25f56e11e4ee59e5d5c4cacdb0fae6f07,2,,true
841801281a0fdfbf869099ad2228e592a62349c4bbdf772b6798e40b9c537f05,0,"Answer: 2

The image shows a logo with the letters ""DAZN"" inside a square. There are no depictions of any sport or physical activity in the image. Therefore, the statement that the sport depicted in the image is Boxing is the only one grounded in the image, making it True. The other statements about Mixed Martial Arts and Wrestling are not supported by the image and are therefore False.",false
841801281a0fdfbf869099ad2228e592a62349c4bbdf772b6798e40b9c537f05,1,,true
841801281a0fdfbf869099ad2228e592a62349c4bbdf772b6798e40b9c537f05,2,,false
1ffddf3a6d0845ef11b4770bdcb950f589b04ccf490152e84c0f31bfe3812f29,0,"Answer: 1

The image shows a decorative signboard with Arabic calligraphy, which is commonly used in Islamic architecture to display sacred texts or spiritual messages. The other two statements are not supported by the image.",true
1ffddf3a6d0845ef11b4770bdcb950f589b04ccf490152e84c0f31bfe3812f29,1,,false
1ffddf3a6d0845ef11b4770bdcb950f589b04ccf490152e84c0f31bfe3812f29,2,,false
5552ca02fc9726322cb39361e72325e422411e104673ebb616498f137877c551,0,"Answer: 1

The image shows two ornate lanterns with intricate designs and glowing lights, which are commonly used during Ramadan. These lanterns are not associated with Christmas or Diwali, as they do not have the specific decorations or cultural elements associated with those celebrations.",true
5552ca02fc9726322cb39361e72325e422411e104673ebb616498f137877c551,1,,false
5552ca02fc9726322cb39361e72325e422411e104673ebb616498f137877c551,2,,false
0ce75b901a6c60bda24eb425e876f020dea77ea2a3ec6b7ae80bd9c78a1f2b46,0,"Answer: 2

The building depicted in the image is a historic monastery. The structure has a distinctive architectural style with a large dome and arched windows, which are characteristic of monastic buildings. The presence of a bell tower and the overall design further support this conclusion.

Statement 1 is False because the building does not appear to be a modern museum; it has a historic architectural style.
Statement 3 is False because the building does not resemble a medieval castle; castles typically have more fortified walls and towers, which are not prominent in this image.",false
0ce75b901a6c60bda24eb425e876f020dea77ea2a3ec6b7ae80bd9c78a1f2b46,1,,true
0ce75b901a6c60bda24eb425e876f020dea77ea2a3ec6b7ae80bd9c78a1f2b46,2,,false
9305bb3647a16addd7ebc99c808f2f5cef48af4a48775bc885ca23a4e20060ec,0,"Answer: 2

The wooden podium with microphones in the foreground suggests that the space is used for public speeches or religious sermons. The presence of the podium and microphones indicates a setup for addressing an audience, which is common in public speaking or religious contexts. The other statements are not supported by the visual evidence in the image.",false
9305bb3647a16addd7ebc99c808f2f5cef48af4a48775bc885ca23a4e20060ec,1,,true
9305bb3647a16addd7ebc99c808f2f5cef48af4a48775bc885ca23a4e20060ec,2,,false
d390bce021e187e3ea9a54f24b586673cecd31353c60146dcfa76f363b6ffafd,0,"Answer: 1

The paved pathway in the image shows people jogging and walking, which is evident from the blurred figures of individuals in motion. There are no visible signs of cycling races or fishing competitions taking place. The presence of people in motion along the pathway supports Statement 1 as true.",true
d390bce021e187e3ea9a54f24b586673cecd31353c60146dcfa76f363b6ffafd,1,,false
d390bce021e187e3ea9a54f24b586673cecd31353c60146dcfa76f363b6ffafd,2,,false
f5923b613425908d1762bee076ba7023a7ef76a7c0b25201f779d99208396a75,0,"Answer: 2

The café predominantly features chairs with colorful patterned upholstery for seating. The chairs have vibrant, patterned fabric, which is clearly visible in the image.

Statement 1 is False because there are no metal stools visible in the image. Statement 3 is also False because there are no wooden benches visible in the image.",false
f5923b613425908d1762bee076ba7023a7ef76a7c0b25201f779d99208396a75,1,,true
f5923b613425908d1762bee076ba7023a7ef76a7c0b25201f779d99208396a75,2,,false
6c5aa79d0797a37eb1eb5b175565bc24a787d8f8f11ade429a6858e524abd640,0,"Answer: 1

The image depicts an automated train system. The train is on a track with a platform and a station building in the background. The train appears to be moving along the track, which is characteristic of an automated train system.

Statement 2 is False because there is no cable car system visible in the image. The image shows a train on tracks, not a cable car.

Statement 3 is False because the image does not depict an underground subway. The train is on an elevated track, and there is no indication that it is underground. The station building is also above ground level.",true
6c5aa79d0797a37eb1eb5b175565bc24a787d8f8f11ade429a6858e524abd640,1,,false
6c5aa79d0797a37eb1eb5b175565bc24a787d8f8f11ade429a6858e524abd640,2,,false
f33660d26463e55f45c6ec239ec12520a626eb4dd4edc178a5c5bd2eae104ea8,0,"Answer: 1

A traditional wooden dhow is docked by the shore in the image. The dhow is visible in the foreground, with its distinctive red and white color scheme and traditional design.

The other statements are not grounded in the image. There is no modern yacht or fishing trawler visible in the image. The focus is on the traditional dhow and the modern buildings in the background.",true
f33660d26463e55f45c6ec239ec12520a626eb4dd4edc178a5c5bd2eae104ea8,1,,false
f33660d26463e55f45c6ec239ec12520a626eb4dd4edc178a5c5bd2eae104ea8,2,,false
f56157039ac4ae1f02bcc670974abb2b7c55861388dd63e331d62211362cc645,0,"Answer: 1

The central painting in the gallery is a colorful abstract work featuring stylized human figures and a detailed background.

The central painting is indeed a colorful abstract work with stylized human figures and a detailed background, which makes Statement 1 true. The other statements are false because the painting is not monochrome (Statement 2) and it is not a realistic portrait of a single individual (Statement 3).",true
f56157039ac4ae1f02bcc670974abb2b7c55861388dd63e331d62211362cc645,1,,false
f56157039ac4ae1f02bcc670974abb2b7c55861388dd63e331d62211362cc645,2,,false
7414d2cbe73a8c258ec24483aff81cf2141cbd85c092017e8559d9ec1455e9d5,0,"Answer: 3

The room has exposed beams, concrete floors, and a raw, unfinished look, which are characteristic of an industrial-style setting. The presence of large windows and the use of natural light also contribute to this style. The other two statements are not supported by the visual elements in the image.",false
7414d2cbe73a8c258ec24483aff81cf2141cbd85c092017e8559d9ec1455e9d5,1,,false
7414d2cbe73a8c258ec24483aff81cf2141cbd85c092017e8559d9ec1455e9d5,2,,true
1fca5455a9bc0144853d07fbb9bf91c6bd3bf4dcae9ac3f7d169c1eb3ad5d642,0,"Answer: 3

The image shows a metal railing and a white surface, which are typical features of a boat. The view is of the sea, indicating that the boat is on water.

Statement 1 is False because there are no tracks or wheels visible that would indicate a train.
Statement 2 is False because there are no wings or engines visible that would indicate an airplane.
Statement 3 is True because the metal railing and white surface are characteristic of a boat, and the view of the sea supports this.",false
1fca5455a9bc0144853d07fbb9bf91c6bd3bf4dcae9ac3f7d169c1eb3ad5d642,1,,false
1fca5455a9bc0144853d07fbb9bf91c6bd3bf4dcae9ac3f7d169c1eb3ad5d642,2,,true
da01de58b9eb98475e60bbbcc120520e8007cfc6d48004b913a945d86be19f41,0,"Answer: 2

The primary function of the red carpet is to guide people walking in a procession. The image shows a red carpet laid out for a procession, with people walking on it. The other two statements are not supported by what is seen in the image.",false
da01de58b9eb98475e60bbbcc120520e8007cfc6d48004b913a945d86be19f41,1,,true
da01de58b9eb98475e60bbbcc120520e8007cfc6d48004b913a945d86be19f41,2,,false
12f9128f8ffc520cfe180ed5a8546145805adfb93d0e4610baa75c9fb2f82f70,0,"Answer: 3

In the image, I see camels being used for transportation and carrying goods. The people are interacting with the camels, which are loaded with goods and are being guided by the individuals. This indicates that camels are being used for transportation and carrying goods.

Statement 1 is False because there is no indication in the image that camels are being used for guarding property from intruders. The camels are not positioned defensively or in a way that suggests they are being used for this purpose.

Statement 2 is also False because there is no evidence in the image that camels are being used for racing in organized sports. The camels are not in a racing setup or environment, and there are no racing tracks or other racing-related equipment visible.",false
12f9128f8ffc520cfe180ed5a8546145805adfb93d0e4610baa75c9fb2f82f70,1,,false
12f9128f8ffc520cfe180ed5a8546145805adfb93d0e4610baa75c9fb2f82f70,2,,true
bc41823c33193898b0b0661b0b2c9d8475dd17293e79ef40b1b9d2915c321708,0,"Answer: 1

The image shows a large crowd of people gathered around the Kaaba, which is the focal point of the Hajj pilgrimage. The architecture and the presence of the Kaaba are clear indicators of this event. The other two statements are not supported by the visual evidence in the image.",true
bc41823c33193898b0b0661b0b2c9d8475dd17293e79ef40b1b9d2915c321708,1,,false
bc41823c33193898b0b0661b0b2c9d8475dd17293e79ef40b1b9d2915c321708,2,,false
ef6a7c5b7782e4cca6367aa7dae0f6dc1fb210c9d36f9e1cd94933639a48050b,0,"Answer: 2

The primary purpose of the space shown in the image is to host religious gatherings and prayers. This is evident from the architectural elements such as the large arched ceiling, intricate geometric patterns, and the overall grandeur of the space, which are characteristic of a mosque. The presence of rows of pillars and the absence of any commercial or exhibition elements further support this conclusion.

Statement 1 is False because there are no signs of a marketplace, such as stalls or goods for sale. Statement 3 is also False because there are no art exhibitions or displays visible in the image.",false
ef6a7c5b7782e4cca6367aa7dae0f6dc1fb210c9d36f9e1cd94933639a48050b,1,,true
ef6a7c5b7782e4cca6367aa7dae0f6dc1fb210c9d36f9e1cd94933639a48050b,2,,false
341ba0dbec8b2080e3222ac00c54d32afa3e5f1114fcc0e1348b8b2a71179c3f,0,"Answer: 1

The dish in the image most likely belongs to Indian cuisine. The presence of rice, meat, and a yogurt-based side dish are common in Indian cuisine. The other two statements are not grounded in the image as the food items do not resemble Japanese or Italian cuisine.",true
341ba0dbec8b2080e3222ac00c54d32afa3e5f1114fcc0e1348b8b2a71179c3f,1,,false
341ba0dbec8b2080e3222ac00c54d32afa3e5f1114fcc0e1348b8b2a71179c3f,2,,false
4836a89f12bca1d7053e5ea0408e86e5e6b670eb5ec40e33d6fc678d199f8fbd,0,"Answer: 2

The image shows mud-brick architecture and palm trees, which are typical of the Middle East. The other two statements are not supported by the image.",false
4836a89f12bca1d7053e5ea0408e86e5e6b670eb5ec40e33d6fc678d199f8fbd,1,,true
4836a89f12bca1d7053e5ea0408e86e5e6b670eb5ec40e33d6fc678d199f8fbd,2,,false
22ec4a987fcc96e513e9504376b7739a40dd1cfafd92967bc87629d08abf6803,0,"Answer: 2

The ritual being performed around the Kaaba in this image is Tawaf. The image shows a large crowd of people walking around the Kaaba in a clockwise direction, which is characteristic of the Tawaf ritual. The other statements are not grounded in the image as Salah and Zakat are different Islamic practices that do not involve walking around the Kaaba.",false
22ec4a987fcc96e513e9504376b7739a40dd1cfafd92967bc87629d08abf6803,1,,true
22ec4a987fcc96e513e9504376b7739a40dd1cfafd92967bc87629d08abf6803,2,,false
2206b28c4b0e34d224639b28a8e3a5c28f446eac06e463b0fed095f7b03d6819,0,"Answer: 3

The golden ornament adds cultural significance in the arrangement. The ornament features Arabic calligraphy and traditional designs, which are culturally significant elements.

Statement 1: The golden ornament serves as a lighting element in the arrangement. False. There is no indication that the golden ornament serves as a lighting element.

Statement 2: The golden ornament provides structural support in the arrangement. False. The golden ornament does not appear to provide any structural support; it is simply a decorative element.

Statement 3: The golden ornament adds cultural significance in the arrangement. True. The ornament's Arabic calligraphy and traditional designs indicate cultural significance.",false
2206b28c4b0e34d224639b28a8e3a5c28f446eac06e463b0fed095f7b03d6819,1,,false
2206b28c4b0e34d224639b28a8e3a5c28f446eac06e463b0fed095f7b03d6819,2,,true
4f4f5fdeeea2f66c197138e9e675bfead96977069846e12796bdd5a659a50e73,0,"Answer: 3

The bracelet of the wristwatch is made of stainless steel. The image clearly shows a metallic bracelet, which is typically made of stainless steel in high-quality watches.

Statement 1: The bracelet of the wristwatch is made of leather. This is False because the bracelet is metallic, not leather.

Statement 2: The bracelet of the wristwatch is made of plastic. This is also False because the bracelet is metallic, not plastic.",false
4f4f5fdeeea2f66c197138e9e675bfead96977069846e12796bdd5a659a50e73,1,,false
4f4f5fdeeea2f66c197138e9e675bfead96977069846e12796bdd5a659a50e73,2,,true
9c38cba22aa3b9b9e4d01b28091f5b5daa657aafd70976f5cbe55abf72b938f1,0,"Answer: 2

The image depicts an airport terminal. The presence of escalators, a check-in counter, and a security checkpoint are indicative of an airport setting. The architectural design with a high ceiling and large windows is also typical of modern airport terminals.

Statement 1 is False because there are no train tracks or train-related elements visible in the image. Statement 3 is also False because there are no buses or bus-related elements visible in the image.",false
9c38cba22aa3b9b9e4d01b28091f5b5daa657aafd70976f5cbe55abf72b938f1,1,,true
9c38cba22aa3b9b9e4d01b28091f5b5daa657aafd70976f5cbe55abf72b938f1,2,,false
6d65c38313ad5110ff07dc021203ddcdf877c54d169b2595ffea2ce497f1c9db,0,"Answer: 3

The dish shown in the image is stuffed dates with pistachios. The dates are dark brown and have a glossy appearance, topped with chopped pistachios and green herbs. The other two statements are not grounded in the image as the dish does not resemble chocolate truffles or fruit salad.",false
6d65c38313ad5110ff07dc021203ddcdf877c54d169b2595ffea2ce497f1c9db,1,,false
6d65c38313ad5110ff07dc021203ddcdf877c54d169b2595ffea2ce497f1c9db,2,,true
25183efc69b18c7a1e2e17d60a62784edd12b3b910b5c168d7b271a6f8777c7a,0,"Answer: 3

The site shown in the image is most closely associated with the Hajj pilgrimage. The image depicts a large open area surrounded by buildings, which is characteristic of the Haram Nabawi, a site significant to the Hajj pilgrimage in Islam. The other two statements are not grounded in the image as they do not correspond to the visual elements present.",false
25183efc69b18c7a1e2e17d60a62784edd12b3b910b5c168d7b271a6f8777c7a,1,,false
25183efc69b18c7a1e2e17d60a62784edd12b3b910b5c168d7b271a6f8777c7a,2,,true
aac74723d8ae9f8cf08bc13f9e8e9b315f0504a1ca10a1b6f75c01a7502ebd24,0,"Answer: 2

The atmosphere in the image is best described as an esports championship event. The stage, the large crowd, and the presence of a large screen displaying the event's branding all indicate that this is an esports championship. The audience's excitement and the celebratory gestures of the individuals on stage further support this description.

Statement 1 is False because there is no musical performance or musical instruments visible in the image. The crowd and stage setup are more indicative of an esports event.

Statement 3 is False because there is no formal business attire or conference setup visible in the image. The audience is dressed casually, and the stage is designed for an event rather than a formal conference.",false
aac74723d8ae9f8cf08bc13f9e8e9b315f0504a1ca10a1b6f75c01a7502ebd24,1,,true
aac74723d8ae9f8cf08bc13f9e8e9b315f0504a1ca10a1b6f75c01a7502ebd24,2,,false
76f31011e3230675f33beb2026442f0e94f636bb2b1190410bd6175407571660,0,"Answer: 1

The image shows a variety of fresh produce such as vegetables and fruits being sold at an outdoor market. This indicates that the main purpose of the market is to provide fresh produce to the community.

The other statements are not supported by the image. There is no evidence of a cultural festival or handmade crafts being sold in the image.",true
76f31011e3230675f33beb2026442f0e94f636bb2b1190410bd6175407571660,1,,false
76f31011e3230675f33beb2026442f0e94f636bb2b1190410bd6175407571660,2,,false
387fcb0ab6031124337f598fbd13fd635d4307943f95e2b2be5fff3dc902e917,0,"Answer: 2

The mosque in the image is most likely located near a rocky shoreline.

The mosque is situated on a rocky outcrop, directly adjacent to a body of water, which appears to be a rocky shoreline. The presence of the rocky terrain and the proximity to the water body strongly support this statement.

Statement 1 is False because there is no clear indication of a desert environment in the image. The presence of water and greenery suggests a different type of environment.

Statement 3 is False because there is no visible forested area in the image. The mosque is surrounded by open space and rocky terrain, not dense vegetation or trees.",false
387fcb0ab6031124337f598fbd13fd635d4307943f95e2b2be5fff3dc902e917,1,,true
387fcb0ab6031124337f598fbd13fd635d4307943f95e2b2be5fff3dc902e917,2,,false
9a267c7ae99096c9acb4274c57c78db18d6a51cbb4c3d70db1b03d8edda31f68,0,"Answer: 1

The image shows a stage with performers dressed in traditional attire, and a large screen displaying text. The performers are actively engaged in a dance, which suggests a musical or cultural performance rather than a wedding ceremony or a celebration for Saudi National Day. The stage setup and the presence of a large screen indicate a formal event, likely a concert or cultural show.",true
9a267c7ae99096c9acb4274c57c78db18d6a51cbb4c3d70db1b03d8edda31f68,1,,false
9a267c7ae99096c9acb4274c57c78db18d6a51cbb4c3d70db1b03d8edda31f68,2,,false
75a2c118351401499f159f11ce5c1bbdf5fcfdd0d102310b20b9d0ebadeb2391,0,"Answer: 2

The tent city is located in Mina, Saudi Arabia, and is used for the Hajj pilgrimage.

The image shows a vast array of white tents arranged in a large, organized manner, which is characteristic of the temporary structures erected in Mina during the Hajj pilgrimage. The landscape and the architecture of the tents are consistent with the geographical and cultural context of Saudi Arabia. The presence of the tents and the overall setting strongly suggest that this is the Hajj pilgrimage site in Mina, rather than Dubai, UAE, or Cairo, Egypt.",false
75a2c118351401499f159f11ce5c1bbdf5fcfdd0d102310b20b9d0ebadeb2391,1,,true
75a2c118351401499f159f11ce5c1bbdf5fcfdd0d102310b20b9d0ebadeb2391,2,,false
5d77de1efc2f2eb9aa4c3bd9e6941af1ed864ee6410b31ff1c31a63a468456ed,0,"Answer: 2

The decorative object in the image is most likely made of wood. The object has a natural wood grain pattern and a warm, brown color, which are characteristic of wooden materials. The other statements are not grounded in the image because the object does not appear to be made of plastic or metal.",false
5d77de1efc2f2eb9aa4c3bd9e6941af1ed864ee6410b31ff1c31a63a468456ed,1,,true
5d77de1efc2f2eb9aa4c3bd9e6941af1ed864ee6410b31ff1c31a63a468456ed,2,,false
920aef92030ba7a8e1376eb97b650eaaabd275eec84160cdef2dd09ac5734508,0,"Answer: 1

The mosque depicted in the image is Al-Masjid an-Nabawi in Medina. The mosque has two prominent minarets and a large courtyard with people gathered, which matches the description of Al-Masjid an-Nabawi. The other two statements are not grounded in the image as they describe different mosques with distinct architectural features.",true
920aef92030ba7a8e1376eb97b650eaaabd275eec84160cdef2dd09ac5734508,1,,false
920aef92030ba7a8e1376eb97b650eaaabd275eec84160cdef2dd09ac5734508,2,,false
fd1fbb4b8a6c1b03c6e4750901821a04d462b950bd1616fe3ad86c9137f2f8ed,0,"Answer: 2

The fabric in the image is primarily styled as a tablecloth. The image shows a fabric with a floral design, which is displayed on a mannequin torso, indicating it is meant to be a tablecloth. The fabric is not styled as a skirt or a scarf, as it is shown draped over a mannequin torso, which is a common way to display tablecloths.",false
fd1fbb4b8a6c1b03c6e4750901821a04d462b950bd1616fe3ad86c9137f2f8ed,1,,true
fd1fbb4b8a6c1b03c6e4750901821a04d462b950bd1616fe3ad86c9137f2f8ed,2,,false
fb04c169f4bbdf83350c8ac6cfe3366122f0e2e6430cdfd4f08674e24e461e41,0,"Answer: 3

The gold bracelet in the image features floral designs. The intricate patterns and embellishments resemble floral motifs, which are clearly visible in the image.

Statement 1: The gold bracelet in the image features geometric patterns. This statement is not grounded because the bracelet does not primarily feature geometric patterns; it has more floral and ornamental designs.

Statement 2: The gold bracelet in the image features abstract shapes. This statement is not grounded because the bracelet does not have abstract shapes; it has more traditional and ornate designs, including floral motifs.",false
fb04c169f4bbdf83350c8ac6cfe3366122f0e2e6430cdfd4f08674e24e461e41,1,,false
fb04c169f4bbdf83350c8ac6cfe3366122f0e2e6430cdfd4f08674e24e461e41,2,,true
942d84d386db40745cff838d7d493b0ee8dee6460148abec4bf54a2fce00a17d,0,"Answer: 3

The equipment shown in the image includes various components such as pressure gauges, hoses, and connectors, which are commonly used in radiator pressure testing kits. The presence of these specific items indicates that the kit is designed for testing and maintaining radiator systems, making Statement 3 the true statement.

Statement 1 is false because the equipment does not appear to be related to medical diagnostics. Statement 2 is also false because the components shown do not align with typical plumbing repair tools.",false
942d84d386db40745cff838d7d493b0ee8dee6460148abec4bf54a2fce00a17d,1,,false
942d84d386db40745cff838d7d493b0ee8dee6460148abec4bf54a2fce00a17d,2,,true
cccea5fa9634407807c3e4d32591a2b680025db49e92f1783be16d5891fdd7c0,0,"Answer: 1

The image prominently features stone walls with wooden beams. The walls are made of stone and have wooden beams supporting the roof. The other two statements are not grounded in the image as they describe materials and structures that are not present.",true
cccea5fa9634407807c3e4d32591a2b680025db49e92f1783be16d5891fdd7c0,1,,false
cccea5fa9634407807c3e4d32591a2b680025db49e92f1783be16d5891fdd7c0,2,,false
a52f488750324e73ddc1ecf7ba11cc56427c46bda312d3e3ad9eb1a6387ed141,0,"Answer: 3

The man is wearing traditional Middle Eastern attire, including a keffiyeh and a vest. The background features a rocky, arid landscape, which is characteristic of desert regions in the Middle East. The red carpet and the overall setting further support this context.",false
a52f488750324e73ddc1ecf7ba11cc56427c46bda312d3e3ad9eb1a6387ed141,1,,false
a52f488750324e73ddc1ecf7ba11cc56427c46bda312d3e3ad9eb1a6387ed141,2,,true
4546038c51400534317edba9e80c46d890f1d160b259db81aa95d244ee2eb2c5,0,"Answer: 2

The people are observing a collection of historical swords and photographs in the museum. The image shows a display with swords and photographs, which aligns with this statement.

Statement 1 is False because there are no natural history fossils visible in the image.
Statement 3 is False because there are no modern art paintings visible in the image.",false
4546038c51400534317edba9e80c46d890f1d160b259db81aa95d244ee2eb2c5,1,,true
4546038c51400534317edba9e80c46d890f1d160b259db81aa95d244ee2eb2c5,2,,false
7d086f02e50b795bd9959ef8410cfe219d96f1a781432b14fb49b0e5bab43987,0,"Answer: 2

The outfit in the image prominently features floral design embroidery. The dress has a detailed floral pattern with various flowers and leaves, which is clearly visible.

Statement 1 is False because the outfit does not prominently feature geometric pattern embroidery. The embroidery is floral, not geometric.

Statement 3 is False because the outfit does not prominently feature abstract motif embroidery. The embroidery is floral, not abstract.",false
7d086f02e50b795bd9959ef8410cfe219d96f1a781432b14fb49b0e5bab43987,1,,true
7d086f02e50b795bd9959ef8410cfe219d96f1a781432b14fb49b0e5bab43987,2,,false
38433f2ef250a6689b515dc31e39f992fdeb5d60b575488bfea9612461e5f705,0,"Answer: 1

The dish prominently featured in the image is stuffed bell peppers. The image shows a plate with what appears to be stuffed bell peppers, garnished with lemon slices and parsley. The other two statements are not grounded in the image: the dish is not crispy spring rolls or grilled chicken skewers.",true
38433f2ef250a6689b515dc31e39f992fdeb5d60b575488bfea9612461e5f705,1,,false
38433f2ef250a6689b515dc31e39f992fdeb5d60b575488bfea9612461e5f705,2,,false
91ba16b5ee2facf6086b8f44268ef89a0283d3e5c2fa9706522ac3df6a817290,0,"Answer: 2

The 'Youth X Hub' building prominently features a decorative lattice structure. This is evident from the image, where a lattice structure is clearly visible on the building's exterior.

Statement 1 is False because there is no glass dome visible in the image.
Statement 3 is False because there is no visible rooftop garden in the image.",false
91ba16b5ee2facf6086b8f44268ef89a0283d3e5c2fa9706522ac3df6a817290,1,,true
91ba16b5ee2facf6086b8f44268ef89a0283d3e5c2fa9706522ac3df6a817290,2,,false
8d8752a06a54b4d752df6282643655cae228264545b639e143e0bd837207a20a,0,"Answer: 2

The image shows a market stall with a variety of dried fruits and nuts displayed in large quantities. These items are typically sold in markets because they have a long shelf life and are easy to transport, making them convenient for vendors and consumers alike. The presence of these items in a market setting supports Statement 2.

Statement 1 is incorrect because dried fruits and nuts do not require refrigeration at all times; they can be stored at room temperature for extended periods. Statement 3 is also incorrect because dried fruits and nuts are not exclusively used during special festivals; they are commonly consumed throughout the year.",false
8d8752a06a54b4d752df6282643655cae228264545b639e143e0bd837207a20a,1,,true
8d8752a06a54b4d752df6282643655cae228264545b639e143e0bd837207a20a,2,,false
65982bc2a0553f7635aec12e75c2cc4564bf363d5fb861500125892df2eee95c,0,"Answer: 3

The image shows palm trees and dry vegetation, which suggests a warm and dry climate. The presence of palm trees typically indicates a tropical or subtropical climate, which is characterized by warm temperatures and low precipitation. The dry vegetation further supports this, as it is common in regions with low rainfall and high temperatures.

Statement 1 is false because the presence of palm trees and dry vegetation does not suggest a cold and snowy climate. Snowy climates are characterized by low temperatures and snowfall, which are not indicated by the presence of palm trees.

Statement 2 is also false because while palm trees can grow in tropical and humid climates, the dry vegetation suggests that the area is not consistently humid. Humid climates typically have higher levels of moisture and rainfall, which would not be consistent with the dry vegetation seen in the image.",false
65982bc2a0553f7635aec12e75c2cc4564bf363d5fb861500125892df2eee95c,1,,false
65982bc2a0553f7635aec12e75c2cc4564bf363d5fb861500125892df2eee95c,2,,true
ce5ee8bd5d19df0355145536f7d248ff095c30426fcb7a785dcd09e6e591047c,0,"Answer: 1

The wrestling match is likely set in an outdoor sandy arena. The wrestlers are on a sandy surface, and the background shows an outdoor setting with spectators and a fence, indicating an outdoor environment. The other two statements are not supported by the image: there is no indication of an indoor gymnasium or concrete pavement.",true
ce5ee8bd5d19df0355145536f7d248ff095c30426fcb7a785dcd09e6e591047c,1,,false
ce5ee8bd5d19df0355145536f7d248ff095c30426fcb7a785dcd09e6e591047c,2,,false
9fa0356604435740b33ca6f657dcdc97f25596aa6f1868d6d353a37e573ede62,0,"Answer: 3

The image shows a group of people riding camels in a desert environment. The camels are adorned with colorful blankets and the riders are dressed in traditional attire. The sky is clear and the ground is dry, indicating a typical day in the desert.

Statement 1 is not grounded because there is no indication that this is a ceremonial procession; it appears to be a regular activity.
Statement 2 is not grounded because there is no evidence of a racing competition; the camels are simply moving in a line.
Statement 3 is grounded because the image clearly depicts a scene in the desert with people and camels, which is a regular day in the desert.",false
9fa0356604435740b33ca6f657dcdc97f25596aa6f1868d6d353a37e573ede62,1,,false
9fa0356604435740b33ca6f657dcdc97f25596aa6f1868d6d353a37e573ede62,2,,true
ec047ea17a31f8211da18782a6ac4405763eba5c693308ed8d44b6e47565ddfd,0,"Answer: 3

The primary focus of the gathering in the square is displaying a Palestinian flag. The large flag with the green, black, and red colors is prominently visible in the center of the square, indicating that the gathering is centered around this symbol.

The other two statements are not supported by the image. There is no evidence of transportation issues being protested, and there are no cultural festival elements visible in the scene.",false
ec047ea17a31f8211da18782a6ac4405763eba5c693308ed8d44b6e47565ddfd,1,,false
ec047ea17a31f8211da18782a6ac4405763eba5c693308ed8d44b6e47565ddfd,2,,true
c14b317ae06fb7e4e22fd6011c4e896b9c5eedb0c967fdf2865908bf5ebc9ee5,0,"Answer: 2

The designs on this ceramic dish were most likely created using hand-painting.

The image shows a ceramic dish with intricate and colorful designs. The patterns and colors appear to be hand-painted, as they have a unique and detailed style that is typical of hand-painting techniques. The variations in brush strokes and the complexity of the designs suggest that they were not created using embossing or machine printing, which typically produce more uniform and repetitive patterns.",false
c14b317ae06fb7e4e22fd6011c4e896b9c5eedb0c967fdf2865908bf5ebc9ee5,1,,true
c14b317ae06fb7e4e22fd6011c4e896b9c5eedb0c967fdf2865908bf5ebc9ee5,2,,false
a948ef0275f5de455a887613e3342466f92f9da11f2bf2bb0871ea1d39868fcc,0,"Answer: 1

The graves surrounding the green-domed buildings are part of a cemetery associated with the religious site.

The image shows a religious site with green-domed buildings and graves around them. This indicates that the graves are part of a cemetery associated with the religious site. The other statements are not supported by the image.",true
a948ef0275f5de455a887613e3342466f92f9da11f2bf2bb0871ea1d39868fcc,1,,false
a948ef0275f5de455a887613e3342466f92f9da11f2bf2bb0871ea1d39868fcc,2,,false
b3898428f17dbc016a708ae929613d8e9125734e7fada409d2d8e2fcbe319129,0,"Answer: 1

A shoreline with people and a boat can be seen in the background of the image.

The other two statements are not grounded in the image. There is no forest or wildlife visible, and there is no desert landscape in the background. The image clearly shows a shoreline with people and a boat in the background.",true
b3898428f17dbc016a708ae929613d8e9125734e7fada409d2d8e2fcbe319129,1,,false
b3898428f17dbc016a708ae929613d8e9125734e7fada409d2d8e2fcbe319129,2,,false
fe5a007551a94df8a5c2ce4ea508668f37450192ecc2c0fcf934f6ceba2061d8,0,"Answer: 2

The adobe-style buildings in the background are most likely used for residential housing.

In the image, we see traditional adobe-style buildings which are commonly used for residential purposes in many parts of the Arab world. These buildings are typically constructed from mud bricks and are designed to withstand the hot climate. The presence of these buildings in the background suggests that they are part of a residential area.

Statement 1 is False because there is no indication that these buildings are used for storage. There are no visible signs or containers that would suggest storage purposes.

Statement 3 is also False because there is no evidence of a modern shopping mall in the image. The buildings are traditional and do not have the characteristics of a modern shopping mall, such as large glass windows, signage, or modern architectural features.",false
fe5a007551a94df8a5c2ce4ea508668f37450192ecc2c0fcf934f6ceba2061d8,1,,true
fe5a007551a94df8a5c2ce4ea508668f37450192ecc2c0fcf934f6ceba2061d8,2,,false
b3ee6f299203a214f949dc79fe28f4f4faa3073d707da583caf770db2dc7b921,0,"Answer: 1

The image shows sheets of dried bark or fiber material. These materials are typically used in boat construction for water transport due to their durability and buoyancy properties. The other two statements about fishing nets and buoys are not directly supported by the visual content of the image.",true
b3ee6f299203a214f949dc79fe28f4f4faa3073d707da583caf770db2dc7b921,1,,false
b3ee6f299203a214f949dc79fe28f4f4faa3073d707da583caf770db2dc7b921,2,,false
f89f089a55f3629d84f841e93d319656eac7fb024677013d813d9d0538a36300,0,"Answer: 2

The river where the kayaking activity is happening is surrounded by rocky terrain with dry hills. This is evident from the image, which shows a rocky and barren landscape with dry hills surrounding the river.

Statement 1 is False because the image shows rocky terrain and dry hills, not dense forest with lush greenery.
Statement 3 is False because the image does not show any snow-covered mountains; the mountains in the background are rocky and barren.",false
f89f089a55f3629d84f841e93d319656eac7fb024677013d813d9d0538a36300,1,,true
f89f089a55f3629d84f841e93d319656eac7fb024677013d813d9d0538a36300,2,,false
66ccd26487e0649344ce1f939c1f3c6cab41f31a02879cf65c895edfa4966685,0,"Answer: 2

The barrier in the background of the image is a transparent glass panel with advertisements displayed on it. This barrier serves both to protect spectators from the puck and to display advertisements.

The other statements are not grounded in the image:
- Statement 1: The barrier is not primarily used for displaying advertisements, as it is a transparent glass panel.
- Statement 3: The barrier is not primarily used to protect spectators from the puck, as it is a transparent glass panel and not a physical barrier.",false
66ccd26487e0649344ce1f939c1f3c6cab41f31a02879cf65c895edfa4966685,1,,true
66ccd26487e0649344ce1f939c1f3c6cab41f31a02879cf65c895edfa4966685,2,,false
84a50fc71eca5fd72072011f57e6a998e1cf2842586e03b8cc1ee62ff85712fc,0,"Answer: 2

The pyramids shown in the image are located in Egypt. The image depicts a scene with ancient pyramids and structures that are characteristic of the Giza Pyramids in Egypt. The presence of these iconic structures confirms the location as Egypt.

Statement 1: The pyramids shown in the image are located in Morocco. This is False because the image clearly shows pyramids that are distinctly Egyptian, not Moroccan.

Statement 3: The pyramids shown in the image are located in Sudan. This is also False because the image shows the pyramids that are recognizable as Egyptian, not Sudanese.",false
84a50fc71eca5fd72072011f57e6a998e1cf2842586e03b8cc1ee62ff85712fc,1,,true
84a50fc71eca5fd72072011f57e6a998e1cf2842586e03b8cc1ee62ff85712fc,2,,false
13c74d20a3b76608ef277bc7c80dbd8a4ba6d3d2c07a37e8e56a92a03f2a110e,0,"Answer: 3

The primary purpose of the inflatable boat shown in the image is rescue operations during floods. This is evident from the individuals wearing life vests and the context of the flooded urban area, where they are actively assisting people onto the boat.

The other two statements are not grounded in the image:
- Statement 1: The primary purpose of the inflatable boat shown in the image is recreational boating in urban areas. This is not supported by the context of the image, which shows a flood rescue operation.
- Statement 2: The primary purpose of the inflatable boat shown in the image is fishing in flooded areas. This is not supported by the context of the image, which shows a flood rescue operation, not fishing.",false
13c74d20a3b76608ef277bc7c80dbd8a4ba6d3d2c07a37e8e56a92a03f2a110e,1,,false
13c74d20a3b76608ef277bc7c80dbd8a4ba6d3d2c07a37e8e56a92a03f2a110e,2,,true
68290e9fbd73c198beef550c3590494594b55824662534cbf1057ac4b89997c1,0,"Answer: 3

The buildings lining the street in this image most prominently feature half-timbered (Tudor-style) architecture.

The buildings in the image have distinct half-timbered facades, which are characteristic of Tudor-style architecture. The visible timber framing and the use of plaster or brick to fill in the gaps between the timber are clearly visible. The other statements are not grounded in the image as there are no modern glass and steel buildings or brutalist concrete buildings present.",false
68290e9fbd73c198beef550c3590494594b55824662534cbf1057ac4b89997c1,1,,false
68290e9fbd73c198beef550c3590494594b55824662534cbf1057ac4b89997c1,2,,true
d906c249a76d86d8198ebe5124774aa4a71e475fd6d7eedbb301943fdbdcbfda,0,"Answer: 1

The image shows clouds and the sky visible through the airplane window, which confirms Statement 1 as true. The interior of the airplane wing and a view of the ground and cities below are not visible in the image, making Statements 2 and 3 false.",true
d906c249a76d86d8198ebe5124774aa4a71e475fd6d7eedbb301943fdbdcbfda,1,,false
d906c249a76d86d8198ebe5124774aa4a71e475fd6d7eedbb301943fdbdcbfda,2,,false
5fa4904dab3408f157947154434998f56341b61c550045900582cab249b02c6d,0,"Answer: 3

The most prominent feature visible on the light-skinned hand in the image is a diamond ring. The hand is holding a ring with a large central diamond surrounded by smaller diamonds, which is clearly visible.

Statement 1 is False because there is no tattoo visible on the light-skinned hand.
Statement 2 is False because there is no bracelet visible on the light-skinned hand.",false
5fa4904dab3408f157947154434998f56341b61c550045900582cab249b02c6d,1,,false
5fa4904dab3408f157947154434998f56341b61c550045900582cab249b02c6d,2,,true
263ea61e67545788e3ab77e4b4cf9e48b16bb763d977bc99beb8563c92597bb7,0,"Answer: 2

The catalytic converter in the image appears to be made of aluminum, as indicated by its shiny, metallic surface and the typical shape and design of a catalytic converter. This makes Statement 2 true.

Statement 1 is false because titanium is not commonly used for catalytic converters. Statement 3 is also false because steel is not a common material for catalytic converters.",false
263ea61e67545788e3ab77e4b4cf9e48b16bb763d977bc99beb8563c92597bb7,1,,true
263ea61e67545788e3ab77e4b4cf9e48b16bb763d977bc99beb8563c92597bb7,2,,false
0b768a050a37d0b2c7414ff81ddf4e6c26e7fffa0d484b0e0e2fdaac8c68df0b,0,"Answer: 1

The image shows a group of people, including a man, a woman, and a young girl, standing outdoors near a building. They are smiling and appear to be in a casual, friendly setting. There are no formal business attire or religious symbols visible, and the overall atmosphere seems relaxed and informal.

Statement 1 is grounded because the image shows a casual family outing with people smiling and interacting in a relaxed manner.

Statement 2 is not grounded because there is no indication of a business meeting, such as formal attire, documents, or a professional setting.

Statement 3 is not grounded because there are no religious symbols or attire, and the setting does not resemble a religious ceremony.",true
0b768a050a37d0b2c7414ff81ddf4e6c26e7fffa0d484b0e0e2fdaac8c68df0b,1,,false
0b768a050a37d0b2c7414ff81ddf4e6c26e7fffa0d484b0e0e2fdaac8c68df0b,2,,false
48ca5f9679df64f81542f072909075f9e89a0136bf28d009e9de8f7c464ecdd2,0,"Answer: 1

The airplane shown in the image is a commercial airliner with a passenger cabin and a design typical for passenger travel. The presence of windows along the fuselage and the overall structure of the aircraft indicate it is designed for carrying passengers. The tail fin and livery also suggest it is a commercial aircraft, not a cargo or military plane.",true
48ca5f9679df64f81542f072909075f9e89a0136bf28d009e9de8f7c464ecdd2,1,,false
48ca5f9679df64f81542f072909075f9e89a0136bf28d009e9de8f7c464ecdd2,2,,false
274ce81b15c1748da00a56ff68068135e66f521eda4df71db2b876396ae2dc94,0,"Answer: 3

The structure depicted in the image is a lighthouse. The image shows a tall, narrow tower with a balcony and a pointed roof, which are characteristic features of a lighthouse. The other two statements are not grounded in the image: the structure is not a modern skyscraper, and it is not a historical minaret or fortification.",false
274ce81b15c1748da00a56ff68068135e66f521eda4df71db2b876396ae2dc94,1,,false
274ce81b15c1748da00a56ff68068135e66f521eda4df71db2b876396ae2dc94,2,,true
d76285f3c1ed4022b169ed928d1fb2b2aa55c78c086e5941836b217b1590e589,0,"Answer: 1

The ancient statue is made of bronze. The statue appears to have a reddish-brown coloration and a patina that is characteristic of bronze. The surface shows signs of corrosion and wear, which are common in bronze artifacts over time. The texture and coloration are consistent with bronze, making Statement 1 true.

Statement 2 is false because the statue does not have the smooth, white appearance typical of marble. Statement 3 is also false because the statue does not have the grainy texture or coloration typical of wood.",true
d76285f3c1ed4022b169ed928d1fb2b2aa55c78c086e5941836b217b1590e589,1,,false
d76285f3c1ed4022b169ed928d1fb2b2aa55c78c086e5941836b217b1590e589,2,,false
fd5aced68ebf575fa1eba6542764fcfaf2bf59488d0d438c7ef740a5a810fa66,0,"Answer: 3

The image shows traditional huts made of thatched materials, which are predominantly visible. There are no modern apartment buildings visible in the image. The tents are also visible, but they are not the most prominent structures.",false
fd5aced68ebf575fa1eba6542764fcfaf2bf59488d0d438c7ef740a5a810fa66,1,,false
fd5aced68ebf575fa1eba6542764fcfaf2bf59488d0d438c7ef740a5a810fa66,2,,true
59abf574ec92cadecdbfb126c36763759a06e75d9c8a72bda5080d2bee98d126,0,"Answer: 2

The individuals in the image are wearing traditional attire, including turbans and flowing garments, and are engaged in a dance-like activity. This is indicative of a Sufi whirling ceremony, where participants spin in a circle while reciting prayers and meditating.

Statement 1 is False because there is no indication of a military parade in the image. The attire and activity are not consistent with a military parade.

Statement 3 is False because there is no indication of a wedding dance in the image. The attire and activity are not consistent with a traditional wedding dance.",false
59abf574ec92cadecdbfb126c36763759a06e75d9c8a72bda5080d2bee98d126,1,,true
59abf574ec92cadecdbfb126c36763759a06e75d9c8a72bda5080d2bee98d126,2,,false
e409e79d6f7a916177ddbb3392c84e50e814a36912bc0e907758be43263fce1d,0,"Answer: 1

The purple pot has a design resembling a household object. The other two pots do not have designs resembling household objects.",true
e409e79d6f7a916177ddbb3392c84e50e814a36912bc0e907758be43263fce1d,1,,false
e409e79d6f7a916177ddbb3392c84e50e814a36912bc0e907758be43263fce1d,2,,false
8b68eac5b2fc888e20f3e37588a4d7be5016805de0c84a1c5b34e70c41b752ee,0,"Answer: 2

The image shows a festive scene with illuminated decorations, including a large, lit-up donut and a diamond-shaped decoration, surrounded by blue lights and a Christmas tree. This suggests a holiday festival atmosphere.

Statement 1 is False because there are no business conference elements like tables, chairs, or people in the image.
Statement 3 is False because there are no sports event elements like athletes, stadiums, or sports equipment in the image.",false
8b68eac5b2fc888e20f3e37588a4d7be5016805de0c84a1c5b34e70c41b752ee,1,,true
8b68eac5b2fc888e20f3e37588a4d7be5016805de0c84a1c5b34e70c41b752ee,2,,false
299318da3baaf4c5b12d108fc5f21635c1db075a227042aaae53dca5a0173128,0,"Answer: 2

The event depicted in the image is a religious ceremony near a mosque. 

In the image, there is a large gathering of people around a mosque with a dome and a minaret, which is a common architectural feature of mosques. The people are dressed in traditional attire, and many are wearing head coverings, which is typical for religious ceremonies. The presence of the mosque and the attire of the people strongly suggest that this is a religious event rather than a political rally or a music festival.",false
299318da3baaf4c5b12d108fc5f21635c1db075a227042aaae53dca5a0173128,1,,true
299318da3baaf4c5b12d108fc5f21635c1db075a227042aaae53dca5a0173128,2,,false
5c7ab4ab377c60ef8fadb34d212098f9ce730f10ae01b6f4ae11a6a4ccd47eb8,0,"Answer: 1

The artifact resembling holy footprints is primarily made of gold. The image shows a highly ornate and detailed object with a golden appearance, indicating that it is primarily made of gold. The other two statements are not supported by the visual evidence in the image.",true
5c7ab4ab377c60ef8fadb34d212098f9ce730f10ae01b6f4ae11a6a4ccd47eb8,1,,false
5c7ab4ab377c60ef8fadb34d212098f9ce730f10ae01b6f4ae11a6a4ccd47eb8,2,,false
44aa94694c6dee820cddd87766c92fb7b509c42064871fea2fb885f59a979dc8,0,"Answer: 3

The labels on the film reels clearly show ""Paramount Oxford Films."" The other two statements are not supported by the image.",false
44aa94694c6dee820cddd87766c92fb7b509c42064871fea2fb885f59a979dc8,1,,false
44aa94694c6dee820cddd87766c92fb7b509c42064871fea2fb885f59a979dc8,2,,true
0465396f13330c509dd7b8bea6ba23ae51b3350bb409e3fc06484c80bfa38ddf,0,"Answer: 1

The people in the image are wearing traditional clothing. They are holding flags and wearing garments that are characteristic of traditional attire, such as headscarves, robes, and traditional dresses.

Statement 2 is False because the people are not wearing formal business attire. They are wearing traditional clothing, not suits or formal wear.

Statement 3 is False because the people are not wearing casual clothing. They are wearing traditional clothing, which is distinct from casual wear.",true
0465396f13330c509dd7b8bea6ba23ae51b3350bb409e3fc06484c80bfa38ddf,1,,false
0465396f13330c509dd7b8bea6ba23ae51b3350bb409e3fc06484c80bfa38ddf,2,,false
f2c8265a06afd99374ef169e7f5486a439ace5ba812b871b2b5fb666343afed0,0,"Answer: 3

The image shows two soap bars being held by hands, which are likely intended for personal hygiene. The soap bars are in the shape of a rectangular block, which is a common form for personal hygiene products. The other statements are not grounded in the image as there is no indication that the soap bars are intended for cooking or decorative purposes.",false
f2c8265a06afd99374ef169e7f5486a439ace5ba812b871b2b5fb666343afed0,1,,false
f2c8265a06afd99374ef169e7f5486a439ace5ba812b871b2b5fb666343afed0,2,,true
c6f3d6b43f545109a9b4afd16a519a4b7bcfe3da07669fd8913dcc6f5a37dc2f,0,"Answer: 3

The image shows a scene with debris, rubble, and damaged structures, which are indicative of a war-affected area. The presence of individuals in casual clothing and the overall desolate environment suggest a post-conflict scenario. The other two statements are not supported by the visual evidence in the image.",false
c6f3d6b43f545109a9b4afd16a519a4b7bcfe3da07669fd8913dcc6f5a37dc2f,1,,false
c6f3d6b43f545109a9b4afd16a519a4b7bcfe3da07669fd8913dcc6f5a37dc2f,2,,true
5d8d448de9ba55be2a0343ddbd72e50ab7598a228170e85e96af4b6f055e309e,0,"Answer: 2

The people in the image are relaxing in their hotel room with a beverage. 

In the image, we see two individuals wearing white robes, which are commonly associated with hotel bathrobes, suggesting they are in a hotel room. They are standing near a window, and there is a table with a lamp and a remote control, indicating a relaxed environment. There is no evidence of formal event preparation or cooking breakfast in the kitchen.",false
5d8d448de9ba55be2a0343ddbd72e50ab7598a228170e85e96af4b6f055e309e,1,,true
5d8d448de9ba55be2a0343ddbd72e50ab7598a228170e85e96af4b6f055e309e,2,,false
f1febbc3342d1e75730effa090ad15f07a831e23903347b46ad357376885c5af,0,"Answer: 3

The courtyard features a series of arches and columns, suggesting a space designed for social gatherings and relaxation. There are no visible signs of religious rituals or trading goods, and the presence of benches and open space further supports the idea of a social area.",false
f1febbc3342d1e75730effa090ad15f07a831e23903347b46ad357376885c5af,1,,false
f1febbc3342d1e75730effa090ad15f07a831e23903347b46ad357376885c5af,2,,true
88e6ab4466b163edc28f32f6041caeab81fd11eb6c942204fdaa0fd3b8faf518,0,"Answer: 2

The garnish visible on the meat in the image is cilantro. The green leafy garnish on top of the meat pieces is consistent with the appearance of cilantro.

Statement 1: The garnish visible on the meat in the image is basil. This is False because the garnish does not resemble basil; basil typically has a different shape and appearance.

Statement 3: The garnish visible on the meat in the image is parsley. This is False because the garnish does not resemble parsley; parsley usually has a different shape and appearance compared to the garnish seen in the image.",false
88e6ab4466b163edc28f32f6041caeab81fd11eb6c942204fdaa0fd3b8faf518,1,,true
88e6ab4466b163edc28f32f6041caeab81fd11eb6c942204fdaa0fd3b8faf518,2,,false
7534655fa310f33caf1fec5fac55e2d6212dc97c95403143b3b7d759e2696f5c,0,"Answer: 1

The knife shown in the image has a design and shape typical of Japanese knives used for cutting sushi or sashimi. The blade is sharp and narrow, which is ideal for slicing delicate foods like sushi and sashimi. The presence of the sushi in the background further supports this purpose. The other two statements are not grounded in the image as there is no indication that the knife is used for carving wood or peeling fruits.",true
7534655fa310f33caf1fec5fac55e2d6212dc97c95403143b3b7d759e2696f5c,1,,false
7534655fa310f33caf1fec5fac55e2d6212dc97c95403143b3b7d759e2696f5c,2,,false
7e26097b385f2f17d8145e92c38cf7396b0925aa0df363eafb87856217faabf1,0,"Answer: 2

The main purpose of the tiered serving tray is to organize and display a variety of food items. The tray holds different types of food such as pastries, sandwiches, and fruits, which are neatly arranged for presentation.

Statement 1 is False because the main purpose of the tiered serving tray is not to store food for later use, but to display and serve food items immediately.

Statement 3 is also False because the main purpose of the tiered serving tray is not to serve drinks like tea and coffee, although there is a teapot and a cup of tea on the tray. The tray's primary function is to organize and display food items.",false
7e26097b385f2f17d8145e92c38cf7396b0925aa0df363eafb87856217faabf1,1,,true
7e26097b385f2f17d8145e92c38cf7396b0925aa0df363eafb87856217faabf1,2,,false
99f5956ed157c88bbf27967fdfc67c62db84115a3e9cd7c40541f73808ae7ea9,0,"Answer: 1

The image shows a plate of pastries that appear to be baklava, which are sweet and made with layers of dough. The pastries have a golden-brown color and are topped with a sprinkling of powdered sugar, which is characteristic of baklava. The other two statements are not supported by the image: baklava is not a savory dish made with meat, and it is not a beverage served cold.",true
99f5956ed157c88bbf27967fdfc67c62db84115a3e9cd7c40541f73808ae7ea9,1,,false
99f5956ed157c88bbf27967fdfc67c62db84115a3e9cd7c40541f73808ae7ea9,2,,false
7be81522c0fd20352dede1739fccc3f0038195701e040e02a489a51f79696a7a,0,"Answer: 2

In the image, an ancient temple is prominently visible in the foreground. The structure has columns and a doorway, which are characteristic features of ancient temples. The other two statements are not grounded in the image: there is no modern church or medieval castle visible in the foreground.",false
7be81522c0fd20352dede1739fccc3f0038195701e040e02a489a51f79696a7a,1,,true
7be81522c0fd20352dede1739fccc3f0038195701e040e02a489a51f79696a7a,2,,false
ecb9ccd3bb7c6f5b9b1db6b64215266ce53454994fc0eeee58eb38b0544814ce,0,"Answer: 2

The interaction captured in the image is likely a guided discussion in an art gallery. 

In the image, we see two individuals standing in front of framed paintings, with one person pointing at a specific painting. This setting is typical of an art gallery where guided discussions about art are common. The presence of the paintings and the way the individuals are interacting with them support this interpretation. The other statements are not grounded in the image as there is no indication of a business meeting or a casual conversation about art.",false
ecb9ccd3bb7c6f5b9b1db6b64215266ce53454994fc0eeee58eb38b0544814ce,1,,true
ecb9ccd3bb7c6f5b9b1db6b64215266ce53454994fc0eeee58eb38b0544814ce,2,,false
0f29a91e74f160a1bac71a5110edf53f0632fe375267c1309cc8685c4b89d190,0,"Answer: 3

The backdrop of this live music performance is a colorful abstract design. The image shows a vibrant, abstract design on the backdrop, which is clearly visible and colorful.

Statement 1 is False because there is no city skyline visible in the image.
Statement 2 is False because there is no plain black curtain visible in the image.",false
0f29a91e74f160a1bac71a5110edf53f0632fe375267c1309cc8685c4b89d190,1,,false
0f29a91e74f160a1bac71a5110edf53f0632fe375267c1309cc8685c4b89d190,2,,true
30fbfeabbf4b626fa01df4865c81318371d7314cc7ac88e6b923840609842b20,0,"Answer: 1

One of the women is holding a walking stick and a yellow fruit in the image. The other two statements are not supported by the image.",true
30fbfeabbf4b626fa01df4865c81318371d7314cc7ac88e6b923840609842b20,1,,false
30fbfeabbf4b626fa01df4865c81318371d7314cc7ac88e6b923840609842b20,2,,false
bb121876b7c492e69fb6cd30ceb8c541c6f472dfefbf0c19fd66021acb249c75,0,"Answer: 1

The image shows an inflatable raft, which is typically used for activities such as rafting in rivers. This supports Statement 1 as true. The other statements are not supported by the image, as there is no indication of camping in forests or cycling on trails.",true
bb121876b7c492e69fb6cd30ceb8c541c6f472dfefbf0c19fd66021acb249c75,1,,false
bb121876b7c492e69fb6cd30ceb8c541c6f472dfefbf0c19fd66021acb249c75,2,,false
6b1dfe10acffbe3859c8a7df921192b6e28fd5a338a9075037ec901693dbd442,0,"Answer: 2

The attire features a crown and elaborate jewelry, which are commonly associated with cultural pageants or ceremonies. The dress is ornate and formal, which is typical for such events. The other statements are not supported by the visual elements in the image.",false
6b1dfe10acffbe3859c8a7df921192b6e28fd5a338a9075037ec901693dbd442,1,,true
6b1dfe10acffbe3859c8a7df921192b6e28fd5a338a9075037ec901693dbd442,2,,false
771cb41f03463edbad116e5210de0f877e6b003254d860013e1b74e764923176,0,"Answer: 1

The star anise is prominently visible in the image. It is located in the upper left corner of the image, easily distinguishable by its star-shaped appearance.

The other two statements are not grounded in the image. Turmeric and nutmeg are not prominently visible in the image. Turmeric is not present, and while there are some pieces that could be nutmeg, they are not prominently visible compared to the star anise.",true
771cb41f03463edbad116e5210de0f877e6b003254d860013e1b74e764923176,1,,false
771cb41f03463edbad116e5210de0f877e6b003254d860013e1b74e764923176,2,,false
cce67cb8e44284ec2c87ba45243dfd7edac0c5af37b3daf5d55245db75b04855,0,"Answer: 3

A cityscape with buildings and fields is visible through the open window of the aircraft.

This statement is grounded because the image clearly shows a view of a cityscape with buildings and fields through the open window of the aircraft. The other two statements are not grounded because there is no dense forest or mountain covered in snow visible in the image.",false
cce67cb8e44284ec2c87ba45243dfd7edac0c5af37b3daf5d55245db75b04855,1,,false
cce67cb8e44284ec2c87ba45243dfd7edac0c5af37b3daf5d55245db75b04855,2,,true
ed96ad0245b6e371b6dacaad038462ab6872e9fdb448245bd72bc23334eff389,0,"Answer: 1

The sword's hilt has a golden guard. This guard is positioned in a way that it would protect the user's hand when wielding the sword.

The other two statements are not grounded in the image. The image does not provide any information about the sword's decorative appeal or grip enhancement.",true
ed96ad0245b6e371b6dacaad038462ab6872e9fdb448245bd72bc23334eff389,1,,false
ed96ad0245b6e371b6dacaad038462ab6872e9fdb448245bd72bc23334eff389,2,,false
387ffb27766cf5f78df00db2bc351eb83fb87d630f856d49f5f5b369a4951d9d,0,"Answer: 3

The likely base ingredient of the sauce shown in the image is tomatoes. The sauce has a bright orange-red color, which is characteristic of tomato-based sauces. The other two statements are not grounded in the image because the sauce does not appear to have the green color or texture associated with spinach, nor does it have the starchy texture or appearance associated with potatoes.",false
387ffb27766cf5f78df00db2bc351eb83fb87d630f856d49f5f5b369a4951d9d,1,,false
387ffb27766cf5f78df00db2bc351eb83fb87d630f856d49f5f5b369a4951d9d,2,,true
1e375fdab80f3aff0bf1dc6823e8673e20a8f1fc2f13de4a07a73e4c0cdd6123,0,"Answer: 1

The primary purpose of the red carpeted flooring in the mosque is to indicate walking paths within the mosque. The red carpeted flooring is clearly visible and distinct from the surrounding areas, guiding visitors on where to walk. The other two statements are not supported by what is visible in the image. The carpeted flooring is not primarily for aesthetic appeal or for providing a comfortable area for prayer, as these purposes are not evident from the image.",true
1e375fdab80f3aff0bf1dc6823e8673e20a8f1fc2f13de4a07a73e4c0cdd6123,1,,false
1e375fdab80f3aff0bf1dc6823e8673e20a8f1fc2f13de4a07a73e4c0cdd6123,2,,false
650b79bc852d15a8ed261efee1f069e8e62d2ebbf238ff5441fd1b6a8c37f0d7,0,"Answer: 2

The image shows a group of people gathered in what appears to be a church or religious setting, with religious icons and a chandelier visible in the background. This suggests that a religious ceremony is likely taking place.

The other two statements are not grounded in the image. There is no evidence of a public concert or a casual family gathering taking place. The setting and the presence of religious icons strongly indicate a religious ceremony.",false
650b79bc852d15a8ed261efee1f069e8e62d2ebbf238ff5441fd1b6a8c37f0d7,1,,true
650b79bc852d15a8ed261efee1f069e8e62d2ebbf238ff5441fd1b6a8c37f0d7,2,,false
5db6cad7921e474ccd99d4e323448661e14f4a0074a5d6e2454b5dec8dffb148,0,"Answer: 3

The image shows stained glass windows, which are commonly associated with historic religious or ceremonial buildings. The other two statements are not supported by the image.",false
5db6cad7921e474ccd99d4e323448661e14f4a0074a5d6e2454b5dec8dffb148,1,,false
5db6cad7921e474ccd99d4e323448661e14f4a0074a5d6e2454b5dec8dffb148,2,,true
079b44aa003d91a4750bf588997c349f4559e447d685e228828466c13b1c83c4,0,"Answer: 1

The PCIe slots on the MSI PRO B650-P WIFI motherboard are used to connect a graphics card. The RAM slots and CPU socket are not used for this purpose.",true
079b44aa003d91a4750bf588997c349f4559e447d685e228828466c13b1c83c4,1,,false
079b44aa003d91a4750bf588997c349f4559e447d685e228828466c13b1c83c4,2,,false
a465fc107292268f87998a24099cebc69a7cc72fbb81e1cf929de8224cddf84f,0,"Answer: 2

The terrain visible in the image is a dense forest with a winding river. This is evident from the dense greenery covering the majority of the image and the winding blue river cutting through the landscape.

Statement 1 is False because there is no snow-covered mountain range visible in the image. The terrain is covered with dense greenery, not snow.

Statement 3 is False because there are no sand dunes or desert terrain visible in the image. The image shows a forested area with a river, not a desert landscape.",false
a465fc107292268f87998a24099cebc69a7cc72fbb81e1cf929de8224cddf84f,1,,true
a465fc107292268f87998a24099cebc69a7cc72fbb81e1cf929de8224cddf84f,2,,false
ba6e1b34f5ebced19b14226f24707fdae20495a7ec7578703a22a730c3c06129,0,"Answer: 3

The vase in the image features Arabic calligraphy as its primary artistic feature. The calligraphy is prominently displayed in blue and green colors, forming intricate patterns and designs on the surface of the vase. The other statements are not grounded in the image as there are no geometric patterns or floral designs visible on the vase.",false
ba6e1b34f5ebced19b14226f24707fdae20495a7ec7578703a22a730c3c06129,1,,false
ba6e1b34f5ebced19b14226f24707fdae20495a7ec7578703a22a730c3c06129,2,,true
80f7b29ccb95ea3f418f4ed2dcfe0a3ba1b92e5c6476e10a35ed7abe37198b4c,0,"Answer: 2

The planks seen in the image are primarily made of wood. The planks have a natural, grainy texture typical of wooden materials, and they show signs of weathering and aging, which are common characteristics of wooden structures exposed to the elements.

Statement 1 is False because the planks are not primarily made of metal; they have the appearance and texture of wood. 
Statement 3 is False because the planks are not primarily made of concrete; concrete is a solid, smooth material, and the planks in the image have a textured, organic appearance typical of wood.",false
80f7b29ccb95ea3f418f4ed2dcfe0a3ba1b92e5c6476e10a35ed7abe37198b4c,1,,true
80f7b29ccb95ea3f418f4ed2dcfe0a3ba1b92e5c6476e10a35ed7abe37198b4c,2,,false
238af5eb02ce94bed135d5f86a2b558e3a3321ff167b92266d4b73980963abd1,0,"Answer: 2

The primary architectural feature visible in the image that identifies the building as a mosque is the minaret. The minaret is a tall, slender tower that is typically found in Islamic architecture and is used for the call to prayer. The other two statements are not grounded in the image because there are no stained glass windows or domes visible in the image.",false
238af5eb02ce94bed135d5f86a2b558e3a3321ff167b92266d4b73980963abd1,1,,true
238af5eb02ce94bed135d5f86a2b558e3a3321ff167b92266d4b73980963abd1,2,,false
a064afe4d91592794db98b42ea0d3da7196e9cd851120cc597237a3f0a9ec64e,0,"Answer: 2

The person in the foreground is wearing a suit and tie. The suit jacket and tie are clearly visible, indicating formal attire.

Statement 1 is False because the person is not wearing traditional cultural clothing; they are wearing a suit and tie.
Statement 3 is False because the person is not wearing a casual t-shirt and jeans; they are wearing a suit and tie.",false
a064afe4d91592794db98b42ea0d3da7196e9cd851120cc597237a3f0a9ec64e,1,,true
a064afe4d91592794db98b42ea0d3da7196e9cd851120cc597237a3f0a9ec64e,2,,false
3d6ea02d0bf9c2208be26755ed7f4335f2005818b56c86b9b3c657a129656177,0,"Answer: 3

The perfume bottle in the image appears to be made of glass, as it is transparent and has a clear, smooth surface. The other two statements are not supported by what is visually seen in the image.",false
3d6ea02d0bf9c2208be26755ed7f4335f2005818b56c86b9b3c657a129656177,1,,false
3d6ea02d0bf9c2208be26755ed7f4335f2005818b56c86b9b3c657a129656177,2,,true
3eda30fdbe11ba0909a858b6b04adfefad8a2adec44b7eae7351880aa8a213e2,0,"Answer: 3

The image shows a variety of ceramic dishes and plates with intricate designs featuring blue and white patterns, which are characteristic of traditional Middle Eastern ceramics. The designs and colors are typical of the region's artisanal pottery, often used in everyday life and cultural celebrations.

Statement 1: These ceramic designs are most likely associated with Scandinavia. False. The designs are not typical of Scandinavian ceramics, which often feature simpler, more minimalistic patterns and a limited color palette.

Statement 2: These ceramic designs are most likely associated with South America. False. The designs do not match the typical patterns and motifs found in South American ceramics, which often include more vibrant colors and different types of motifs.

Statement 3: These ceramic designs are most likely associated with the Middle East. True. The intricate blue and white patterns are characteristic of Middle Eastern ceramics, which often feature geometric and floral designs.",false
3eda30fdbe11ba0909a858b6b04adfefad8a2adec44b7eae7351880aa8a213e2,1,,false
3eda30fdbe11ba0909a858b6b04adfefad8a2adec44b7eae7351880aa8a213e2,2,,true
106824cd08ab3b282400f810cc46cff5cb54cdebc018da59108aead987d75acc,0,"Answer: 2

The image shows a coastal cityscape with buildings and palm trees in the background. The sky is clear with some clouds, and there is a man standing on the beach holding a fishing rod. The beach has some litter scattered around. The sea is visible with waves coming towards the shore. The buildings in the background are white and have a Mediterranean architectural style. There is no dense forest or snow-covered mountains visible in the image.",false
106824cd08ab3b282400f810cc46cff5cb54cdebc018da59108aead987d75acc,1,,true
106824cd08ab3b282400f810cc46cff5cb54cdebc018da59108aead987d75acc,2,,false
45f1d29bde1395fa551654b534247c56f69451cf2840e9742d6cc381328c6966,0,"Answer: 3

The 'Element HT' 3D printer is shown in the image, which is a 3D printer used for printing 3D models and components. The other two statements are not supported by the image.",false
45f1d29bde1395fa551654b534247c56f69451cf2840e9742d6cc381328c6966,1,,false
45f1d29bde1395fa551654b534247c56f69451cf2840e9742d6cc381328c6966,2,,true
bbb54f88a29dfd702fae41149abe7239c45ac0e1d917167991085b92b8a3a30c,0,"Answer: 2

The coffee or tea pot in the image is made of brass. The pot has a metallic sheen and a golden-brown color, which are characteristic of brass. The other materials mentioned in the statements, ceramic and plastic, do not match the visual characteristics of the pot in the image.",false
bbb54f88a29dfd702fae41149abe7239c45ac0e1d917167991085b92b8a3a30c,1,,true
bbb54f88a29dfd702fae41149abe7239c45ac0e1d917167991085b92b8a3a30c,2,,false
214422d5123b2a44b808910dc560ba8f1b5458c76e5bb622f8a3ba6f3743d676,0,"Answer: 1

The image shows a traditional woven carpet with intricate floral and geometric patterns. The carpet features a variety of colors and detailed designs, which supports Statement 1. 

Statement 2 is incorrect because the carpet in the image has complex patterns and designs, not plain solid colors. 

Statement 3 is also incorrect because the texture of the carpet appears to be handmade, not machine-made.",true
214422d5123b2a44b808910dc560ba8f1b5458c76e5bb622f8a3ba6f3743d676,1,,false
214422d5123b2a44b808910dc560ba8f1b5458c76e5bb622f8a3ba6f3743d676,2,,false
c02610de1d09da503098fdcd3090016041914ee14f0a80eb0d0819f77f367484,0,"Answer: 1

The central water fountain in the traditional bathhouse is surrounded by stone steps and is positioned in the center of the room, indicating its role in facilitating water flow for bathing rituals. The other two statements are not supported by the visual evidence in the image.",true
c02610de1d09da503098fdcd3090016041914ee14f0a80eb0d0819f77f367484,1,,false
c02610de1d09da503098fdcd3090016041914ee14f0a80eb0d0819f77f367484,2,,false
12a869a7570ab1075d15fbacd4e5d7c3935c0111aaeb3f1b296b94c896db1461,0,"Answer: 2

The image shows a variety of colorful and intricately designed pottery items, including plates, bowls, and vases, which are commonly associated with North African culture. The presence of these items in the market suggests that the location is likely in North Africa. The other statements are not supported by the image as they mention South America and East Asia, which are not relevant to the items displayed in the image.",false
12a869a7570ab1075d15fbacd4e5d7c3935c0111aaeb3f1b296b94c896db1461,1,,true
12a869a7570ab1075d15fbacd4e5d7c3935c0111aaeb3f1b296b94c896db1461,2,,false
c5ebd6929d038278d0eb47abb519e262a0150207ef87807622a6ceff70fa7473,0,"Answer: 2

The ice is used to keep the seafood fresh by maintaining a cold temperature. The ice is visible around the seafood, which is a common practice in seafood markets to preserve the freshness of the fish and other seafood items. The other statements are not supported by what is literally seen in the image.",false
c5ebd6929d038278d0eb47abb519e262a0150207ef87807622a6ceff70fa7473,1,,true
c5ebd6929d038278d0eb47abb519e262a0150207ef87807622a6ceff70fa7473,2,,false
49bbcd7b5f7f5284b11a8414e2c76f45dcd0ff0a226039465d929d197cb93acc,0,"Answer: 3

The tray located below the board in the game setup is used to store additional game pieces. This is evident as the tray contains multiple game pieces, including both red and beige pieces, which are likely used in the game.

Statement 1 is False because there is no evidence in the image that the tray is used to keep score. The tray is filled with game pieces, not any scoring materials.

Statement 2 is also False because there are no cards visible in the image. The tray contains only game pieces, not any cards.",false
49bbcd7b5f7f5284b11a8414e2c76f45dcd0ff0a226039465d929d197cb93acc,1,,false
49bbcd7b5f7f5284b11a8414e2c76f45dcd0ff0a226039465d929d197cb93acc,2,,true
33ddac1970af793d54f682990f452180bbf53ea7f746552d3ad44cb40b6371df,0,"Answer: 3

The person is harvesting from an olive tree.

In the image, we can see the person picking olives from a tree. The olives are clearly visible, and the tree's leaves and fruits are characteristic of an olive tree. The other statements are not grounded in the image because there are no apples or pine trees present.",false
33ddac1970af793d54f682990f452180bbf53ea7f746552d3ad44cb40b6371df,1,,false
33ddac1970af793d54f682990f452180bbf53ea7f746552d3ad44cb40b6371df,2,,true
424770d9da193d9b9504b073f82ddace04282d8b214bdbb4d5726a18f8fdafa3,0,"Answer: 2

The image shows various Mizuhiki knots made from different materials. Visible in the image are knots made from silk threads, which are white and red in color. The other statements are not supported by what is visible in the image.",false
424770d9da193d9b9504b073f82ddace04282d8b214bdbb4d5726a18f8fdafa3,1,,true
424770d9da193d9b9504b073f82ddace04282d8b214bdbb4d5726a18f8fdafa3,2,,false
3fb2687fe64d445e1c3aa8b10985fd3de0ebc9ae7cdfe72f1028ee6d1a5484b2,0,"Answer: 1

The image shows green leaves, which are commonly used as banana leaves, wrapped around some of the food items on the table. The other two statements are not supported by what is visible in the image.",true
3fb2687fe64d445e1c3aa8b10985fd3de0ebc9ae7cdfe72f1028ee6d1a5484b2,1,,false
3fb2687fe64d445e1c3aa8b10985fd3de0ebc9ae7cdfe72f1028ee6d1a5484b2,2,,false
404b766629a3705101c65132bd0abf07c31d98e9fddbf19b592bde126ea7610f,0,"Answer: 1

The image shows whitewashed walls, which are a common feature in traditional Mediterranean architecture. The walls are painted white, which is a characteristic of this architectural style. The bougainvillea flowers and the lantern on the wall are also present, but they are not the most indicative features of traditional Mediterranean architecture. The bougainvillea flowers are more indicative of a specific type of vegetation found in the region, while the lantern is a decorative element that can be found in various architectural styles.",true
404b766629a3705101c65132bd0abf07c31d98e9fddbf19b592bde126ea7610f,1,,false
404b766629a3705101c65132bd0abf07c31d98e9fddbf19b592bde126ea7610f,2,,false
3519d655a5dde66db10907b74b75bde5e909f474d9cbca3dbd1a15cb68c76288,0,"Answer: 2

The door in the image has a distinct design with a yellow color and black and white stripes, which is characteristic of North African architecture. The surrounding wall and the style of the door are typical of regions like Morocco or other parts of North Africa. The other statements about Scandinavia and East Asia are not supported by the visual elements in the image.",false
3519d655a5dde66db10907b74b75bde5e909f474d9cbca3dbd1a15cb68c76288,1,,true
3519d655a5dde66db10907b74b75bde5e909f474d9cbca3dbd1a15cb68c76288,2,,false
0fb9a8a97ea2dfcbb0fcce5f4488f2fa8abdf21bb6bc75283e7f97c01b9b66b6,0,"Answer: 3

The seating area features a sofa and armchairs arranged around a coffee table, which suggests a space designed for relaxation and conversation. The presence of cushions and a comfortable layout further supports this purpose. The area does not have any dining elements such as a table or chairs specifically designed for eating, nor does it have any formal meeting setup like a conference table or chairs arranged in a specific order.",false
0fb9a8a97ea2dfcbb0fcce5f4488f2fa8abdf21bb6bc75283e7f97c01b9b66b6,1,,false
0fb9a8a97ea2dfcbb0fcce5f4488f2fa8abdf21bb6bc75283e7f97c01b9b66b6,2,,true
f7f56b45534156e03fc10cdfe69d7c4b1b2b45c58cb56f68d3d4a284fb7b145f,0,"Answer: 1

The image shows a large crowd of people gathered in front of a stage with large screens displaying the word ""SOLIDAYS"" and a musical theme, indicating that this is a music festival. The stage setup, lighting, and the presence of a crowd holding up phones to capture the moment further support this conclusion. The other two statements are not supported by the visual evidence in the image.",true
f7f56b45534156e03fc10cdfe69d7c4b1b2b45c58cb56f68d3d4a284fb7b145f,1,,false
f7f56b45534156e03fc10cdfe69d7c4b1b2b45c58cb56f68d3d4a284fb7b145f,2,,false
4fe28cdc58cfbe33a4024c2aee0ba742acea7bcf9e4245b40960e4fd69be7b67,0,"Answer: 2

The image shows a structure with several arches and openings, which are characteristic of cave dwellings. The walls and floor appear to be made of earth or clay, which is common in traditional cave dwellings. There are no visible natural pools or steep cliffs suitable for rock climbing.",false
4fe28cdc58cfbe33a4024c2aee0ba742acea7bcf9e4245b40960e4fd69be7b67,1,,true
4fe28cdc58cfbe33a4024c2aee0ba742acea7bcf9e4245b40960e4fd69be7b67,2,,false
1d47b6141d53c78abce499898b664663b1fd3c10e01c05b4ce3b82266b18e642,0,"Answer: 3

The shoes in the image are used for traditional dances and ceremonies. The shoes are ornate and decorated with intricate designs and embellishments, which are characteristic of traditional dance shoes in many cultures, particularly in the Arab world. The other two statements are not grounded in the image as the shoes do not resemble modern sports shoes or casual hiking shoes.",false
1d47b6141d53c78abce499898b664663b1fd3c10e01c05b4ce3b82266b18e642,1,,false
1d47b6141d53c78abce499898b664663b1fd3c10e01c05b4ce3b82266b18e642,2,,true
37f7b94248166fea9127c41ac9c7bee8d26a16425aed729411ad19305c6f263f,0,"Answer: 2

The slippers in the image appear to be made of leather, as evidenced by the texture and sheen visible on the material. The stitching and the way the slippers are shaped also suggest that they are crafted from leather. The other materials mentioned in the statements, rubber and canvas, do not match the visual characteristics of the slippers in the image.",false
37f7b94248166fea9127c41ac9c7bee8d26a16425aed729411ad19305c6f263f,1,,true
37f7b94248166fea9127c41ac9c7bee8d26a16425aed729411ad19305c6f263f,2,,false
504dbd0d6bf8f6d87738e6ff5a7b6cae458336471b03b9cc86223f2069b75f68,0,"Answer: 2

The decorative embroidery on the garment is most likely made with silver thread.

The image shows a garment with a yellow fabric and a decorative embroidery along the edge. The embroidery appears to be made with a shiny, metallic thread, which is characteristic of silver thread. The other two statements are not supported by the image: there is no evidence of painted designs or plastic beads in the embroidery.",false
504dbd0d6bf8f6d87738e6ff5a7b6cae458336471b03b9cc86223f2069b75f68,1,,true
504dbd0d6bf8f6d87738e6ff5a7b6cae458336471b03b9cc86223f2069b75f68,2,,false
0a285737f7f27e70b7c3c81c40ba8fd78ce7384538c258ba1bbc31105d8988db,0,"Answer: 1

The pots in the image are made of clay. The pots have a textured appearance and are stacked in a way that suggests they are made of a material that can be molded and shaped, which is characteristic of clay. The other statements are not grounded in the image as there is no indication that the pots are made of plastic or metal.",true
0a285737f7f27e70b7c3c81c40ba8fd78ce7384538c258ba1bbc31105d8988db,1,,false
0a285737f7f27e70b7c3c81c40ba8fd78ce7384538c258ba1bbc31105d8988db,2,,false
eb1718ddcb71fb01c2b5545faa38059882e2bc8e799930b322626add66d70d29,0,"Answer: 1

The building shown in the image features arches and columns, which are characteristic of Roman architecture. The materials and construction style are consistent with Roman engineering techniques. The other two statements are not grounded in the image because the Greek and Egyptian architectural styles do not typically include such extensive use of arches and columns.",true
eb1718ddcb71fb01c2b5545faa38059882e2bc8e799930b322626add66d70d29,1,,false
eb1718ddcb71fb01c2b5545faa38059882e2bc8e799930b322626add66d70d29,2,,false
dbd176fc1e508bb0a295782fdf9c4af8429e1413f576e97b9f926042c563d2de,0,"Answer: 1

The person standing in the image is handing food or an item to another person.

The person standing in the image is not cleaning the table, as there are no cleaning actions visible. The person is not decorating the room, as there are no decorations being placed or moved. The person is actively engaging with the table by handing out food or an item to another person.",true
dbd176fc1e508bb0a295782fdf9c4af8429e1413f576e97b9f926042c563d2de,1,,false
dbd176fc1e508bb0a295782fdf9c4af8429e1413f576e97b9f926042c563d2de,2,,false
549d84a492d4e11f192ac9827a50c0efff8bc6cbe5fe5ae9f14041792e4b6b3c,0,"Answer: 3

The house shown in the image has a solar panel roof. The other two statements are not supported by what is visible in the image.",false
549d84a492d4e11f192ac9827a50c0efff8bc6cbe5fe5ae9f14041792e4b6b3c,1,,false
549d84a492d4e11f192ac9827a50c0efff8bc6cbe5fe5ae9f14041792e4b6b3c,2,,true
5b85575b7b8c38fe4eee44bf3e0c0d5664f7127abb6052507d21cc45f47f7bfc,0,"Answer: 1

The plaque shown in the image is meant to recognize surpassing 100 followers on Twitch. The text on the plaque explicitly states ""Presented to Plaque to Reality For passing 100 followers,"" indicating that it is an award for reaching a specific follower milestone on Twitch. The other two statements are not supported by the visual content of the image.",true
5b85575b7b8c38fe4eee44bf3e0c0d5664f7127abb6052507d21cc45f47f7bfc,1,,false
5b85575b7b8c38fe4eee44bf3e0c0d5664f7127abb6052507d21cc45f47f7bfc,2,,false
1f62f1c5f5c9a4053ae7bb3862f74f12c0edb04d8b280b51fd3e74ba73c64c1a,0,"Answer: 2

The primary purpose of the bamboo poles seen on the sailboat in the image is as fishing equipment. The bamboo poles are arranged in a way that suggests they are used for fishing, likely as part of a traditional fishing method. The other two statements are not supported by what is seen in the image.",false
1f62f1c5f5c9a4053ae7bb3862f74f12c0edb04d8b280b51fd3e74ba73c64c1a,1,,true
1f62f1c5f5c9a4053ae7bb3862f74f12c0edb04d8b280b51fd3e74ba73c64c1a,2,,false
35a297a52f9c13232cf6907d7e69a315d8a2c7a8d6c317e1e1d565e66ee91f98,0,"Answer: 1

The image shows a mountainous landscape with a winding road, which is typical of areas where hiking and trekking are common activities. There are no urban structures or signs of human habitation, and the terrain is too rugged for beach volleyball.",true
35a297a52f9c13232cf6907d7e69a315d8a2c7a8d6c317e1e1d565e66ee91f98,1,,false
35a297a52f9c13232cf6907d7e69a315d8a2c7a8d6c317e1e1d565e66ee91f98,2,,false
e93c50ae85dec9791199529623c2664847037791438ed02292a4d3e0e8ba2197,0,"Answer: 3

The kitchen's design includes a large marble island. The island is made of white marble with grey veins, which is clearly visible in the image.

Statement 1: The kitchen's design includes bright neon lighting. False. There is no bright neon lighting visible in the image.

Statement 2: The kitchen's design includes a traditional wood-burning stove. False. There is no traditional wood-burning stove visible in the image. Instead, there is a modern, sleek oven and stove combination.",false
e93c50ae85dec9791199529623c2664847037791438ed02292a4d3e0e8ba2197,1,,false
e93c50ae85dec9791199529623c2664847037791438ed02292a4d3e0e8ba2197,2,,true
5e0b25eba9adfbe4ba5f4a86fbb24cbbb03a2433f78f4f912cb992c27be6537c,0,"Answer: 1

The image shows a structure made of stone, which indicates that a stonemason would have been essential for its construction. The structure appears to be an ancient ruin, likely made from cut and shaped stones, which is a primary skill of a stonemason. The other statements about a fisherman and a tailor are not relevant to the construction of such a structure.",true
5e0b25eba9adfbe4ba5f4a86fbb24cbbb03a2433f78f4f912cb992c27be6537c,1,,false
5e0b25eba9adfbe4ba5f4a86fbb24cbbb03a2433f78f4f912cb992c27be6537c,2,,false
e099270ecc445de55efc5d639f4f4b150bfe53d9dd53b604d431bbc94340a7d3,0,"Answer: 3

The hand-shaped door knockers are likely made of metal. The knockers have a metallic sheen and a solid, sturdy appearance, which is characteristic of metal.

Statement 1: The hand-shaped door knockers are likely made of wood. This is false because the knockers do not have the appearance or texture of wood; they look more solid and metallic.

Statement 2: The hand-shaped door knockers are likely made of plastic. This is false because the knockers do not have the smooth, uniform texture or translucency that is typical of plastic. They have a more solid and metallic look.",false
e099270ecc445de55efc5d639f4f4b150bfe53d9dd53b604d431bbc94340a7d3,1,,false
e099270ecc445de55efc5d639f4f4b150bfe53d9dd53b604d431bbc94340a7d3,2,,true
ae6511d92613ad951406a15da4413388c3fef2e5db18da4611559ce6827a202d,0,"Answer: 3

The image shows a broken ceramic bowl with intricate designs, displayed in a museum setting. This visual evidence supports the idea that the purpose of displaying such an artifact is to showcase artistic techniques and cultural heritage.

Statement 1 is False because the primary purpose of displaying a broken ceramic bowl is not to demonstrate fragility but to highlight its historical and artistic value.

Statement 2 is also False because the focus is on the historical and artistic aspects of the bowl, not on modern ceramic production methods.",false
ae6511d92613ad951406a15da4413388c3fef2e5db18da4611559ce6827a202d,1,,false
ae6511d92613ad951406a15da4413388c3fef2e5db18da4611559ce6827a202d,2,,true
ed010ca0146ddd1e58700cded2aafa7cffe020262988ed648301b27b4e1aabe7,0,"Answer: 1

The image shows a structure with wooden and reed materials, which are typical components of traditional boats. The presence of these materials and the construction setup indicate that the primary purpose is to construct a traditional wooden and reed boat.

The other two statements are not supported by the image. There is no evidence of the structure being used as a storage facility or to display a completed boat.",true
ed010ca0146ddd1e58700cded2aafa7cffe020262988ed648301b27b4e1aabe7,1,,false
ed010ca0146ddd1e58700cded2aafa7cffe020262988ed648301b27b4e1aabe7,2,,false
53de31ab04ca9d558cf3c09eda884d13f680c7adaf145aef3263b906a2c75d6c,0,"Answer: 3

The view from the gym’s windows is a serene ocean view.

The image shows large windows with a clear view of the ocean, indicating a serene ocean view. The other two statements are not grounded in the image as there is no indication of a bustling cityscape or dense forest visible through the windows.",false
53de31ab04ca9d558cf3c09eda884d13f680c7adaf145aef3263b906a2c75d6c,1,,false
53de31ab04ca9d558cf3c09eda884d13f680c7adaf145aef3263b906a2c75d6c,2,,true
6c1fa79aab9a2ab4029dc6734f43f5c51b4d58bbad0ea28be48d3216d938c74f,0,"Answer: 2

The image shows a building with peeling paint, exposed wooden panels, and a generally neglected appearance. There are no signs of ongoing renovations or destruction by natural disasters. The visible state of disrepair suggests long-term neglect.",false
6c1fa79aab9a2ab4029dc6734f43f5c51b4d58bbad0ea28be48d3216d938c74f,1,,true
6c1fa79aab9a2ab4029dc6734f43f5c51b4d58bbad0ea28be48d3216d938c74f,2,,false
4e83f315358b21ea9e90f468e0d63cbc8b9d0618d2f1bf99f36026c894b9c38e,0,"Answer: 3

The luxury yacht is flying the United Arab Emirates flag. True or False?

The yacht in the image has the flag of the United Arab Emirates flying on its mast, which is identifiable by its distinct colors and emblem. The other statements are not grounded in the image as the flags of the United States and the United Kingdom are not visible.",false
4e83f315358b21ea9e90f468e0d63cbc8b9d0618d2f1bf99f36026c894b9c38e,1,,false
4e83f315358b21ea9e90f468e0d63cbc8b9d0618d2f1bf99f36026c894b9c38e,2,,true
3fd8238f7db7be40be6b81f28f58c8ca9f36216915fbedefb8e6f5613ce37da1,0,"Answer: 2

In the image, I see a person working on a complex camera setup, surrounded by various camera equipment and other individuals who appear to be involved in a production. This suggests that they are likely working behind-the-scenes on a film production rather than a live broadcast or a photography workshop.",false
3fd8238f7db7be40be6b81f28f58c8ca9f36216915fbedefb8e6f5613ce37da1,1,,true
3fd8238f7db7be40be6b81f28f58c8ca9f36216915fbedefb8e6f5613ce37da1,2,,false
2c68884ea3c7a303cf1a08aaf3d5cf0d3095dabc9c14e53e07bf0b1c47834bc1,0,"Answer: 2

The primary activity depicted in this image is shopping for gold jewelry. 

In the image, we see numerous people browsing through various gold jewelry items displayed in shops. The shops are filled with gold jewelry, and people are actively looking at and examining the items. This clearly indicates that the primary activity is shopping for gold jewelry.

The other statements are not grounded in the image. There is no evidence of a religious service or a dining area in the image. The image shows a market or shopping area with people engaged in shopping for gold jewelry.",false
2c68884ea3c7a303cf1a08aaf3d5cf0d3095dabc9c14e53e07bf0b1c47834bc1,1,,true
2c68884ea3c7a303cf1a08aaf3d5cf0d3095dabc9c14e53e07bf0b1c47834bc1,2,,false
bad7ef5856db6a56bcfe36712ee7fa308cf59f2ba29508c39af230ec4b3a45cd,0,"Answer: 1

A white SUV is shown performing dune bashing in the image. The SUV is seen kicking up a large cloud of sand as it drives across the dunes. The other two statements are not supported by the image. There is no motorcycle or red quad bike shown performing dune bashing.",true
bad7ef5856db6a56bcfe36712ee7fa308cf59f2ba29508c39af230ec4b3a45cd,1,,false
bad7ef5856db6a56bcfe36712ee7fa308cf59f2ba29508c39af230ec4b3a45cd,2,,false
c86cd34b9d73a70a489fc9cb0b9b6234cf1d3a7c74a890d47c3ac62bd79a60fe,0,"Answer: 1

The building in the image prominently displays graffiti and murals. The large mural on the side of the building is a clear example of street art, and there are various smaller graffiti pieces visible on the walls surrounding the mural. The colors and styles of the graffiti and murals are vivid and varied, indicating a strong presence of street art.

Statement 2 is not grounded because there are no abstract installations visible on the building. The image shows graffiti and murals, not abstract installations.

Statement 3 is not grounded because there are no classical sculptures displayed on the building. The image shows graffiti and murals, not classical sculptures.",true
c86cd34b9d73a70a489fc9cb0b9b6234cf1d3a7c74a890d47c3ac62bd79a60fe,1,,false
c86cd34b9d73a70a489fc9cb0b9b6234cf1d3a7c74a890d47c3ac62bd79a60fe,2,,false
0f4ef05f0f58e55ac526863c82441f624b753eb1fdc99400d5bba76c044621c4,0,"Answer: 3

The art featured on the surface of the coffee in the image is latte art. The image shows a coffee cup with intricate designs made from the foam on top, which is characteristic of latte art. The other statements are not grounded in the image as there is no evidence of foam sculpture or chocolate engraving.",false
0f4ef05f0f58e55ac526863c82441f624b753eb1fdc99400d5bba76c044621c4,1,,false
0f4ef05f0f58e55ac526863c82441f624b753eb1fdc99400d5bba76c044621c4,2,,true
276ca05162a836bfd41240af0a226f87d7eec84f79f077878a40875e8df11121,0,"Answer: 1

The flooring material used in this outdoor restroom setup is gravel. The ground is covered with small, rounded stones, which are commonly referred to as gravel. The other two statements are not grounded in the image as there is no visible wood or concrete material in the restroom setup.",true
276ca05162a836bfd41240af0a226f87d7eec84f79f077878a40875e8df11121,1,,false
276ca05162a836bfd41240af0a226f87d7eec84f79f077878a40875e8df11121,2,,false
fe4571223477f601ce47a604e7c272089ed35699808b0fe22b517b9c1f85df10,0,"Answer: 2

The primary activity shown in the image is drinking tea. The man is holding a cup of tea and there is another cup on the table, indicating that the activity is related to tea drinking.

Statement 1 is False because there is no evidence of cooking food in the image. The man is holding a cup, not a cooking utensil or food.

Statement 3 is False because there is no book or any indication of reading in the image. The focus is on the man holding the tea cup and the table setting.",false
fe4571223477f601ce47a604e7c272089ed35699808b0fe22b517b9c1f85df10,1,,true
fe4571223477f601ce47a604e7c272089ed35699808b0fe22b517b9c1f85df10,2,,false
6796508f971840ad76ea31a9619944474032c4e45061e6dad9bdf5ee9f0d7add,0,"Answer: 2

The main decorative feature of these earrings is a rose-shaped ornament. The earrings prominently display a rose-shaped design in the center, which is the most noticeable and detailed element.

Statement 1 is False because the earrings do not have a star-shaped design as the main feature. The design is more intricate and does not resemble a star.

Statement 3 is False because the earrings do not have a diamond-shaped pendant as the main feature. The design is more ornate and does not resemble a diamond shape.",false
6796508f971840ad76ea31a9619944474032c4e45061e6dad9bdf5ee9f0d7add,1,,true
6796508f971840ad76ea31a9619944474032c4e45061e6dad9bdf5ee9f0d7add,2,,false
71b799d84743d07dfb6ea951a87bd9f292a65305e2e66fa2ee2e7bd0633150a6,0,"Answer: 2

In the image, a woman is holding a clay pot, which is traditionally used to brew coffee during Ethiopian coffee ceremonies. The other two statements are not supported by what is seen in the image.",false
71b799d84743d07dfb6ea951a87bd9f292a65305e2e66fa2ee2e7bd0633150a6,1,,true
71b799d84743d07dfb6ea951a87bd9f292a65305e2e66fa2ee2e7bd0633150a6,2,,false
a560f068e6f71b9233bd56bbe0554c48a68918495fb647cb4755d5d45a3bf7ef,0,"Answer: 1

The woven basket filled with popcorn is a traditional snack served during coffee ceremonies in this cultural context. The other two statements are not supported by the image.

Explanation:
- The woven basket filled with popcorn is indeed a traditional snack served during coffee ceremonies in many Arab countries, often enjoyed alongside coffee and tea.
- The woven basket is not used for storing grains, as there is no evidence of grains in the image.
- The woven basket filled with popcorn is not merely a decorative item, as it is clearly filled with popcorn and placed on the table, indicating its use as a snack.",true
a560f068e6f71b9233bd56bbe0554c48a68918495fb647cb4755d5d45a3bf7ef,1,,false
a560f068e6f71b9233bd56bbe0554c48a68918495fb647cb4755d5d45a3bf7ef,2,,false
cc9e93aba049559b12e404575e46fd0a12a6ab5e984ccdd28a0e2c90b3160594,0,"Answer: 1

The outdoor seating area shown in the image is likely intended to be a restaurant or café. The tables and chairs are arranged in a manner typical for dining establishments, and the presence of glassware and plates supports this interpretation. The other two statements are not supported by the image: there is no indication of a public waiting area or a private workspace.",true
cc9e93aba049559b12e404575e46fd0a12a6ab5e984ccdd28a0e2c90b3160594,1,,false
cc9e93aba049559b12e404575e46fd0a12a6ab5e984ccdd28a0e2c90b3160594,2,,false
4049075e2fa9b793d1b719b61b136101e093822e4847b385aa3082558d9cda31,0,"Answer: 1

The setting of the image is an urban waterfront with traditional cargo boats. The image shows several boats docked at a pier, with buildings in the background, indicating an urban environment. The boats are traditional cargo boats, not luxury yachts or indicative of a rural fishing village.",true
4049075e2fa9b793d1b719b61b136101e093822e4847b385aa3082558d9cda31,1,,false
4049075e2fa9b793d1b719b61b136101e093822e4847b385aa3082558d9cda31,2,,false
314de5409f0efa4ca05ddd95c57a2b53e4ab431b1b56ea617144fc4ecd6cc8c4,0,"Answer: 1

The decorative detail on the sleeves of the abaya is intricate embroidery with a zigzag pattern. The sleeves have a detailed, zigzag pattern embroidered in white thread, which is clearly visible in the image. The other two statements are not supported by the image: there are no metallic studs or a colorful floral print on the sleeves.",true
314de5409f0efa4ca05ddd95c57a2b53e4ab431b1b56ea617144fc4ecd6cc8c4,1,,false
314de5409f0efa4ca05ddd95c57a2b53e4ab431b1b56ea617144fc4ecd6cc8c4,2,,false
6f3712a0349b19c0a36060255ed64485cbb0605271ed1a5fd0242f86ddf73ac3,0,"Answer: 3

The image depicts a rocky desert landscape with a modern building structure and a few people standing around. The sky has a beautiful gradient of colors, indicating either dawn or dusk.

Statement 1 is False because the image does not depict a bustling cityscape; it shows a desert landscape with a modern building.
Statement 2 is False because the image does not depict a dense forest; it shows a rocky desert with sparse vegetation.
Statement 3 is True because the image clearly shows a rocky desert landscape with a modern building structure.",false
6f3712a0349b19c0a36060255ed64485cbb0605271ed1a5fd0242f86ddf73ac3,1,,false
6f3712a0349b19c0a36060255ed64485cbb0605271ed1a5fd0242f86ddf73ac3,2,,true
a5be37dcc7d22446033ae6d44c906357a1c6bd304177fcc72f43d3f1ac0d1dbf,0,"Answer: 1

The image depicts an airport terminal. The presence of escalators, glass barriers, and a large open space with various shops and food stalls are typical features of an airport terminal. The architectural design, including the curved ceiling and modern lighting fixtures, also supports this conclusion.

Statement 2 is False because there are no train tracks, platforms, or any other typical train station elements visible in the image.

Statement 3 is False because, although there are shops and food stalls, the overall layout and design, including the presence of escalators and security checkpoints, are more indicative of an airport terminal rather than a shopping mall.",true
a5be37dcc7d22446033ae6d44c906357a1c6bd304177fcc72f43d3f1ac0d1dbf,1,,false
a5be37dcc7d22446033ae6d44c906357a1c6bd304177fcc72f43d3f1ac0d1dbf,2,,false
75a851e7f088240f2ec431a12e2102aef5f15f1271cd703a267ffb1c5505bb25,0,"Answer: 3

The image shows a playground with various structures and equipment designed for children to play on. There are slides, climbing areas, and other interactive elements that are typical of a playground intended for physical activity and play. The presence of children actively engaging with the equipment supports this observation.

Statement 1 is False because the primary purpose of the playground is not to showcase treehouse architecture, but rather to provide a space for children to play and engage in physical activities.

Statement 2 is also False because there is no evidence in the image that the playground is used for formal educational classes. The image shows children playing, not participating in structured educational activities.",false
75a851e7f088240f2ec431a12e2102aef5f15f1271cd703a267ffb1c5505bb25,1,,false
75a851e7f088240f2ec431a12e2102aef5f15f1271cd703a267ffb1c5505bb25,2,,true
87a46cd8272e0a1e40ed5e0470f41906c1aa7e9d8e132329f57eba1f09be641b,0,"Answer: 3

The remote control has a voice control microphone for user convenience. The microphone is located at the bottom of the remote control.

The other two statements are not supported by the image. There is no built-in camera or touchscreen pad visible in the image.",false
87a46cd8272e0a1e40ed5e0470f41906c1aa7e9d8e132329f57eba1f09be641b,1,,false
87a46cd8272e0a1e40ed5e0470f41906c1aa7e9d8e132329f57eba1f09be641b,2,,true
9536bd4d54aff75a74936cc21d09624ca985156c6d102ac29462270cb46272dd,0,"Answer: 1

The road adjacent to the bridge in the image shows cars and motorcycles. There are no trucks, rickshaws, buses, or bicycles visible in the image. The presence of cars and motorcycles is directly observable in the image, making Statement 1 true. Statements 2 and 3 are not supported by the visual evidence in the image.",true
9536bd4d54aff75a74936cc21d09624ca985156c6d102ac29462270cb46272dd,1,,false
9536bd4d54aff75a74936cc21d09624ca985156c6d102ac29462270cb46272dd,2,,false
a0e2fc3c80445f026eefb61d66728620db517bc22b6143d9a7924d612d1b6390,0,"Answer: 1

The tents and shaded areas are likely intended to act as barriers for crowd control. The tents are arranged in a way that seems to create a boundary or separation, which is a common method for crowd control in public events. The other two statements are not supported by the image: there is no indication that the tents are intended for shelter or storage.",true
a0e2fc3c80445f026eefb61d66728620db517bc22b6143d9a7924d612d1b6390,1,,false
a0e2fc3c80445f026eefb61d66728620db517bc22b6143d9a7924d612d1b6390,2,,false
b2b9ef681ce6c35ad4cc85c0d7d4e657d4abd0e57dae98b2f4878253b7158ad5,0,"Answer: 1

The image shows a large, well-developed waterfront entertainment complex with various structures, including what appears to be a large amphitheater or performance venue, which suggests that music concerts and cultural events are likely hosted here. The presence of open spaces and the design of the buildings support this.

The other two statements are not supported by the image. There is no evidence of industrial manufacturing or agricultural exhibitions in the image. The complex appears to be focused on entertainment and leisure activities rather than industrial or agricultural purposes.",true
b2b9ef681ce6c35ad4cc85c0d7d4e657d4abd0e57dae98b2f4878253b7158ad5,1,,false
b2b9ef681ce6c35ad4cc85c0d7d4e657d4abd0e57dae98b2f4878253b7158ad5,2,,false
39b7d268b68e9626001a1df4ee22be2b12459fcd3d63d3b47383c9df0cf7ada7,0,"Answer: 3

The most prominent feature of the landscape in this image is a mountainous terrain with rocky paths. The image shows a rugged, mountainous landscape with rocky paths winding through the terrain. There is no dense forest or large lake visible in the image.",false
39b7d268b68e9626001a1df4ee22be2b12459fcd3d63d3b47383c9df0cf7ada7,1,,false
39b7d268b68e9626001a1df4ee22be2b12459fcd3d63d3b47383c9df0cf7ada7,2,,true
9d34c3854b5628e154175147e18ff8f45d3872f1306584d9cdb7b32f861d2e7e,0,"Answer: 2

The attached tablet or screen holder on the chair is for mounting a tablet or screen. The other two statements are not grounded in the image as there is no indication that the holder is for storing items or holding books.",false
9d34c3854b5628e154175147e18ff8f45d3872f1306584d9cdb7b32f861d2e7e,1,,true
9d34c3854b5628e154175147e18ff8f45d3872f1306584d9cdb7b32f861d2e7e,2,,false
e8cc526d6512d38707477f17b0c82571896a69a7dafccd8056053b8a0f46d55a,0,"Answer: 1

The hangar visible in the background of the image is indeed used for passenger boarding and luggage handling. This is evident from the presence of jet bridges connected to the aircraft, which are typically used for boarding and deplaning passengers and handling their luggage.

Statement 2 is not grounded in the image because there is no visible fueling or refueling equipment or infrastructure in the image.

Statement 3 is not grounded in the image because there is no visible maintenance equipment or storage facilities in the image.",true
e8cc526d6512d38707477f17b0c82571896a69a7dafccd8056053b8a0f46d55a,1,,false
e8cc526d6512d38707477f17b0c82571896a69a7dafccd8056053b8a0f46d55a,2,,false
51248863107d2ae1286de2a6cc7976b0e128687d802e84cc455dc0ebd5be5846,0,"Answer: 2

The image depicts a public transport station. The structure with the curved roof and the presence of a platform and tracks suggest it is a station for trains or buses. The other two statements are not supported by the image. The image does not show a shopping mall or a sports arena.",false
51248863107d2ae1286de2a6cc7976b0e128687d802e84cc455dc0ebd5be5846,1,,true
51248863107d2ae1286de2a6cc7976b0e128687d802e84cc455dc0ebd5be5846,2,,false
7b9efe2dc7166ebf5030f64e25dbf1a3eb6aa205148b7a71ce1c9fd5f40cbf12,0,"Answer: 2

The woman is wearing a diamond necklace and earrings that complement her off-shoulder gown. The necklace and earrings are visible and sparkling, indicating they are made of diamonds.

Statement 1 is False because there is no golden tiara visible in the image.
Statement 3 is False because there is no pearl bracelet visible in the image.",false
7b9efe2dc7166ebf5030f64e25dbf1a3eb6aa205148b7a71ce1c9fd5f40cbf12,1,,true
7b9efe2dc7166ebf5030f64e25dbf1a3eb6aa205148b7a71ce1c9fd5f40cbf12,2,,false
04a302964121ce4f994855a7f023ae250b197b5c92a4c31208cb9cdba5ec63f5,0,"Answer: 1

The image shows a city with tall, mud-brick buildings, which is characteristic of Shibam, Yemen. The buildings are densely packed and rise high, resembling the skyscrapers of Manhattan. The surrounding landscape is arid and desert-like, which is typical of Yemen's climate. The other two statements are not grounded in the image as they refer to different cities with different architectural styles and locations.",true
04a302964121ce4f994855a7f023ae250b197b5c92a4c31208cb9cdba5ec63f5,1,,false
04a302964121ce4f994855a7f023ae250b197b5c92a4c31208cb9cdba5ec63f5,2,,false
553a6cd77c99de8117314b86da7593e883b3840bb8e0bcd6bfb43993306a3f3b,0,"Answer: 1

The jewelry pieces shown in the image are most likely made of gold or silver.

The jewelry pieces in the image exhibit a metallic sheen and coloration typical of gold and silver, which are common materials used in fine jewelry. The pieces have a lustrous finish and reflective quality that is characteristic of these metals. The presence of gemstones and intricate designs further supports the likelihood that these pieces are made of precious metals like gold or silver, which are often used in high-end jewelry to complement and enhance the appearance of gemstones.

Statement 2 is false because the jewelry pieces do not exhibit the texture or appearance associated with wood, which typically has a grainy and porous surface.

Statement 3 is false because the jewelry pieces do not have the smooth, uniform, and plastic-like appearance that is characteristic of plastic materials. Plastic jewelry often has a more uniform and less reflective surface compared to the metallic and gemstone-rich pieces shown in the image.",true
553a6cd77c99de8117314b86da7593e883b3840bb8e0bcd6bfb43993306a3f3b,1,,false
553a6cd77c99de8117314b86da7593e883b3840bb8e0bcd6bfb43993306a3f3b,2,,false
41196790624ab64625f7bbfe54e1f2070ba1563d29e01dfca310c06433583819,0,"Answer: 2

The flatbread is cooked in a tandoor oven by sticking it to the inner walls of the oven. The other two statements are not supported by what is seen in the image.",false
41196790624ab64625f7bbfe54e1f2070ba1563d29e01dfca310c06433583819,1,,true
41196790624ab64625f7bbfe54e1f2070ba1563d29e01dfca310c06433583819,2,,false
1099904c5507cce4eb186a99fea128fc2d8598569282ff3e284f8167d995e5d1,0,"Answer: 2

The banners in the protest scene use both Arabic and English. The image shows banners with text in both Arabic and English, such as ""close"" and ""Juantanamo bay."" The other statements are not grounded in the image as they either claim the banners use only Arabic or only English, which is not the case.",false
1099904c5507cce4eb186a99fea128fc2d8598569282ff3e284f8167d995e5d1,1,,true
1099904c5507cce4eb186a99fea128fc2d8598569282ff3e284f8167d995e5d1,2,,false
9c86485026d1447e8fe90eb1eecd8a39ed49ee2afe2dbd46264d079539346f53,0,"Answer: 1

The person in the image is wearing a saree. The garment is draped around the body in a manner typical of a saree, with one end draped over the shoulder and the other end hanging down. The other two statements are not grounded in the image as there is no evidence of a jumpsuit or western dress being worn.",true
9c86485026d1447e8fe90eb1eecd8a39ed49ee2afe2dbd46264d079539346f53,1,,false
9c86485026d1447e8fe90eb1eecd8a39ed49ee2afe2dbd46264d079539346f53,2,,false
13dbcf13256c8e043086960b248e9e55a849754f5adb53f1db5d92f9a814bfa8,0,"Answer: 2

The image shows palm groves as the most prominent type of vegetation in the desert city. The green palm trees are clearly visible, covering a large portion of the landscape. The other statements are not supported by the image as there are no cacti or coniferous trees visible.",false
13dbcf13256c8e043086960b248e9e55a849754f5adb53f1db5d92f9a814bfa8,1,,true
13dbcf13256c8e043086960b248e9e55a849754f5adb53f1db5d92f9a814bfa8,2,,false
16eb892e1fc9842e741e9ff23db91d63aad59105580550847c1755bef2e5c88a,0,"Answer: 2

The stone structure shown in the image is likely a religious shrine. The structure has a dome and a carved inscription, which are common features of religious buildings in the Arab world. The presence of a window with metal grills and a door also suggests it is a place of significance, possibly a shrine.

Statement 1 is False because there is no indication that the structure is a public restroom. The design and features do not match typical public restroom architecture.

Statement 3 is False because the structure does not appear to be a storage shed. The dome and carved inscription are not typical of storage sheds, and the window and door suggest it is a more significant building.",false
16eb892e1fc9842e741e9ff23db91d63aad59105580550847c1755bef2e5c88a,1,,true
16eb892e1fc9842e741e9ff23db91d63aad59105580550847c1755bef2e5c88a,2,,false
fc324da285b2ba6ef2d060e5457354b9f9cdff9b12b9bb75caf5f8ece6c91872,0,"Answer: 3

In the image, a tall minaret is visible in the background of Sana'a's old city. The minaret stands out due to its height and distinctive architectural style, which is common in Islamic architecture. The other two statements are not supported by the image: there is no modern skyscraper or large fountain visible in the background.",false
fc324da285b2ba6ef2d060e5457354b9f9cdff9b12b9bb75caf5f8ece6c91872,1,,false
fc324da285b2ba6ef2d060e5457354b9f9cdff9b12b9bb75caf5f8ece6c91872,2,,true
abcb70ab989e66a71691a711384c113a526606b8c86e200618b940ace8938986,0,"Answer: 2

The heart-shaped pomegranate arrangement on the dish is likely intended to symbolize love or affection. The other two statements are not grounded in the image. The image does not provide any information about the intended cooling effect or nutritional value of the arrangement.",false
abcb70ab989e66a71691a711384c113a526606b8c86e200618b940ace8938986,1,,true
abcb70ab989e66a71691a711384c113a526606b8c86e200618b940ace8938986,2,,false
65657b50c0e81220c8d34551ca026cfd885f00c11c4ceac46e71c238c0487088,0,"Answer: 2

The likely purpose of the sailboat shown in the image is trade and transport. The sailboat is docked near a stone wall and appears to be a traditional design, which is commonly used for trade and transport in historical contexts.

The other two statements are not grounded in the image:
- Statement 1: The image does not show any recreational activities or equipment that would suggest recreational sailing.
- Statement 3: There are no visible fishing tools or equipment that would suggest fishing as the purpose of the sailboat.",false
65657b50c0e81220c8d34551ca026cfd885f00c11c4ceac46e71c238c0487088,1,,true
65657b50c0e81220c8d34551ca026cfd885f00c11c4ceac46e71c238c0487088,2,,false
45e84558b7516b965d829fbce5d9af8ce5537a0942921f5761399dc720766ccd,0,"Answer: 3

The people in the image are primarily engaged in reading or praying. 

In the image, we can see several individuals sitting on the floor, some of whom are reading books, while others are in prayer positions. This directly supports Statement 3. 

Statement 1 is false because there are no visible grocery items or shopping activities in the image. 
Statement 2 is also false because there are no visible cooking utensils, food items, or cooking activities in the image.",false
45e84558b7516b965d829fbce5d9af8ce5537a0942921f5761399dc720766ccd,1,,false
45e84558b7516b965d829fbce5d9af8ce5537a0942921f5761399dc720766ccd,2,,true
1909baf0ee4ad1d65da952bf4a15717c92b8d8c0c9ac08f4393aae62dbcc19cd,0,"Answer: 3

The metallic wall decoration with Arabic calligraphy is a representation of Islamic spirituality and religious beliefs.

In the image, we see a woman interacting with a wall decoration that features Arabic calligraphy. The calligraphy is a common element in Islamic art and is often used to display religious texts and verses from the Quran. This decoration is not merely decorative but holds significant religious and spiritual meaning, making Statement 3 the true statement.

Statement 1 is false because the Arabic calligraphy on the wall decoration typically has a specific meaning, often related to Islamic teachings or prayers.

Statement 2 is also false because the calligraphy is not abstract art but rather a form of Islamic art that conveys religious messages and beliefs.",false
1909baf0ee4ad1d65da952bf4a15717c92b8d8c0c9ac08f4393aae62dbcc19cd,1,,false
1909baf0ee4ad1d65da952bf4a15717c92b8d8c0c9ac08f4393aae62dbcc19cd,2,,true
16e3115706dd6ea1b988a32082a6239cff37220a1271ced8dee3e869905d8628,0,"Answer: 3

The colors visible on the depiction of the Yemeni flag painted on the wall are red, white, and blue. The flag is partially peeling and weathered, but the colors are clearly red, white, and blue.

The other two statements are not grounded in the image because the colors red, green, and white, and red, white, and black are not present on the flag depicted on the wall.",false
16e3115706dd6ea1b988a32082a6239cff37220a1271ced8dee3e869905d8628,1,,false
16e3115706dd6ea1b988a32082a6239cff37220a1271ced8dee3e869905d8628,2,,true
9073331a0b96d59c4c1ec77d29dea75f215e8fb2960de5c1bfdddc4a492f95f7,0,"Answer: 1

The wall of the building is made of earthen material. The texture and color of the wall suggest it is made of earthen material, which is common in traditional architecture in the Arab world. The other statements are not supported by what is visible in the image.",true
9073331a0b96d59c4c1ec77d29dea75f215e8fb2960de5c1bfdddc4a492f95f7,1,,false
9073331a0b96d59c4c1ec77d29dea75f215e8fb2960de5c1bfdddc4a492f95f7,2,,false
c72f7409b70775e1a274cfe6f8a01f11835001fbda3246159c4fb598f3f174a8,0,"Answer: 3

The ruins shown in the image are most likely constructed from mud-brick. The structures have a distinct earthy, beige color and appear to be made of a material that is common in arid regions, such as mud-brick. The walls are thick and irregular, which is characteristic of mud-brick construction. The other two statements are not grounded in the image because the materials do not resemble stone or wood.",false
c72f7409b70775e1a274cfe6f8a01f11835001fbda3246159c4fb598f3f174a8,1,,false
c72f7409b70775e1a274cfe6f8a01f11835001fbda3246159c4fb598f3f174a8,2,,true
04e5d2fbb37c6dafec3acc8770b94bc04c48454037ec4c9f6de0f35c0c7fdbdc,0,"Answer: 2

The architecture in the image is most likely from the Middle East. The buildings have a distinct Middle Eastern architectural style, characterized by their brickwork, arched windows, and decorative elements.

The other two statements are not grounded in the image:
- Statement 1: The architecture is not typical of South America, which generally features different styles such as colonial or indigenous influences.
- Statement 3: The architecture is not typical of Scandinavia, which generally features timber framing, steep roofs, and a different style of brickwork.",false
04e5d2fbb37c6dafec3acc8770b94bc04c48454037ec4c9f6de0f35c0c7fdbdc,1,,true
04e5d2fbb37c6dafec3acc8770b94bc04c48454037ec4c9f6de0f35c0c7fdbdc,2,,false
b2c3e57908dcbb83589238925eac6ca33f702982acbd2d2b4f0d128b0c8cbdcc,0,"Answer: 1

The image shows a library with various sections, including one labeled 'Adult Fiction'. Adult fiction novels are indeed likely to be found in this section. The other sections labeled 'Children's Picture Books' and 'Academic Textbooks' do not contain adult fiction novels, making the other statements false.",true
b2c3e57908dcbb83589238925eac6ca33f702982acbd2d2b4f0d128b0c8cbdcc,1,,false
b2c3e57908dcbb83589238925eac6ca33f702982acbd2d2b4f0d128b0c8cbdcc,2,,false
982a494c2bfc1e66707f3940fd7ff31784345152e648d894f74e223620c6d056,0,"Answer: 2

The image shows a person holding a brush and applying henna to their arm. This confirms that a brush is commonly used to create intricate henna designs. The other statements are not supported by the image: there is no henna cone or stencil visible.",false
982a494c2bfc1e66707f3940fd7ff31784345152e648d894f74e223620c6d056,1,,true
982a494c2bfc1e66707f3940fd7ff31784345152e648d894f74e223620c6d056,2,,false
8093aecc225e620a1e003d82d29572668de7a611fc982f07fdbdd1c3418e319e,0,"Answer: 3

The primary activity taking place in this image is people shopping at an outdoor market. 

In the image, we see numerous people walking around, some carrying bags, and others browsing through various goods laid out on the ground. There are stalls with items like fruits and vegetables, and people are engaged in typical market activities such as examining goods and carrying shopping bags. This clearly indicates that the primary activity is shopping at an outdoor market.

Statement 1 is not grounded because there is no indication of a political rally taking place. There are no banners, speeches, or any signs of political gathering.

Statement 2 is also not grounded because there are no decorations, festive elements, or any indication of a celebration taking place. The setting appears to be a regular market day rather than a special event or festival.",false
8093aecc225e620a1e003d82d29572668de7a611fc982f07fdbdd1c3418e319e,1,,false
8093aecc225e620a1e003d82d29572668de7a611fc982f07fdbdd1c3418e319e,2,,true
0483d6c865edb18b34d5d32569aff12f8b1cfbee49f248e0ae04fd7a35bffb5d,0,"Answer: 1

The textile shown in the image has a textured, woven appearance with a consistent, uniform pattern. The fibers appear to be thick and slightly curly, which is characteristic of wool. The color is a natural, off-white shade that is typical of woolen fabrics. The texture and appearance do not match those of silk or cotton, which tend to have smoother and more lustrous finishes. Therefore, the statement that the textile is most likely made of wool is grounded in the image, while the other two statements are not supported by the visual evidence.",true
0483d6c865edb18b34d5d32569aff12f8b1cfbee49f248e0ae04fd7a35bffb5d,1,,false
0483d6c865edb18b34d5d32569aff12f8b1cfbee49f248e0ae04fd7a35bffb5d,2,,false
82005322351179e1b9c8d00cd7f163e15cbbde726ea798171337097d810cd72c,0,"Answer: 1

The image shows a table with various dishes and a cup of coffee with a saucer and a spoon. There is no evidence of hot chocolate, juice, soda, or tea and lemonade in the image.",true
82005322351179e1b9c8d00cd7f163e15cbbde726ea798171337097d810cd72c,1,,false
82005322351179e1b9c8d00cd7f163e15cbbde726ea798171337097d810cd72c,2,,false
b511168fad505346d7edcc2a10cc4d11dccfed0d0f882606a5dc90ea21875207,0,"Answer: 2

The wooden stand is likely used to hold the ceramic cups. The stand is designed to support the cups, as evidenced by the way the cups are placed on it.

Statement 1: The wooden stand is likely used to serve as a cutting board. This is not grounded in the image because the stand is not flat enough to serve as a cutting board and is not positioned in a way that suggests it is being used for this purpose.

Statement 3: The wooden stand is likely used to function as a decorative tray. This is not grounded in the image because the stand is not positioned in a way that suggests it is being used for decoration, and it is primarily serving the function of holding the cups.",false
b511168fad505346d7edcc2a10cc4d11dccfed0d0f882606a5dc90ea21875207,1,,true
b511168fad505346d7edcc2a10cc4d11dccfed0d0f882606a5dc90ea21875207,2,,false
11ab083a167f8ab37dac9ef1355ef9e00dac9e695d40ed9a24c08bdce2ca11f8,0,"Answer: 1

The image shows a group of people standing in front of a banner with text and logos, suggesting an official or formal event. The presence of lanyards and badges indicates a conference or official gathering. The attire of the individuals is formal, and the setting appears to be indoors, typical of a conference environment.

Statement 1 is grounded because the image shows a formal gathering with lanyards and badges, which are common at conferences. The other statements are not supported by the visual evidence in the image.",true
11ab083a167f8ab37dac9ef1355ef9e00dac9e695d40ed9a24c08bdce2ca11f8,1,,false
11ab083a167f8ab37dac9ef1355ef9e00dac9e695d40ed9a24c08bdce2ca11f8,2,,false
4a55716215e2652cd7555c3a251876120e77b2b3152774486056580d9af23a55,0,"Answer: 2

The image shows a basketball game in progress. The players are wearing basketball uniforms, and a basketball is in the air, indicating that the primary activity is a basketball game. The court and the players' attire confirm this. The other statements about tennis and volleyball are not supported by the visual evidence in the image.",false
4a55716215e2652cd7555c3a251876120e77b2b3152774486056580d9af23a55,1,,true
4a55716215e2652cd7555c3a251876120e77b2b3152774486056580d9af23a55,2,,false
c004200a314e34687369e6850faa3f3a50f584226b5c2c88715090a02480e65e,0,"Answer: 3

The primary type of vegetation visible near the village in the image is palm trees. The image shows several palm trees scattered around the village area, which is a common type of vegetation in arid regions. The other statements are not grounded in the image as there are no pine trees or cactus plants visible.",false
c004200a314e34687369e6850faa3f3a50f584226b5c2c88715090a02480e65e,1,,false
c004200a314e34687369e6850faa3f3a50f584226b5c2c88715090a02480e65e,2,,true
31eac3d38e1dd3fb357103699b69c7f737dae921a15065e5fadadb9689d51e72,0,"Answer: 2

The kettle in the image has a copper-colored body, which indicates that it is primarily made of copper. The other two statements are not supported by what is visually seen in the image.",false
31eac3d38e1dd3fb357103699b69c7f737dae921a15065e5fadadb9689d51e72,1,,true
31eac3d38e1dd3fb357103699b69c7f737dae921a15065e5fadadb9689d51e72,2,,false
f2b1cfc324bc9574216fe703f42f0ac653d83b8c8e2b6ec52d486e54cdba045f,0,"Answer: 1

The image depicts a person engaged in fly fishing, as evidenced by the visible fishing rod and the person's posture and attire, which are typical for fly fishing. The presence of a mountainous landscape and trees further supports the outdoor setting commonly associated with fly fishing.

Statement 2 is false because there is no ice or equipment indicative of ice fishing in the image. Statement 3 is also false because deep-sea fishing typically involves large boats and equipment not present in the image.",true
f2b1cfc324bc9574216fe703f42f0ac653d83b8c8e2b6ec52d486e54cdba045f,1,,false
f2b1cfc324bc9574216fe703f42f0ac653d83b8c8e2b6ec52d486e54cdba045f,2,,false
323b0439f1ef36d65f21b5927916a99106da00859e5b829f98262fc0b939916c,0,"Answer: 1

The street market stall is located in a rustic urban setting with white buildings based on the architectural style in the background. The buildings have a worn and aged appearance, with visible signs of weathering and a simple, utilitarian design. The presence of power lines and the overall layout of the street also suggest a more traditional, less modern urban environment.

Statement 2 is False because the architectural style does not suggest a modern urban city. The buildings appear old and worn, which is not characteristic of modern urban architecture.

Statement 3 is False because the architectural style does not suggest a tropical beachside town. The buildings are not designed with beachside aesthetics, and the overall appearance is more urban and rustic rather than tropical.",true
323b0439f1ef36d65f21b5927916a99106da00859e5b829f98262fc0b939916c,1,,false
323b0439f1ef36d65f21b5927916a99106da00859e5b829f98262fc0b939916c,2,,false
e09c919bb6830ca2b9bec74e2830910f51c4a05d2aec41154de263677eea0029,0,"Answer: 3

The structure depicted in the image is a historical tomb or monument. The dome and arches are characteristic of traditional Islamic architecture, commonly found in historical monuments or tombs.

Statement 1: The structure depicted in the image is a public transportation hub. False. The architecture does not resemble a transportation hub, which typically has modern, functional designs with large open spaces and multiple entry points.

Statement 2: The structure depicted in the image is a modern government building. False. The architecture is not indicative of modern government buildings, which often have sleek, contemporary designs with glass and steel elements. This structure has a more traditional and historical appearance.",false
e09c919bb6830ca2b9bec74e2830910f51c4a05d2aec41154de263677eea0029,1,,false
e09c919bb6830ca2b9bec74e2830910f51c4a05d2aec41154de263677eea0029,2,,true
