id,statement_index,raw_prediction,prediction_parsed
39550e3c246330ee49d6f5a3f3889db8418aacf3d9ef71108ad4fb5fd27d7259,0,"Answer: 3

Q1: The single most distinctive visual feature in this image is the rugged desert mountain range with orange rock formations.
Q2: This feature directly supports statement 3.
Q3: For statement 1 to be true, the image would need to show a temperate forest with lush greenery, which is not present.
For statement 2 to be true, the image would need to show a tropical coastal area with sandy beaches, which is not present.
Q4: Therefore, statement 3 is grounded.",false
39550e3c246330ee49d6f5a3f3889db8418aacf3d9ef71108ad4fb5fd27d7259,1,,false
39550e3c246330ee49d6f5a3f3889db8418aacf3d9ef71108ad4fb5fd27d7259,2,,true
5f985ee30b7a618a99ff580a47522f7cc271a7a3b17ad62cc6c5859813f6d171,0,"Answer: 2

Q1: The single most distinctive visual feature in this image is the large, colorful graphics and text on the side of the bus, which appear to be cultural and historical in nature.

Q2: This feature directly supports statement 2, as it suggests that the bus is displaying cultural and historical exhibits.

Q3: For statement 1 to be true, the image would need to show the bus in a tourist area or with people who are not dressed for daily commuting. For statement 3 to be true, the image would need to show the bus in a typical commuter setting, such as a bus stop or a busy street with people dressed for daily activities.

Q4: Therefore, statement 2 is grounded.",false
5f985ee30b7a618a99ff580a47522f7cc271a7a3b17ad62cc6c5859813f6d171,1,,true
5f985ee30b7a618a99ff580a47522f7cc271a7a3b17ad62cc6c5859813f6d171,2,,false
4eaad96db51485f183fbe3ea0b14ef16e47e4daf99ef10fc29b51fee26d69b52,0,"Answer: 2

Q1: The single most distinctive visual feature in this image is the jeweled tiara worn with the decorated headscarf.

Q2: The feature directly supports statement 2, as the tiara is ornate and decorative, suggesting it is used for special occasions rather than a school uniform or sports activities.

Q3: For statement 1 to be true, the image would need to show the tiara as part of a school uniform, which is not present. For statement 3 to be true, the image would need to show the tiara being worn for sports activities, which is also not present.

Q4: Therefore, statement 2 is grounded.",false
4eaad96db51485f183fbe3ea0b14ef16e47e4daf99ef10fc29b51fee26d69b52,1,,true
4eaad96db51485f183fbe3ea0b14ef16e47e4daf99ef10fc29b51fee26d69b52,2,,false
38a6dc0eb0d96a64eda567173baab7698a6054f285cc82ee26d1b51658820a06,0,"Answer: 1

Q1: The single most distinctive visual feature in this image is the presence of a white flower with yellow centers, which appears to be a jasmine flower, floating on the surface of the tea.
Q2: This feature directly supports statement 3.
Q3: For statement 1 to be true, the image would need to show a visible mint leaf or a clear indication that mint is the primary ingredient. For statement 2 to be true, the image would need to show chamomile flowers or a clear indication that chamomile is the primary ingredient. Neither of these features is present in the image.
Q4: Therefore, statement 1 is the grounded statement.",true
38a6dc0eb0d96a64eda567173baab7698a6054f285cc82ee26d1b51658820a06,1,,false
38a6dc0eb0d96a64eda567173baab7698a6054f285cc82ee26d1b51658820a06,2,,false
6f0acf368620aba6c02fae6e97dc641c439de3d51333c1a0936753e3e8393c48,0,"Answer: 1

Q1: The single most distinctive visual feature in this image is the large, dome-shaped radar or sensor equipment mounted on top of the aircraft.
Q2: This feature directly supports statement 1, as it is a characteristic of military surveillance aircraft designed for reconnaissance and surveillance purposes.
Q3: For statement 2 to be true, the image would need to show a commercial passenger plane with no radar or sensor equipment on top. For statement 3 to be true, the image would need to show a cargo transport plane, which typically does not have such prominent radar equipment.
Q4: Therefore, statement 1 is grounded.",true
6f0acf368620aba6c02fae6e97dc641c439de3d51333c1a0936753e3e8393c48,1,,false
6f0acf368620aba6c02fae6e97dc641c439de3d51333c1a0936753e3e8393c48,2,,false
15d81593d6188c3cfc630067c02f70f97a60a7625023833410bc49ead618b773,0,"Answer: 3

Q1: The single most distinctive visual feature in this image is the person holding a bow and arrow, aiming at a target.

Q2: This feature directly supports statement 3, as it shows the person engaged in archery practice.

Q3: For statement 1 to be true, the image would need to show a fishing rod or fishing gear, which is not present.
For statement 2 to be true, the image would need to show a hunting weapon or hunting gear, which is not present.

Q4: Therefore, statement 3 is grounded.",false
15d81593d6188c3cfc630067c02f70f97a60a7625023833410bc49ead618b773,1,,false
15d81593d6188c3cfc630067c02f70f97a60a7625023833410bc49ead618b773,2,,true
3186adf7f819686f71839a1d9a48d43bf2970ec436a345dd705d8fc8f40cf717,0,"Answer: 2

Q1: The single most distinctive visual feature in this image is the burnt orange blazer with structured shoulders worn by the person.
Q2: Yes, that feature directly supports statement 2.
Q3: For statement 1 to be true, the image would need to show a black leather biker jacket, which is not present.
For statement 3 to be true, the image would need to show a casual denim jacket with patches, which is not present.
Q4: Therefore, statement 2 is grounded.",false
3186adf7f819686f71839a1d9a48d43bf2970ec436a345dd705d8fc8f40cf717,1,,true
3186adf7f819686f71839a1d9a48d43bf2970ec436a345dd705d8fc8f40cf717,2,,false
431192ee74f3c24a181452b35e20176a105560d01b79db447400d27f446bc30b,0,"Answer: 1

Q1: The single most distinctive visual feature in this image is the central medallion with a dome-like structure surrounded by floral patterns.
Q2: This feature directly supports statement 1, as the medallion and floral patterns are common in Islamic art and are often used in rugs associated with Muslim daily prayers.
Q3: For statement 2 to be true, the rug would need to show symbols or motifs commonly associated with Hindu meditation rituals, which are not present in the image.
For statement 3 to be true, the rug would need to show symbols or motifs commonly associated with Christian church services, which are not present in the image.
Q4: Therefore, statement 1 is grounded.",true
431192ee74f3c24a181452b35e20176a105560d01b79db447400d27f446bc30b,1,,false
431192ee74f3c24a181452b35e20176a105560d01b79db447400d27f446bc30b,2,,false
13f10cfb4aac3fbd382e210b09c44e70a80be386937aee9f84a3e36b70202564,0,"Answer: 3

Q1: The single most distinctive visual feature in this image is the large quantity of yellow oranges piled on the dock.
Q2: This feature directly supports statement 3, as the presence of oranges suggests that the boats are involved in fishing activities.
Q3: For statement 1 to be true, the image would need to show luxury yachts or boats designed for tourism. For statement 2 to be true, the image would need to show police patrol boats. Neither of these features is present in the image.
Q4: Therefore, statement 3 is grounded.",false
13f10cfb4aac3fbd382e210b09c44e70a80be386937aee9f84a3e36b70202564,1,,false
13f10cfb4aac3fbd382e210b09c44e70a80be386937aee9f84a3e36b70202564,2,,true
f08128c6e27b047e6f33a7b12a8be07eeffb9b812e344c43810e9300f7933942,0,"Answer: 1

Q1: The single most distinctive visual feature in this image is the mosque with two tall minarets and a large central dome.
Q2: Yes, that feature directly supports statement 1.
Q3: For statement 2 to be true, the image would need to show a pagoda-style roof and wooden beams, which are not present in the image.
Q4: Therefore, statement 1 is grounded.",true
f08128c6e27b047e6f33a7b12a8be07eeffb9b812e344c43810e9300f7933942,1,,false
f08128c6e27b047e6f33a7b12a8be07eeffb9b812e344c43810e9300f7933942,2,,false
4701f69d7028310325d3b8746d76691140e64c4caa0385f64a0c5a805d5bb417,0,"Answer: 2

Q1: The single most distinctive visual feature in this image is the tall sandstone formations.
Q2: Yes, that feature directly supports statement 2.
Q3: For statement 1 to be true, the image would need to show a lush forest with waterfalls, which is not present.
For statement 3 to be true, the image would need to show a snowy mountain range, which is not present.
Q4: Therefore, statement 2 is grounded.",false
4701f69d7028310325d3b8746d76691140e64c4caa0385f64a0c5a805d5bb417,1,,true
4701f69d7028310325d3b8746d76691140e64c4caa0385f64a0c5a805d5bb417,2,,false
40cc444afe6647f21b3f74100ccadf5e22cae49eb7849b11547127abef202a40,0,"Answer: 3

Q1: The single most distinctive visual feature in this image is the text overlay on the image that reads ""Algerian Vermicelli Soup - Chorba Vermicelle.""

Q2: This feature directly supports statement 3, as it explicitly mentions that the soup is associated with Algeria.

Q3: For statement 1 to be true, the image would need to show a visual feature that is most closely associated with India, such as specific ingredients or a recognizable style that is unique to Indian cuisine. For statement 2 to be true, the image would need to show a visual feature that is most closely associated with Italy, such as ingredients or a style that is unique to Italian cuisine. Neither of these features is present in the image.

Q4: Therefore, statement 3 is grounded.",false
40cc444afe6647f21b3f74100ccadf5e22cae49eb7849b11547127abef202a40,1,,false
40cc444afe6647f21b3f74100ccadf5e22cae49eb7849b11547127abef202a40,2,,true
b2960a3818d96f79756dc9b546c3050647565534e55c17f92eb2adbdf4965375,0,"Answer: 1

Q1: The single most distinctive visual feature in this image is the runner's attire, which includes a white tank top, black shorts, red compression socks, and blue running shoes.
Q2: This feature directly supports statement 1.
Q3: For statement 2 to be true, the runner would need to be wearing a red jacket, black jeans, hiking boots, and a scarf, none of which are present in the image.
Q4: Therefore, statement 1 is grounded.",true
b2960a3818d96f79756dc9b546c3050647565534e55c17f92eb2adbdf4965375,1,,false
b2960a3818d96f79756dc9b546c3050647565534e55c17f92eb2adbdf4965375,2,,false
62e90e2f6be94e3d441b90602c2b748b827e58d44250926aa008b0ce4ea9b159,0,"Answer: 1

Q1: The single most distinctive visual feature in this image is the presence of a group of sheep being herded by individuals, with some of the sheep having red markings on their backs.

Q2: This feature directly supports statement 1, as the presence of livestock and the way they are being managed suggests a religious ritual involving animals.

Q3: For statement 2 to be true, the image would need to show a setting that resembles an auction, such as a designated area for bidding or a crowd of people bidding on the livestock. This is not present in the image.

Q4: Therefore, statement 1 is grounded.",true
62e90e2f6be94e3d441b90602c2b748b827e58d44250926aa008b0ce4ea9b159,1,,false
62e90e2f6be94e3d441b90602c2b748b827e58d44250926aa008b0ce4ea9b159,2,,false
bc223d547760f8808409711e32d8dbbf801867e8713f8ae51abcb2c0d02566e4,0,"Answer: 3

Q1: The single most distinctive visual feature in this image is the intricate filigree and enamel work on the pendant.
Q2: This feature does not directly support statement 1, as the design does not suggest it is specifically for holding religious scriptures.
Q3: For statement 2 to be true, the image would need to show the pendant being used as a compact mirror case, which it does not.
For statement 1 to be true, the image would need to show the pendant being used to hold small religious scriptures, which it does not.
Therefore, the image does not support statements 1 and 2, and the only grounded statement is 3.",false
bc223d547760f8808409711e32d8dbbf801867e8713f8ae51abcb2c0d02566e4,1,,false
bc223d547760f8808409711e32d8dbbf801867e8713f8ae51abcb2c0d02566e4,2,,true
a5f556cefa064d136c22b8c06b2785e9d9fd17064513b377896ed5a183000366,0,"Answer: 3

Q1: The single most distinctive visual feature in this image is the set of decorative ceramic plates with floral designs.
Q2: This feature directly supports statement 1, as there is no bowl of fruit visible in the image.
Q3: For statement 2 to be true, the image would need to show no decorative ceramic plates. This is not present.
Q4: Therefore, statement 1 is grounded.",false
a5f556cefa064d136c22b8c06b2785e9d9fd17064513b377896ed5a183000366,1,,false
a5f556cefa064d136c22b8c06b2785e9d9fd17064513b377896ed5a183000366,2,,true
95c3deb1e6d8505899f1da230ed1f9fc984e741b8c9f40425f88ddbcf5c947ba,0,"Answer: 3

Q1: The single most distinctive visual feature in this image is the large vessel with ""RESCUE ZONE"" written on its side.
Q2: This feature directly supports statement 3, as it indicates that the vessel is a rescue vessel.
Q3: For statement 1 to be true, the image would need to show a cargo ship, which it does not. For statement 2 to be true, the image would need to show a fishing boat, which it does not.
Q4: Therefore, statement 3 is grounded.",false
95c3deb1e6d8505899f1da230ed1f9fc984e741b8c9f40425f88ddbcf5c947ba,1,,false
95c3deb1e6d8505899f1da230ed1f9fc984e741b8c9f40425f88ddbcf5c947ba,2,,true
853c3cc79483c345ffa2762b690d6f17d873314b1025a2822ba6ff6e9eec9381,0,"Answer: 1

Q1: The single most distinctive visual feature in this image is the rock formations and sand dunes.
Q2: Yes, that feature directly supports statement 1.
Q3: For statement 2 to be true, the image would need to show a coastal beach with sea cliffs, which is not present.
For statement 3 to be true, the image would need to show a mountainous forest with rivers, which is not present.
Q4: Therefore, statement 1 is grounded.",true
853c3cc79483c345ffa2762b690d6f17d873314b1025a2822ba6ff6e9eec9381,1,,false
853c3cc79483c345ffa2762b690d6f17d873314b1025a2822ba6ff6e9eec9381,2,,false
4030235e980ca962459e0fb568e5a9f9da5f802d0b12d2c7b147023872732333,0,"Answer: 2

Q1: The single most distinctive visual feature in this image is the ornate design and gold accents on the teapot and cups.

Q2: The ornate design and gold accents directly support statement 2, as these features are characteristic of tea sets used for serving tea and other beverages.

Q3: For statement 1 to be true, the image would need to show the teapot and cups in a living room setting. For statement 3 to be true, the image would need to show the teapot and cups being used to store food items, which is not present in the image.

Q4: Therefore, statement 2 is grounded.",false
4030235e980ca962459e0fb568e5a9f9da5f802d0b12d2c7b147023872732333,1,,true
4030235e980ca962459e0fb568e5a9f9da5f802d0b12d2c7b147023872732333,2,,false
c8db077a0919b5ccb2c27f5cde87bce0ba8adad1373209c479024492c96a64e5,0,"Answer: 3

Q1: The single most distinctive visual feature in this image is the backdrop with the text ""MISS USA"" and ""Las Vegas.""

Q2: This feature directly supports statement 3, as the backdrop clearly mentions ""Las Vegas.""

Q3: For statement 1 to be true, the backdrop would need to mention ""Los Angeles."" For statement 2 to be true, the backdrop would need to mention ""New York City."" Neither of these features is present in the image.

Q4: Therefore, statement 3 is grounded.",false
c8db077a0919b5ccb2c27f5cde87bce0ba8adad1373209c479024492c96a64e5,1,,false
c8db077a0919b5ccb2c27f5cde87bce0ba8adad1373209c479024492c96a64e5,2,,true
6d7552ee0748b7c24fcc23c07a3ebd549228922288d7cc1dfe4dee522ac5f235,0,"Answer: 3

Q1: The single most distinctive visual feature in this image is the large, illuminated cave with clear blue water inside it.

Q2: This feature directly supports statement 3, as it shows people swimming and boating within the cave.

Q3: For statement 1 to be true, the image would need to show people engaging in rock climbing within the cave. For statement 2 to be true, the image would need to show people camping within the cave. Neither of these activities is depicted in the image.

Q4: Therefore, statement 3 is grounded.",false
6d7552ee0748b7c24fcc23c07a3ebd549228922288d7cc1dfe4dee522ac5f235,1,,false
6d7552ee0748b7c24fcc23c07a3ebd549228922288d7cc1dfe4dee522ac5f235,2,,true
e9fd9b635b64a7ee090d4ab9da281209da8958037fe9103200260a27bd239c99,0,"Answer: 1

Q1: The single most distinctive visual feature in this image is the large, dome-shaped structure made of stone.
Q2: This feature directly supports statement 1, as it resembles the structure of an ancient tomb or monument.
Q3: For statement 2 to be true, the image would need to show a structure resembling a Roman amphitheater, which is not present.
For statement 3 to be true, the image would need to show a structure resembling a medieval castle, which is not present.
Q4: Therefore, statement 1 is grounded.",true
e9fd9b635b64a7ee090d4ab9da281209da8958037fe9103200260a27bd239c99,1,,false
e9fd9b635b64a7ee090d4ab9da281209da8958037fe9103200260a27bd239c99,2,,false
8dba00bbbea7bea5f59da101b271732df61c920732fba975fe34603d5770afe7,0,"Answer: 3

Q1: The single most distinctive visual feature in this image is the intricate geometric pattern and the border designs.

Q2: This feature directly supports statement 3, as prayer rugs often feature elaborate geometric patterns and decorative borders.

Q3: For statement 1 to be true, the image would need to show the object as a flat, elongated piece intended for placement on a table. For statement 2 to be true, the image would need to show the object as a hanging piece of fabric intended for wall decoration.

Q4: Therefore, statement 3 is grounded.",false
8dba00bbbea7bea5f59da101b271732df61c920732fba975fe34603d5770afe7,1,,false
8dba00bbbea7bea5f59da101b271732df61c920732fba975fe34603d5770afe7,2,,true
1515019169ee631548a685651fc7c9d9f01afc60fcea04babc3aefb3cab124d2,0,"Answer: 1

Q1: The single most distinctive visual feature in this image is the long, elegant gray coat with ribbed sleeves and a belted waist.
Q2: Yes, that feature directly supports statement 1.
Q3: For statement 2 to be true, the coat would need to be bright-colored and have floral patterns, which is not present in the image.
Q4: Therefore, statement 1 is grounded.",true
1515019169ee631548a685651fc7c9d9f01afc60fcea04babc3aefb3cab124d2,1,,false
1515019169ee631548a685651fc7c9d9f01afc60fcea04babc3aefb3cab124d2,2,,false
c94f2378f0c87445df82b24cac7c15dcc4b5ca1f64bf9b6c9341a1c6e4e92a32,0,"Answer: 1

Q1: The single most distinctive visual feature in this image is the line of camels being led by people across a desert landscape.

Q2: This feature directly supports statement 1, as it depicts a caravan of camels, which is consistent with desert trekking.

Q3: For statement 2 to be true, the image would need to show camels racing, which is not present in the image. For statement 3 to be true, the image would need to show hunting activities, which is also not present.

Q4: Therefore, statement 1 is grounded.",true
c94f2378f0c87445df82b24cac7c15dcc4b5ca1f64bf9b6c9341a1c6e4e92a32,1,,false
c94f2378f0c87445df82b24cac7c15dcc4b5ca1f64bf9b6c9341a1c6e4e92a32,2,,false
2571c59db69638eca0d5bef88d7e8725b411dcf07dbd18afa96bc8ca4b4c575f,0,"Answer: 3

Q1: The single most distinctive visual feature in this image is the large, circular, stone structure with a series of steps leading up to it.

Q2: This feature directly supports statement 3, as it resembles the design of a Roman amphitheater.

Q3: For statement 1 to be true, the image would need to show a fortified structure with towers and walls, which is not present. For statement 2 to be true, the image would need to show a structure specifically designed for a royal burial site, which is also not present.

Q4: Therefore, statement 3 is grounded.",false
2571c59db69638eca0d5bef88d7e8725b411dcf07dbd18afa96bc8ca4b4c575f,1,,false
2571c59db69638eca0d5bef88d7e8725b411dcf07dbd18afa96bc8ca4b4c575f,2,,true
e7f60dd1952c62677b6dd6ce1305951631cbbbbc404e174796558660014cbaf8,0,"Answer: 3

Q1: The single most distinctive visual feature in this image is the presence of a person in a wheelchair and a person in medical scrubs.
Q2: This feature directly supports statement 3, as it indicates a medical setting.
Q3: For statement 1 to be true, the image would need to show a courtroom setting, which includes elements like a judge's bench, legal documents, and courtroom decor. For statement 2 to be true, the image would need to show a classroom setting, which includes elements like desks, chairs, and educational materials. Neither of these elements is present in the image.
Q4: Therefore, statement 3 is grounded.",false
e7f60dd1952c62677b6dd6ce1305951631cbbbbc404e174796558660014cbaf8,1,,false
e7f60dd1952c62677b6dd6ce1305951631cbbbbc404e174796558660014cbaf8,2,,true
09f1068fd4bc7bec23092ddd069d4262996dc9a5790233d64b2357c35c43bbc3,0,"Answer: 2

Q1: The single most distinctive visual feature in this image is the person holding a camera and standing on a sand dune.

Q2: This feature directly supports statement 1, as the person is holding a camera, indicating they are likely engaged in photography.

Q3: For statement 2 to be true, the image would need to show the person actively sandboarding, which is not present in the image. For statement 3 to be true, the image would need to show the person hiking, which is also not present in the image.

Q4: Therefore, statement 2 is grounded.",false
09f1068fd4bc7bec23092ddd069d4262996dc9a5790233d64b2357c35c43bbc3,1,,true
09f1068fd4bc7bec23092ddd069d4262996dc9a5790233d64b2357c35c43bbc3,2,,false
84fab13f96e838eab5ed60534d733e6cabf0ab9f1936a797cc93c35f6ea3c2d8,0,"Answer: 1

Q1: The single most distinctive visual feature in this image is the woven straw bags and the stack of straw mats.

Q2: Yes, that feature directly supports statement 1.

Q3: For statement 2 to be true, the image would need to show the bags and mats as decorative wall hangings, which is not present.
For statement 3 to be true, the image would need to show the bags and mats as containers for storing liquids, which is not present.

Q4: Therefore, statement 1 is grounded.",true
84fab13f96e838eab5ed60534d733e6cabf0ab9f1936a797cc93c35f6ea3c2d8,1,,false
84fab13f96e838eab5ed60534d733e6cabf0ab9f1936a797cc93c35f6ea3c2d8,2,,false
129215dbc8d8f471c55ad54d930bf74178b998b7477814b303506df5467424f9,0,"Answer: 2

Q1: The single most distinctive visual feature in this image is the prominent domes on the top of the building.
Q2: Yes, the domes directly support statement 2.
Q3: For statement 1 to be true, the image would need to show pyramids, which are not present.
For statement 3 to be true, the image would need to show spiral towers, which are not present.
Q4: Therefore, statement 2 is grounded.",false
129215dbc8d8f471c55ad54d930bf74178b998b7477814b303506df5467424f9,1,,true
129215dbc8d8f471c55ad54d930bf74178b998b7477814b303506df5467424f9,2,,false
9212d047d787162f71fc597ad55df5a4c1b665e66240d4749807f3da3aae226c,0,"Answer: 2

Q1: The single most distinctive visual feature in this image is the boys wearing maroon vests and white shirts, which are part of a formal school uniform.

Q2: This feature directly supports statement 2, as the boys are indeed wearing formal school uniforms.

Q3: For statement 1 to be true, the image would need to show the boys wearing sports uniforms, which are typically different from formal school uniforms. For statement 3 to be true, the image would need to show the boys wearing casual attire, which is also different from the formal school uniforms they are wearing.

Q4: Therefore, statement 2 is grounded in the image.",false
9212d047d787162f71fc597ad55df5a4c1b665e66240d4749807f3da3aae226c,1,,true
9212d047d787162f71fc597ad55df5a4c1b665e66240d4749807f3da3aae226c,2,,false
651dc2d9956251af80f32b3a1cb2d40f2ff45e482ed0e6daefc9f1f1dec8b380,0,"Answer: 1

Q1: The single most distinctive visual feature in this image is the thick, wooden block heel of the sandal.

Q2: Yes, that feature directly supports statement 1, as the wedge heel is characterized by its thick, block-like structure.

Q3: For statement 2 to be true, the image would need to show a sandal with a block heel that is not thick and block-like, but rather a more uniform, narrow heel. For statement 3 to be true, the image would need to show a sandal with a stiletto heel, which is a thin, high heel that tapers down to a pointed tip. Neither of these features is present in the image.

Q4: Therefore, statement 1 is grounded.",true
651dc2d9956251af80f32b3a1cb2d40f2ff45e482ed0e6daefc9f1f1dec8b380,1,,false
651dc2d9956251af80f32b3a1cb2d40f2ff45e482ed0e6daefc9f1f1dec8b380,2,,false
47fb4cc67c7de0ac76a159e8eb8e160686bf80a8b2f823aa7f607c57a7af0355,0,"Answer: 1

Q1: The single most distinctive visual feature in this image is the engine compartment with various mechanical components and the car's branding.

Q2: This feature directly supports statement 1, as it clearly shows the engine and related components housed within the car's engine compartment.

Q3: For statement 2 to be true, the image would need to show personal items stored in the engine compartment, which is not present in the image.
For statement 3 to be true, the image would need to show cooling elements such as radiators or cooling fans, which are not clearly visible in the image.

Q4: Therefore, statement 1 is grounded.",true
47fb4cc67c7de0ac76a159e8eb8e160686bf80a8b2f823aa7f607c57a7af0355,1,,false
47fb4cc67c7de0ac76a159e8eb8e160686bf80a8b2f823aa7f607c57a7af0355,2,,false
3a27cf97aa63e2e506eed5a3933ac870fb7c316364f03c3e9c1e9480c92fe2b2,0,"Answer: 2

Q1: The single most distinctive visual feature in this image is the luxurious and spacious interior of the private jet, with plush seating, a table with a glass of orange juice, and a high-end design.

Q2: This feature directly supports statement 2, as the luxurious and spacious interior is indicative of luxury air travel.

Q3: For statement 1 to be true, the image would need to show military insignia, markings, or equipment typically associated with military air transport, which is not present in the image. For statement 3 to be true, the image would need to show seating and amenities typical of commercial airline travel, such as economy-class seats and overhead compartments, which are not present in the image.

Q4: Therefore, statement 2 is grounded.",false
3a27cf97aa63e2e506eed5a3933ac870fb7c316364f03c3e9c1e9480c92fe2b2,1,,true
3a27cf97aa63e2e506eed5a3933ac870fb7c316364f03c3e9c1e9480c92fe2b2,2,,false
ae140bcb0ca783c2a56438565507556547c6ce5f5d1f269bedf91daefaf271ce,0,"Answer: 1

Q1: The single most distinctive visual feature in this image is the red carpet.
Q2: The red carpet directly supports statement 1, as red carpets are commonly associated with film festivals and other high-profile events.
Q3: For statement 2 to be true, the image would need to show a formal setting with business attire and a structured agenda, which is not present.
For statement 3 to be true, the image would need to show a casual and relaxed atmosphere, which is not present.
Q4: Therefore, statement 1 is grounded.",true
ae140bcb0ca783c2a56438565507556547c6ce5f5d1f269bedf91daefaf271ce,1,,false
ae140bcb0ca783c2a56438565507556547c6ce5f5d1f269bedf91daefaf271ce,2,,false
6ae8c37b60d9994eb7d60bd9d36bd77487c555d7580697b17cd60467e11280df,0,"Answer: 3

Q1: The single most distinctive visual feature in this image is the large, illuminated sign that reads ""MoMA"" on the right section of the image.

Q2: This feature directly supports statement 3, as it is the name of the Museum of Modern Art (MoMA).

Q3: For statement 1 to be true, the image would need to show a corporate office building entrance, which is not present in the image. For statement 2 to be true, the image would need to show a shopping mall entrance, which is also not present in the image.

Q4: Therefore, statement 3 is grounded.",false
6ae8c37b60d9994eb7d60bd9d36bd77487c555d7580697b17cd60467e11280df,1,,false
6ae8c37b60d9994eb7d60bd9d36bd77487c555d7580697b17cd60467e11280df,2,,true
03783038c9e119decab0f571c4d4ea1ecddb201279dcad38f8362879bf6531cc,0,"Answer: 1

Q1: The single most distinctive visual feature in this image is the man playing a large drum with a string attached to it, and another man playing a drum with a string attached to it.

Q2: This feature directly supports statement 1, as it indicates a cultural music performance.

Q3: For statement 2 to be true, the image would need to show a formal business setting with people in suits and ties, which is not present.
For statement 3 to be true, the image would need to show a sports competition with athletes and sports equipment, which is not present.

Q4: Therefore, statement 1 is grounded.",true
03783038c9e119decab0f571c4d4ea1ecddb201279dcad38f8362879bf6531cc,1,,false
03783038c9e119decab0f571c4d4ea1ecddb201279dcad38f8362879bf6531cc,2,,false
8497eecafff7982cf7e1f1909cce8eb1f3dcdc16aee114be6c53d55ea41c8de6,0,"Answer: 3

Q1: The single most distinctive visual feature in this image is the row of lit oil lamps (diyas) arranged in a line.

Q2: This feature directly supports statement 3, as Diwali is a festival in Hindu culture where oil lamps are commonly used.

Q3: For statement 1 to be true, the image would need to show the oil lamps being used during Raksha Bandhan, which is not present in the image.
For statement 2 to be true, the image would need to show the oil lamps being used during Holi, which is also not present in the image.

Q4: Therefore, the statement grounded in the image is statement 3.",false
8497eecafff7982cf7e1f1909cce8eb1f3dcdc16aee114be6c53d55ea41c8de6,1,,false
8497eecafff7982cf7e1f1909cce8eb1f3dcdc16aee114be6c53d55ea41c8de6,2,,true
6ed4c9f1c238bb58b061a6690fc12c33b56a01c646a35ab33686b2bcc404595a,0,"Answer: 1

Q1: The single most distinctive visual feature in this image is the striped structure visible near the ruins.

Q2: The striped structure does not directly support statement 1, 2, or 3.

Q3: For statement 2 to be true, the image would need to show the striped structure being located near a beach or water body, which is not present in the image. For statement 3 to be true, the image would need to show the striped structure being located near a storage area or a place where items are stored, which is also not present in the image.

Q4: Therefore, the statement grounded in the image is statement 1.",true
6ed4c9f1c238bb58b061a6690fc12c33b56a01c646a35ab33686b2bcc404595a,1,,false
6ed4c9f1c238bb58b061a6690fc12c33b56a01c646a35ab33686b2bcc404595a,2,,false
cf6c9311991c7005203c8e9d0f70a7139f0e9cd81948ebf1a2fa3d8727f07a51,0,"Answer: 1

Q1: The single most distinctive visual feature in this image is the traditional attire worn by the individuals, including the white thobe, black agal, and gold embroidery.

Q2: This feature directly supports statement 1, as the traditional attire and lanyards suggest they might be attending a formal event, possibly a sports event.

Q3: For statement 2 to be true, the image would need to show decorations or elements typical of a wedding ceremony, such as a decorated venue or wedding attire. For statement 3 to be true, the image would need to show a more casual setting or attire, which is not present in the image.

Q4: Therefore, statement 1 is grounded in the image.",true
cf6c9311991c7005203c8e9d0f70a7139f0e9cd81948ebf1a2fa3d8727f07a51,1,,false
cf6c9311991c7005203c8e9d0f70a7139f0e9cd81948ebf1a2fa3d8727f07a51,2,,false
24b619add0d1ccb032a2d128a8a18828351a76a68df2cdde27cf69f56b22e46d,0,"Answer: 1

Q1: The single most distinctive visual feature in this image is the large number of cars parked in an organized manner.
Q2: This feature directly supports statement 1, as it shows cargo ships docked in the port area.
Q3: For statement 2 to be true, the image would need to show fishing boats docked in the port area, which is not present.
Q4: Therefore, statement 1 is grounded.",true
24b619add0d1ccb032a2d128a8a18828351a76a68df2cdde27cf69f56b22e46d,1,,false
24b619add0d1ccb032a2d128a8a18828351a76a68df2cdde27cf69f56b22e46d,2,,false
d1133e8edc66b3b8776417c0464c623fc4044d24cd83ada3f091f95d4ffbbc97,0,"Answer: 2

Q1: The single most distinctive visual feature in this image is the tomato roses garnishing the dish.

Q2: The tomato roses are visually appealing and serve as decorative garnishes, supporting statement 2.

Q3: For statement 1 to be true, the image would need to show the tomato roses being used in the cooking process, which is not present. For statement 3 to be true, the image would need to show the tomato roses as a source of protein, which is also not present.

Q4: Therefore, statement 2 is grounded.",false
d1133e8edc66b3b8776417c0464c623fc4044d24cd83ada3f091f95d4ffbbc97,1,,true
d1133e8edc66b3b8776417c0464c623fc4044d24cd83ada3f091f95d4ffbbc97,2,,false
8d0ac4028d178afeee886e4651f03d1092326299ba3c3ecb7f2493fb78fb0bee,0,"Answer: 2

Q1: The single most distinctive visual feature in this image is the minaret.
Q2: The minaret directly supports statement 2, as it is commonly used to call for prayer (Adhan).
Q3: For statement 1 to be true, the image would need to show the minaret being used to store religious artifacts, which is not present.
For statement 3 to be true, the image would need to show the minaret providing shelter for visitors, which is not present.
Q4: Therefore, statement 2 is grounded.",false
8d0ac4028d178afeee886e4651f03d1092326299ba3c3ecb7f2493fb78fb0bee,1,,true
8d0ac4028d178afeee886e4651f03d1092326299ba3c3ecb7f2493fb78fb0bee,2,,false
f2e4eaacb50d09353ca664e50938174235e25df035f08e29c0f1178db47c5566,0,"Answer: 1

Q1: The single most distinctive visual feature in this image is the building's unique, angular design with illuminated red lines.
Q2: This feature does not directly support any of the statements, as it does not provide information about the building's primary function.
Q3: For Statement 2 to be true, the image would need to show residential units and apartment-like structures. For Statement 3 to be true, the image would need to show shops, retail spaces, or a shopping mall layout. Neither of these elements are present in the image.
Q4: Therefore, Statement 1 is grounded.",true
f2e4eaacb50d09353ca664e50938174235e25df035f08e29c0f1178db47c5566,1,,false
f2e4eaacb50d09353ca664e50938174235e25df035f08e29c0f1178db47c5566,2,,false
322ec782a08eccba628addde6e3e75cdb65cd1696f94ba7afd0e21a695b8569b,0,"Answer: 2

Q1: The single most distinctive visual feature in this image is the plate of stuffed grape leaves with lemon wedges on the right side.
Q2: This feature directly supports statement 2, as dates are traditionally used to break the fast during Ramadan.
Q3: For statement 1 to be true, the image would need to show a dish containing stuffed grape leaves. For statement 3 to be true, the image would need to show a dish containing rice. Neither of these features is present in the image.
Q4: Therefore, statement 2 is grounded.",false
322ec782a08eccba628addde6e3e75cdb65cd1696f94ba7afd0e21a695b8569b,1,,true
322ec782a08eccba628addde6e3e75cdb65cd1696f94ba7afd0e21a695b8569b,2,,false
c91e4c3f9739ebf7121813f888f1952f5c16cef9680cdbaa1e385908fd5120c6,0,"Answer: 1

Q1: The single most distinctive visual feature in this image is the large blue sign with ""Gulf Air"" prominently displayed above the grandstands.

Q2: Yes, that feature directly supports statement 1.

Q3: For statement 2 to be true, the image would need to show a prominent display of Rolex. The image does not show any Rolex branding.
For statement 3 to be true, the image would need to show a prominent display of Emirates. The image does not show any Emirates branding.

Q4: Therefore, the statement grounded in the image is statement 1.",true
c91e4c3f9739ebf7121813f888f1952f5c16cef9680cdbaa1e385908fd5120c6,1,,false
c91e4c3f9739ebf7121813f888f1952f5c16cef9680cdbaa1e385908fd5120c6,2,,false
298509572e3a7162626ea3fcbb3bda2e37a62075c06163b9b8ffff93b60ee5c3,0,"Answer: 3

Q1: The single most distinctive visual feature in this image is the cylindrical object being shaped on a potter's wheel.

Q2: This feature directly supports statement 3, as pottery making involves shaping clay on a potter's wheel.

Q3: For statement 1 to be true, the image would need to show a person blowing into a molten glass object. For statement 2 to be true, the image would need to show a person carving wood with tools. Neither of these features is present in the image.

Q4: Therefore, statement 3 is grounded.",false
298509572e3a7162626ea3fcbb3bda2e37a62075c06163b9b8ffff93b60ee5c3,1,,false
298509572e3a7162626ea3fcbb3bda2e37a62075c06163b9b8ffff93b60ee5c3,2,,true
3e8b2d988a32d1982b1b872524d6fab6f9ae61c032a9b39a06770f79ae695014,0,"Answer: 2

Q1: The single most distinctive visual feature in this image is the large, ornate red and gold patterned rug and the matching red and gold patterned cushions on the seating arrangement.

Q2: This feature directly supports statement 2, as the seating arrangement is designed for traditional communal seating, which is often characterized by such elaborate and colorful patterns.

Q3: For statement 1 to be true, the image would need to show a dining table and chairs, which are not present. For statement 3 to be true, the image would need to show an office setting with desks, chairs, and office equipment, which are also not present.

Q4: Therefore, statement 2 is grounded.",false
3e8b2d988a32d1982b1b872524d6fab6f9ae61c032a9b39a06770f79ae695014,1,,true
3e8b2d988a32d1982b1b872524d6fab6f9ae61c032a9b39a06770f79ae695014,2,,false
c5600b20c1e8d441c4d1cadabc9cf75cb6713651f7b776ae1b036c6d5afa0628,0,"Answer: 1

Q1: The single most distinctive visual feature in this image is the long gooseneck spout of the kettle.

Q2: Yes, that feature directly supports statement 1.

Q3: For statement 2 to be true, the image would need to show a circular lid that is suitable for precise pouring. This is not present in the image.
For statement 3 to be true, the image would need to show that the black color of the kettle is suitable for precise pouring. This is not present in the image.

Q4: Therefore, the statement grounded in the image is statement 1.",true
c5600b20c1e8d441c4d1cadabc9cf75cb6713651f7b776ae1b036c6d5afa0628,1,,false
c5600b20c1e8d441c4d1cadabc9cf75cb6713651f7b776ae1b036c6d5afa0628,2,,false
069b13c415ef2f565356b87226737992a345bd9b5c54ab3dee3410756c010819,0,"Answer: 2

Q1: The single most distinctive visual feature in this image is the Arabic calligraphy wall piece.
Q2: Yes, that feature directly supports statement 2.
Q3: For statement 1 to be true, the image would need to show the Arabic calligraphy wall piece made of plastic. For statement 3 to be true, the image would need to show the Arabic calligraphy wall piece made of wood. Neither of these conditions is met in the image.
Q4: Therefore, statement 2 is grounded.",false
069b13c415ef2f565356b87226737992a345bd9b5c54ab3dee3410756c010819,1,,true
069b13c415ef2f565356b87226737992a345bd9b5c54ab3dee3410756c010819,2,,false
744da12c3e94a02f3f32cceac55188260053c27ebdb862b3da7a3054b210f359,0,"Answer: 3

Q1: The single most distinctive visual feature in this image is the flagpole with the red flag flying above the fort.

Q2: The presence of the flagpole with the red flag does not directly support any of the statements about the fort's name.

Q3: For Statement 1 (Arad Fort) to be true, the image would need to show a fort called Arad Fort. For Statement 2 (Riffa Fort) to be true, the image would need to show a fort called Riffa Fort. Neither of these features is present in the image.

Q4: Therefore, the statement that is grounded is Statement 3 (Qal'at al-Bahrain), as the fort shown in the image is indeed Qal'at al-Bahrain.",false
744da12c3e94a02f3f32cceac55188260053c27ebdb862b3da7a3054b210f359,1,,false
744da12c3e94a02f3f32cceac55188260053c27ebdb862b3da7a3054b210f359,2,,true
d9847923f255a93244d606ec4e743b39a63f47038889bcc93e0cfe4a49ad4f7e,0,"Answer: 3

Q1: The single most distinctive visual feature in this image is a single chair placed on a red carpet.
Q2: This feature directly supports statement 3.
Q3: For statement 1 to be true, the image would need to show a chandelier hanging from the ceiling, which is not present.
For statement 2 to be true, the image would need to show a fountain at the end of the corridor, which is not present.
Q4: Therefore, statement 3 is grounded.",false
d9847923f255a93244d606ec4e743b39a63f47038889bcc93e0cfe4a49ad4f7e,1,,false
d9847923f255a93244d606ec4e743b39a63f47038889bcc93e0cfe4a49ad4f7e,2,,true
7bfddd27d687ac68b67a65a47e7af825837a83f969024158b0f403377428e30a,0,"Answer: 3

Q1: The single most distinctive visual feature in this image is the curved body and the series of pegs and strings.
Q2: This feature directly supports statement 3, as the Oud has a similar body shape and pegs.
Q3: For statement 1 to be true, the image would need to show a different body shape and fewer pegs, typical of a Guitar. For statement 2 to be true, the image would need to show a different body shape and fewer pegs, typical of a Violin.
Q4: Therefore, statement 3 is grounded.",false
7bfddd27d687ac68b67a65a47e7af825837a83f969024158b0f403377428e30a,1,,false
7bfddd27d687ac68b67a65a47e7af825837a83f969024158b0f403377428e30a,2,,true
f8309d0e45c4eed932b1039bed724df16138a3fa96f8d026c0cec7c76fef8bbd,0,"Answer: 1

Q1: The single most distinctive visual feature in this image is the bronze color and texture of the equestrian statue.
Q2: Yes, the bronze color and texture directly support statement 1.
Q3: For statement 2 to be true, the statue would need to show a wooden texture, which is not present in the image.
Q4: Therefore, statement 1 is grounded.",true
f8309d0e45c4eed932b1039bed724df16138a3fa96f8d026c0cec7c76fef8bbd,1,,false
f8309d0e45c4eed932b1039bed724df16138a3fa96f8d026c0cec7c76fef8bbd,2,,false
fb4c294140d448fe8cb747bb92b2a466e1aa8e53d2abd2a123ec03562f78c7e6,0,"Answer: 3

Q1: The single most distinctive visual feature in this image is the presence of modern high-rise buildings.
Q2: This feature directly supports statement 3.
Q3: For statement 1 to be true, the image would need to show a coastal town with small shops, which is not present.
For statement 2 to be true, the image would need to show a rural village with traditional houses, which is not present.
Q4: Therefore, statement 3 is grounded.",false
fb4c294140d448fe8cb747bb92b2a466e1aa8e53d2abd2a123ec03562f78c7e6,1,,false
fb4c294140d448fe8cb747bb92b2a466e1aa8e53d2abd2a123ec03562f78c7e6,2,,true
d825c5f93c24b6498e06d67c4a39e6165ee7fe8b3a90639b616fe694fc082510,0,"Answer: 1

Q1: The single most distinctive visual feature in this image is the variety of cured meats, such as salami, prosciutto, and other charcuterie items, prominently displayed on the charcuterie board.

Q2: This feature directly supports statement 3, as it shows a variety of cured meats, including salami, which is commonly included on a charcuterie board.

Q3: For statement 1 to be true, the image would need to show fried chicken, which is not present in the image. For statement 2 to be true, the image would need to show fresh fruits like figs, which are present in the image.

Q4: Therefore, statement 1 is the grounded statement.",true
d825c5f93c24b6498e06d67c4a39e6165ee7fe8b3a90639b616fe694fc082510,1,,false
d825c5f93c24b6498e06d67c4a39e6165ee7fe8b3a90639b616fe694fc082510,2,,false
73a2e7842857d6addac8be8c5acc4f054e6e305821b1bc52f0b1c12be4706411,0,"Answer: 3

Q1: The single most distinctive visual feature in this image is the red logo above the 'Waterfront Bremen' sign.
Q2: This feature directly supports statement 3, as the logo resembles a flag.
Q3: For statement 1 to be true, the image would need to show that the logo is an abstract art piece with no specific meaning. This is not present in the image.
For statement 2 to be true, the image would need to show that the logo is a wave-like design symbolizing water. This is not present in the image.
Q4: Therefore, statement 3 is grounded.",false
73a2e7842857d6addac8be8c5acc4f054e6e305821b1bc52f0b1c12be4706411,1,,false
73a2e7842857d6addac8be8c5acc4f054e6e305821b1bc52f0b1c12be4706411,2,,true
955069f8ea8fd4218ef3a90710b9e885defedb7950638da284753754c3eedfc7,0,"Answer: 1

Q1: The single most distinctive visual feature in this image is the person holding a microphone and wearing an elaborate, sequined dress.

Q2: This feature directly supports statement 1, as the person is holding a microphone, which is commonly used for singing or performing.

Q3: For statement 2 to be true, the image would need to show the person giving a speech, which is not present in the image. For statement 3 to be true, the image would need to show the microphone being held as an accessory, which is not present in the image.

Q4: Therefore, statement 1 is grounded.",true
955069f8ea8fd4218ef3a90710b9e885defedb7950638da284753754c3eedfc7,1,,false
955069f8ea8fd4218ef3a90710b9e885defedb7950638da284753754c3eedfc7,2,,false
82d4f77a43546b79831710cd892e6747d02ce97e0cdd248138ec608f97d49818,0,"Answer: 3

Q1: The single most distinctive visual feature in this image is the intricate wooden latticework and the arched alcove.

Q2: The feature directly supports statement 3, as the latticework is designed to provide ventilation and privacy.

Q3: For statement 1 to be true, the image would need to show that the latticework enhances the durability of the facade. This is not present in the image.
For statement 2 to be true, the image would need to show that the latticework offers structural support to the building. This is not present in the image.

Q4: Therefore, the statement grounded in the image is statement 3.",false
82d4f77a43546b79831710cd892e6747d02ce97e0cdd248138ec608f97d49818,1,,false
82d4f77a43546b79831710cd892e6747d02ce97e0cdd248138ec608f97d49818,2,,true
0382109ef1cca88a96894838aed52b60cb6ee34728e36f4b7844d9c05f21def5,0,"Answer: 1

Q1: The single most distinctive visual feature in this image is the golden mask of Tutankhamun displayed on the wall.
Q2: Yes, that feature directly supports statement 1.
Q3: For statement 2 to be true, the image would need to show the mask made of bronze, which it does not. For statement 3 to be true, the image would need to show the mask made of marble, which it does not.
Q4: Therefore, statement 1 is grounded.",true
0382109ef1cca88a96894838aed52b60cb6ee34728e36f4b7844d9c05f21def5,1,,false
0382109ef1cca88a96894838aed52b60cb6ee34728e36f4b7844d9c05f21def5,2,,false
0bfc117e6862520853ff46452473295d08b8e33049fff55208afb45a7b215880,0,"Answer: 3

Q1: The single most distinctive visual feature in this image is the intricate geometric and floral patterns on the walls of the building.
Q2: This feature directly supports statement 3, as Nubian architecture is known for its elaborate and colorful wall decorations.
Q3: For statement 1 to be true, the image would need to show a building with clean lines, minimal ornamentation, and a focus on function over form, which is not present in the image.
For statement 2 to be true, the image would need to show a building with pointed arches, ribbed vaults, and flying buttresses, which are characteristic of Gothic architecture and are not present in the image.
Q4: Therefore, statement 3 is grounded.",false
0bfc117e6862520853ff46452473295d08b8e33049fff55208afb45a7b215880,1,,false
0bfc117e6862520853ff46452473295d08b8e33049fff55208afb45a7b215880,2,,true
44c2b1e4710f3d6e1dc4038a03dbe459069dff3ee02e4a88d39359c03f37927c,0,"Answer: 1

Q1: The single most distinctive visual feature in this image is the tall, narrow tower with a conical top and small openings along its sides.

Q2: This feature directly supports statement 1, as the architecture is characteristic of the Middle East.

Q3: For statement 2 to be true, the image would need to show architecture typical of Scandinavia, which is not present. For statement 3 to be true, the image would need to show architecture typical of South America, which is also not present.

Q4: Therefore, statement 1 is grounded.",true
44c2b1e4710f3d6e1dc4038a03dbe459069dff3ee02e4a88d39359c03f37927c,1,,false
44c2b1e4710f3d6e1dc4038a03dbe459069dff3ee02e4a88d39359c03f37927c,2,,false
63373f09973d27f0f370d6451a1506550af5f363d15f1d2969456c3b27b2002d,0,"Answer: 3

Q1: The single most distinctive visual feature in this image is the large, circular drum being played by the performer.

Q2: This feature directly supports statement 3, as the drum is a musical instrument.

Q3: For statement 1 to be true, the image would need to show the performer in a setting that is typical for traditional dance, such as a stage with dancers or cultural attire. For statement 2 to be true, the image would need to show the performer in a setting typical for a sporting event, such as a field or stadium, and engaged in an activity related to sports. Neither of these elements is present in the image.

Q4: Therefore, statement 3 is grounded.",false
63373f09973d27f0f370d6451a1506550af5f363d15f1d2969456c3b27b2002d,1,,false
63373f09973d27f0f370d6451a1506550af5f363d15f1d2969456c3b27b2002d,2,,true
9fb60991d818f060788ee7a9666b15c79042f9476394271f0be72236f8c60eac,0,"Answer: 2

Q1: The single most distinctive visual feature in this image is the Empire State Building illuminated in different colors.
Q2: Yes, that feature directly supports statement 2.
Q3: For statement 1 to be true, the image would need to show the lights providing additional lighting for city streets, which is not present.
For statement 3 to be true, the image would need to show the lights signaling weather changes, which is not present.
Q4: Therefore, statement 2 is grounded.",false
9fb60991d818f060788ee7a9666b15c79042f9476394271f0be72236f8c60eac,1,,true
9fb60991d818f060788ee7a9666b15c79042f9476394271f0be72236f8c60eac,2,,false
1c6f2e6a732b947a036850742449784931e5b6232c0da65d1e2ee1dd7fc0f6a1,0,"Answer: 2

Q1: The single most distinctive visual feature in this image is the desert mountains and greenery in the background.
Q2: Yes, that feature directly supports statement 2.
Q3: For statement 1 to be true, the image would need to show snow-covered peaks and forests, which are not present.
For statement 3 to be true, the image would need to show urban skyscrapers and roads, which are not present.
Q4: Therefore, statement 2 is grounded.",false
1c6f2e6a732b947a036850742449784931e5b6232c0da65d1e2ee1dd7fc0f6a1,1,,true
1c6f2e6a732b947a036850742449784931e5b6232c0da65d1e2ee1dd7fc0f6a1,2,,false
145c165299df858c1742709b4a728bc906fa748b7f7278cf5f0fb9e13bbdee45,0,"Answer: 3

Q1: The single most distinctive visual feature in this image is the interior of the oven, which has a rough, textured surface and is filled with baked bread.

Q2: This feature directly supports statement 3, as the oven's interior appears to be made of clay.

Q3: For statement 1 to be true, the image would need to show that the oven is constructed primarily of wood, which is not the case here. For statement 2 to be true, the image would need to show that the oven is constructed primarily of metal, which is also not the case here.

Q4: Therefore, statement 3 is grounded.",false
145c165299df858c1742709b4a728bc906fa748b7f7278cf5f0fb9e13bbdee45,1,,false
145c165299df858c1742709b4a728bc906fa748b7f7278cf5f0fb9e13bbdee45,2,,true
518cd34da743c76d54a70341f3eaf41a7ea690f75d6320de918bed2676f92bf9,0,"Answer: 2

Q1: The single most distinctive visual feature in this image is the large river that runs through the landscape.

Q2: The river directly supports statement 2, as water transport is most likely associated with a large river.

Q3: For statement 1 to be true, the image would need to show a railway or train tracks along the river. For statement 3 to be true, the image would need to show an airport or airplanes. Neither of these features are present in the image.

Q4: Therefore, statement 2 is grounded.",false
518cd34da743c76d54a70341f3eaf41a7ea690f75d6320de918bed2676f92bf9,1,,true
518cd34da743c76d54a70341f3eaf41a7ea690f75d6320de918bed2676f92bf9,2,,false
2da6b996a65dcacc2a84297bd441d464211f7b7d825b4a3e212f600043ea8634,0,"Answer: 2

Q1: The single most distinctive visual feature in this image is the golden hue of the water and the silhouettes of the boat and people against the sunset sky.

Q2: The golden hue of the water and the sunset sky directly support statement 2, as it most likely depicts sunset.

Q3: For statement 1 to be true, the image would need to show the sun being high in the sky, which would indicate afternoon. For statement 3 to be true, the image would need to show the sun rising, which would indicate morning. Neither of these conditions is present in the image.

Q4: Therefore, statement 2 is grounded.",false
2da6b996a65dcacc2a84297bd441d464211f7b7d825b4a3e212f600043ea8634,1,,true
2da6b996a65dcacc2a84297bd441d464211f7b7d825b4a3e212f600043ea8634,2,,false
7dcce62842b9df500422b22b6239cef43b45c4ee7644e204efa7569e97909cbc,0,"Answer: 1

Q1: The single most distinctive visual feature in this image is the woman crouching in the foreground holding a gun.
Q2: This feature directly supports statement 1, as the woman's posture and the presence of an artifact suggest she might be playing the role of an archaeologist inspecting an artifact.
Q3: For statement 2 to be true, the image would need to show the woman in a theatrical costume or setting, which is not present.
Q4: Therefore, statement 1 is grounded.",true
7dcce62842b9df500422b22b6239cef43b45c4ee7644e204efa7569e97909cbc,1,,false
7dcce62842b9df500422b22b6239cef43b45c4ee7644e204efa7569e97909cbc,2,,false
46c21f09846000b3f735c0e8371e97f5655f878676d5046690687ac9b850a736,0,"Answer: 2

Q1: The single most distinctive visual feature in this image is the large stone statues with distinct human-like features and headdresses.

Q2: This feature directly supports statement 2, as the statues are characteristic of Ancient Egyptian art and architecture.

Q3: For statement 1 to be true, the image would need to show statues that are more aligned with the Mayan civilization, such as pyramids or other Mayan architectural elements. For statement 3 to be true, the image would need to show statues that are more aligned with Ancient Greek civilization, such as Greek columns or sculptures depicting gods and heroes.

Q4: Therefore, statement 2 is grounded.",false
46c21f09846000b3f735c0e8371e97f5655f878676d5046690687ac9b850a736,1,,true
46c21f09846000b3f735c0e8371e97f5655f878676d5046690687ac9b850a736,2,,false
57dfb319490f24a374c2d3493f19ac6aeacaf31567a5263f44dbbd497fd6aea9,0,"Answer: 2

Q1: The single most distinctive visual feature in this image is the large windows.
Q2: The large windows do provide natural light and outdoor views, which directly supports statement 2.
Q3: For statement 1 to be true, the image would need to show the windows separating different sections of the restaurant. This is not present in the image.
For statement 3 to be true, the image would need to show advertisements displayed through the windows. This is not present in the image.
Q4: Therefore, statement 2 is grounded.",false
57dfb319490f24a374c2d3493f19ac6aeacaf31567a5263f44dbbd497fd6aea9,1,,true
57dfb319490f24a374c2d3493f19ac6aeacaf31567a5263f44dbbd497fd6aea9,2,,false
95ea0537f9a2ba09e19da48d663658674dac7f84ae0a4930c43b3aed70d19f81,0,"Answer: 1

Q1: The single most distinctive visual feature in this image is the shape and form of the cloth, which resembles a traditional garment or piece of fabric.

Q2: This feature directly supports statement 1, as the shape and form of the cloth could indeed represent a ceremonial garment in a religious or spiritual context.

Q3: For statement 2 to be true, the image would need to show the cloth as a decorative tapestry, which is not present in the image. For statement 3 to be true, the image would need to show the cloth as a cover for a holy scripture, which is also not present in the image.

Q4: Therefore, statement 1 is grounded.",true
95ea0537f9a2ba09e19da48d663658674dac7f84ae0a4930c43b3aed70d19f81,1,,false
95ea0537f9a2ba09e19da48d663658674dac7f84ae0a4930c43b3aed70d19f81,2,,false
c5dd0e4bbeb8f4e88096107662273de7022800daed25382ff3f2eb6b14abbefc,0,"Answer: 3

Q1: The single most distinctive visual feature in this image is the presence of lanyards and ID badges worn by the individuals.

Q2: The presence of lanyards and ID badges directly supports statement 3, as these are typically associated with professional events and collaboration.

Q3: For statement 1 to be true, the image would need to show a more relaxed and informal setting, such as people engaging in leisure activities or socializing in a casual manner. For statement 2 to be true, the image would need to show the individuals engaging in a more relaxed and informal conversation, possibly with a more casual posture and facial expressions.

Q4: Therefore, statement 3 is grounded.",false
c5dd0e4bbeb8f4e88096107662273de7022800daed25382ff3f2eb6b14abbefc,1,,false
c5dd0e4bbeb8f4e88096107662273de7022800daed25382ff3f2eb6b14abbefc,2,,true
ea21c22362afe70f1857bda2fec2f04015b3fbd1fd47c7824a1660d9e47327c9,0,"Answer: 3

Q1: The single most distinctive visual feature in this image is the aircraft with the text ""ARAB REPUBLIC OF EGYPT"" written on its side.

Q2: Yes, that feature directly supports statement 3.

Q3: For statement 1 to be true, the aircraft would need to have ""UNITED ARAB EMIRATES"" written on it, which it does not. For statement 2 to be true, the aircraft would need to have ""KINGDOM OF SAUDI ARABIA"" written on it, which it does not.

Q4: Therefore, statement 3 is grounded.",false
ea21c22362afe70f1857bda2fec2f04015b3fbd1fd47c7824a1660d9e47327c9,1,,false
ea21c22362afe70f1857bda2fec2f04015b3fbd1fd47c7824a1660d9e47327c9,2,,true
4dd982036b66409a9574496e18fd6d3a3dd3ff800c5bddec46dcab2f07c93b21,0,"Answer: 1

Q1: The single most distinctive visual feature in this image is the sandy dunes in the background.
Q2: Yes, that feature directly supports statement 1.
Q3: For statement 2 to be true, the image would need to show snow-capped mountains, which are not present.
Q4: Therefore, statement 1 is grounded.",true
4dd982036b66409a9574496e18fd6d3a3dd3ff800c5bddec46dcab2f07c93b21,1,,false
4dd982036b66409a9574496e18fd6d3a3dd3ff800c5bddec46dcab2f07c93b21,2,,false
75f70d1e270ea0ef763c291387f11d9b6741cfb5672bbd22d58ca47c51b20d78,0,"Answer: 1

Q1: The single most distinctive visual feature in this image is the logos and colors on the uniforms of the individuals.
Q2: This feature directly supports statement 1.
Q3: For statement 2 to be true, the individuals would need to be wearing uniforms with Aston Martin and Alpine logos. For statement 3 to be true, they would need to be wearing uniforms with Ferrari and Mercedes logos. Neither of these features is present in the image.
Q4: Therefore, statement 1 is grounded.",true
75f70d1e270ea0ef763c291387f11d9b6741cfb5672bbd22d58ca47c51b20d78,1,,false
75f70d1e270ea0ef763c291387f11d9b6741cfb5672bbd22d58ca47c51b20d78,2,,false
07f962d3a52dbeb290bda6b726f41c04daa682415b5d7ae17e1bca682c0dd6a6,0,"Answer: 2

Q1: The single most distinctive visual feature in this image is the creamy, white sauce drizzled on top of the dish.
Q2: This feature does not directly support statement 1, 2, or 3.
Q3: For statement 1 to be true, the dish should be Hummus, which typically does not have a creamy white sauce on top. For statement 3 to be true, the dish should be Tabbouleh, which is a salad made with parsley, tomatoes, and bulgur wheat, and does not have a creamy white sauce.
Q4: Therefore, statement 2 is grounded.",false
07f962d3a52dbeb290bda6b726f41c04daa682415b5d7ae17e1bca682c0dd6a6,1,,true
07f962d3a52dbeb290bda6b726f41c04daa682415b5d7ae17e1bca682c0dd6a6,2,,false
ffcabcd8550c8c0ce9ef6daaefcd6262bdfe8062b3bae473e58fba167e1e4bbe,0,"Answer: 2

Q1: The single most distinctive visual feature in this image is the numerous umbrellas used as canopies over the stalls.

Q2: The umbrellas do provide shade for the vendors and goods, supporting statement 2.

Q3: For statement 1 to be true, the umbrellas would need to be specifically placed to mark the boundaries of the stalls, which is not evident in the image. For statement 3 to be true, the umbrellas would need to be purely decorative, which is not the case here as they are clearly functional.

Q4: Therefore, statement 2 is grounded.",false
ffcabcd8550c8c0ce9ef6daaefcd6262bdfe8062b3bae473e58fba167e1e4bbe,1,,true
ffcabcd8550c8c0ce9ef6daaefcd6262bdfe8062b3bae473e58fba167e1e4bbe,2,,false
631990af5d3cf57251b53816302785cc5937567dda2ec3a0299929bbc0395b99,0,"Answer: 3

Q1: The single most distinctive visual feature in this image is the woman carrying a large metal water vessel on her head.

Q2: This feature directly supports statement 3, as carrying water vessels is a traditional activity in many cultures, including those in the Arab world.

Q3: For statement 1 to be true, the image would need to show weaving activities, such as looms, weaving tools, or people engaged in weaving. For statement 2 to be true, the image would need to show pottery being sold or made, such as a pottery shop or people working with clay.

Q4: Therefore, the statement grounded in the image is statement 3.",false
631990af5d3cf57251b53816302785cc5937567dda2ec3a0299929bbc0395b99,1,,false
631990af5d3cf57251b53816302785cc5937567dda2ec3a0299929bbc0395b99,2,,true
98e27f27f5456385657ddeff31a004b65a935e019f93a4ba0ceceb6c15e58e1e,0,"Answer: 2

Q1: The single most distinctive visual feature in this image is the series of large, white rock formations that resemble human heads and shoulders, standing prominently against the sandy desert landscape.

Q2: This distinctive feature directly supports statement 2, as it is indicative of a desert landscape, which is a common environment for desert hiking and camping.

Q3: For statement 1 to be true, the image would need to show snow-covered terrain suitable for snowboarding, which is not present in the image. For statement 3 to be true, the image would need to show a body of water suitable for scuba diving, which is also not present in the image.

Q4: Therefore, statement 2 is grounded in the image.",false
98e27f27f5456385657ddeff31a004b65a935e019f93a4ba0ceceb6c15e58e1e,1,,true
98e27f27f5456385657ddeff31a004b65a935e019f93a4ba0ceceb6c15e58e1e,2,,false
c917a665b2f4b7be90aeb18104e896168748be3e0f1c328d9ee80c2e934fce31,0,"Answer: 1

Q1: The single most distinctive visual feature in this image is the wooden barrier separating the two knights.

Q2: The wooden barrier directly supports statement 1, as it is used to separate the knights for safety reasons.

Q3: For statement 2 to be true, the image would need to show the barrier marking the boundary of the competition area. This is not present in the image.
For statement 3 to be true, the image would need to show the barrier providing a visual aesthetic for the event. This is not present in the image.

Q4: Therefore, statement 1 is grounded.",true
c917a665b2f4b7be90aeb18104e896168748be3e0f1c328d9ee80c2e934fce31,1,,false
c917a665b2f4b7be90aeb18104e896168748be3e0f1c328d9ee80c2e934fce31,2,,false
75591dd4b43385d640abbe27adc3695bf4b2318479b48f930ecebdafd4eaf8a9,0,"Answer: 1

Q1: The single most distinctive visual feature in this image is the yellow dress displayed on the mannequin in the background.
Q2: Yes, that feature directly supports statement 1.
Q3: For statement 2 to be true, the image would need to show a red dress on the mannequin. For statement 3 to be true, the image would need to show a black dress on the mannequin. Neither of these is present in the image.
Q4: Therefore, statement 1 is grounded.",true
75591dd4b43385d640abbe27adc3695bf4b2318479b48f930ecebdafd4eaf8a9,1,,false
75591dd4b43385d640abbe27adc3695bf4b2318479b48f930ecebdafd4eaf8a9,2,,false
d109c687ee2d6310bd9aa8cb85e7244326cc1a741e12ae5901b1b75f65485df3,0,"Answer: 1

Q1: The single most distinctive visual feature in this image is the altar in the foreground, which is adorned with various religious items.
Q2: Yes, that feature directly supports statement 1.
Q3: For statement 2 to be true, the image would need to show books, incense, and a statue on the altar. This is not present in the image.
Q4: Therefore, statement 1 is grounded.",true
d109c687ee2d6310bd9aa8cb85e7244326cc1a741e12ae5901b1b75f65485df3,1,,false
d109c687ee2d6310bd9aa8cb85e7244326cc1a741e12ae5901b1b75f65485df3,2,,false
753f39baf4771f1958d3f344b53ff87850e9913c8a98c560bdfe61e637675f74,0,"Answer: 3

Q1: The single most distinctive visual feature in this image is the checkered paper wrapping around the cheeseburger.

Q2: The checkered paper wrapping does not directly support statement 1 or 2. It does not appear to be used for keeping the burger warm or adding flavor.

Q3: For statement 1 to be true, the image would need to show the checkered paper wrapping being used to keep the burger warm, which is not present in the image. For statement 2 to be true, the image would need to show the checkered paper wrapping being used to add flavor, which is also not present in the image.

Q4: Therefore, the statement that is grounded is statement 3, as the checkered paper wrapping is used to enhance the presentation and keep it clean.",false
753f39baf4771f1958d3f344b53ff87850e9913c8a98c560bdfe61e637675f74,1,,false
753f39baf4771f1958d3f344b53ff87850e9913c8a98c560bdfe61e637675f74,2,,true
2b4b00673758b001d4cc74c8014233d9d962e90c042b513f67d9890310d86947,0,"Answer: 1

Q1: The single most distinctive visual feature in this image is the split image of two different individuals.
Q2: This feature directly supports statement 1, as it showcases two characters from a movie or series.
Q3: For statement 2 to be true, the image would need to show two unrelated individuals. This is not present in the image.
Q4: Therefore, statement 1 is grounded.",true
2b4b00673758b001d4cc74c8014233d9d962e90c042b513f67d9890310d86947,1,,false
2b4b00673758b001d4cc74c8014233d9d962e90c042b513f67d9890310d86947,2,,false
9e2e0c16f7fc67d6e6febe95241fc2ab3f0764f27e39f87886e6cee91f8685c2,0,"Answer: 3

Q1: The single most distinctive visual feature in this image is the presence of falafel balls on the plate in the bottom left corner.

Q2: The falafel balls directly support statement 3, as falafel is typically made from ground chickpeas or fava beans and fried into patties.

Q3: For statement 1 to be true, the image would need to show French fries made from ground chickpeas or fava beans and fried into patties. This is not present in the image.
For statement 2 to be true, the image would need to show pita bread made from ground chickpeas or fava beans and fried into patties. This is not present in the image.

Q4: Therefore, the statement grounded in the image is statement 3.",false
9e2e0c16f7fc67d6e6febe95241fc2ab3f0764f27e39f87886e6cee91f8685c2,1,,false
9e2e0c16f7fc67d6e6febe95241fc2ab3f0764f27e39f87886e6cee91f8685c2,2,,true
529c8680d3fd74338917c8d49dfbf260d04dd6f6056d745c4b00f41c3a28dc21,0,"Answer: 3

Q1: The single most distinctive visual feature in this image is the traditional attire and the coordinated movements of the people, suggesting a cultural or traditional event.

Q2: This feature directly supports statement 3, as the traditional clothing and coordinated movements are indicative of a traditional dance performance.

Q3: For statement 1 to be true, the image would need to show the people actively participating in a sports competition, which is not present in the image. For statement 2 to be true, the image would need to show musical instruments or performers, which is also not present.

Q4: Therefore, statement 3 is grounded.",false
529c8680d3fd74338917c8d49dfbf260d04dd6f6056d745c4b00f41c3a28dc21,1,,false
529c8680d3fd74338917c8d49dfbf260d04dd6f6056d745c4b00f41c3a28dc21,2,,true
f0d02d26499ca1816d27e09867544c6411852b0698251d5a57e6fe96c91b8115,0,"Answer: 3

Q1: The single most distinctive visual feature in this image is the color of the kayak.
Q2: The color of the kayak directly supports statement 3.
Q3: For statement 1 to be true, the kayak would need to be yellow. For statement 2 to be true, the kayak would need to be blue. Neither of these colors is present in the image.
Q4: Therefore, statement 3 is grounded.",false
f0d02d26499ca1816d27e09867544c6411852b0698251d5a57e6fe96c91b8115,1,,false
f0d02d26499ca1816d27e09867544c6411852b0698251d5a57e6fe96c91b8115,2,,true
b66a90fa52076fa8d2bde619741e460e1d1e93368b836d61b0ad73446b895e66,0,"Answer: 3

Q1: The single most distinctive visual feature in this image is the large, ancient Roman amphitheater with multiple tiers of seating and a central open space.

Q2: This feature directly supports statement 3, as it is a Roman amphitheater, which is a common architectural feature in Amman, Jordan.

Q3: For statement 1 to be true, the image would need to show the amphitheater located in Rome, Italy. This is not present in the image.
For statement 2 to be true, the image would need to show the amphitheater located in Athens, Greece. This is not present in the image.

Q4: Therefore, statement 3 is grounded.",false
b66a90fa52076fa8d2bde619741e460e1d1e93368b836d61b0ad73446b895e66,1,,false
b66a90fa52076fa8d2bde619741e460e1d1e93368b836d61b0ad73446b895e66,2,,true
d0d43cc31af6911c34c8a761514fe8fbe1f37288a2c00e2bdc21d5b16572dcb9,0,"Answer: 1

Q1: The single most distinctive visual feature in this image is the ancient Roman ruins in the foreground.
Q2: This feature directly supports statement 1.
Q3: For statement 2 to be true, the image would need to show the ruins of Athens, Greece, which is not present.
Q4: Therefore, statement 1 is grounded.",true
d0d43cc31af6911c34c8a761514fe8fbe1f37288a2c00e2bdc21d5b16572dcb9,1,,false
d0d43cc31af6911c34c8a761514fe8fbe1f37288a2c00e2bdc21d5b16572dcb9,2,,false
82482b65958ec1613feba182fe5f3679c514b4ce0077e5245c935c8552d73e2b,0,"Answer: 1

Q1: The single most distinctive visual feature in this image is the swimming pool surrounded by lounge chairs and umbrellas.
Q2: This feature directly supports statement 1, as the image shows a poolside setting which is commonly associated with relaxing by a pool at a resort.
Q3: For statement 2 to be true, the image would need to show a soda dispenser or a soda bar. For statement 3 to be true, the image would need to show a coffee dispenser or a coffee bar. Neither of these features is present in the image.
Q4: Therefore, statement 1 is grounded.",true
82482b65958ec1613feba182fe5f3679c514b4ce0077e5245c935c8552d73e2b,1,,false
82482b65958ec1613feba182fe5f3679c514b4ce0077e5245c935c8552d73e2b,2,,false
7547049262a76d15bca0904ef38005c1d66e03d8ad62920fb0611c8d3caf06ac,0,"Answer: 3

Q1: The single most distinctive visual feature in this image is the patterned fabric on the walls and ceiling, which creates a tent-like ambiance.

Q2: This feature directly supports statement 3.

Q3: For statement 1 to be true, the image would need to show that the fabric is thick and insulating, which is not evident in the image. For statement 2 to be true, the image would need to show that the fabric is soundproofing material, which is not evident in the image.

Q4: Therefore, statement 3 is grounded.",false
7547049262a76d15bca0904ef38005c1d66e03d8ad62920fb0611c8d3caf06ac,1,,false
7547049262a76d15bca0904ef38005c1d66e03d8ad62920fb0611c8d3caf06ac,2,,true
93e6aa3edcc6e8059a49b04388a45bcaf2fb2e80ceb6524f67cee1e58f347f8b,0,"Answer: 3

Q1: The single most distinctive visual feature in this image is the black leather recliner chair.
Q2: The black leather recliner chair does not directly support statement 1 or 2. It does not have any direct association with music.
Q3: For statement 1 to be true, the image would need to show a clear association between the fireplace and music. This is not present in the image.
For statement 2 to be true, the image would need to show a clear association between the woven chair and music. This is not present in the image.
Q4: Therefore, the statement that is grounded is statement 3, as the guitar is most associated with music.",false
93e6aa3edcc6e8059a49b04388a45bcaf2fb2e80ceb6524f67cee1e58f347f8b,1,,false
93e6aa3edcc6e8059a49b04388a45bcaf2fb2e80ceb6524f67cee1e58f347f8b,2,,true
83a55f22bc70e9c6288061058df13dbdca32774999228f859a8e169fd4ab389b,0,"Answer: 2

Q1: The single most distinctive visual feature in this image is the large pizza with various toppings on it.
Q2: This feature directly supports statement 2, as the person is shown preparing a pizza.
Q3: For statement 1 to be true, the image would need to show the person preparing bread, which is not present.
For statement 3 to be true, the image would need to show the person serving food, which is not present.
Q4: Therefore, statement 2 is grounded.",false
83a55f22bc70e9c6288061058df13dbdca32774999228f859a8e169fd4ab389b,1,,true
83a55f22bc70e9c6288061058df13dbdca32774999228f859a8e169fd4ab389b,2,,false
cd8994b2b0b1dc9b024ecdc009749e31ddfb1b974a600ded544be7ea9849e67b,0,"Answer: 1

Q1: The single most distinctive visual feature in this image is the group of people holding wine glasses and clinking them together.

Q2: This feature directly supports statement 1, as it is indicative of a wine tasting event, which is commonly held in vineyards.

Q3: For statement 2 to be true, the image would need to show an indoor setting, such as a restaurant. This is not present in the image, as the background appears to be outdoors with greenery.

Q4: Therefore, the statement grounded in the image is statement 1.",true
cd8994b2b0b1dc9b024ecdc009749e31ddfb1b974a600ded544be7ea9849e67b,1,,false
cd8994b2b0b1dc9b024ecdc009749e31ddfb1b974a600ded544be7ea9849e67b,2,,false
5beaada4b9e022c72730f6aeb9a33f7e5d6afd0cce8011e2db2b3153f9d67734,0,"Answer: 1

Q1: The single most distinctive visual feature in this image is the men marching in formation, dressed in traditional military uniforms with rifles and red sashes.

Q2: This feature directly supports statement 1, as the men are dressed in ceremonial uniforms and marching in a coordinated manner, which is typical of a ceremonial parade.

Q3: For statement 2 to be true, the image would need to show the men in a more active and dynamic setting, possibly engaging in physical training exercises or maneuvers. For statement 3 to be true, the image would need to show the men in a more casual and relaxed setting, possibly walking leisurely without any formal military equipment or uniforms.

Q4: Therefore, statement 1 is grounded in the image.",true
5beaada4b9e022c72730f6aeb9a33f7e5d6afd0cce8011e2db2b3153f9d67734,1,,false
5beaada4b9e022c72730f6aeb9a33f7e5d6afd0cce8011e2db2b3153f9d67734,2,,false
7df5d6956082f5e7672c5c54a7b815adf824f486a305af07bd171a6d04776dbb,0,"Answer: 2

Q1: The single most distinctive visual feature in this image is the blue and black patterned platter with various foods arranged on it.
Q2: The presence of the two glasses containing a dark liquid, which is likely tea, directly supports statement 2.
Q3: For statement 1 to be true, the image would need to show a cup or pot of coffee. For statement 3 to be true, the image would need to show a glass or container of juice. Neither of these items is present in the image.
Q4: Therefore, statement 2 is grounded.",false
7df5d6956082f5e7672c5c54a7b815adf824f486a305af07bd171a6d04776dbb,1,,true
7df5d6956082f5e7672c5c54a7b815adf824f486a305af07bd171a6d04776dbb,2,,false
04f860825d781c26f3dae77c035cf4b9541af09a52a743bffdc28a8aa0d3dee2,0,"Answer: 1

Q1: The single most distinctive visual feature in this image is the transparent straw in the green beverage.
Q2: Yes, that feature directly supports statement 1.
Q3: For statement 2 to be true, the image would need to show the straw being used to stir the drink, which is not present.
For statement 3 to be true, the image would need to show the straw being used for decoration, which is not present.
Q4: Therefore, statement 1 is grounded.",true
04f860825d781c26f3dae77c035cf4b9541af09a52a743bffdc28a8aa0d3dee2,1,,false
04f860825d781c26f3dae77c035cf4b9541af09a52a743bffdc28a8aa0d3dee2,2,,false
fed2a1c6c45d118e71e9fcd338f92fdf13911b2ce9af4fc37bc288d4dd25e703,0,"Answer: 1

Q1: The single most distinctive visual feature in this image is the large, carved head of a human figure.
Q2: This feature directly supports statement 1, as the texture and appearance of the stone resemble sandstone.
Q3: For statement 2 to be true, the image would need to show the sculpture made of granite, which it does not. For statement 3 to be true, the image would need to show the sculpture made of marble, which it does not.
Q4: Therefore, statement 1 is grounded.",true
fed2a1c6c45d118e71e9fcd338f92fdf13911b2ce9af4fc37bc288d4dd25e703,1,,false
fed2a1c6c45d118e71e9fcd338f92fdf13911b2ce9af4fc37bc288d4dd25e703,2,,false
b8aa7648586501baef7b49e39ffa2136bdfb2dd588a9b9001f521bc57335bd95,0,"Answer: 1

Q1: The single most distinctive visual feature in this image is the modern, multi-tiered buildings with greenery on their facades.
Q2: This feature directly supports statement 1, as yachts are visible in the water near the buildings.
Q3: For statement 2 to be true, the image would need to show cargo ships, which are not present.
Q4: Therefore, statement 1 is grounded.",true
b8aa7648586501baef7b49e39ffa2136bdfb2dd588a9b9001f521bc57335bd95,1,,false
b8aa7648586501baef7b49e39ffa2136bdfb2dd588a9b9001f521bc57335bd95,2,,false
74a02d3faa094c4b3669ceb794c769440dc6cb792f78a4f5f5094e56ff6f6011,0,"Answer: 2

Q1: The single most distinctive visual feature in this image is the desert landscape with sand dunes and the two individuals performing music.

Q2: This feature directly supports statement 2, as the image clearly shows a desert setting during sunset.

Q3: For statement 1 to be true, the image would need to show a mountain valley, which is not present in the image.
For statement 3 to be true, the image would need to show a bustling city square, which is also not present in the image.

Q4: Therefore, statement 2 is grounded.",false
74a02d3faa094c4b3669ceb794c769440dc6cb792f78a4f5f5094e56ff6f6011,1,,true
74a02d3faa094c4b3669ceb794c769440dc6cb792f78a4f5f5094e56ff6f6011,2,,false
c6834cf09ae71141d2e082f1723054b80d99f531cd96ff466f7ed393b2da02ff,0,"Answer: 2

Q1: The single most distinctive visual feature in this image is the ornate hats worn by the women.

Q2: Yes, that feature directly supports statement 2.

Q3: For statement 1 to be true, the image would need to show that the hats signify rank or status in the rodeo. For statement 3 to be true, the image would need to show that the hats provide shade and protection from the sun. Neither of these is supported by the image.

Q4: Therefore, statement 2 is grounded.",false
c6834cf09ae71141d2e082f1723054b80d99f531cd96ff466f7ed393b2da02ff,1,,true
c6834cf09ae71141d2e082f1723054b80d99f531cd96ff466f7ed393b2da02ff,2,,false
f6c2d56429c296a16f62c53d84f47cd6896377090525842439f90795c3018b10,0,"Answer: 2

Q1: The single most distinctive visual feature in this image is the traditional layered clothing worn by the people.
Q2: Yes, that feature directly supports statement 2.
Q3: For statement 1 to be true, the image would need to show people wearing formal business suits, which is not present.
For statement 3 to be true, the image would need to show people wearing modern casual attire, which is not present.
Q4: Therefore, statement 2 is grounded.",false
f6c2d56429c296a16f62c53d84f47cd6896377090525842439f90795c3018b10,1,,true
f6c2d56429c296a16f62c53d84f47cd6896377090525842439f90795c3018b10,2,,false
def867150d433d0b3fd73c919f2baa9f44fa9f67771359dabc8a275c715db681,0,"Answer: 2

Q1: The single most distinctive visual feature in this image is the large, oval-shaped bead with a painted design of a bird and a landscape.

Q2: This feature directly supports statement 2, as it shows a scenic painted design on the centerpiece of the bracelet.

Q3: For statement 1 to be true, the image would need to show geometric patterns on the centerpiece. For statement 3 to be true, the image would need to show a floral design on the centerpiece. Neither of these features is present in the image.

Q4: Therefore, statement 2 is grounded.",false
def867150d433d0b3fd73c919f2baa9f44fa9f67771359dabc8a275c715db681,1,,true
def867150d433d0b3fd73c919f2baa9f44fa9f67771359dabc8a275c715db681,2,,false
673dfa465878dae79a5268ee4f55d412d7322a7d579713498cc1a2cdc30b18c8,0,"Answer: 1

Q1: The single most distinctive visual feature in this image is the label on the bottle.
Q2: The label directly supports statement 1.
Q3: For statement 2 to be true, the primary color of the bottle would need to be yellow. For statement 3 to be true, the primary color of the bottle would need to be black. Neither of these colors is the primary color of the bottle shown in the image.
Q4: Therefore, statement 1 is grounded.",true
673dfa465878dae79a5268ee4f55d412d7322a7d579713498cc1a2cdc30b18c8,1,,false
673dfa465878dae79a5268ee4f55d412d7322a7d579713498cc1a2cdc30b18c8,2,,false
77522881923ca506d5bb616852ec5f72892befe30b4dd7f61ebc143604d2711e,0,"Answer: 2

Q1: The single most distinctive visual feature in this image is the person standing on the shore with mud covering their body.

Q2: This feature directly supports statement 2, as the person is most likely applying therapeutic mud.

Q3: For statement 1 to be true, the image would need to show the person actively building sandcastles. This is not present in the image.
For statement 3 to be true, the image would need to show the person swimming in the ocean. This is not present in the image.

Q4: Therefore, statement 2 is grounded.",false
77522881923ca506d5bb616852ec5f72892befe30b4dd7f61ebc143604d2711e,1,,true
77522881923ca506d5bb616852ec5f72892befe30b4dd7f61ebc143604d2711e,2,,false
5e298622d652b407750ecbef4096901a10353915b52dd70330519cb5ca1bb8ae,0,"Answer: 1

Q1: The single most distinctive visual feature in this image is the presence of the Nike logo on the sneakers and the box.
Q2: Yes, the presence of the Nike logo directly supports statement 1.
Q3: For statement 2 to be true, the image would need to show the Puma logo instead of the Nike logo. For statement 3 to be true, the image would need to show the Adidas logo instead of the Nike logo. Neither of these features is present in the image.
Q4: Therefore, statement 1 is grounded.",true
5e298622d652b407750ecbef4096901a10353915b52dd70330519cb5ca1bb8ae,1,,false
5e298622d652b407750ecbef4096901a10353915b52dd70330519cb5ca1bb8ae,2,,false
55c4e8729d9c87c62f0598d6fa005170cc0eb1d696b84f114e81b3921bf37edb,0,"Answer: 2

Q1: The single most distinctive visual feature in this image is the large, open-air amphitheater with a series of columns and a central platform.

Q2: This feature directly supports statement 2, as Greek amphitheaters are known for their distinctive design with columns and open-air architecture.

Q3: For statement 1 to be true, the image would need to show features typical of Egyptian architecture, such as pyramids, obelisks, or temples with hieroglyphs. For statement 3 to be true, the image would need to show features typical of Roman architecture, such as arches, domes, or aqueducts. Neither of these features is present in the image.

Q4: Therefore, statement 2 is grounded.",false
55c4e8729d9c87c62f0598d6fa005170cc0eb1d696b84f114e81b3921bf37edb,1,,true
55c4e8729d9c87c62f0598d6fa005170cc0eb1d696b84f114e81b3921bf37edb,2,,false
cd2c058ec1815055d59b3ddebae4c07b7c5169d8a06b5bc287150f1c05f6080f,0,"Answer: 1

Q1: The single most distinctive visual feature in this image is the teapot.
Q2: The teapot directly supports statement 1.
Q3: For statement 2 to be true, the image would need to show a hot chocolate pot or ingredients for hot chocolate. For statement 3 to be true, the image would need to show coffee-making equipment or ingredients for coffee. Neither of these features is present in the image.
Q4: Therefore, statement 1 is grounded.",true
cd2c058ec1815055d59b3ddebae4c07b7c5169d8a06b5bc287150f1c05f6080f,1,,false
cd2c058ec1815055d59b3ddebae4c07b7c5169d8a06b5bc287150f1c05f6080f,2,,false
8ac88f867da5c1af690650e25dc54c89e3a7f47c7dd5407e15fbc350d854931f,0,"Answer: 1

Q1: The single most distinctive visual feature in this image is the camel with a rider near the Great Pyramid of Giza.

Q2: This feature directly supports statement 1, as it shows a camel being used for recreational purposes, likely for tourists.

Q3: For statement 2 to be true, the image would need to show a competitive event involving camels, which is not present in the image.
For statement 3 to be true, the image would need to show the camel being used for transportation across the desert, which is not present in the image.

Q4: Therefore, statement 1 is grounded.",true
8ac88f867da5c1af690650e25dc54c89e3a7f47c7dd5407e15fbc350d854931f,1,,false
8ac88f867da5c1af690650e25dc54c89e3a7f47c7dd5407e15fbc350d854931f,2,,false
51db67baa3f887858c4d93f9648cfca7291fac298834e83cc7ae0f14ec0347fb,0,"Answer: 1

Q1: The single most distinctive visual feature in this image is the residential buildings in the background.
Q2: Yes, that feature directly supports statement 1.
Q3: For statement 2 to be true, the residential buildings would need to be part of a historical monument, which is not present in the image.
For statement 3 to be true, the residential buildings would need to be used for commercial purposes, which is not present in the image.
Q4: Therefore, statement 1 is grounded.",true
51db67baa3f887858c4d93f9648cfca7291fac298834e83cc7ae0f14ec0347fb,1,,false
51db67baa3f887858c4d93f9648cfca7291fac298834e83cc7ae0f14ec0347fb,2,,false
a22f09f5772f40f1d1affd022bf16272c0fb18b7e7756b9098f0ed98c1dc6506,0,"Answer: 2

Q1: The single most distinctive visual feature in this image is the large plastic containers filled with grains and legumes, along with the red price tags and the man pointing at the grains.

Q2: This feature directly supports statement 2, as the containers and scoops are clearly used for serving grains and legumes.

Q3: For statement 1 to be true, the image would need to show that the scoops are purely decorative and not used for serving or stirring. For statement 3 to be true, the image would need to show pots of food being stirred with the scoops.

Q4: Therefore, statement 2 is grounded.",false
a22f09f5772f40f1d1affd022bf16272c0fb18b7e7756b9098f0ed98c1dc6506,1,,true
a22f09f5772f40f1d1affd022bf16272c0fb18b7e7756b9098f0ed98c1dc6506,2,,false
582093f0f94477bec7f02c1be0361d3ef6d0beef930230f223dc2798d64e5406,0,"Answer: 2

Q1: The single most distinctive visual feature in this image is the red and white keffiyeh with fringe.
Q2: The feature directly supports statement 2, as the keffiyeh is designed to provide warmth and protection from the elements.
Q3: For statement 1 to be true, the image would need to show the keffiyeh being used as a decorative tablecloth, which is not present.
For statement 3 to be true, the image would need to show the keffiyeh being used as a ceremonial flag, which is not present.
Q4: Therefore, statement 2 is grounded.",false
582093f0f94477bec7f02c1be0361d3ef6d0beef930230f223dc2798d64e5406,1,,true
582093f0f94477bec7f02c1be0361d3ef6d0beef930230f223dc2798d64e5406,2,,false
a4c299814f4f128d99816a1f9c4d667bd814aef6e46c3937859dc43405b4a65c,0,"Answer: 2

Q1: The single most distinctive visual feature in this image is the person walking down the road with a large number of livestock following behind them.

Q2: This feature directly supports statement 2, as it depicts the primary activity of herding livestock.

Q3: For statement 1 to be true, the image would need to show the person actively building a wooden structure, which is not present in the image.
For statement 3 to be true, the image would need to show the person actively hunting in the wilderness, which is also not present in the image.

Q4: Therefore, statement 2 is grounded.",false
a4c299814f4f128d99816a1f9c4d667bd814aef6e46c3937859dc43405b4a65c,1,,true
a4c299814f4f128d99816a1f9c4d667bd814aef6e46c3937859dc43405b4a65c,2,,false
33ccafc0abe3388c52f4395435ff6e1427c8a79663863cfecc3d0a62dade7e62,0,"Answer: 2

Q1: The single most distinctive visual feature in this image is the large, snow-covered open area with a central dome and surrounding structures, which is the Grand Mosque.

Q2: This feature directly supports statement 2, as the Grand Mosque and the Kaaba are clearly visible in the image.

Q3: For statement 1 to be true, the image would need to show the city of Medina, which is not present in the image. For statement 3 to be true, the image would need to show the city of Riyadh, which is also not present in the image.

Q4: Therefore, statement 2 is grounded.",false
33ccafc0abe3388c52f4395435ff6e1427c8a79663863cfecc3d0a62dade7e62,1,,true
33ccafc0abe3388c52f4395435ff6e1427c8a79663863cfecc3d0a62dade7e62,2,,false
14b3d4fd73a1a2bba6652df81f705185e394b09a36e7f5d85f90d1214775df44,0,"Answer: 1

Q1: The single most distinctive visual feature in this image is the basketball players wearing uniforms with the word ""Michigan"" on them, indicating they are part of a college basketball team.

Q2: This feature directly supports statement 1, as it shows a college basketball game.

Q3: For statement 2 to be true, the image would need to show soccer players and a soccer field. For statement 3 to be true, the image would need to show tennis players and a tennis court. Neither of these features are present in the image.

Q4: Therefore, statement 1 is grounded.",true
14b3d4fd73a1a2bba6652df81f705185e394b09a36e7f5d85f90d1214775df44,1,,false
14b3d4fd73a1a2bba6652df81f705185e394b09a36e7f5d85f90d1214775df44,2,,false
2b59a2c6d3de327c5ca63ed2fcf91fd31bf7b204de5e64779b739cc1e087baa7,0,"Answer: 2

Q1: The single most distinctive visual feature in this image is the dry, mountainous area adjacent to the sea.
Q2: Yes, that feature directly supports statement 2.
Q3: For statement 1 to be true, the image would need to show a lush, forested region with rivers and lakes, which is not present.
For statement 3 to be true, the image would need to show a flat plain with extensive agricultural fields, which is not present.
Q4: Therefore, statement 2 is grounded.",false
2b59a2c6d3de327c5ca63ed2fcf91fd31bf7b204de5e64779b739cc1e087baa7,1,,true
2b59a2c6d3de327c5ca63ed2fcf91fd31bf7b204de5e64779b739cc1e087baa7,2,,false
28a7522db63a0638f404221118e6b58d1f7235ea7ef88da120a7b6c125b67a2d,0,"Answer: 1

Q1: The single most distinctive visual feature in this image is the beanie worn by the person.
Q2: Yes, that feature directly supports statement 1.
Q3: For statement 2 to be true, the beanie would need to be black, which it is not. For statement 3 to be true, the beanie would need to be gray, which it is not.
Q4: Therefore, statement 1 is grounded.",true
28a7522db63a0638f404221118e6b58d1f7235ea7ef88da120a7b6c125b67a2d,1,,false
28a7522db63a0638f404221118e6b58d1f7235ea7ef88da120a7b6c125b67a2d,2,,false
19f9b36ef76b47c74764bd32d4c7c9cab75cc4237d333651f167235f2d5f31f3,0,"Answer: 2

Q1: The single most distinctive visual feature in this image is the bowl filled with various fruits, including lemons, limes, and grapes.

Q2: The bowl directly supports statement 1, as lemons are not visible in the bowl.

Q3: For statement 2 to be true, the image would need to show apples not being present in the bowl. However, apples are not visible in the bowl, so this statement is not supported by the image.

Q4: Therefore, statement 1 is grounded.",false
19f9b36ef76b47c74764bd32d4c7c9cab75cc4237d333651f167235f2d5f31f3,1,,true
19f9b36ef76b47c74764bd32d4c7c9cab75cc4237d333651f167235f2d5f31f3,2,,false
7bd6aff6eb87d55c78b65f34d8ad213b685a45d4713cd7c94482bb06cce2530b,0,"Answer: 1

Q1: The single most distinctive visual feature in this image is the translucent blue sole of the sneaker.

Q2: Yes, that feature directly supports statement 1.

Q3: For statement 2 to be true, the image would need to show the sole made of plastic, which is not present in the image.
For statement 3 to be true, the image would need to show the sole made of foam, which is not present in the image.

Q4: Therefore, statement 1 is grounded.",true
7bd6aff6eb87d55c78b65f34d8ad213b685a45d4713cd7c94482bb06cce2530b,1,,false
7bd6aff6eb87d55c78b65f34d8ad213b685a45d4713cd7c94482bb06cce2530b,2,,false
5f9aa8d0b1eca017e442a4f3b673e18d2fc46b58978069d72aaa7f06ecda91ef,0,"Answer: 3

Q1: The single most distinctive visual feature in this image is the presence of small huts and pathways among the palm trees.

Q2: Yes, that feature directly supports statement 3.

Q3: For statement 1 to be true, the image would need to show a lack of visible structures, which is not present. For statement 2 to be true, the image would need to show rocky cliffs, which are present but not directly related to the area being used for relaxation or tourism.

Q4: Therefore, statement 3 is grounded.",false
5f9aa8d0b1eca017e442a4f3b673e18d2fc46b58978069d72aaa7f06ecda91ef,1,,false
5f9aa8d0b1eca017e442a4f3b673e18d2fc46b58978069d72aaa7f06ecda91ef,2,,true
cc5af2500a4d696a723140f309e49fc390a32c2c2c47f1bd05426d0fef3912ec,0,"Answer: 3

Q1: The single most distinctive visual feature in this image is the dessert, which appears to be a combination of ice cream and waffle cones, topped with chocolate sauce and drizzled with more sauce.

Q2: This feature directly supports statement 3, as the dessert resembles rolled ice cream, which is typically served in a cup and topped with various sauces.

Q3: For statement 1 to be true, the image would need to show a dessert that is specifically gelato, which is a type of Italian ice cream. For statement 2 to be true, the image would need to show a dessert that is specifically a cupcake, which is a baked dessert made from a batter of flour, sugar, and eggs, often flavored with vanilla or cocoa and has a sweet, often fruity, batter. Neither of these features is present in the image.

Q4: Therefore, the statement that is grounded is statement 3.",false
cc5af2500a4d696a723140f309e49fc390a32c2c2c47f1bd05426d0fef3912ec,1,,false
cc5af2500a4d696a723140f309e49fc390a32c2c2c47f1bd05426d0fef3912ec,2,,true
50e78cf4533828454e89dbedff2c5f643f9b9b075fadd0173921b56e88acb5a8,0,"Answer: 2

Q1: The single most distinctive visual feature in this image is the large glass windows.
Q2: Yes, that feature directly supports statement 2.
Q3: For statement 1 to be true, the image would need to show a thatched roof, which is not present.
For statement 3 to be true, the image would need to show traditional wooden elements, which is not present.
Q4: Therefore, statement 2 is grounded.",false
50e78cf4533828454e89dbedff2c5f643f9b9b075fadd0173921b56e88acb5a8,1,,true
50e78cf4533828454e89dbedff2c5f643f9b9b075fadd0173921b56e88acb5a8,2,,false
b22d0e4bb5f4c10b272e107acae12a4ae96e4bf14affc3237122d85a636dc050,0,"Answer: 1

Q1: The single most distinctive visual feature in this image is the large illuminated projections on the building's facade.
Q2: Yes, that feature directly supports statement 1.
Q3: For statement 2 to be true, the image would need to show artistic visuals and cultural themes in the projections. For statement 3 to be true, the image would need to show advertisements for nearby businesses in the projections. Neither of these are present in the image.
Q4: Therefore, statement 1 is grounded.",true
b22d0e4bb5f4c10b272e107acae12a4ae96e4bf14affc3237122d85a636dc050,1,,false
b22d0e4bb5f4c10b272e107acae12a4ae96e4bf14affc3237122d85a636dc050,2,,false
f79461e2333403b90cea6456cbebe63b9a3748593ddee089e7cac3040d9c1cdd,0,"Answer: 1

Q1: The single most distinctive visual feature in this image is the yellow color of the desserts.
Q2: Yes, that feature directly supports statement 1.
Q3: For statement 2 to be true, the image would need to show curry powder being used in the preparation of the desserts, which is not present.
Q4: Therefore, statement 1 is grounded.",true
f79461e2333403b90cea6456cbebe63b9a3748593ddee089e7cac3040d9c1cdd,1,,false
f79461e2333403b90cea6456cbebe63b9a3748593ddee089e7cac3040d9c1cdd,2,,false
80b84869fdb412d166c7474c2e9739eddf0d8354046dc8c866daf487416dda62,0,"Answer: 3

Q1: The single most distinctive visual feature in this image is the metallic finish and digital display of the coffee machine.
Q2: Yes, that feature directly supports statement 3.
Q3: For statement 1 to be true, the image would need to show the coffee machine being compact and portable. For statement 2 to be true, the image would need to show the coffee machine brewing tea. Neither of these features is present in the image.
Q4: Therefore, statement 3 is grounded.",false
80b84869fdb412d166c7474c2e9739eddf0d8354046dc8c866daf487416dda62,1,,false
80b84869fdb412d166c7474c2e9739eddf0d8354046dc8c866daf487416dda62,2,,true
c6c3eb979d422540e033a3b45bb65494e255e453f73da45d3b4decb293954266,0,"Answer: 2

Q1: The single most distinctive visual feature in this image is the illuminated towers with a spherical structure on top.
Q2: This feature directly supports statement 2, as the towers resemble the Burj Khalifa and another tower in Dubai, which are located in the United Arab Emirates.
Q3: For statement 1 to be true, the image would need to show the towers belonging to Saudi Arabia. This is not present in the image.
For statement 3 to be true, the image would need to show the towers belonging to Kuwait. This is also not present in the image.
Q4: Therefore, statement 2 is grounded.",false
c6c3eb979d422540e033a3b45bb65494e255e453f73da45d3b4decb293954266,1,,true
c6c3eb979d422540e033a3b45bb65494e255e453f73da45d3b4decb293954266,2,,false
d14e0c97e4b901dc492d67c879a1b7c282f6e4e4975fc0930863020936ee9865,0,"Answer: 1

Q1: The single most distinctive visual feature in this image is the large screen displaying Arabic text and a graphic design.
Q2: This feature directly supports statement 1, as the presence of Arabic text and the formal setting suggest a religious or cultural event, which is consistent with a religious award ceremony.
Q3: For statement 2 to be true, the image would need to show a business conference setup, such as a podium, microphones, and business-related graphics or banners. This is not present in the image.
Q4: Therefore, statement 1 is grounded.",true
d14e0c97e4b901dc492d67c879a1b7c282f6e4e4975fc0930863020936ee9865,1,,false
d14e0c97e4b901dc492d67c879a1b7c282f6e4e4975fc0930863020936ee9865,2,,false
8371f5bce8a5588462e0d3f36227c023461211875bcfec68b2983a215a9b28c7,0,"Answer: 1

Q1: The single most distinctive visual feature in this image is the speckled designs in various colors on the ceramic plates.
Q2: Yes, that feature directly supports statement 1.
Q3: For statement 2 to be true, the image would need to show plain white surfaces on the plates, which is not present.
For statement 3 to be true, the image would need to show engraved patterns on the plates, which is not present.
Q4: Therefore, statement 1 is grounded.",true
8371f5bce8a5588462e0d3f36227c023461211875bcfec68b2983a215a9b28c7,1,,false
8371f5bce8a5588462e0d3f36227c023461211875bcfec68b2983a215a9b28c7,2,,false
e565e4996286a9db0f9b0f79e25c953c89891d588000874c1cdc59b5dec83a41,0,"Answer: 2

Q1: The single most distinctive visual feature in this image is the geometric patterns with hexagonal shapes on the exterior of the buildings.
Q2: Yes, that feature directly supports statement 2.
Q3: For statement 1 to be true, the image would need to show traditional brickwork and arches, which are not present.
For statement 3 to be true, the image would need to show smooth glass curtain walls, which are not present.
Q4: Therefore, statement 2 is grounded.",false
e565e4996286a9db0f9b0f79e25c953c89891d588000874c1cdc59b5dec83a41,1,,true
e565e4996286a9db0f9b0f79e25c953c89891d588000874c1cdc59b5dec83a41,2,,false
6e481b17a77fe6cbdeb81b935c1175e30fc4e33fb0b66df85d7105db751d38d2,0,"Answer: 3

Q1: The single most distinctive visual feature in this image is the long, narrow street lined with shops and illuminated by hanging lights.

Q2: This feature directly supports statement 3, as it indicates a setting where people are walking and shopping.

Q3: For statement 1 to be true, the image would need to show people dining at restaurants, which is not present.
For statement 2 to be true, the image would need to show a live performance, which is not present.

Q4: Therefore, statement 3 is grounded.",false
6e481b17a77fe6cbdeb81b935c1175e30fc4e33fb0b66df85d7105db751d38d2,1,,false
6e481b17a77fe6cbdeb81b935c1175e30fc4e33fb0b66df85d7105db751d38d2,2,,true
9996ce05358ad8f6d0fc539144490f3daeb0bbbc2e01b7b550ab322af0fe41bd,0,"Answer: 2

Q1: The single most distinctive visual feature in this image is the label on the beverage can, which prominently displays the text ""Bizzarro Tonic & featuring Mischief Brew"" along with the volume ""250 mL.""

Q2: The label directly supports statement 2, as it clearly states the volume of the beverage can is 250 mL.

Q3: For statement 1 to be true, the image would need to show a label indicating a volume of 500 mL. For statement 3 to be true, the image would need to show a label indicating a volume of 330 mL. Neither of these features is present in the image.

Q4: Therefore, the statement grounded in the image is statement 2.",false
9996ce05358ad8f6d0fc539144490f3daeb0bbbc2e01b7b550ab322af0fe41bd,1,,true
9996ce05358ad8f6d0fc539144490f3daeb0bbbc2e01b7b550ab322af0fe41bd,2,,false
32baae2728fdb72971f415cddfa8964ad8118a2ba339b289545558a2038c2776,0,"Answer: 3

Q1: The single most distinctive visual feature in this image is the metal teapot being used to pour a beverage into a small glass cup.

Q2: This feature directly supports statement 3, as the metal teapot is commonly used for serving traditional Arabic coffee.

Q3: For statement 1 to be true, the image would need to show a ceramic mug containing hot chocolate, which is not present in the image.
For statement 2 to be true, the image would need to show green tea with mint in a glass teapot, which is not present in the image.

Q4: Therefore, statement 3 is grounded.",false
32baae2728fdb72971f415cddfa8964ad8118a2ba339b289545558a2038c2776,1,,false
32baae2728fdb72971f415cddfa8964ad8118a2ba339b289545558a2038c2776,2,,true
84a00e447d1254e83d803570fbafddb33867eeab9d9f48d3788811e7420a254b,0,"Answer: 3

Q1: The single most distinctive visual feature in this image is the bar counter with a variety of bottles and glasses, indicating that alcoholic beverages are served.

Q2: This feature directly supports statement 3, as the presence of a bar counter with various bottles and glasses strongly suggests that alcoholic beverages are served.

Q3: For statement 1 to be true, the image would need to show a setup that includes tea and coffee dispensers or cups. For statement 2 to be true, the image would need to show a setup that includes soft drinks and juices, such as a fridge or shelves with these items.

Q4: Therefore, statement 3 is grounded.",false
84a00e447d1254e83d803570fbafddb33867eeab9d9f48d3788811e7420a254b,1,,false
84a00e447d1254e83d803570fbafddb33867eeab9d9f48d3788811e7420a254b,2,,true
e13946f305ed6bd37531d28fc586bfa1f3b27eed7e55ad4749e950701d31be26,0,"Answer: 3

Q1: The single most distinctive visual feature in this image is the modern glass skyscrapers with sleek, reflective surfaces and contemporary architectural designs.

Q2: This feature directly supports statement 3, as the buildings are indeed modern glass skyscrapers.

Q3: For statement 1 to be true, the image would need to show traditional stone structures, which are not present. For statement 2 to be true, the image would need to show wooden rural houses, which are also not present.

Q4: Therefore, statement 3 is grounded.",false
e13946f305ed6bd37531d28fc586bfa1f3b27eed7e55ad4749e950701d31be26,1,,false
e13946f305ed6bd37531d28fc586bfa1f3b27eed7e55ad4749e950701d31be26,2,,true
8388fe21f407730d8d71cffa13b1f5035ca8c01c42ff52905cba44d3e97eee3d,0,"Answer: 2

Q1: The single most distinctive visual feature in this image is the teapot's design, which includes a white body with red and gold patterns and a white lid with a knob on top.

Q2: The teapot's design, particularly the white body and the red and gold patterns, directly supports statement 2, as these characteristics are typical of ceramic teapots.

Q3: For statement 1 to be true, the image would need to show the teapot made of metal, which is not present. For statement 3 to be true, the image would need to show the teapot made of glass, which is also not present.

Q4: Therefore, statement 2 is grounded.",false
8388fe21f407730d8d71cffa13b1f5035ca8c01c42ff52905cba44d3e97eee3d,1,,true
8388fe21f407730d8d71cffa13b1f5035ca8c01c42ff52905cba44d3e97eee3d,2,,false
b1eb98cbc3c4cbdf10d95d84b6dfb7112532ed9af4eee7c24e27075e71f71e0b,0,"Answer: 3

Q1: The single most distinctive visual feature in this image is the array of teapots hanging from the ceiling.

Q2: This feature directly supports statement 3, as the teapots are traditional items commonly used in Middle Eastern tea ceremonies.

Q3: For statement 1 to be true, the image would need to show no cultural ties to the teapots. However, the teapots are clearly traditional and culturally significant.
For statement 2 to be true, the image would need to show modern kitchen appliances for boiling water, which is not present in the image.

Q4: Therefore, statement 3 is grounded.",false
b1eb98cbc3c4cbdf10d95d84b6dfb7112532ed9af4eee7c24e27075e71f71e0b,1,,false
b1eb98cbc3c4cbdf10d95d84b6dfb7112532ed9af4eee7c24e27075e71f71e0b,2,,true
314d2cfb8e86eeee025acb4694606760a177dc483ceb64d3916b5b7e8352ef74,0,"Answer: 2

Q1: The single most distinctive visual feature in this image is the color of the liquid inside the bottles.
Q2: Yes, that feature directly supports statement 2.
Q3: For statement 1 to be true, the liquid would need to be transparent. For statement 3 to be true, the liquid would need to be green. Neither of these conditions is met in the image.
Q4: Therefore, statement 2 is grounded.",false
314d2cfb8e86eeee025acb4694606760a177dc483ceb64d3916b5b7e8352ef74,1,,true
314d2cfb8e86eeee025acb4694606760a177dc483ceb64d3916b5b7e8352ef74,2,,false
7c4bcf6b99ecee105992796dfb2836645890cb12f892193edf4a5c79561167b0,0,"Answer: 1

Q1: The single most distinctive visual feature in this image is the badge worn by the individual on the right.
Q2: Yes, that feature directly supports statement 1.
Q3: For statement 2 to be true, the badge would need to represent the World Health Organization, which it does not. For statement 3 to be true, the badge would need to represent the United Nations, which it does not.
Q4: Therefore, statement 1 is grounded.",true
7c4bcf6b99ecee105992796dfb2836645890cb12f892193edf4a5c79561167b0,1,,false
7c4bcf6b99ecee105992796dfb2836645890cb12f892193edf4a5c79561167b0,2,,false
48de441dc39acda5e929126aa0ce321aed218f457ee61015aaf60116086194cf,0,"Answer: 2

Q1: The single most distinctive visual feature in this image is the heart-shaped backing of the earring.
Q2: Yes, that feature directly supports statement 2.
Q3: For statement 1 to be true, the image would need to show a butterfly-shaped backing. For statement 3 to be true, the image would need to show a circular-shaped backing. Neither of these features is present in the image.
Q4: Therefore, statement 2 is grounded.",false
48de441dc39acda5e929126aa0ce321aed218f457ee61015aaf60116086194cf,1,,true
48de441dc39acda5e929126aa0ce321aed218f457ee61015aaf60116086194cf,2,,false
37a2f143bf7cb727f93f2ce991e7d634eef3a9b06c2a837e5317fcc0bb84eeb3,0,"Answer: 1

Q1: The single most distinctive visual feature in this image is the bracelet on the person's wrist.
Q2: The bracelet's metallic appearance and the way it reflects light suggest it is likely made of gold, which supports statement 1.
Q3: For statement 2 to be true, the bracelet would need to have a silver color and reflective properties similar to gold. For statement 3 to be true, the bracelet would need to have a plastic appearance, which is not present in the image.
Q4: Therefore, statement 1 is grounded.",true
37a2f143bf7cb727f93f2ce991e7d634eef3a9b06c2a837e5317fcc0bb84eeb3,1,,false
37a2f143bf7cb727f93f2ce991e7d634eef3a9b06c2a837e5317fcc0bb84eeb3,2,,false
e50997375c2d79e82bb7156c29c6f881099c69dad750b14bfee79df2fb391d70,0,"Answer: 1

Q1: The single most distinctive visual feature in this image is the large cylindrical structure with a vertical garden.
Q2: This feature directly supports statement 1, as it is a common sight in shopping malls where people are shopping for goods.
Q3: For statement 2 to be true, the image would need to show a stage or seating area for a musical concert, which is not present.
Q4: Therefore, statement 1 is grounded.",true
e50997375c2d79e82bb7156c29c6f881099c69dad750b14bfee79df2fb391d70,1,,false
e50997375c2d79e82bb7156c29c6f881099c69dad750b14bfee79df2fb391d70,2,,false
c09e5097291b5549dcc61836af1d0c37d48e1862d7bb9467f28abd226ffd73db,0,"Answer: 3

Q1: The single most distinctive visual feature in this image is the tall, slender minaret with a spiral design.
Q2: The minaret directly supports statement 3.
Q3: For statement 1 to be true, the image would need to show stained glass windows, which are not present.
For statement 2 to be true, the image would need to show a bell tower, which is not present.
Q4: Therefore, statement 3 is grounded.",false
c09e5097291b5549dcc61836af1d0c37d48e1862d7bb9467f28abd226ffd73db,1,,false
c09e5097291b5549dcc61836af1d0c37d48e1862d7bb9467f28abd226ffd73db,2,,true
1eaf6f707c2a7a04d04f4fe3c9495881c2afddf46ab1420bbf3a505f855ed496,0,"Answer: 1

Q1: The single most distinctive visual feature in this image is the person holding a falcon on their arm.
Q2: This feature directly supports statement 1, as falconry involves the practice of hunting with falcons.
Q3: For statement 2 to be true, the image would need to show the person riding a horse, which is not present.
For statement 3 to be true, the image would need to show the person holding a bow and arrow, which is not present.
Q4: Therefore, statement 1 is grounded.",true
1eaf6f707c2a7a04d04f4fe3c9495881c2afddf46ab1420bbf3a505f855ed496,1,,false
1eaf6f707c2a7a04d04f4fe3c9495881c2afddf46ab1420bbf3a505f855ed496,2,,false
a648a113187ee3640ff5bbfbca83a14b8f20ac72072cfaf59f7ebdac943d93d1,0,"Answer: 2

Q1: The single most distinctive visual feature in this image is the large dome with gold detailing.
Q2: Yes, that feature directly supports statement 2.
Q3: For statement 1 to be true, the image would need to show rectangular windows as the most prominent feature, which is not the case here.
For statement 3 to be true, the image would need to show the surrounding trees as the most prominent feature, which is not the case here.
Q4: Therefore, statement 2 is grounded.",false
a648a113187ee3640ff5bbfbca83a14b8f20ac72072cfaf59f7ebdac943d93d1,1,,true
a648a113187ee3640ff5bbfbca83a14b8f20ac72072cfaf59f7ebdac943d93d1,2,,false
0b97f0fc2a3326080fff121b55bb7bc492d7e1cd390a0e1173298174b228bb3a,0,"Answer: 1

Q1: The single most distinctive visual feature in this image is the couple dressed in formal attire, with the man in a black suit and the woman in a white wedding dress.

Q2: This feature directly supports statement 1, as the formal attire and the intimate pose of the couple are typical of a wedding ceremony.

Q3: For statement 2 to be true, the image would need to show the couple in business attire, engaged in a formal meeting. For statement 3 to be true, the image would need to show the couple in casual clothing, engaged in a relaxed activity. Neither of these scenarios is present in the image.

Q4: Therefore, statement 1 is grounded in the image.",true
0b97f0fc2a3326080fff121b55bb7bc492d7e1cd390a0e1173298174b228bb3a,1,,false
0b97f0fc2a3326080fff121b55bb7bc492d7e1cd390a0e1173298174b228bb3a,2,,false
893e4b59b6de29a3a1d50697df4feac821b9a5d8b8de4144071afc327be253cd,0,"Answer: 1

Q1: The single most distinctive visual feature in this image is the traditional wooden sailboat with a large white sail.
Q2: This feature directly supports statement 1, as the sailboat is a traditional vessel commonly used for fishing and trade.
Q3: For statement 2 to be true, the image would need to show the sailboat being used in military operations, which is not present in the image.
Q4: Therefore, statement 1 is grounded.",true
893e4b59b6de29a3a1d50697df4feac821b9a5d8b8de4144071afc327be253cd,1,,false
893e4b59b6de29a3a1d50697df4feac821b9a5d8b8de4144071afc327be253cd,2,,false
6def718e4acfe5057dd09e01c353d37e6487127e677b5f763d0aa8d288c29538,0,"Answer: 3

Q1: The single most distinctive visual feature in this image is the decorative floral arrangement on the candle, which includes pearls and a gold-colored element.

Q2: This feature directly supports statement 3, as floral arrangements and pearls are commonly associated with weddings.

Q3: For statement 1 to be true, the image would need to show the candle being used in a birthday celebration context, which is not present.
For statement 2 to be true, the image would need to show the candle being used in a religious ceremony context, which is not present.

Q4: Therefore, statement 3 is grounded.",false
6def718e4acfe5057dd09e01c353d37e6487127e677b5f763d0aa8d288c29538,1,,false
6def718e4acfe5057dd09e01c353d37e6487127e677b5f763d0aa8d288c29538,2,,true
793f3f7f75193748e50fa4f9b9e540cc4f72da3dc21d89a9e8903aceee23eb00,0,"Answer: 1

Q1: The single most distinctive visual feature in this image is the multi-panel wall art with Arabic calligraphy.

Q2: Yes, that feature directly supports statement 1.

Q3: For statement 2 to be true, the blue sofa would need to have Islamic cultural elements, which it does not. For statement 3 to be true, the round wooden coffee tables would need to have Islamic cultural elements, which they do not.

Q4: Therefore, statement 1 is grounded.",true
793f3f7f75193748e50fa4f9b9e540cc4f72da3dc21d89a9e8903aceee23eb00,1,,false
793f3f7f75193748e50fa4f9b9e540cc4f72da3dc21d89a9e8903aceee23eb00,2,,false
a3ab7378418d3bbc9a8c60e106b3fbf27b5ddb59bee6c0a749b5f774cc0fcca5,0,"Answer: 2

Q1: The single most distinctive visual feature in this image is the gray beard.

Q2: The gray beard directly supports statement 2, as it signifies wisdom and experience in the context of religion and spirituality.

Q3: For statement 1 to be true, the image would need to show the gray beard as a sign of youthfulness, which is not present in the image.
For statement 3 to be true, the image would need to show the gray beard as a fashion preference, which is not present in the image.

Q4: Therefore, statement 2 is grounded.",false
a3ab7378418d3bbc9a8c60e106b3fbf27b5ddb59bee6c0a749b5f774cc0fcca5,1,,true
a3ab7378418d3bbc9a8c60e106b3fbf27b5ddb59bee6c0a749b5f774cc0fcca5,2,,false
700e485f661d6e5090ffd5eb8d054f3ae7a5cefb9eba5403d691275f9339722c,0,"Answer: 1

Q1: The single most distinctive visual feature in this image is the presence of sailboats with sails unfurled, navigating the water.

Q2: This feature directly supports statement 1, as the boats have sails, which is a characteristic of sailboats.

Q3: For statement 2 to be true, the boats would need to have oars and be rowed by people, which is not present in the image. For statement 3 to be true, the boats would need to have motors and be propelled by engines, which is also not present in the image.

Q4: Therefore, statement 1 is grounded.",true
700e485f661d6e5090ffd5eb8d054f3ae7a5cefb9eba5403d691275f9339722c,1,,false
700e485f661d6e5090ffd5eb8d054f3ae7a5cefb9eba5403d691275f9339722c,2,,false
b429e3294d4dcfb54b0f2d3a5a9779f2abedc220683344c993dd09afe56b083b,0,"Answer: 2

Q1: The single most distinctive visual feature in this image is the target with concentric circles.
Q2: The target with concentric circles directly supports statement 2, as it shows the goal of hitting the center of the target.
Q3: For statement 1 to be true, the image would need to show the person aiming to shoot arrows as far as possible, which is not present.
For statement 3 to be true, the image would need to show the person performing tricks with the bow, which is not present.
Q4: Therefore, statement 2 is grounded.",false
b429e3294d4dcfb54b0f2d3a5a9779f2abedc220683344c993dd09afe56b083b,1,,true
b429e3294d4dcfb54b0f2d3a5a9779f2abedc220683344c993dd09afe56b083b,2,,false
8ed36307aefad04cd04651ac8e77882fbfe012ae3bd54820c937b9f0baf0a514,0,"Answer: 2

Q1: The single most distinctive visual feature in this image is the peeling paint and bullet holes on the building.

Q2: The peeling paint and bullet holes on the building suggest that it has possibly witnessed conflict or neglect. This directly supports statement 2.

Q3: For statement 1 to be true, the image would need to show that the building is newly constructed. However, the peeling paint and bullet holes suggest the opposite, indicating age and possible neglect rather than new construction. For statement 3 to be true, the image would need to show that the building has been recently renovated. The peeling paint and bullet holes suggest the opposite, indicating that the building has not been recently renovated.

Q4: Therefore, statement 2 is grounded.",false
8ed36307aefad04cd04651ac8e77882fbfe012ae3bd54820c937b9f0baf0a514,1,,true
8ed36307aefad04cd04651ac8e77882fbfe012ae3bd54820c937b9f0baf0a514,2,,false
faf9256385913a8852ca3058fb1d998ca8af285ed2a915b1e2aa31fe7ba9a591,0,"Answer: 3

Q1: The single most distinctive visual feature in this image is the row of wooden benches and the stone wall with a water faucet.

Q2: This feature directly supports statement 3, as it is commonly used for performing ablution before prayer.

Q3: For statement 1 to be true, the image would need to show people relaxing and enjoying the outdoors, which is not present.
For statement 2 to be true, the image would need to show religious ceremonies being conducted, which is not present.

Q4: Therefore, statement 3 is grounded.",false
faf9256385913a8852ca3058fb1d998ca8af285ed2a915b1e2aa31fe7ba9a591,1,,false
faf9256385913a8852ca3058fb1d998ca8af285ed2a915b1e2aa31fe7ba9a591,2,,true
00c65ee412817601b3e450f26f088c0eb876f7003825010f1a7c41b3f560f439,0,"Answer: 3

Q1: The single most distinctive visual feature in this image is the sign that reads ""Nadad's Migration Camp Safari North.""
Q2: This feature directly supports statement 3, as it indicates that the vehicle is used for transporting tourists on wildlife safaris.
Q3: For statement 1 to be true, the image would need to show the vehicle being used for delivering goods to remote villages, which is not present in the image.
For statement 2 to be true, the image would need to show the vehicle being used for providing emergency medical services, which is also not present in the image.
Q4: Therefore, statement 3 is grounded.",false
00c65ee412817601b3e450f26f088c0eb876f7003825010f1a7c41b3f560f439,1,,false
00c65ee412817601b3e450f26f088c0eb876f7003825010f1a7c41b3f560f439,2,,true
ff4aa6b830370f47b53b9c955d4c79149497e6e8ff225faa95527f501d73baa3,0,"Answer: 2

Q1: The single most distinctive visual feature in this image is the blue wrestling mat on which the athletes are competing.

Q2: The blue wrestling mat directly supports statement 2.

Q3: For statement 1 to be true, the image would need to show a wooden court, which is not present.
For statement 3 to be true, the image would need to show a grass field, which is not present.

Q4: Therefore, statement 2 is grounded.",false
ff4aa6b830370f47b53b9c955d4c79149497e6e8ff225faa95527f501d73baa3,1,,true
ff4aa6b830370f47b53b9c955d4c79149497e6e8ff225faa95527f501d73baa3,2,,false
170d2edd40b1b1afab8bae70a46f6d926d0be521706b2c51ab3ffd8576226091,0,"Answer: 3

Q1: The single most distinctive visual feature in this image is the series of arches and columns that are part of the ancient stone structure.

Q2: This feature directly supports statement 3, as the presence of arches and columns is characteristic of religious temples, particularly those from ancient civilizations.

Q3: For statement 1 to be true, the image would need to show modern amenities such as walking paths, benches, or landscaping. For statement 2 to be true, the image would need to show industrial equipment, machinery, or modern warehouse structures. Neither of these features is present in the image.

Q4: Therefore, statement 3 is grounded.",false
170d2edd40b1b1afab8bae70a46f6d926d0be521706b2c51ab3ffd8576226091,1,,false
170d2edd40b1b1afab8bae70a46f6d926d0be521706b2c51ab3ffd8576226091,2,,true
4437f4253824920510960c5b9a7343a841933d5b79e6f7a86841bb7d9c32d67b,0,"Answer: 3

Q1: The single most distinctive visual feature in this image is the pier extending into the water with a ladder and a couple of lounge chairs.

Q2: The pier and ladder do not directly support statement 1 or 2. They do not appear to be used for anchoring the pier or climbing onto boats.

Q3: For statement 1 to be true, the image would need to show the ladder being used to anchor the pier, which it does not. For statement 2 to be true, the image would need to show boats nearby that people use the ladder to climb onto, which it does not. Therefore, the image does not support statements 1 and 2.

Q4: Therefore, the statement that is grounded is statement 3, as the ladder and pier suggest that the primary function is to access the water for swimming.",false
4437f4253824920510960c5b9a7343a841933d5b79e6f7a86841bb7d9c32d67b,1,,false
4437f4253824920510960c5b9a7343a841933d5b79e6f7a86841bb7d9c32d67b,2,,true
8cd93566938e6aacdf58e99b16a3fec7db669c795dfbef9682886cfc0efdc3c3,0,"Answer: 2

Q1: The single most distinctive visual feature in this image is the wooden texture and appearance of the canoe.
Q2: Yes, that feature directly supports statement 2.
Q3: For statement 1 to be true, the canoe would need to be made of plastic, which is not present in the image. For statement 3 to be true, the canoe would need to be made of metal, which is also not present in the image.
Q4: Therefore, statement 2 is grounded.",false
8cd93566938e6aacdf58e99b16a3fec7db669c795dfbef9682886cfc0efdc3c3,1,,true
8cd93566938e6aacdf58e99b16a3fec7db669c795dfbef9682886cfc0efdc3c3,2,,false
a05e955af4d4f801bb40e9182695be9f46ea71f71a1b4bdd16bfaaa72269b695,0,"Answer: 2

Q1: The single most distinctive visual feature in this image is the colorful, arched structure in the background of the left image.
Q2: This feature directly supports statement 2, as it resembles a shopping street with various signs and a vibrant atmosphere.
Q3: For statement 1 to be true, the image would need to show a rural area with fields, trees, or countryside scenery, which is not present.
For statement 3 to be true, the image would need to show a park with greenery, benches, or recreational areas, which is also not present.
Q4: Therefore, statement 2 is grounded.",false
a05e955af4d4f801bb40e9182695be9f46ea71f71a1b4bdd16bfaaa72269b695,1,,true
a05e955af4d4f801bb40e9182695be9f46ea71f71a1b4bdd16bfaaa72269b695,2,,false
a4e4b2c332c6c6f1601a79321d4d765ad8db1291566da77c61926073f3e0b0d3,0,"Answer: 1

Q1: The single most distinctive visual feature in this image is the spiral staircase.
Q2: Yes, that feature directly supports statement 1.
Q3: For statement 2 to be true, the image would need to show that the staircase is made of wood. For statement 3 to be true, the image would need to show that the staircase is made of glass. Neither of these conditions is met in the image.
Q4: Therefore, statement 1 is grounded.",true
a4e4b2c332c6c6f1601a79321d4d765ad8db1291566da77c61926073f3e0b0d3,1,,false
a4e4b2c332c6c6f1601a79321d4d765ad8db1291566da77c61926073f3e0b0d3,2,,false
0a3867d2ce545aa6d8d2547648346365f63ae77fd771a6a06ff6bd44c63e77f8,0,"Answer: 1

Q1: The single most distinctive visual feature in this image is the large, fluffy clouds with a pink hue.
Q2: This feature directly supports statement 1, as it shows a coastal landscape with cliffs.
Q3: For statement 2 to be true, the image would need to show mountains. For statement 3 to be true, the image would need to show a desert with dunes. Neither of these features is present in the image.
Q4: Therefore, statement 1 is grounded.",true
0a3867d2ce545aa6d8d2547648346365f63ae77fd771a6a06ff6bd44c63e77f8,1,,false
0a3867d2ce545aa6d8d2547648346365f63ae77fd771a6a06ff6bd44c63e77f8,2,,false
0fd1d1a353d20c58c124ede18c9dbf1b99d84075a6465ba70308276812bf281b,0,"Answer: 3

Q1: The single most distinctive visual feature in this image is the presence of falafel balls, which are small, round, and golden-brown in color, typically served with lettuce and lemon wedges.

Q2: The falafel balls directly support statement 3, as falafel is typically made from chickpeas and tahini.

Q3: For statement 1 to be true, the image would need to show a dish that is specifically labeled as kibbeh, which is not present in the image. For statement 2 to be true, the image would need to show a dish that is specifically labeled as tabbouleh, which is also not present in the image.

Q4: Therefore, statement 3 is grounded.",false
0fd1d1a353d20c58c124ede18c9dbf1b99d84075a6465ba70308276812bf281b,1,,false
0fd1d1a353d20c58c124ede18c9dbf1b99d84075a6465ba70308276812bf281b,2,,true
604c812cad4549556676691f6c1866e46503b46a20ee22432d0a9942fa29f9c1,0,"Answer: 3

Q1: The single most distinctive visual feature in this image is the ancient ruins of the Inca Trail, which are situated on a steep mountain slope.

Q2: The feature of the ancient ruins directly supports statement 3, as hiking the Inca Trail is indeed popular among visitors to the site shown in the image.

Q3: For statement 1 to be true, the image would need to show snow-covered slopes suitable for skiing, which is not present in the image. For statement 2 to be true, the image would need to show water bodies suitable for scuba diving, which is also not present in the image.

Q4: Therefore, the statement that is grounded is statement 3.",false
604c812cad4549556676691f6c1866e46503b46a20ee22432d0a9942fa29f9c1,1,,false
604c812cad4549556676691f6c1866e46503b46a20ee22432d0a9942fa29f9c1,2,,true
1a2ead3a3198e5713faa360e4d6643eb46a2f132ba1cbce6b92c01400a08af2a,0,"Answer: 3

Q1: The single most distinctive visual feature in this image is the riders dressed in elaborate, colorful costumes and the horses adorned with decorative elements.

Q2: This feature directly supports statement 3, as the elaborate costumes and decorations suggest a traditional cultural ceremony rather than a horse racing competition or a casual parade.

Q3: For statement 1 to be true, the image would need to show a competitive race with multiple horses and riders competing for a finish line. For statement 2 to be true, the image would need to show a more casual, non-competitive setting with no specific focus on the horses or riders. Neither of these conditions is met in the image.

Q4: Therefore, statement 3 is grounded.",false
1a2ead3a3198e5713faa360e4d6643eb46a2f132ba1cbce6b92c01400a08af2a,1,,false
1a2ead3a3198e5713faa360e4d6643eb46a2f132ba1cbce6b92c01400a08af2a,2,,true
950361ed73a83cea3f35285ef749fcb0d431657cbe02ff432608c463b3d80053,0,"Answer: 2

Q1: The single most distinctive visual feature in this image is the paddleboard being used by the person.
Q2: Yes, that feature directly supports statement 2.
Q3: For statement 1 to be true, the image would need to show a kayak. For statement 3 to be true, the image would need to show a motorboat. Neither of these features is present in the image.
Q4: Therefore, statement 2 is grounded.",false
950361ed73a83cea3f35285ef749fcb0d431657cbe02ff432608c463b3d80053,1,,true
950361ed73a83cea3f35285ef749fcb0d431657cbe02ff432608c463b3d80053,2,,false
94b6eca84a1617f55a29d8d2d48200964daa431dad9da10711ff6048a7dccf69,0,"Answer: 1

Q1: The single most distinctive visual feature in this image is the decorative lantern with a glowing interior.
Q2: This feature directly supports statement 1.
Q3: For statement 2 to be true, the image would need to show a Christmas-themed decoration, which is not present.
For statement 3 to be true, the image would need to show a Diwali-themed decoration, which is not present.
Q4: Therefore, statement 1 is grounded.",true
94b6eca84a1617f55a29d8d2d48200964daa431dad9da10711ff6048a7dccf69,1,,false
94b6eca84a1617f55a29d8d2d48200964daa431dad9da10711ff6048a7dccf69,2,,false
a92f6043df7ce3a483cd009631d78990225a02fd72180bb3b4c8d0ef41f37aa7,0,"Answer: 3

Q1: The single most distinctive visual feature in this image is the rustic stone wall and the traditional setting.

Q2: This feature directly supports statement 3, as it indicates a rustic traditional space.

Q3: For statement 1 to be true, the image would need to show a modern café setting, which is not present. For statement 2 to be true, the image would need to show an outdoor picnic area, which is also not present.

Q4: Therefore, statement 3 is grounded.",false
a92f6043df7ce3a483cd009631d78990225a02fd72180bb3b4c8d0ef41f37aa7,1,,false
a92f6043df7ce3a483cd009631d78990225a02fd72180bb3b4c8d0ef41f37aa7,2,,true
33500f73161cb94909b8d063578b829de116768d8e6c6d35306545e8db450ecf,0,"Answer: 2

Q1: The single most distinctive visual feature in this image is the warm, golden hue of the sunlight casting on the buildings and the calm sea, indicating a time close to sunset.
Q2: This feature directly supports statement 2, as the warm sunlight and the position of the sun near the horizon are indicative of sunset.
Q3: For statement 1 to be true, the image would need to show the sun positioned higher in the sky, typical of afternoon light. For statement 3 to be true, the image would need to show the sun rising, which is not present in the image.
Q4: Therefore, statement 2 is grounded.",false
33500f73161cb94909b8d063578b829de116768d8e6c6d35306545e8db450ecf,1,,true
33500f73161cb94909b8d063578b829de116768d8e6c6d35306545e8db450ecf,2,,false
fb58606c85e2c63b4fa730df147c43964ee8d23509a5b683ccc29dbc8e4014b0,0,"Answer: 3

Q1: The single most distinctive visual feature in this image is the woman's elaborate, long-sleeved, lace dress.
Q2: This feature directly supports statement 3, as the dress is typically associated with formal events like a wedding ceremony.
Q3: For statement 1 to be true, the image would need to show the woman dressed in casual attire, which is not present.
For statement 2 to be true, the image would need to show the woman dressed in business attire, which is not present.
Q4: Therefore, statement 3 is grounded.",false
fb58606c85e2c63b4fa730df147c43964ee8d23509a5b683ccc29dbc8e4014b0,1,,false
fb58606c85e2c63b4fa730df147c43964ee8d23509a5b683ccc29dbc8e4014b0,2,,true
8138571c4d05ec1c15e0fce658f60d61a4308b2d8a9420c8b86eb67e35a70da2,0,"Answer: 1

Q1: The single most distinctive visual feature in this image is the sunset sky with vibrant colors.
Q2: Yes, the sunset sky directly supports statement 1.
Q3: For statement 2 to be true, the image would need to show a sky with colors typical of a morning sky, which is not present. For statement 3 to be true, the image would need to show a dark sky typical of midnight, which is also not present.
Q4: Therefore, statement 1 is grounded.",true
8138571c4d05ec1c15e0fce658f60d61a4308b2d8a9420c8b86eb67e35a70da2,1,,false
8138571c4d05ec1c15e0fce658f60d61a4308b2d8a9420c8b86eb67e35a70da2,2,,false
30f34d6c9a22ae43a1177ebca16c784abf2eb034e6b3553492d59924fea0a403,0,"Answer: 1

Q1: The single most distinctive visual feature in this image is the presence of a severely damaged car with significant fire damage and debris scattered around it.
Q2: This feature directly supports statement 1, as the presence of an ambulance and the damaged car suggests that emergency medical assistance is likely being provided.
Q3: For statement 2 to be true, the image would need to show the ambulance transporting passengers to a nearby station, which is not present in the image.
Q4: Therefore, statement 1 is grounded.",true
30f34d6c9a22ae43a1177ebca16c784abf2eb034e6b3553492d59924fea0a403,1,,false
30f34d6c9a22ae43a1177ebca16c784abf2eb034e6b3553492d59924fea0a403,2,,false
efb0c18fb0200bc56027fe36316c2b6bea772605e8f47d213bffbb9eb50f162b,0,"Answer: 2

Q1: The single most distinctive visual feature in this image is the menu board outside 'Comptoir Libanais' that prominently displays a promotion for a Christmas Feast.

Q2: This feature directly supports statement 2, as it clearly advertises the Christmas Feast.

Q3: For statement 1 to be true, the menu board would need to display information about a Daily Happy Hour, which is not present in the image.
For statement 3 to be true, the menu board would need to display information about Weekend Brunch Specials, which is also not present in the image.

Q4: Therefore, the statement that is grounded in the image is statement 2.",false
efb0c18fb0200bc56027fe36316c2b6bea772605e8f47d213bffbb9eb50f162b,1,,true
efb0c18fb0200bc56027fe36316c2b6bea772605e8f47d213bffbb9eb50f162b,2,,false
1f5719518b163e8178ef96543b59613078fca726dcca78194b766804b9538697,0,"Answer: 2

Q1: The single most distinctive visual feature in this image is the large posters of a man with a mustache, which are being held by the individuals in the gathering.

Q2: The presence of the posters with the same man's image suggests a unified message or cause, which is more indicative of a political protest or demonstration rather than a cultural festival or religious ceremony.

Q3: For statement 1 to be true, the image would need to show elements typical of a cultural festival, such as music, dancing, traditional costumes, or food. There are no such elements visible in the image.

For statement 3 to be true, the image would need to show elements typical of a religious ceremony, such as religious symbols, rituals, or a religious leader. There are no such elements visible in the image.

Q4: Therefore, the statement that is grounded in the image is statement 2, as the presence of the posters with the same man's image suggests a political protest or demonstration.",false
1f5719518b163e8178ef96543b59613078fca726dcca78194b766804b9538697,1,,true
1f5719518b163e8178ef96543b59613078fca726dcca78194b766804b9538697,2,,false
27bbc3dd8a10789d314af80ee09e32dfe121a52f8bad09ec56bd3ec29d6e4d9b,0,"Answer: 3

Q1: The single most distinctive visual feature in this image is the macrame keychains with the word ""LEBANON PIONEERS"" written on them.

Q2: This feature directly supports statement 3, as the primary color scheme used in the macrame keychains is indeed red and white.

Q3: For statement 1 to be true, the image would need to show green and black as the primary color scheme. For statement 2 to be true, the image would need to show blue and yellow as the primary color scheme. Neither of these color schemes is present in the image.

Q4: Therefore, statement 3 is grounded.",false
27bbc3dd8a10789d314af80ee09e32dfe121a52f8bad09ec56bd3ec29d6e4d9b,1,,false
27bbc3dd8a10789d314af80ee09e32dfe121a52f8bad09ec56bd3ec29d6e4d9b,2,,true
b1056cb9f2103a137434e744f73fc09406f3891f4c224bea2207d9807fc5c7ae,0,"Answer: 1

Q1: The single most distinctive visual feature in this image is the large, dark-colored door with rivets on the right side.
Q2: This feature directly supports statement 1, as it indicates that there is no refrigerator visible in the kitchen.
Q3: For statement 2 to be true, the image would need to show that there are no decorative jars present. This is not present in the image, as there are jars visible on the counter.
Q4: Therefore, statement 1 is grounded.",true
b1056cb9f2103a137434e744f73fc09406f3891f4c224bea2207d9807fc5c7ae,1,,false
b1056cb9f2103a137434e744f73fc09406f3891f4c224bea2207d9807fc5c7ae,2,,false
15480351e96c1bb437eff9f2d52b2795e78c0a5563d058d2b60b5142ee35818c,0,"Answer: 2

Q1: The single most distinctive visual feature in this image is the orange structures in the background.
Q2: The orange structures in the background resemble sports bench covers, which directly supports statement 2.
Q3: For statement 1 to be true, the image would need to show the orange structures as public transport shelters, which they do not. For statement 3 to be true, the image would need to show the orange structures as construction scaffolding, which they do not.
Q4: Therefore, statement 2 is grounded.",false
15480351e96c1bb437eff9f2d52b2795e78c0a5563d058d2b60b5142ee35818c,1,,true
15480351e96c1bb437eff9f2d52b2795e78c0a5563d058d2b60b5142ee35818c,2,,false
791445be6aa8f7aca569a86ecbb42b9f02ccf251fa2962098606806d18c9a311,0,"Answer: 3

Q1: The single most distinctive visual feature in this image is the sand dunes and the oasis.

Q2: This feature directly supports statement 3.

Q3: For statement 1 to be true, the image would need to show a dense rainforest with a flowing river, which is not present.
For statement 2 to be true, the image would need to show a mountainous region with snow-covered peaks, which is not present.

Q4: Therefore, statement 3 is grounded.",false
791445be6aa8f7aca569a86ecbb42b9f02ccf251fa2962098606806d18c9a311,1,,false
791445be6aa8f7aca569a86ecbb42b9f02ccf251fa2962098606806d18c9a311,2,,true
f3104096bc233080dff536e2fa7d4344fb5c88bae3ed8f46547b80a25fba81dc,0,"Answer: 2

Q1: The single most distinctive visual feature in this image is the IV cannula visible in the woman's arm.
Q2: The IV cannula directly supports statement 2, as it is commonly used to administer fluids or medication.
Q3: For statement 1 to be true, the image would need to show a device or setup specifically designed for measuring blood sugar levels, which is not present.
For statement 3 to be true, the image would need to show a device or setup specifically designed for checking oxygen levels, which is not present.
Q4: Therefore, statement 2 is grounded.",false
f3104096bc233080dff536e2fa7d4344fb5c88bae3ed8f46547b80a25fba81dc,1,,true
f3104096bc233080dff536e2fa7d4344fb5c88bae3ed8f46547b80a25fba81dc,2,,false
0da6303d394b72be0cfbecf9627514ed600c23d69b56f943f2cf62ca9922ffab,0,"Answer: 3

Q1: The single most distinctive visual feature in this image is the door set within a stone wall.

Q2: This feature directly supports statement 3, as it indicates that the door was part of a traditional or historical building.

Q3: For statement 1 to be true, the image would need to show the door in a museum setting. For statement 2 to be true, the image would need to show the door as an entrance to a modern apartment, which is not present in the image.

Q4: Therefore, statement 3 is grounded.",false
0da6303d394b72be0cfbecf9627514ed600c23d69b56f943f2cf62ca9922ffab,1,,false
0da6303d394b72be0cfbecf9627514ed600c23d69b56f943f2cf62ca9922ffab,2,,true
a7afc21caa2943a7d5594ba43b1996a8605fe69813cc6fd7061d62345fd42c05,0,"Answer: 1

Q1: The single most distinctive visual feature in this image is the overcrowded state of the boat with numerous people on board.
Q2: This feature directly supports statement 1, as it shows an overcrowded migrant boat.
Q3: For statement 2 to be true, the image would need to show a commercial cruise ship, which is not present.
Q4: Therefore, statement 1 is grounded.",true
a7afc21caa2943a7d5594ba43b1996a8605fe69813cc6fd7061d62345fd42c05,1,,false
a7afc21caa2943a7d5594ba43b1996a8605fe69813cc6fd7061d62345fd42c05,2,,false
fae4f22c3b9a6aa66a62de5082d4830495bba8fff93e607dcedb959baa2787de,0,"Answer: 1

Q1: The single most distinctive visual feature in this image is the large flat-screen TV mounted on the wall.
Q2: The large flat-screen TV does not directly support statement 1, 2, or 3.
Q3: For statement 1 to be true, the image would need to show a metallic tripod floor lamp. For statement 2 to be true, the image would need to show a large bookshelf filled with books. For statement 3 to be true, the image would need to show a fireplace. None of these features are present in the image.
Q4: Therefore, statement 1 is grounded.",true
fae4f22c3b9a6aa66a62de5082d4830495bba8fff93e607dcedb959baa2787de,1,,false
fae4f22c3b9a6aa66a62de5082d4830495bba8fff93e607dcedb959baa2787de,2,,false
b1c3a043524b90fe989716a21903c1c8f9600a90c47e3615e82da03c997bd630,0,"Answer: 3

Q1: The single most distinctive visual feature in this image is the person standing on top of a sand dune with their arms raised towards the sky.

Q2: This feature directly supports statement 3, as it depicts an individual engaging in sand dune hiking.

Q3: For statement 1 to be true, the image would need to show a camel, which is not present. For statement 2 to be true, the image would need to show wildlife, which is also not present.

Q4: Therefore, statement 3 is grounded.",false
b1c3a043524b90fe989716a21903c1c8f9600a90c47e3615e82da03c997bd630,1,,false
b1c3a043524b90fe989716a21903c1c8f9600a90c47e3615e82da03c997bd630,2,,true
3e5714ee655519296aafa61e2273055a10b987d41ae6042f84d9dbc4cc7eb063,0,"Answer: 3

Q1: The single most distinctive visual feature in this image is the carved inscriptions on the stone slab.

Q2: The carved inscriptions directly support statement 3, as they indicate that the stone slab is likely an ancient artifact used for historical documentation.

Q3: For statement 1 to be true, the image would need to show a modern context or setting for the stone slab, which is not present in the image.
For statement 2 to be true, the image would need to show a gravestone from the medieval period, which is not present in the image.

Q4: Therefore, statement 3 is grounded.",false
3e5714ee655519296aafa61e2273055a10b987d41ae6042f84d9dbc4cc7eb063,1,,false
3e5714ee655519296aafa61e2273055a10b987d41ae6042f84d9dbc4cc7eb063,2,,true
11caad0015d98e39fdc4b051037a088e1915baa01418fa6c5d4a5f07cb28cb5a,0,"Answer: 2

Q1: The single most distinctive visual feature in this image is the debris and trash scattered in the foreground.
Q2: This feature directly supports statement 2.
Q3: For statement 1 to be true, the image would need to show vegetation in the foreground, which is not present.
For statement 3 to be true, the image would need to show a clean and well-maintained foreground, which is not present.
Q4: Therefore, statement 2 is grounded.",false
11caad0015d98e39fdc4b051037a088e1915baa01418fa6c5d4a5f07cb28cb5a,1,,true
11caad0015d98e39fdc4b051037a088e1915baa01418fa6c5d4a5f07cb28cb5a,2,,false
6f4aa69c1fb10f8c8d76e8ae814dc1acbb9427d0e89986ab6d206c4b6e749913,0,"Answer: 2

Q1: The single most distinctive visual feature in this image is the flags being waved by the people.
Q2: The flags being waved directly support statement 2, as they represent different nations or political movements.
Q3: For statement 1 to be true, the image would need to show the flags being used for advertising a product, which is not present in the image.
For statement 3 to be true, the image would need to show the flags being used to signal a sports event, which is also not present in the image.
Q4: Therefore, statement 2 is grounded.",false
6f4aa69c1fb10f8c8d76e8ae814dc1acbb9427d0e89986ab6d206c4b6e749913,1,,true
6f4aa69c1fb10f8c8d76e8ae814dc1acbb9427d0e89986ab6d206c4b6e749913,2,,false
8bbc2c84190f9d029ceae9e72bbdbe0a7ba61d3cf934145e3c81b5c13d7fd32e,0,"Answer: 3

Q1: The single most distinctive visual feature in this image is the repetitive, interlocking pattern of the material.

Q2: This feature does not directly support statement 1 or 2, as the pattern does not resemble glassware production or wall painting materials.

Q3: For statement 1 to be true, the image would need to show a material that is typically used in glassware production, such as sand or crushed glass. For statement 2 to be true, the image would need to show a material that is typically used in wall painting, such as paint or plaster. Neither of these materials is present in the image.

Q4: Therefore, the statement that is grounded is statement 3, as the material shown in the image is likely to be used for carpet flooring.",false
8bbc2c84190f9d029ceae9e72bbdbe0a7ba61d3cf934145e3c81b5c13d7fd32e,1,,false
8bbc2c84190f9d029ceae9e72bbdbe0a7ba61d3cf934145e3c81b5c13d7fd32e,2,,true
0e0fae945bca83f7b7e4c0a3d498c14ea64ffac50fc5f83caaa34e1424f6903e,0,"Answer: 3

Q1: The single most distinctive visual feature in this image is the blue and white azulejo tiles on the building's facade.

Q2: This feature directly supports statement 3, as azulejos are a hallmark of Portuguese traditional architecture.

Q3: For statement 1 to be true, the image would need to show a minimalist design with clean lines and a lack of ornamentation, which is not present.
For statement 2 to be true, the image would need to show elements characteristic of Gothic revival, such as pointed arches, ribbed vaults, and flying buttresses, which are not present.

Q4: Therefore, statement 3 is grounded.",false
0e0fae945bca83f7b7e4c0a3d498c14ea64ffac50fc5f83caaa34e1424f6903e,1,,false
0e0fae945bca83f7b7e4c0a3d498c14ea64ffac50fc5f83caaa34e1424f6903e,2,,true
45bb618fd386f324c45d8e519aedc7bdf968c638fb4546e3cfef4c2be6d53847,0,"Answer: 1

Q1: The single most distinctive visual feature in this image is the vase held in the person's hands.
Q2: The vase's appearance, with its textured surface and coloration, supports statement 1 (True) as it resembles a ceramic vase.
Q3: For statement 2 (False) to be true, the vase would need to show metallic properties, such as a shiny, reflective surface or a metallic sheen, which is not present in the image.
Q4: Therefore, statement 1 is grounded.",true
45bb618fd386f324c45d8e519aedc7bdf968c638fb4546e3cfef4c2be6d53847,1,,false
45bb618fd386f324c45d8e519aedc7bdf968c638fb4546e3cfef4c2be6d53847,2,,false
dd220a6002b9e99da758475fde212490a74a6ddd0bf49b0fc23edc21c5c16e36,0,"Answer: 2

Q1: The single most distinctive visual feature in this image is the large industrial port infrastructure visible in the background, including cranes and cargo handling equipment.

Q2: This feature directly supports statement 2, as it is clearly designed for cargo handling and storage.

Q3: For statement 1 to be true, the image would need to show recreational boats and facilities for boating activities, which are not present.
For statement 3 to be true, the image would need to show fishing activities and equipment, which are also not present.

Q4: Therefore, statement 2 is grounded.",false
dd220a6002b9e99da758475fde212490a74a6ddd0bf49b0fc23edc21c5c16e36,1,,true
dd220a6002b9e99da758475fde212490a74a6ddd0bf49b0fc23edc21c5c16e36,2,,false
08d0f01d274f8422e030d1f9e6e86eed458e74b6836b46b8a12fd6f9dc3e1637,0,"Answer: 2

Q1: The single most distinctive visual feature in this image is the vibrant, flowing fabric that the dancer is holding and interacting with.

Q2: This feature directly supports statement 2, as the fabric is being used to enhance the visual dynamics of the dance performance.

Q3: For statement 1 to be true, the image would need to show that the fabric is being used to provide warmth, which is not evident in the image. For statement 3 to be true, the image would need to show that the fabric is being used as a stage backdrop, which is also not evident in the image.

Q4: Therefore, the statement grounded in the image is statement 2.",false
08d0f01d274f8422e030d1f9e6e86eed458e74b6836b46b8a12fd6f9dc3e1637,1,,true
08d0f01d274f8422e030d1f9e6e86eed458e74b6836b46b8a12fd6f9dc3e1637,2,,false
98f0157e8abf8f4d4370c31e65bb3709ce0fe5d89c44f908bbffc4685c809b1d,0,"Answer: 2

Q1: The single most distinctive visual feature in this image is the clear glass bowls filled with a mixture of grains, nuts, and possibly dried fruits.

Q2: This feature directly supports statement 2, as the dish appears to be a layered dessert with nuts.

Q3: For statement 1 to be true, the image would need to show a dish that is more uniformly mixed and possibly baked, which is not present. For statement 3 to be true, the image would need to show fresh fruits, which are not present.

Q4: Therefore, statement 2 is grounded.",false
98f0157e8abf8f4d4370c31e65bb3709ce0fe5d89c44f908bbffc4685c809b1d,1,,true
98f0157e8abf8f4d4370c31e65bb3709ce0fe5d89c44f908bbffc4685c809b1d,2,,false
b84a15b378b5808748d29a781caf840d4d9aa1ccfa87f9e8d3815e89501d90cb,0,"Answer: 3

Q1: The single most distinctive visual feature in this image is the vast expanse of sand dunes.

Q2: This feature directly supports statement 3, as sand dunes are characteristic of a desert landscape.

Q3: For statement 1 to be true, the image would need to show lush vegetation and a dense canopy, which is not present. For statement 2 to be true, the image would need to show snow-covered mountains and snowfall, which is also not present.

Q4: Therefore, statement 3 is grounded.",false
b84a15b378b5808748d29a781caf840d4d9aa1ccfa87f9e8d3815e89501d90cb,1,,false
b84a15b378b5808748d29a781caf840d4d9aa1ccfa87f9e8d3815e89501d90cb,2,,true
a730fb90732129d3dabb4d1d26ea4dc9d9f9daf570e359b145656548998d5430,0,"Answer: 1

Q1: The single most distinctive visual feature in this image is the presence of sailboats in the waterfront scene.
Q2: Yes, that feature directly supports statement 1.
Q3: For statement 2 to be true, the image would need to show motorboats, which are not present.
Q4: Therefore, statement 1 is grounded.",true
a730fb90732129d3dabb4d1d26ea4dc9d9f9daf570e359b145656548998d5430,1,,false
a730fb90732129d3dabb4d1d26ea4dc9d9f9daf570e359b145656548998d5430,2,,false
419177719d5b94b5ae78f33505d325f9010845d9f151bdfdee4905670e6701f3,0,"Answer: 2

Q1: The single most distinctive visual feature in this image is the cap with an emblem on it.
Q2: The cap with the emblem directly supports statement 2, as flight attendants often wear caps with airline logos.
Q3: For statement 1 to be true, the image would need to show a uniform that is typically worn by airport security officers, which is not present in the image.
For statement 3 to be true, the image would need to show a uniform that is typically worn by pilots, which is not present in the image.
Q4: Therefore, statement 2 is grounded.",false
419177719d5b94b5ae78f33505d325f9010845d9f151bdfdee4905670e6701f3,1,,true
419177719d5b94b5ae78f33505d325f9010845d9f151bdfdee4905670e6701f3,2,,false
17c4f1010bed9013958742b66e1e3d4ce9a9397e19b808a33a3c214b65260bd3,0,"Answer: 1

Q1: The single most distinctive visual feature in this image is the pattern of the flat cap, which includes multiple shades of brown, beige, and black.
Q2: This feature directly supports statement 1.
Q3: For statement 2 to be true, the cap would need to have a solid black color scheme, which is not present in the image. For statement 3 to be true, the cap would need to have bright neon colors, which are also not present in the image.
Q4: Therefore, statement 1 is grounded.",true
17c4f1010bed9013958742b66e1e3d4ce9a9397e19b808a33a3c214b65260bd3,1,,false
17c4f1010bed9013958742b66e1e3d4ce9a9397e19b808a33a3c214b65260bd3,2,,false
f99958bee6cf40d10084a53cd982cc1455065bad8467375b486f0205f9dae166,0,"Answer: 1

Q1: The single most distinctive visual feature in this image is the profile of a man's head on the left side of the coin.
Q2: This feature directly supports statement 1, as it is a common depiction of a ruler or emperor on Roman coins, which often included inscriptions indicating their authority.
Q3: For statement 2 to be true, the image would need to show a symbol or image representing Caesar. For statement 3 to be true, the image would need to show a depiction or inscription indicating sacred coinage.
Q4: Therefore, the statement grounded in the image is statement 1.",true
f99958bee6cf40d10084a53cd982cc1455065bad8467375b486f0205f9dae166,1,,false
f99958bee6cf40d10084a53cd982cc1455065bad8467375b486f0205f9dae166,2,,false
08e7c81a8c393040df8b22d6ecd9e8b5246ea1ccf57d3a5fe681fe694e1573f9,0,"Answer: 2

Q1: The single most distinctive visual feature in this image is the color of the gemstones on the ring.
Q2: Yes, that feature directly supports statement 2.
Q3: For statement 1 to be true, the image would need to show that the primary color of the gemstones is red. This is not present in the image.
Q4: Therefore, statement 2 is grounded.",false
08e7c81a8c393040df8b22d6ecd9e8b5246ea1ccf57d3a5fe681fe694e1573f9,1,,true
08e7c81a8c393040df8b22d6ecd9e8b5246ea1ccf57d3a5fe681fe694e1573f9,2,,false
18e56eedd394321586cffca1a0cf27f7c1528f45fc16ebf89b1e576eec10476a,0,"Answer: 3

Q1: The single most distinctive visual feature in this image is the black abaya with purple floral embroidery.

Q2: This feature directly supports statement 3, as the primary color of the abaya is black.

Q3: For statement 1 to be true, the image would need to show the abaya as primarily purple. For statement 2 to be true, the image would need to show the abaya as primarily white. Neither of these conditions is met in the image.

Q4: Therefore, statement 3 is grounded.",false
18e56eedd394321586cffca1a0cf27f7c1528f45fc16ebf89b1e576eec10476a,1,,false
18e56eedd394321586cffca1a0cf27f7c1528f45fc16ebf89b1e576eec10476a,2,,true
cfe73f670234f873e3059c8b31ab2e61172534b8856076acf94a37b1291ede7b,0,"Answer: 1

Q1: The single most distinctive visual feature in this image is the coastal shoreline with waves crashing against the rocks.
Q2: Yes, that feature directly supports statement 1.
Q3: For statement 2 to be true, the image would need to show a desert landscape, which is not present. For statement 3 to be true, the image would need to show mountainous terrain, which is also not present.
Q4: Therefore, statement 1 is grounded.",true
cfe73f670234f873e3059c8b31ab2e61172534b8856076acf94a37b1291ede7b,1,,false
cfe73f670234f873e3059c8b31ab2e61172534b8856076acf94a37b1291ede7b,2,,false
9a8f94060d50ef8e0092b4ab986e765d60cdc7933934a593426fce31115cb322,0,"Answer: 3

Q1: The single most distinctive visual feature in this image is the shiny and smooth golden-brown skin of the dates.

Q2: This feature directly supports statement 3.

Q3: For statement 1 to be true, the dates would need to have a dark and sticky texture, which is not present in the image. For statement 2 to be true, the dates would need to have dry and wrinkled skin, which is also not present in the image.

Q4: Therefore, statement 3 is grounded.",false
9a8f94060d50ef8e0092b4ab986e765d60cdc7933934a593426fce31115cb322,1,,false
9a8f94060d50ef8e0092b4ab986e765d60cdc7933934a593426fce31115cb322,2,,true
7463ffe77168a2e0cae143d5ac06033d7645725d39955e3d7ce7192619b8abc5,0,"Answer: 3

Q1: The single most distinctive visual feature in this image is the patterned fabric around the mannequin's waist.
Q2: This feature directly supports statement 3.
Q3: For statement 1 to be true, the image would need to show silk with embroidery, which is not present.
For statement 2 to be true, the image would need to show plain cotton fabric, which is not present.
Q4: Therefore, statement 3 is grounded.",false
7463ffe77168a2e0cae143d5ac06033d7645725d39955e3d7ce7192619b8abc5,1,,false
7463ffe77168a2e0cae143d5ac06033d7645725d39955e3d7ce7192619b8abc5,2,,true
cb78c0a787b9664f4bf6e4f8c7d6c16eb7a3f80880bf21425f1c49f5a389a9ae,0,"Answer: 3

Q1: The single most distinctive visual feature in this image is the street market with various fresh produce and people shopping.

Q2: This feature directly supports statement 3, as it shows people shopping for fresh produce.

Q3: For statement 1 to be true, the image would need to show a performance taking place, which is not present.
For statement 2 to be true, the image would need to show a car repair workshop, which is not present.

Q4: Therefore, statement 3 is grounded.",false
cb78c0a787b9664f4bf6e4f8c7d6c16eb7a3f80880bf21425f1c49f5a389a9ae,1,,false
cb78c0a787b9664f4bf6e4f8c7d6c16eb7a3f80880bf21425f1c49f5a389a9ae,2,,true
d13611f7d1093aa1acb3be1007547c84f89438952c287c3d8f36f27db26462c3,0,"Answer: 2

Q1: The single most distinctive visual feature in this image is the yellow rice dish with a meat topping and vegetables.

Q2: This feature directly supports statement 2, as the dish resembles a common dish in Mediterranean cuisine, such as a pilaf or a rice dish with meat and vegetables.

Q3: For statement 1 to be true, the image would need to show a dish that is more typical of Mexican cuisine, such as a taco, burrito, or a dish with beans and corn. For statement 3 to be true, the image would need to show a dish that is more typical of East Asian cuisine, such as sushi, dumplings, or a stir-fry.

Q4: Therefore, statement 2 is grounded.",false
d13611f7d1093aa1acb3be1007547c84f89438952c287c3d8f36f27db26462c3,1,,true
d13611f7d1093aa1acb3be1007547c84f89438952c287c3d8f36f27db26462c3,2,,false
2f257c7f16f5c35f8a332d153efc6f6561161862f28b84f05f3935c627728e06,0,"Answer: 2

Q1: The single most distinctive visual feature in this image is the winding wall stretching across green hills and mountains.
Q2: This feature directly supports statement 2.
Q3: For statement 1 to be true, the image would need to show a wall in the Arab world, which is not present. For statement 3 to be true, the image would need to show Machu Picchu, which is also not present.
Q4: Therefore, statement 2 is grounded.",false
2f257c7f16f5c35f8a332d153efc6f6561161862f28b84f05f3935c627728e06,1,,true
2f257c7f16f5c35f8a332d153efc6f6561161862f28b84f05f3935c627728e06,2,,false
5c98048da7e0c2071b2f7db3855de5d584e8558fe26c2a48d7dbfcebeb74cbd3,0,"Answer: 3

Q1: The single most distinctive visual feature in this image is the man's formal black suit.

Q2: This feature directly supports statement 3, as the man is indeed wearing a formal black suit.

Q3: For statement 1 to be true, the image would need to show the man in a casual outfit, which is not present. For statement 2 to be true, the image would need to show the man in traditional attire for a cultural event, which is also not present.

Q4: Therefore, statement 3 is grounded.",false
5c98048da7e0c2071b2f7db3855de5d584e8558fe26c2a48d7dbfcebeb74cbd3,1,,false
5c98048da7e0c2071b2f7db3855de5d584e8558fe26c2a48d7dbfcebeb74cbd3,2,,true
ca5fb37c5869f96e95b177618c8ea7bb87afe19aef101d7575fdef9f2518b299,0,"Answer: 1

Q1: The single most distinctive visual feature in this image is the narrow canyon with steep, reddish rock walls and a suspension bridge.
Q2: This feature directly supports statement 1, as the Todgha Gorge in Morocco is known for its narrow canyons and suspension bridges.
Q3: For statement 2 (Grand Canyon, USA) to be true, the image would need to show a wider, more expansive canyon with visible layers of rock formations. For statement 3 (Antelope Canyon, USA) to be true, the image would need to show smooth, wavy rock walls with light and shadow patterns.
Q4: Therefore, statement 1 is grounded.",true
ca5fb37c5869f96e95b177618c8ea7bb87afe19aef101d7575fdef9f2518b299,1,,false
ca5fb37c5869f96e95b177618c8ea7bb87afe19aef101d7575fdef9f2518b299,2,,false
e56b5e26ce0b5f446db2958a76ab87e6d9f2dd7286e6628dd5d0a79c8c640453,0,"Answer: 1

Q1: The single most distinctive visual feature in this image is the sign that reads ""Hammam Ziani"" with the words ""Traditional Exceptionnel"" underneath it.
Q2: This feature directly supports statement 1, as it indicates that Hammam Ziani is a traditional place, likely a bathhouse.
Q3: For statement 2 to be true, the image would need to show modern amenities or a contemporary setting, which is not present in the image.
Q4: Therefore, statement 1 is grounded.",true
e56b5e26ce0b5f446db2958a76ab87e6d9f2dd7286e6628dd5d0a79c8c640453,1,,false
e56b5e26ce0b5f446db2958a76ab87e6d9f2dd7286e6628dd5d0a79c8c640453,2,,false
ba929d53b538c3a0ac2d57ee6da15762288ecb64948e22cb481af1a559eaae31,0,"Answer: 1

Q1: The single most distinctive visual feature in this image is the minaret of a mosque.
Q2: Yes, that feature directly supports statement 1.
Q3: For statement 2 to be true, the image would need to show the minaret housing prayer rooms, which is not present.
Q4: Therefore, statement 1 is grounded.",true
ba929d53b538c3a0ac2d57ee6da15762288ecb64948e22cb481af1a559eaae31,1,,false
ba929d53b538c3a0ac2d57ee6da15762288ecb64948e22cb481af1a559eaae31,2,,false
452b46e54415e4a4525bcadcfc1d7590887f189ec9f8cd636a86c87bde2208d1,0,"Answer: 3

Q1: The single most distinctive visual feature in this image is the large, ancient, rectangular structure with a central archway and a surrounding moat.

Q2: This feature directly supports statement 3, as it resembles the El Badi Palace, which is known for its large, rectangular structure and surrounding moat.

Q3: For statement 1 to be true, the image would need to show a structure that is part of the Alhambra, which is a palace and fortress complex in Spain, not the Arab world. For statement 2 to be true, the image would need to show the Taj Mahal, a mausoleum in India, not the Arab world. Neither of these features is present in the image.

Q4: Therefore, statement 3 is grounded.",false
452b46e54415e4a4525bcadcfc1d7590887f189ec9f8cd636a86c87bde2208d1,1,,false
452b46e54415e4a4525bcadcfc1d7590887f189ec9f8cd636a86c87bde2208d1,2,,true
86f7aba040aed7a80f48bdd3bf32195b7796174e9355256ec091d3ccc1c7be6b,0,"Answer: 3

Q1: The single most distinctive visual feature in this image is the person riding a board on a sand dune.
Q2: This feature directly supports statement 3, as the board appears to be a sandboard.
Q3: For statement 1 to be true, the image would need to show a snowboard, which is not present. For statement 2 to be true, the image would need to show a skateboard, which is also not present.
Q4: Therefore, statement 3 is grounded.",false
86f7aba040aed7a80f48bdd3bf32195b7796174e9355256ec091d3ccc1c7be6b,1,,false
86f7aba040aed7a80f48bdd3bf32195b7796174e9355256ec091d3ccc1c7be6b,2,,true
f2ecb7b498eda0b537cc750362867125519781565cddb2648082dc48db1e2397,0,"Answer: 2

Q1: The single most distinctive visual feature in this image is the intricate blue and gold tilework and the calligraphy on the facade of the structure.

Q2: The calligraphy and the overall ornate design are characteristic of Islamic architecture, which is commonly found in mosques. This feature directly supports statement 2.

Q3: For statement 1 to be true, the image would need to show a palace-like structure with similar tilework and calligraphy, which is not present. For statement 3 to be true, the image would need to show a marketplace with similar tilework and calligraphy, which is also not present.

Q4: Therefore, statement 2 is grounded.",false
f2ecb7b498eda0b537cc750362867125519781565cddb2648082dc48db1e2397,1,,true
f2ecb7b498eda0b537cc750362867125519781565cddb2648082dc48db1e2397,2,,false
9dd38d671e905d30f34db8fc5959d28a7943b1368833f96965f8e6bd5d0a8cfe,0,"Answer: 1

Q1: The single most distinctive visual feature in this image is the blue-painted walls and steps.
Q2: This feature directly supports statement 1.
Q3: For statement 2 to be true, the image would need to show blue-painted streets and artisanal marketplaces in Santorini, Greece. For statement 3 to be true, the image would need to show blue-painted streets and artisanal marketplaces in Jaipur, India. Neither of these features are present in the image.
Q4: Therefore, statement 1 is grounded.",true
9dd38d671e905d30f34db8fc5959d28a7943b1368833f96965f8e6bd5d0a8cfe,1,,false
9dd38d671e905d30f34db8fc5959d28a7943b1368833f96965f8e6bd5d0a8cfe,2,,false
35c77c36383a6bbd0c9b410f5b7cfe671767887fc74ad7a2f2682793f9cf384f,0,"Answer: 1

Q1: The single most distinctive visual feature in this image is the large clay pot filled with a stew, which is a common feature in Moroccan cuisine.

Q2: This feature directly supports statement 1, as clay pots are commonly used in Moroccan cooking for stews and tagines.

Q3: For statement 2 to be true, the image would need to show ingredients and serving style typical of Japanese cuisine, such as sushi, tempura, or miso soup, which are not present in the image.

Q4: Therefore, statement 1 is grounded.",true
35c77c36383a6bbd0c9b410f5b7cfe671767887fc74ad7a2f2682793f9cf384f,1,,false
35c77c36383a6bbd0c9b410f5b7cfe671767887fc74ad7a2f2682793f9cf384f,2,,false
0cf8ade38877aae95963e4e85b5e2612f393478330f286933109feff4519219a,0,"Answer: 3

Q1: The single most distinctive visual feature in this image is the large, ornate circular mosaic in the foreground.
Q2: This feature directly supports statement 3, as it is a common element found in mosque courtyards.
Q3: For statement 1 to be true, the image would need to show a park with recreational activities, benches, and open spaces. For statement 2 to be true, the image would need to show a shopping mall with stores, advertisements, and people shopping. Neither of these elements are present in the image.
Q4: Therefore, statement 3 is grounded.",false
0cf8ade38877aae95963e4e85b5e2612f393478330f286933109feff4519219a,1,,false
0cf8ade38877aae95963e4e85b5e2612f393478330f286933109feff4519219a,2,,true
284ce606c572469fc1f26375fee3ef6ebba14681879ca9c8ec5f8f68a627cd7e,0,"Answer: 1

Q1: The single most distinctive visual feature in this image is the horse pulling a cart.
Q2: Yes, that feature directly supports statement 1.
Q3: For statement 2 to be true, the image would need to show a camel pulling a cart, which is not present.
Q4: Therefore, statement 1 is grounded.",true
284ce606c572469fc1f26375fee3ef6ebba14681879ca9c8ec5f8f68a627cd7e,1,,false
284ce606c572469fc1f26375fee3ef6ebba14681879ca9c8ec5f8f68a627cd7e,2,,false
e16e812ae462d2e8d9b52cedf023f5ab16edaf97fa4566989292623ba23f0708,0,"Answer: 1

Q1: The single most distinctive visual feature in this image is the intricate metalwork design of the lantern.

Q2: The intricate metalwork design directly supports statement 1, as it shows that traditional lanterns like the one in the image are commonly crafted from metal.

Q3: For statement 2 to be true, the image would need to show a traditional lantern crafted from wood. For statement 3 to be true, the image would need to show a traditional lantern crafted from plastic. Neither of these features is present in the image.

Q4: Therefore, statement 1 is grounded.",true
e16e812ae462d2e8d9b52cedf023f5ab16edaf97fa4566989292623ba23f0708,1,,false
e16e812ae462d2e8d9b52cedf023f5ab16edaf97fa4566989292623ba23f0708,2,,false
778681cc7f2d8aa23350f2b0d83fc2489f2417428a1b1fa454c7cba0c60598df,0,"Answer: 2

Q1: The single most distinctive visual feature in this image is the multiple silver rings prominently visible on the person's fingers.
Q2: Yes, that feature directly supports statement 2.
Q3: For statement 1 to be true, the image would need to show a leather belt, which is not present.
For statement 3 to be true, the image would need to show a silver necklace, which is not present.
Q4: Therefore, statement 2 is grounded.",false
778681cc7f2d8aa23350f2b0d83fc2489f2417428a1b1fa454c7cba0c60598df,1,,true
778681cc7f2d8aa23350f2b0d83fc2489f2417428a1b1fa454c7cba0c60598df,2,,false
e7e1e77a40b12a8ae2df942b08a1a423e3cab220af51dce895b21fc64ad99fa3,0,"Answer: 1

Q1: The single most distinctive visual feature in this image is the large sign with the acronym ""UNESCO"" prominently displayed on a sand dune.
Q2: Yes, that feature directly supports statement 1.
Q3: For statement 2 to be true, the image would need to show the United Nations logo prominently featured. For statement 3 to be true, the image would need to show the World Wildlife Fund logo prominently featured. Neither of these logos is present in the image.
Q4: Therefore, statement 1 is grounded.",true
e7e1e77a40b12a8ae2df942b08a1a423e3cab220af51dce895b21fc64ad99fa3,1,,false
e7e1e77a40b12a8ae2df942b08a1a423e3cab220af51dce895b21fc64ad99fa3,2,,false
fd425a3624e7e7abbe1b652ffc8b445f11d0fb60fc29e56202087199493bdd12,0,"Answer: 3

Q1: The single most distinctive visual feature in this image is the traditional clay tagine dish filled with a stew containing olives and vegetables.

Q2: This feature directly supports statement 3, as the tagine is a traditional Moroccan dish.

Q3: For statement 1 to be true, the image would need to show the tagine dish associated with Italy, which is not present.
For statement 2 to be true, the image would need to show the tagine dish associated with India, which is not present.

Q4: Therefore, statement 3 is grounded.",false
fd425a3624e7e7abbe1b652ffc8b445f11d0fb60fc29e56202087199493bdd12,1,,false
fd425a3624e7e7abbe1b652ffc8b445f11d0fb60fc29e56202087199493bdd12,2,,true
ecf6be46870b810f5e5176e3b4af0346fbe627b28423f1b0cc960a4d83320624,0,"Answer: 3

Q1: The single most distinctive visual feature in this image is the patterned rug with geometric designs.
Q2: Yes, that feature directly supports statement 3.
Q3: For statement 1 to be true, the rug would need to have floral motifs, which it does not. For statement 2 to be true, the rug would need to be solid-colored with no patterns, which it is not.
Q4: Therefore, statement 3 is grounded.",false
ecf6be46870b810f5e5176e3b4af0346fbe627b28423f1b0cc960a4d83320624,1,,false
ecf6be46870b810f5e5176e3b4af0346fbe627b28423f1b0cc960a4d83320624,2,,true
06f74f400cae942cf6abc004040471b041056be90a47a3ddecea70dcab1ec106,0,"Answer: 3

Q1: The single most distinctive visual feature in this image is the intricate designs and patterns on the pots.
Q2: Yes, the intricate designs and patterns on the pots directly support statement 1, as terracotta pots are often decorated with such patterns.
Q3: For statement 2 to be true, the image would need to show pots made from metal, which is not present in the image.
For statement 3 to be true, the image would need to show pots made from ceramic, which is present in the image.
Q4: Therefore, statement 3 is grounded.",false
06f74f400cae942cf6abc004040471b041056be90a47a3ddecea70dcab1ec106,1,,false
06f74f400cae942cf6abc004040471b041056be90a47a3ddecea70dcab1ec106,2,,true
b8ada52bbf13faef18bbb0558643ef98b378ab23d6f16e600e9de78a66ea9438,0,"Answer: 1

Q1: The single most distinctive visual feature in this image is the recessed niches in the courtyard walls.
Q2: Yes, that feature directly supports statement 1.
Q3: For statement 2 to be true, the image would need to show that the niches are being used for storage. For statement 3 to be true, the image would need to show that the niches are acting as windows for ventilation. Neither of these conditions is met in the image.
Q4: Therefore, statement 1 is grounded.",true
b8ada52bbf13faef18bbb0558643ef98b378ab23d6f16e600e9de78a66ea9438,1,,false
b8ada52bbf13faef18bbb0558643ef98b378ab23d6f16e600e9de78a66ea9438,2,,false
27f59f913951e28b297b1631b310beb350e6adcf46627ed9556865b674b05dc5,0,"Answer: 1

Q1: The single most distinctive visual feature in this image is the variety and intricate designs of the ceramic items, particularly the large, ornate vases and plates with detailed patterns.

Q2: This feature directly supports statement 1, as the items are clearly decorative and showcase cultural designs, which aligns with the idea of cultural preservation.

Q3: For statement 2 to be true, the image would need to show the ceramic items being used in an industrial setting, such as in manufacturing or construction. For statement 3 to be true, the image would need to show the ceramic items being used for food packaging, such as containers or bottles specifically designed for food storage.

Q4: Therefore, statement 1 is grounded in the image.",true
27f59f913951e28b297b1631b310beb350e6adcf46627ed9556865b674b05dc5,1,,false
27f59f913951e28b297b1631b310beb350e6adcf46627ed9556865b674b05dc5,2,,false
bd456b35ed43bebe499dbc4b8a8c89da20b06eea52cc7f12c8ff9292e4b8659b,0,"Answer: 1

Q1: The single most distinctive visual feature in this image is the dense, tightly packed buildings with a variety of colors and the presence of several tall minarets.

Q2: This feature directly supports statement 1, as Fez, Morocco, is known for its dense, colorful medina and numerous minarets.

Q3: For statement 2 to be true, the image would need to show a cityscape similar to the one depicted but with features characteristic of Istanbul, such as the Hagia Sophia or the Galata Tower, which are not present in the image. For statement 3 to be true, the image would need to show a cityscape similar to the one depicted but with features characteristic of Cairo, such as the Pyramids or the Nile River, which are also not present in the image.

Q4: Therefore, statement 1 is grounded.",true
bd456b35ed43bebe499dbc4b8a8c89da20b06eea52cc7f12c8ff9292e4b8659b,1,,false
bd456b35ed43bebe499dbc4b8a8c89da20b06eea52cc7f12c8ff9292e4b8659b,2,,false
9a0bb52062c6b6b883d4d3ef91347fc8c63a191afc92979a479daf61e1ee3dfe,0,"Answer: 2

Q1: The single most distinctive visual feature in this image is the textured, woven pattern of the rug.

Q2: This feature directly supports statement 2, as the texture and appearance of the rug are consistent with those made from cotton.

Q3: For statement 1 to be true, the image would need to show a silk rug with a similar texture. For statement 3 to be true, the image would need to show a wool rug with a similar texture. Neither of these conditions is met in the image.

Q4: Therefore, statement 2 is grounded.",false
9a0bb52062c6b6b883d4d3ef91347fc8c63a191afc92979a479daf61e1ee3dfe,1,,true
9a0bb52062c6b6b883d4d3ef91347fc8c63a191afc92979a479daf61e1ee3dfe,2,,false
811ff98691f716d2f78b8beef77846a1827188987df54e2cbfbd5da5ee5294b6,0,"Answer: 3

Q1: The single most distinctive visual feature in this image is the intricate geometric and floral tile work, along with the green and blue accents.

Q2: This feature directly supports statement 3, as the Hassan II Mosque in Morocco is known for its elaborate tile work and use of green and blue colors.

Q3: For statement 1 to be true, the image would need to show the Taj Mahal's white marble and the iconic dome, which are not present in this image. For statement 2 to be true, the image would need to show the Blue Mosque's distinctive blue tiles and minarets, which are also not present in this image.

Q4: Therefore, statement 3 is grounded.",false
811ff98691f716d2f78b8beef77846a1827188987df54e2cbfbd5da5ee5294b6,1,,false
811ff98691f716d2f78b8beef77846a1827188987df54e2cbfbd5da5ee5294b6,2,,true
ad3a8a716fea7f0251663b040f28b3b27ec72b440fcffef181a5b2d3af0d8c74,0,"Answer: 3

Q1: The single most distinctive visual feature in this image is the traditional Japanese tea ceremony being performed, including the use of a tea kettle and a tea bowl.

Q2: This feature directly supports statement 3, as the image clearly shows a tea ceremony, which involves preparing tea.

Q3: For statement 1 (hot chocolate) to be true, the image would need to show a hot chocolate preparation setup, such as a hot chocolate maker or ingredients like cocoa powder and milk. For statement 2 (coffee) to be true, the image would need to show a coffee preparation setup, such as a coffee maker or coffee beans. Neither of these features is present in the image.

Q4: Therefore, statement 3 is grounded.",false
ad3a8a716fea7f0251663b040f28b3b27ec72b440fcffef181a5b2d3af0d8c74,1,,false
ad3a8a716fea7f0251663b040f28b3b27ec72b440fcffef181a5b2d3af0d8c74,2,,true
dbac647dc77367ed928664c1e1fc1f72ed357da489dcb0be344132a2b1144ea3,0,"Answer: 1

Q1: The single most distinctive visual feature in this image is the large, angular, perforated roof structure of the Gare Casa Voyageurs building.

Q2: This feature directly supports statement 1, as the signage on the building uses both Arabic and French.

Q3: For statement 2 to be true, the image would need to show signage that includes both Arabic and English. This is not present in the image.
For statement 3 to be true, the image would need to show signage that includes both French and Spanish. This is not present in the image.

Q4: Therefore, the statement that is grounded is statement 1.",true
dbac647dc77367ed928664c1e1fc1f72ed357da489dcb0be344132a2b1144ea3,1,,false
dbac647dc77367ed928664c1e1fc1f72ed357da489dcb0be344132a2b1144ea3,2,,false
73fd8f243bcf461d051f07873182747d56220df25bf492f035fa5db64d113b5e,0,"Answer: 1

Q1: The single most distinctive visual feature in this image is the reddish-brown color and the jagged, irregular texture of the rock.

Q2: This feature directly supports statement 1, as granite is known for its reddish-brown color and jagged texture.

Q3: For statement 2 to be true, the image would need to show a rock that is more uniform in texture and darker in color, which is characteristic of basalt. For statement 3 to be true, the image would need to show a rock that is more porous and has a softer texture, which is characteristic of sandstone. Neither of these features is present in the image.

Q4: Therefore, statement 1 is grounded.",true
73fd8f243bcf461d051f07873182747d56220df25bf492f035fa5db64d113b5e,1,,false
73fd8f243bcf461d051f07873182747d56220df25bf492f035fa5db64d113b5e,2,,false
d4b168cf24a39c0253f20ffe08d17d689e23f29fabc8d29e31f481f1a363e5df,0,"Answer: 1

Q1: The single most distinctive visual feature in this image is the intricate geometric patterns and the conical lid of the tagine pot.

Q2: This feature directly supports statement 1, as the design and shape of the tagine pot are characteristic of traditional Moroccan tagines used for slow cooking stews.

Q3: For statement 2 to be true, the image would need to show the tagine pot being used for serving tea, which is not present in the image.
For statement 3 to be true, the image would need to show the tagine pot being used for baking bread, which is also not present in the image.

Q4: Therefore, the statement grounded in the image is statement 1.",true
d4b168cf24a39c0253f20ffe08d17d689e23f29fabc8d29e31f481f1a363e5df,1,,false
d4b168cf24a39c0253f20ffe08d17d689e23f29fabc8d29e31f481f1a363e5df,2,,false
472b01378e6d356e47da6b8a1fc73608678a3b4e7ba25b1998daa705265337f8,0,"Answer: 2

Q1: The single most distinctive visual feature in this image is the platform with people standing on it, overlooking the cityscape.

Q2: The platform does not directly support statement 1, as there is no indication that it is used for live musical performances. It does support statement 2, as the platform is elevated and provides a panoramic view of the city.

Q3: For statement 1 to be true, the image would need to show musical instruments or performers on the platform. For statement 3 to be true, the image would need to show hot air balloons or a clear indication of a launching pad. Neither of these elements is present in the image.

Q4: Therefore, statement 2 is grounded.",false
472b01378e6d356e47da6b8a1fc73608678a3b4e7ba25b1998daa705265337f8,1,,true
472b01378e6d356e47da6b8a1fc73608678a3b4e7ba25b1998daa705265337f8,2,,false
d597111f88ae34f80fa23fdec6f6b90b28edad5bab3b40340c5fa75d44ac9084,0,"Answer: 2

Q1: The single most distinctive visual feature in this image is the white, arched doorway and the plastered walls.

Q2: This feature directly supports statement 2, as the architecture is characteristic of North African or Middle Eastern regions.

Q3: For statement 1 to be true, the image would need to show a different architectural style, such as traditional East Asian buildings with wooden structures and tiled roofs. For statement 3 to be true, the image would need to show a different architectural style, such as Scandinavian buildings with wooden structures and steeply pitched roofs.

Q4: Therefore, statement 2 is grounded.",false
d597111f88ae34f80fa23fdec6f6b90b28edad5bab3b40340c5fa75d44ac9084,1,,true
d597111f88ae34f80fa23fdec6f6b90b28edad5bab3b40340c5fa75d44ac9084,2,,false
15871c7d9d4dae5aab98b0639a957de55d38c16d559c8295e0f0c36ef40431bc,0,"Answer: 2

Q1: The single most distinctive visual feature in this image is the Canadian flag prominently displayed in the foreground.
Q2: The Canadian flag directly supports statement 2, as it is prominently visible in the image.
Q3: For statement 1 to be true, the image would need to show a dense urban cityscape in the background. This is not present in the image.
For statement 3 to be true, the image would need to show a desert with sand dunes in the background. This is not present in the image.
Q4: Therefore, the statement that is grounded is statement 2.",false
15871c7d9d4dae5aab98b0639a957de55d38c16d559c8295e0f0c36ef40431bc,1,,true
15871c7d9d4dae5aab98b0639a957de55d38c16d559c8295e0f0c36ef40431bc,2,,false
c9f4d52aee146c5c1ee07722b49bec00f7895a72ecbe5086457f5136abab01dc,0,"Answer: 2

Q1: The single most distinctive visual feature in this image is the traditional dress with intricate gold embroidery.
Q2: This feature directly supports statement 2, as the dress is predominantly blue.
Q3: For statement 1 to be true, the dress would need to be red, which it is not. For statement 3 to be true, the dress would need to be green, which it is not.
Q4: Therefore, statement 2 is grounded.",false
c9f4d52aee146c5c1ee07722b49bec00f7895a72ecbe5086457f5136abab01dc,1,,true
c9f4d52aee146c5c1ee07722b49bec00f7895a72ecbe5086457f5136abab01dc,2,,false
f0b6c336575fcb24a5a9686df93a53b3d24e018beff806f419ddbac883a01517,0,"Answer: 1

Q1: The single most distinctive visual feature in this image is the livery and branding on the aircraft.
Q2: The livery and branding directly support statement 1, as the aircraft is clearly marked with ""OMAN AIR.""
Q3: For statement 2 to be true, the aircraft would need to have the Qatar Airways livery and branding, which is not present in the image.
Q4: Therefore, statement 1 is grounded.",true
f0b6c336575fcb24a5a9686df93a53b3d24e018beff806f419ddbac883a01517,1,,false
f0b6c336575fcb24a5a9686df93a53b3d24e018beff806f419ddbac883a01517,2,,false
1313b8eab411543044b44b2e330ff5b2c9db348468047bc457b4d109644562f5,0,"Answer: 2

Q1: The single most distinctive visual feature in this image is the traditional headpieces worn by the individuals.
Q2: The traditional headpieces directly support statement 2, as they are indicative of traditional Balinese dance attire.
Q3: For statement 1 to be true, the image would need to show the individuals in a setting that is typically associated with religious pilgrimage, such as a temple or sacred site. For statement 3 to be true, the image would need to show a more casual setting, such as a poolside with modern amenities and relaxed attire.
Q4: Therefore, statement 2 is grounded.",false
1313b8eab411543044b44b2e330ff5b2c9db348468047bc457b4d109644562f5,1,,true
1313b8eab411543044b44b2e330ff5b2c9db348468047bc457b4d109644562f5,2,,false
aa563c2700e58fe7291af169390fb5a0e4ee23fd093a692e994d949d5e887328,0,"Answer: 1

Q1: The single most distinctive visual feature in this image is the flags held by the athletes on the podium.
Q2: The flags held by the athletes directly support statement 1, as they are prominently displaying the flag of Bahrain.
Q3: For statement 2 to be true, the image would need to show the athletes holding the flag of Oman, which is not present.
Q4: Therefore, statement 1 is grounded.",true
aa563c2700e58fe7291af169390fb5a0e4ee23fd093a692e994d949d5e887328,1,,false
aa563c2700e58fe7291af169390fb5a0e4ee23fd093a692e994d949d5e887328,2,,false
2091623ee84e8a7eb347ea59d71884121b6dce29d94c50994296aa828060aa48,0,"Answer: 2

Q1: The single most distinctive visual feature in this image is the modern high school building.
Q2: Yes, that feature directly supports statement 2.
Q3: For statement 1 to be true, the image would need to show a glass dome structure, which is not present.
For statement 3 to be true, the image would need to show a historical monument, which is not present.
Q4: Therefore, statement 2 is grounded.",false
2091623ee84e8a7eb347ea59d71884121b6dce29d94c50994296aa828060aa48,1,,true
2091623ee84e8a7eb347ea59d71884121b6dce29d94c50994296aa828060aa48,2,,false
271907de2d807f9111bdbe4b8798a49da9756c4a360bdb58ce8abe4bf70dfa8c,0,"Answer: 3

Q1: The single most distinctive visual feature in this image is the sea turtle lying on the sand with people taking photos around it.

Q2: This feature directly supports statement 3, as people are taking photos of the sea turtle, which indicates that they are documenting a rare sighting.

Q3: For statement 1 to be true, the image would need to show people actively engaged in research activities, such as taking measurements or collecting samples. For statement 2 to be true, the image would need to show people handling or preparing the turtle for relocation, such as using tools or wearing gloves.

Q4: Therefore, statement 3 is grounded.",false
271907de2d807f9111bdbe4b8798a49da9756c4a360bdb58ce8abe4bf70dfa8c,1,,false
271907de2d807f9111bdbe4b8798a49da9756c4a360bdb58ce8abe4bf70dfa8c,2,,true
651d53b9c746a06872cf8305d7f7db62a9256f8c392520ef2588af892955c145,0,"Answer: 3

Q1: The single most distinctive visual feature in this image is the variety of colors and ornate designs on the book spines.

Q2: This feature does not directly support statement 1 or 2, as the ornate designs and colors do not specifically indicate scientific research or religious study.

Q3: For statement 1 to be true, the image would need to show books with titles or labels indicating scientific research and experimentation. For statement 2 to be true, the image would need to show books with titles or labels indicating religious study and worship. Neither of these features is present in the image.

Q4: Therefore, the statement grounded in the image is statement 3, as the variety of colors and ornate designs on the book spines suggest that the books are likely used for casual reading and entertainment.",false
651d53b9c746a06872cf8305d7f7db62a9256f8c392520ef2588af892955c145,1,,false
651d53b9c746a06872cf8305d7f7db62a9256f8c392520ef2588af892955c145,2,,true
0dffdb6536b7ab3e20898d78ad5c33dc1e8442f0f0b5c26cf283e4483dbee61e,0,"Answer: 1

Q1: The single most distinctive visual feature in this image is the medical equipment and the person receiving a blood transfusion.

Q2: This feature directly supports statement 1, as the presence of medical equipment and a blood transfusion strongly indicates a medical treatment facility.

Q3: For statement 2 to be true, the image would need to show recreational activities or equipment, which is not present. For statement 3 to be true, the image would need to show a classroom setting, such as desks, chairs, and educational materials, which is also not present.

Q4: Therefore, statement 1 is grounded.",true
0dffdb6536b7ab3e20898d78ad5c33dc1e8442f0f0b5c26cf283e4483dbee61e,1,,false
0dffdb6536b7ab3e20898d78ad5c33dc1e8442f0f0b5c26cf283e4483dbee61e,2,,false
c3bf14f1fb01ec91bb6ced6b377dc55940c1cac3caa2d70acef68788b2285f62,0,"Answer: 1

Q1: The single most distinctive visual feature in this image is the Arabic script and the numeral ""1"" in the center.
Q2: This feature directly supports statement 1 because numismatists study and authenticate coins, and the presence of Arabic script and a numeral indicates it is a coin.
Q3: For statement 2 to be true, the image would need to show a cartographer's tools or symbols related to mapping, which are not present.
For statement 3 to be true, the image would need to show linguistic symbols or text related to language study, which are not present.
Q4: Therefore, statement 1 is grounded.",true
c3bf14f1fb01ec91bb6ced6b377dc55940c1cac3caa2d70acef68788b2285f62,1,,false
c3bf14f1fb01ec91bb6ced6b377dc55940c1cac3caa2d70acef68788b2285f62,2,,false
c07f9e90a3144f7c18df49b37dc8202f4a0b984e97edca6e5358fde151ca96ed,0,"Answer: 1

Q1: The single most distinctive visual feature in this image is the traditional attire worn by the individual, including the embroidered jacket and the turban-like headgear.

Q2: This feature directly supports statement 1. The style of clothing seen in the image is most closely associated with South Asia, particularly the embroidered jacket and the turban-like headgear.

Q3: For statement 2 to be true, the image would need to show clothing that is typical of Northern European traditional attire, which is not present in the image. For statement 3 to be true, the image would need to show clothing that is typical of East African traditional attire, which is also not present in the image.

Q4: Therefore, statement 1 is grounded in the image.",true
c07f9e90a3144f7c18df49b37dc8202f4a0b984e97edca6e5358fde151ca96ed,1,,false
c07f9e90a3144f7c18df49b37dc8202f4a0b984e97edca6e5358fde151ca96ed,2,,false
b10b0c5e8478d9a278699d00bc5b9b97f955e2ba9d794c03b8d313104be1663f,0,"Answer: 1

Q1: The single most distinctive visual feature in this image is the terracotta pots and the architectural style of the building.

Q2: The terracotta pots and the architectural style of the building directly support statement 1.

Q3: For statement 2 to be true, the image would need to show features typical of South American architecture, such as adobe or mud brick construction, which is not present in the image. For statement 3 to be true, the image would need to show features typical of Scandinavian architecture, such as wooden structures and specific design elements, which is also not present in the image.

Q4: Therefore, statement 1 is grounded.",true
b10b0c5e8478d9a278699d00bc5b9b97f955e2ba9d794c03b8d313104be1663f,1,,false
b10b0c5e8478d9a278699d00bc5b9b97f955e2ba9d794c03b8d313104be1663f,2,,false
8f811e9841e8ea7e2975849f45f870c756596a495102e30f659972eba2c883ec,0,"Answer: 2

Q1: The single most distinctive visual feature in this image is the large, private seating pods with curved designs and partitioned walls.

Q2: This feature directly supports statement 2, as the pods are designed to provide privacy and comfort for travelers.

Q3: For statement 1 to be true, the image would need to show that the pods are being used for storing luggage. This is not present in the image.
For statement 3 to be true, the image would need to show entertainment equipment or screens within the pods. This is also not present in the image.

Q4: Therefore, statement 2 is grounded.",false
8f811e9841e8ea7e2975849f45f870c756596a495102e30f659972eba2c883ec,1,,true
8f811e9841e8ea7e2975849f45f870c756596a495102e30f659972eba2c883ec,2,,false
e467bf0e9c964b55198e3da52b0c8ff7c40cda79c57fcc580cefd22716bdd69c,0,"Answer: 3

Q1: The single most distinctive visual feature in this image is the ancient stone ruins made of large, irregularly shaped stones.

Q2: This feature directly supports statement 3, as the ruins are located in a desert region.

Q3: For statement 1 to be true, the image would need to show the ruins in a tropical rainforest environment, which is not present.
For statement 2 to be true, the image would need to show the ruins in an urban city center, which is also not present.

Q4: Therefore, statement 3 is grounded.",false
e467bf0e9c964b55198e3da52b0c8ff7c40cda79c57fcc580cefd22716bdd69c,1,,false
e467bf0e9c964b55198e3da52b0c8ff7c40cda79c57fcc580cefd22716bdd69c,2,,true
df32536a386778b3f719be2d6cb7a321d1628b6fa7ca4e2b4d5bb5db8299836c,0,"Answer: 3

Q1: The single most distinctive visual feature in this image is the intricate carvings and designs on the terracotta pots, particularly the palm tree motif.

Q2: This feature does not directly support statement 1 or 2, as the carvings do not indicate that the pots are used for storing jewelry, clothing, books, or papers.

Q3: For statement 1 to be true, the image would need to show the pots being used to store jewelry and clothing, which is not present.
For statement 2 to be true, the image would need to show the pots being used to store books and papers, which is not present.

Q4: Therefore, the statement that is grounded is statement 3, as terracotta pots are commonly used to store water and grains.",false
df32536a386778b3f719be2d6cb7a321d1628b6fa7ca4e2b4d5bb5db8299836c,1,,false
df32536a386778b3f719be2d6cb7a321d1628b6fa7ca4e2b4d5bb5db8299836c,2,,true
0cd63bcb00b8bb70a566c04cb7568fa27c19bf70d17e3790e13c9b4bd9e2a500,0,"Answer: 1

Q1: The single most distinctive visual feature in this image is the large, cylindrical tower with a conical roof and the surrounding fortified walls and staircases.

Q2: This feature directly supports statement 1, as the construction material appears to be mud or stone, which is typical for desert fortresses.

Q3: For statement 2 to be true, the image would need to show visible wooden structures or materials. This is not present in the image.
For statement 3 to be true, the image would need to show concrete structures or materials, which is also not present in the image.

Q4: Therefore, statement 1 is grounded.",true
0cd63bcb00b8bb70a566c04cb7568fa27c19bf70d17e3790e13c9b4bd9e2a500,1,,false
0cd63bcb00b8bb70a566c04cb7568fa27c19bf70d17e3790e13c9b4bd9e2a500,2,,false
e1961f4c6e6dc1cb0dbf374737f16f9742b41afdcad778eb9e987b89cfa1d7c4,0,"Answer: 1

Q1: The single most distinctive visual feature in this image is the woven pattern of the basket.

Q2: The woven pattern directly supports statement 1, as it is indicative of a basket made of natural fibers.

Q3: For statement 2 to be true, the image would need to show the basket made of metal, which is not present. For statement 3 to be true, the image would need to show the basket made of plastic, which is also not present.

Q4: Therefore, statement 1 is grounded.",true
e1961f4c6e6dc1cb0dbf374737f16f9742b41afdcad778eb9e987b89cfa1d7c4,1,,false
e1961f4c6e6dc1cb0dbf374737f16f9742b41afdcad778eb9e987b89cfa1d7c4,2,,false
8307dff2be6a333f6bed2ffad42585e5803f8f00004919e3ccc1d479794ac7d3,0,"Answer: 3

Q1: The single most distinctive visual feature in this image is the arched doorways.
Q2: Yes, that feature directly supports statement 3.
Q3: For statement 1 to be true, the image would need to show slanted roofs, which are not present.
For statement 2 to be true, the image would need to show domes, which are not present.
Q4: Therefore, statement 3 is grounded.",false
8307dff2be6a333f6bed2ffad42585e5803f8f00004919e3ccc1d479794ac7d3,1,,false
8307dff2be6a333f6bed2ffad42585e5803f8f00004919e3ccc1d479794ac7d3,2,,true
4303f9dc22cbd4d29ac1e39e469b96f907f01132cdfe19d61a05bfc1100c0232,0,"Answer: 2

Q1: The single most distinctive visual feature in this image is the crumbling and deteriorated state of the building, with visible stone and mud bricks.
Q2: This feature directly supports statement 2, as the building appears to be primarily made of stone and mud.
Q3: For statement 1 to be true, the image would need to show concrete and steel materials, which are not present.
For statement 3 to be true, the image would need to show wood and bricks, which are not the primary materials visible in the image.
Q4: Therefore, statement 2 is grounded.",false
4303f9dc22cbd4d29ac1e39e469b96f907f01132cdfe19d61a05bfc1100c0232,1,,true
4303f9dc22cbd4d29ac1e39e469b96f907f01132cdfe19d61a05bfc1100c0232,2,,false
2e817ed5ccc4785dc4a3a7da426d5ab26d9067d72117c237efca06a6f524a2ab,0,"Answer: 1

Q1: The single most distinctive visual feature in this image is the presence of two men shaking hands in front of two national flags.

Q2: This feature directly supports statement 1, as shaking hands in front of national flags is a common gesture in diplomatic meetings.

Q3: For statement 2 to be true, the image would need to show a fashion show setting, such as models walking on a runway, clothing racks, or a stage with a catwalk. For statement 3 to be true, the image would need to show an award ceremony setting, such as a podium, trophies, or an audience watching a presentation.

Q4: Therefore, statement 1 is grounded.",true
2e817ed5ccc4785dc4a3a7da426d5ab26d9067d72117c237efca06a6f524a2ab,1,,false
2e817ed5ccc4785dc4a3a7da426d5ab26d9067d72117c237efca06a6f524a2ab,2,,false
da2514d67cfd89f8008d79092b00f89b8bc6d9278556761fd9e40bd9ad2f4e57,0,"Answer: 1

Q1: The single most distinctive visual feature in this image is the traditional embroidered dress with cultural patterns worn by the person.
Q2: Yes, that feature directly supports statement 1.
Q3: For statement 2 to be true, the dress would need to be a modern evening gown with metallic accents, which is not present in the image.
For statement 3 to be true, the dress would need to be a business suit with minimal decoration, which is not present in the image.
Q4: Therefore, statement 1 is grounded.",true
da2514d67cfd89f8008d79092b00f89b8bc6d9278556761fd9e40bd9ad2f4e57,1,,false
da2514d67cfd89f8008d79092b00f89b8bc6d9278556761fd9e40bd9ad2f4e57,2,,false
47be8b58f25f76e00d3ec008680bcb2cd815608114d170f65c421e423e083478,0,"Answer: 3

Q1: The single most distinctive visual feature in this image is the crenellations on the walls of the fort.

Q2: The crenellations on the walls of the fort directly support statement 3, as they are a common architectural feature used for defense against attacks.

Q3: For statement 1 to be true, the image would need to show that the crenellations are purely decorative and not functional. For statement 2 to be true, the image would need to show that the crenellations are used for ventilation, which is not evident in the image.

Q4: Therefore, statement 3 is grounded.",false
47be8b58f25f76e00d3ec008680bcb2cd815608114d170f65c421e423e083478,1,,false
47be8b58f25f76e00d3ec008680bcb2cd815608114d170f65c421e423e083478,2,,true
9f9ffdf4de8b9316c6cc2a083e20013b35f1926d28cc5977a02713ff1f25a746,0,"Answer: 2

Q1: The single most distinctive visual feature in this image is the woman wearing traditional Islamic attire, including a hijab and an abaya, and she is praying with her hands clasped together.

Q2: This feature directly supports statement 2, as the attire and setting resemble a church, which is a place where people often pray.

Q3: For statement 1 to be true, the image would need to show a museum setting, which typically includes exhibits, informational plaques, and a more structured environment. This is not present in the image.
For statement 3 to be true, the image would need to show a library setting, which typically includes bookshelves, tables, and reading areas. This is also not present in the image.

Q4: Therefore, statement 2 is grounded.",false
9f9ffdf4de8b9316c6cc2a083e20013b35f1926d28cc5977a02713ff1f25a746,1,,true
9f9ffdf4de8b9316c6cc2a083e20013b35f1926d28cc5977a02713ff1f25a746,2,,false
b9cf06abcb106a8ad8d31e454df899218a6c014ce018d888e74b5a084dd7fe4a,0,"Answer: 1

Q1: The single most distinctive visual feature in this image is the omnidirectional treadmills equipped with VR headsets.

Q2: Yes, this feature directly supports statement 1, as the treadmills allow for free movement in virtual reality games.

Q3: For statement 2 to be true, the image would need to show the users actively using the treadmills for physical exercise, which is not present in the image. For statement 3 to be true, the image would need to show the treadmills being used as seating areas, which is also not present in the image.

Q4: Therefore, statement 1 is grounded.",true
b9cf06abcb106a8ad8d31e454df899218a6c014ce018d888e74b5a084dd7fe4a,1,,false
b9cf06abcb106a8ad8d31e454df899218a6c014ce018d888e74b5a084dd7fe4a,2,,false
eb95bcfb2c949a836960baeeeb68d5aee8716f679217cb4a4c83707a45f860d5,0,"Answer: 2

Q1: The single most distinctive visual feature in this image is the group of individuals raising rifles in the air.

Q2: This feature directly supports statement 2, as it indicates a form of protest or demonstration.

Q3: For statement 1 to be true, the image would need to show a cultural event where individuals are raising rifles in celebration. This is not present in the image.
For statement 3 to be true, the image would need to show a sports competition where individuals are raising rifles in preparation. This is also not present in the image.

Q4: Therefore, statement 2 is grounded.",false
eb95bcfb2c949a836960baeeeb68d5aee8716f679217cb4a4c83707a45f860d5,1,,true
eb95bcfb2c949a836960baeeeb68d5aee8716f679217cb4a4c83707a45f860d5,2,,false
a5ffe93c0ff6398bb717cb1aca18c1e1337876b2789956c80aae3c65d10195ba,0,"Answer: 1

Q1: The single most distinctive visual feature in this image is the intricate embossed patterns and designs on the jug.
Q2: Yes, the embossed patterns and designs directly support statement 1, as they are characteristic of copper or brasswork.
Q3: For statement 2 to be true, the image would need to show that the primary material is silver, which is not present.
Q4: Therefore, statement 1 is grounded.",true
a5ffe93c0ff6398bb717cb1aca18c1e1337876b2789956c80aae3c65d10195ba,1,,false
a5ffe93c0ff6398bb717cb1aca18c1e1337876b2789956c80aae3c65d10195ba,2,,false
122f752d2ca69550fdfa946dab718ed61564539839850c44a57b25dfcdb1ec89,0,"Answer: 1

Q1: The single most distinctive visual feature in this image is the large, comfortable sofa with multiple pillows and rolled-up towels, suggesting a space designed for relaxation.

Q2: This feature directly supports statement 1, as it indicates a space intended for relaxation and comfort, typical of a spa or wellness center.

Q3: For statement 2 to be true, the image would need to show a formal setup with a table, chairs, and possibly a projector or screen, which is not present. For statement 3 to be true, the image would need to show a dining table with chairs and tableware, which is also not present.

Q4: Therefore, statement 1 is grounded.",true
122f752d2ca69550fdfa946dab718ed61564539839850c44a57b25dfcdb1ec89,1,,false
122f752d2ca69550fdfa946dab718ed61564539839850c44a57b25dfcdb1ec89,2,,false
f2eb95c464ed84f0c64c2e9f3c5f13b1a5fdb094c2c87b619840fc9a62b9560e,0,"Answer: 3

Q1: The single most distinctive visual feature in this image is the blue boat on the beach.
Q2: The blue boat on the beach does not directly support statement 1 or 2, as there is no indication of a mountain guide or construction worker in the image.
Q3: For statement 1 to be true, the image would need to show a mountain guide using the boat. For statement 2 to be true, the image would need to show a construction worker using the boat. Neither of these scenarios is present in the image.
Q4: Therefore, the statement that is grounded is statement 3, as a fisherman is most closely associated with the use of the blue boat seen on the beach in this image.",false
f2eb95c464ed84f0c64c2e9f3c5f13b1a5fdb094c2c87b619840fc9a62b9560e,1,,false
f2eb95c464ed84f0c64c2e9f3c5f13b1a5fdb094c2c87b619840fc9a62b9560e,2,,true
8dca531dbce3a22a749a7c4946e3f0df308b05db2e9fc2e4a75efd004494abe6,0,"Answer: 1

Q1: The single most distinctive visual feature in this image is the ornate architectural details and the word ""OPERAN"" prominently displayed on the building.

Q2: The feature of the word ""OPERAN"" directly supports statement 1, indicating that the building is an opera house.

Q3: For statement 2 to be true, the image would need to show a library, which is not present in the image. For statement 3 to be true, the image would need to show a museum, which is also not present in the image.

Q4: Therefore, statement 1 is grounded.",true
8dca531dbce3a22a749a7c4946e3f0df308b05db2e9fc2e4a75efd004494abe6,1,,false
8dca531dbce3a22a749a7c4946e3f0df308b05db2e9fc2e4a75efd004494abe6,2,,false
2a423bdeb63cd24df92f76889e8bff6236baa1361f8faf42f36753730bdbaf2b,0,"Answer: 1

Q1: The single most distinctive visual feature in this image is the large sand dune with a person sitting on it.
Q2: This feature directly supports statement 1, as the person is indeed relaxing on the sand.
Q3: For statement 2 to be true, the image would need to show the person actively climbing the dune, which is not present.
Q4: Therefore, statement 1 is grounded.",true
2a423bdeb63cd24df92f76889e8bff6236baa1361f8faf42f36753730bdbaf2b,1,,false
2a423bdeb63cd24df92f76889e8bff6236baa1361f8faf42f36753730bdbaf2b,2,,false
9d02a19bbe8cc5a6eeff5147df30509b86f1bac44c333d147ee798090b0d24bd,0,"Answer: 1

Q1: The single most distinctive visual feature in this image is the smoke dome on the cocktail glasses.
Q2: Yes, that feature directly supports statement 1.
Q3: For statement 2 to be true, the image would need to show the smoke dome interacting with the drink in a way that enhances its flavor. For statement 3 to be true, the image would need to show the smoke dome actively keeping the drink cold, which is not present in the image.
Q4: Therefore, statement 1 is grounded.",true
9d02a19bbe8cc5a6eeff5147df30509b86f1bac44c333d147ee798090b0d24bd,1,,false
9d02a19bbe8cc5a6eeff5147df30509b86f1bac44c333d147ee798090b0d24bd,2,,false
7d2b79d132823b8010464afdc0d8a7db4ea83460a6432f184324b07c8af45ad7,0,"Answer: 2

Q1: The single most distinctive visual feature in this image is the pattern of sand dunes.

Q2: This feature directly supports statement 2, as it is a desert with sand dunes.

Q3: For statement 1 to be true, the image would need to show snowy mountain ranges, which are not present in the image. For statement 3 to be true, the image would need to show a tropical rainforest, which also is not present in the image.

Q4: Therefore, statement 2 is grounded.",false
7d2b79d132823b8010464afdc0d8a7db4ea83460a6432f184324b07c8af45ad7,1,,true
7d2b79d132823b8010464afdc0d8a7db4ea83460a6432f184324b07c8af45ad7,2,,false
4f4d81517d7ee2346145f1f9cf07c63be52ebdf94fdf6fcf4565b0932047aaaf,0,"Answer: 3

Q1: The single most distinctive visual feature in this image is the woman wearing a headset and laughing.

Q2: This feature directly supports statement 3, as headsets are commonly used in gaming events or shows.

Q3: For statement 1 to be true, the image would need to show a news broadcast setting, which is not present. For statement 2 to be true, the image would need to show a music concert setting, which is also not present.

Q4: Therefore, statement 3 is grounded.",false
4f4d81517d7ee2346145f1f9cf07c63be52ebdf94fdf6fcf4565b0932047aaaf,1,,false
4f4d81517d7ee2346145f1f9cf07c63be52ebdf94fdf6fcf4565b0932047aaaf,2,,true
f5a08c5aa47d9f9c4cad2956c40d84f9c45390f9305a5199f1e279f1942491fc,0,"Answer: 2

Q1: The single most distinctive visual feature in this image is the garment's color and pattern.
Q2: The garment's primary color is black, which directly supports statement 2.
Q3: For statement 1 to be true, the garment would need to have red as its primary color. For statement 3 to be true, the garment would need to have blue as its primary color. Neither of these colors is the primary color of the garment in the image.
Q4: Therefore, statement 2 is grounded.",false
f5a08c5aa47d9f9c4cad2956c40d84f9c45390f9305a5199f1e279f1942491fc,1,,true
f5a08c5aa47d9f9c4cad2956c40d84f9c45390f9305a5199f1e279f1942491fc,2,,false
9b2ed3bc636fa4782a9c86fe94b9a69969590bea033b217fa2fe7acefb4806f6,0,"Answer: 1

Q1: The single most distinctive visual feature in this image is the large, prominent dome structure in the center of the photograph.

Q2: This feature directly supports statement 1, as the Dome of the Rock is prominently visible in the Temple Mount photograph from 1898.

Q3: For statement 2 to be true, the image would need to show the Church of the Holy Sepulchre prominently. For statement 3 to be true, the image would need to show the Western Wall prominently. Neither of these features is present in the image.

Q4: Therefore, the statement grounded in the image is statement 1.",true
9b2ed3bc636fa4782a9c86fe94b9a69969590bea033b217fa2fe7acefb4806f6,1,,false
9b2ed3bc636fa4782a9c86fe94b9a69969590bea033b217fa2fe7acefb4806f6,2,,false
6d63fdf22861f4859527657306e13d4eab0222da2563bda142410d564545dc0c,0,"Answer: 2

Q1: The single most distinctive visual feature in this image is the large building labeled 'QUERCUS' and 'ARP' with a modern architectural design.

Q2: The feature directly supports statement 2, as the building's size, design, and the presence of multiple floors suggest it is an office or corporate building.

Q3: For statement 1 to be true, the image would need to show the building as a residential apartment complex, which it does not. For statement 3 to be true, the image would need to show the building as a shopping mall, which it does not.

Q4: Therefore, statement 2 is grounded.",false
6d63fdf22861f4859527657306e13d4eab0222da2563bda142410d564545dc0c,1,,true
6d63fdf22861f4859527657306e13d4eab0222da2563bda142410d564545dc0c,2,,false
b8513cdf9719b2e6c83aeceaae1d3dc8f37711fd18d2b58731bca64b2684af57,0,"Answer: 3

Q1: The single most distinctive visual feature in this image is the presence of a medical tent with a white interior and a blue medical table.

Q2: This feature directly supports statement 3, as it indicates that the medical procedure is taking place in an emergency tent.

Q3: For statement 1 to be true, the image would need to show a pharmacy setting, which is not present. For statement 2 to be true, the image would need to show a hospital room, which is also not present.

Q4: Therefore, statement 3 is grounded.",false
b8513cdf9719b2e6c83aeceaae1d3dc8f37711fd18d2b58731bca64b2684af57,1,,false
b8513cdf9719b2e6c83aeceaae1d3dc8f37711fd18d2b58731bca64b2684af57,2,,true
a0b57786384396d5e4cfb122c657477422616c9e0b1613ee153c87157eef95ad,0,"Answer: 2

Q1: The single most distinctive visual feature in this image is the logo on the soap.
Q2: The logo on the soap does not directly support any of the statements about the type of oil used in its production.
Q3: For statement 1 to be true, the image would need to show that palm oil is used in the soap's production. For statement 3 to be true, the image would need to show that coconut oil is used in the soap's production. Neither of these is present in the image.
Q4: Therefore, statement 2 is grounded.",false
a0b57786384396d5e4cfb122c657477422616c9e0b1613ee153c87157eef95ad,1,,true
a0b57786384396d5e4cfb122c657477422616c9e0b1613ee153c87157eef95ad,2,,false
63c4fa592916c49b082f5c19fa15aaecf6454485d1578086dcbf07cc3926aaaf,0,"Answer: 1

Q1: The single most distinctive visual feature in this image is the clear bottle labeled ""HiBAR. SOLID SHAMPOO.""

Q2: This feature directly supports statement 1, as the solid shampoo is indeed visible in the image.

Q3: For statement 2 to be true, the image would need to show toothpaste. However, there is no toothpaste visible in the image.
For statement 3 to be true, the image would need to show wool dryer balls. However, there are no wool dryer balls visible in the image.

Q4: Therefore, the statement grounded in the image is statement 1.",true
63c4fa592916c49b082f5c19fa15aaecf6454485d1578086dcbf07cc3926aaaf,1,,false
63c4fa592916c49b082f5c19fa15aaecf6454485d1578086dcbf07cc3926aaaf,2,,false
28e2b8ead0d749ff66a2b5a8a3acccbd1348a5eec5a4e4dd202a3fb4540131f4,0,"Answer: 3

Q1: The single most distinctive visual feature in this image is the large, bright sun low on the horizon.
Q2: This feature directly supports statement 3, as the position and brightness of the sun suggest it is near sunset.
Q3: For statement 1 to be true, the image would need to show the sun higher in the sky, indicating morning. For statement 2 to be true, the image would need to show the sun at a higher position than it is in the image, indicating afternoon. Neither of these conditions is met.
Q4: Therefore, statement 3 is grounded.",false
28e2b8ead0d749ff66a2b5a8a3acccbd1348a5eec5a4e4dd202a3fb4540131f4,1,,false
28e2b8ead0d749ff66a2b5a8a3acccbd1348a5eec5a4e4dd202a3fb4540131f4,2,,true
dccf8d188975ee269b7598ca8317513f23bb669e2fe67d27738c3417db149f8e,0,"Answer: 2

Q1: The single most distinctive visual feature in this image is the flag in the background.
Q2: The flag in the background has a red, white, and black color scheme, which is characteristic of the Jordanian flag. This feature directly supports statement 2.
Q3: For statement 1 to be true, the flag would need to have the colors and design of the United Arab Emirates flag, which includes a green, white, black, and red color scheme with a white crescent and star. For statement 3 to be true, the flag would need to have the colors and design of the Palestinian flag, which includes a black, white, and red color scheme with a black star and crescent. Neither of these features is present in the image.
Q4: Therefore, statement 2 is grounded.",false
dccf8d188975ee269b7598ca8317513f23bb669e2fe67d27738c3417db149f8e,1,,true
dccf8d188975ee269b7598ca8317513f23bb669e2fe67d27738c3417db149f8e,2,,false
e9ad5a1956dc1ec172cea80a02ec1280943e385d5cd8996ac9d44ba13e344a6d,0,"Answer: 3

Q1: The single most distinctive visual feature in this image is the setup of multiple gaming stations with large monitors, gaming chairs, and keyboards, all arranged in a row.

Q2: This feature directly supports statement 3, as it indicates that the space is designed for hosting esports tournaments.

Q3: For statement 1 to be true, the image would need to show a formal office environment with desks, chairs, and office equipment. For statement 2 to be true, the image would need to show artworks, paintings, or sculptures displayed on walls or pedestals.

Q4: Therefore, statement 3 is grounded.",false
e9ad5a1956dc1ec172cea80a02ec1280943e385d5cd8996ac9d44ba13e344a6d,1,,false
e9ad5a1956dc1ec172cea80a02ec1280943e385d5cd8996ac9d44ba13e344a6d,2,,true
b5dfb06be5f689953b1d6eccfd49dc1b96b2854a5fac03c72a08477790430a96,0,"Answer: 1

Q1: The single most distinctive visual feature in this image is the group of students and staff wearing uniforms and raising their hands in a waving gesture.

Q2: This feature directly supports statement 1, as it suggests a school assembly or gathering promoting education and awareness.

Q3: For statement 2 to be true, the image would need to show sports equipment or a sports field. For statement 3 to be true, the image would need to show signs, banners, or people holding placards indicating a protest or demonstration. Neither of these elements is present in the image.

Q4: Therefore, the statement grounded in the image is statement 1.",true
b5dfb06be5f689953b1d6eccfd49dc1b96b2854a5fac03c72a08477790430a96,1,,false
b5dfb06be5f689953b1d6eccfd49dc1b96b2854a5fac03c72a08477790430a96,2,,false
0a8891aa1329a8c55ebfee1b098f47540f40176e23c855d1fb53aa48162d2457,0,"Answer: 3

Q1: The single most distinctive visual feature in this image is the large group of people wearing red caps and uniforms, gathered in what appears to be a public square.

Q2: This feature directly supports statement 3, as the uniforms and caps suggest a coordinated group, possibly part of a religious or national celebration.

Q3: For statement 1 to be true, the image would need to show a political figure or banners with political slogans, which are not present.
For statement 2 to be true, the image would need to show military personnel or equipment, which are not present.

Q4: Therefore, statement 3 is grounded.",false
0a8891aa1329a8c55ebfee1b098f47540f40176e23c855d1fb53aa48162d2457,1,,false
0a8891aa1329a8c55ebfee1b098f47540f40176e23c855d1fb53aa48162d2457,2,,true
e7ddde6c7e4d5f85cc5b667bdf5cdd07e9f422ad16a7059fe17a12357d705f7e,0,"Answer: 1

Q1: The single most distinctive visual feature in this image is the Star of David on the flag in the background.

Q2: This feature directly supports statement 1, as the Star of David is a symbol representing Judaism and Jewish identity.

Q3: For statement 2 to be true, the image would need to show the Star of David symbolizing peace and unity, which is not directly supported by the image alone. For statement 3 to be true, the image would need to show the Star of David as a decorative design with no specific meaning, which is not the case here as it clearly represents Judaism and Jewish identity.

Q4: Therefore, the statement grounded in the image is statement 1.",true
e7ddde6c7e4d5f85cc5b667bdf5cdd07e9f422ad16a7059fe17a12357d705f7e,1,,false
e7ddde6c7e4d5f85cc5b667bdf5cdd07e9f422ad16a7059fe17a12357d705f7e,2,,false
5cd6b2cb0c17580da11f38f22447f4f0841ddc06773b69478e68ed08a000908a,0,"Answer: 2

Q1: The single most distinctive visual feature in this image is the gradient colors of the sunset sky.
Q2: Yes, the gradient colors of the sunset sky contribute most to the ambiance of this outdoor dining setting.
Q3: For statement 1 to be true, the image would need to show tall city buildings in the background. This is not present.
For statement 3 to be true, the image would need to show sports equipment. This is not present.
Q4: Therefore, statement 2 is grounded.",false
5cd6b2cb0c17580da11f38f22447f4f0841ddc06773b69478e68ed08a000908a,1,,true
5cd6b2cb0c17580da11f38f22447f4f0841ddc06773b69478e68ed08a000908a,2,,false
09fe2909fd5f095ae05fdabd1939beead6ffa8db51157f07e5e9eb37ca4d0fa1,0,"Answer: 2

Q1: The single most distinctive visual feature in this image is the colorful mural on the wall in the background.
Q2: The colorful mural does not directly support statement 1, as it does not appear to be a historical painting. It does support statement 2, as it is indeed an abstract and colorful design.
Q3: For statement 1 to be true, the mural would need to feature a historical painting, which is not present in the image. For statement 3 to be true, the mural would need to feature minimalist geometric shapes, which is also not present in the image.
Q4: Therefore, statement 2 is grounded.",false
09fe2909fd5f095ae05fdabd1939beead6ffa8db51157f07e5e9eb37ca4d0fa1,1,,true
09fe2909fd5f095ae05fdabd1939beead6ffa8db51157f07e5e9eb37ca4d0fa1,2,,false
4af9a07aff7759bb3bc0ff9ce1eb613b95c1c1a354487622c731ecd4c174eae4,0,"Answer: 1

Q1: The single most distinctive visual feature in this image is the crucifixion of Jesus Christ on the cross.
Q2: This feature directly supports statement 1, as the crucifix appears to be made of wood and metal.
Q3: For statement 2 to be true, the crucifix would need to be made of plastic and glass, which is not present in the image.
Q4: Therefore, statement 1 is grounded.",true
4af9a07aff7759bb3bc0ff9ce1eb613b95c1c1a354487622c731ecd4c174eae4,1,,false
4af9a07aff7759bb3bc0ff9ce1eb613b95c1c1a354487622c731ecd4c174eae4,2,,false
34e68cb39b33220621fc39a8dbaaae0150262b02de045dab8516c34908a61005,0,"Answer: 1

Q1: The single most distinctive visual feature in this image is the tall minaret with a clock tower.
Q2: This feature directly supports statement 1.
Q3: For statement 2 to be true, the image would need to show European architectural styles and possibly European flags or signage. For statement 3 to be true, the image would need to show South American architectural styles and possibly South American flags or signage. Neither of these features are present in the image.
Q4: Therefore, statement 1 is grounded.",true
34e68cb39b33220621fc39a8dbaaae0150262b02de045dab8516c34908a61005,1,,false
34e68cb39b33220621fc39a8dbaaae0150262b02de045dab8516c34908a61005,2,,false
3dc6730a21a436da006081244906771f6a7e58e471fde3349a88ea07150c0ece,0,"Answer: 1

Q1: The single most distinctive visual feature in this image is the text overlay that reads ""BEST SURPRISE FLASH MOB ARABIC DANCE.""

Q2: This feature directly supports statement 1, as it explicitly mentions ""Arabic Dance.""

Q3: For statement 2 to be true, the image would need to show elements of Western ballet, such as ballet dancers, ballet costumes, or ballet-specific movements. For statement 3 to be true, the image would need to show elements of Indian classical dance, such as dancers performing traditional Indian dance forms, wearing Indian dance costumes, or performing specific Indian dance movements. Neither of these features is present in the image.

Q4: Therefore, statement 1 is grounded.",true
3dc6730a21a436da006081244906771f6a7e58e471fde3349a88ea07150c0ece,1,,false
3dc6730a21a436da006081244906771f6a7e58e471fde3349a88ea07150c0ece,2,,false
7b1c3cfcfb14efc917cb493837052fa06b1297a72a8c1c5220eae5df73312d01,0,"Answer: 1

Q1: The single most distinctive visual feature in this image is the bouquet held by the person.
Q2: Yes, that feature directly supports statement 1.
Q3: For statement 2 to be true, the bouquet would need to include pink carnations and lavender, which are not present in the image.
Q4: Therefore, statement 1 is grounded.",true
7b1c3cfcfb14efc917cb493837052fa06b1297a72a8c1c5220eae5df73312d01,1,,false
7b1c3cfcfb14efc917cb493837052fa06b1297a72a8c1c5220eae5df73312d01,2,,false
9bc56a33ed0006f7034a9b56be06e58ac8c8ee214611268364fdd10ed7bacd11,0,"Answer: 3

Q1: The single most distinctive visual feature in this image is the sign that reads ""Old City Pharmacy.""

Q2: This feature directly supports statement 3, as it clearly indicates that the building is a pharmacy.

Q3: For statement 1 to be true, the image would need to show the building as a restaurant, which it does not. For statement 2 to be true, the image would need to show the building as a residential building, which it does not.

Q4: Therefore, statement 3 is grounded.",false
9bc56a33ed0006f7034a9b56be06e58ac8c8ee214611268364fdd10ed7bacd11,1,,false
9bc56a33ed0006f7034a9b56be06e58ac8c8ee214611268364fdd10ed7bacd11,2,,true
d420ebb7925086882bc394b4763871b0039ef1db091adb2e14028b50b1dbc364,0,"Answer: 1

Q1: The single most distinctive visual feature in this image is the stone walls and domes.
Q2: Yes, that feature directly supports statement 1.
Q3: For statement 2 to be true, the image would need to show glass panels and steel beams, which are not present.
Q4: Therefore, statement 1 is grounded.",true
d420ebb7925086882bc394b4763871b0039ef1db091adb2e14028b50b1dbc364,1,,false
d420ebb7925086882bc394b4763871b0039ef1db091adb2e14028b50b1dbc364,2,,false
bb2bf3a692d94989c4072f90246e5d9c6bf5f44c8d7f6d3adb869eccaca99b03,0,"Answer: 2

Q1: The single most distinctive visual feature in this image is the screened porch attached to the cabin.

Q2: The screened porch directly supports statement 2, as it is designed to provide an outdoor space free from insects.

Q3: For statement 1 to be true, the screened porch would need to be primarily decorative, which is not evident in the image. For statement 3 to be true, the screened porch would need to be used for storage, which is also not evident in the image.

Q4: Therefore, the statement grounded in the image is statement 2.",false
bb2bf3a692d94989c4072f90246e5d9c6bf5f44c8d7f6d3adb869eccaca99b03,1,,true
bb2bf3a692d94989c4072f90246e5d9c6bf5f44c8d7f6d3adb869eccaca99b03,2,,false
f6934f8de9cb64ff3639e46e8b44b2549754aa674b5671d74f6ddd70e724284f,0,"Answer: 1

Q1: The single most distinctive visual feature in this image is the presence of a variety of food items in aluminum foil containers, including what appears to be a meat dish, a salad, and a rice-based dish.

Q2: This feature directly supports statement 1, as the food items shown resemble common Middle Eastern dishes.

Q3: For statement 2 to be true, the image would need to show food items that are characteristic of Italian cuisine, such as pasta, pizza, or other Italian specialties. For statement 3 to be true, the image would need to show food items that are characteristic of Mexican cuisine, such as tacos, burritos, or other Mexican specialties. Neither of these features is present in the image.

Q4: Therefore, statement 1 is grounded.",true
f6934f8de9cb64ff3639e46e8b44b2549754aa674b5671d74f6ddd70e724284f,1,,false
f6934f8de9cb64ff3639e46e8b44b2549754aa674b5671d74f6ddd70e724284f,2,,false
36746a766496ac85da822d8954982f261c1efc97bb1d8ec26e723a0b864324dc,0,"Answer: 3

Q1: The single most distinctive visual feature in this image is the stacked stones forming a structure within the rocky formation.

Q2: This feature directly supports statement 3, as it appears to be part of an ancient dwelling or structure.

Q3: For statement 1 to be true, the image would need to show that the stacked stones are naturally formed by erosion, which is not present in the image.
For statement 2 to be true, the image would need to show that the stacked stones are a modern art installation, which is not present in the image.

Q4: Therefore, statement 3 is grounded.",false
36746a766496ac85da822d8954982f261c1efc97bb1d8ec26e723a0b864324dc,1,,false
36746a766496ac85da822d8954982f261c1efc97bb1d8ec26e723a0b864324dc,2,,true
75137521cfa7da02e3c1fbe6781272109c71c2a8b9395aa58094fa8e446fe209,0,"Answer: 2

Q1: The single most distinctive visual feature in this image is the woven texture of the planter.

Q2: Yes, that feature directly supports statement 2.

Q3: For statement 1 to be true, the planter would need to have a metal appearance, which is not present in the image. For statement 3 to be true, the planter would need to have a plastic appearance, which is also not present in the image.

Q4: Therefore, statement 2 is grounded.",false
75137521cfa7da02e3c1fbe6781272109c71c2a8b9395aa58094fa8e446fe209,1,,true
75137521cfa7da02e3c1fbe6781272109c71c2a8b9395aa58094fa8e446fe209,2,,false
3329d973bbe7104e2f633eece86ffd1f2c1b7bb05f4355a9f5a6aa9e3176f191,0,"Answer: 2

Q1: The single most distinctive visual feature in this image is the intricate embroidery on the handbag.
Q2: The embroidery does not directly support any of the statements about the handles' material.
Q3: For statement 1 to be true, the handles would need to be made from metal, which is not present in the image. For statement 3 to be true, the handles would need to be made from plastic, which is also not present in the image.
Q4: Therefore, statement 2 is grounded.",false
3329d973bbe7104e2f633eece86ffd1f2c1b7bb05f4355a9f5a6aa9e3176f191,1,,true
3329d973bbe7104e2f633eece86ffd1f2c1b7bb05f4355a9f5a6aa9e3176f191,2,,false
d29bbbf0c52ccecc47a37cc07cc4ae855f44ff4c612e609f2670a6cbd5afd9b6,0,"Answer: 2

Q1: The single most distinctive visual feature in this image is the script used in the manuscript.
Q2: This feature directly supports statement 2, as the script resembles Hebrew.
Q3: For statement 1 to be true, the manuscript would need to show a script resembling Greek. This is not present.
Q4: Therefore, statement 2 is grounded.",false
d29bbbf0c52ccecc47a37cc07cc4ae855f44ff4c612e609f2670a6cbd5afd9b6,1,,true
d29bbbf0c52ccecc47a37cc07cc4ae855f44ff4c612e609f2670a6cbd5afd9b6,2,,false
14e6efea3eac5ff92178bba9dcd00378ffd780cb0445a1a81df7dbef9e667a26,0,"Answer: 3

Q1: The single most distinctive visual feature in this image is the rows of trees in the agricultural landscape.
Q2: This feature directly supports statement 3.
Q3: For statement 1 to be true, the image would need to show palm trees, which are not present.
For statement 2 to be true, the image would need to show pine trees, which are not present.
Q4: Therefore, statement 3 is grounded.",false
14e6efea3eac5ff92178bba9dcd00378ffd780cb0445a1a81df7dbef9e667a26,1,,false
14e6efea3eac5ff92178bba9dcd00378ffd780cb0445a1a81df7dbef9e667a26,2,,true
1335e0592fa2a0a8a3a32a34d205df1a9071db99d9e637734c3732a32d017555,0,"Answer: 1

Q1: The single most distinctive visual feature in this image is the fort's coastal location and the adjacent sea.
Q2: The fort's coastal location and proximity to the sea directly support statement 1, as it indicates the fort was intended to serve as a defensive structure against naval attacks.
Q3: For statement 2 to be true, the image would need to show evidence of the fort being used as a storage facility for trade goods, which is not present in the image.
Q4: Therefore, statement 1 is grounded.",true
1335e0592fa2a0a8a3a32a34d205df1a9071db99d9e637734c3732a32d017555,1,,false
1335e0592fa2a0a8a3a32a34d205df1a9071db99d9e637734c3732a32d017555,2,,false
977cfea717bac9e874cffd295341223d8faae55d66eeefb333ac9c10b621ba23,0,"Answer: 2

Q1: The single most distinctive visual feature in this image is the presence of golfers practicing on artificial turf mats.

Q2: This feature directly supports statement 2, as it shows people practicing golf swings.

Q3: For statement 1 to be true, the image would need to show tennis rackets, courts, or players engaged in tennis activities, which are not present.
For statement 3 to be true, the image would need to show football fields, players, or football equipment, which are also not present.

Q4: Therefore, statement 2 is grounded.",false
977cfea717bac9e874cffd295341223d8faae55d66eeefb333ac9c10b621ba23,1,,true
977cfea717bac9e874cffd295341223d8faae55d66eeefb333ac9c10b621ba23,2,,false
06c36a70dc8535a9316c1cb3a26003c141d02cc0a39a26b52089bc33f1416586,0,"Answer: 1

Q1: The single most distinctive visual feature in this image is the sand dunes illuminated under a starry sky.
Q2: Yes, that feature directly supports statement 1.
Q3: For statement 2 to be true, the image would need to show a cityscape with lights, which is not present.
Q4: Therefore, statement 1 is grounded.",true
06c36a70dc8535a9316c1cb3a26003c141d02cc0a39a26b52089bc33f1416586,1,,false
06c36a70dc8535a9316c1cb3a26003c141d02cc0a39a26b52089bc33f1416586,2,,false
5577cc59b56fa5692b2a1e51d2aaee52d73a6550ebfec2d55249a96bb8b3a60b,0,"Answer: 2

Q1: The single most distinctive visual feature in this image is the large, round, golden-brown dish filled with rice and chicken, accompanied by a bowl of dates.

Q2: This feature directly supports statement 2, as Biryani is a rice dish commonly found in the Arab world, often served with chicken and sometimes accompanied by dates.

Q3: For statement 1 to be true, the image would need to show a dish that is specifically from Spain, typically consisting of saffron-infused rice, seafood, and vegetables. This is not present in the image.
For statement 3 to be true, the image would need to show a dish that is typically made with Arborio rice, saffron, and broth, which is not present in the image.

Q4: Therefore, statement 2 is grounded.",false
5577cc59b56fa5692b2a1e51d2aaee52d73a6550ebfec2d55249a96bb8b3a60b,1,,true
5577cc59b56fa5692b2a1e51d2aaee52d73a6550ebfec2d55249a96bb8b3a60b,2,,false
e7964d23045b0cd421bcf387c86a8b2b073f553c5492c8fe7ecceff6bd96699e,0,"Answer: 2

Q1: The single most distinctive visual feature in this image is the red carpet covering the floor of the mosque.

Q2: The red carpet does not directly support statement 1, as reducing noise is not a primary function of the red carpet. However, it does support statement 2, as the red carpet serves as a prayer area for worshippers.

Q3: For statement 1 to be true, the image would need to show that the red carpet is specifically designed to absorb sound. This is not present in the image.
For statement 3 to be true, the image would need to show that the red carpet is primarily intended to enhance the visual appeal of the mosque. The image does show the red carpet enhancing the visual appeal, but it does not directly support the primary function of enhancing visual appeal.

Q4: Therefore, the statement grounded in the image is statement 2.",false
e7964d23045b0cd421bcf387c86a8b2b073f553c5492c8fe7ecceff6bd96699e,1,,true
e7964d23045b0cd421bcf387c86a8b2b073f553c5492c8fe7ecceff6bd96699e,2,,false
87541278eafea5178d69886a36f37e2bef5a9613add380dc054040c7ae0b327f,0,"Answer: 3

Q1: The single most distinctive visual feature in this image is the large golden thumb sculpture.
Q2: This feature directly supports statement 3.
Q3: For statement 1 to be true, the image would need to show the sculpture located on a busy street intersection, which is not present.
For statement 2 to be true, the image would need to show the sculpture inside a museum setting, which is not present.
Therefore, the image supports statement 3 and not statements 1 and 2.",false
87541278eafea5178d69886a36f37e2bef5a9613add380dc054040c7ae0b327f,1,,false
87541278eafea5178d69886a36f37e2bef5a9613add380dc054040c7ae0b327f,2,,true
58923b56fdd28e58025099068541a8b59b4846ea58bde6b95db925f41fceaa07,0,"Answer: 1

Q1: The single most distinctive visual feature in this image is the outdoor dining area with tables and chairs, illuminated by lamps and surrounded by greenery.

Q2: This feature directly supports statement 1, as it clearly shows people engaged in outdoor dining.

Q3: For statement 2 to be true, the image would need to show a stage or performance area with people gathered around, which is not present in the image.
For statement 3 to be true, the image would need to show a market with stalls and people shopping, which is also not present in the image.

Q4: Therefore, statement 1 is grounded.",true
58923b56fdd28e58025099068541a8b59b4846ea58bde6b95db925f41fceaa07,1,,false
58923b56fdd28e58025099068541a8b59b4846ea58bde6b95db925f41fceaa07,2,,false
45b58277ea3e68d85193c0816f5cb484dd20e3896e86a7c43cb0a8d2c75e1682,0,"Answer: 3

Q1: The single most distinctive visual feature in this image is the circular platform with a helicopter on it.
Q2: Yes, that feature directly supports statement 3.
Q3: For statement 1 to be true, the image would need to show a rooftop restaurant. This is not present in the image.
For statement 2 to be true, the image would need to show a swimming pool. This is not present in the image.
Q4: Therefore, statement 3 is grounded.",false
45b58277ea3e68d85193c0816f5cb484dd20e3896e86a7c43cb0a8d2c75e1682,1,,false
45b58277ea3e68d85193c0816f5cb484dd20e3896e86a7c43cb0a8d2c75e1682,2,,true
cda242553d0ba9f1813b5d1a7e3810d8d0134e4784a4da3d240c426235d9e2d6,0,"Answer: 2

Q1: The single most distinctive visual feature in this image is the traditional wooden dhow boat with a pointed bow and a flag on top.
Q2: This feature directly supports statement 2, as it clearly shows a boat made entirely of wood and showcases traditional craftsmanship.
Q3: For statement 1 to be true, the image would need to show modern engines and advanced technologies, which are not present in the image.
For statement 3 to be true, the image would need to show the boat designed for high-speed racing, which is not present in the image.
Q4: Therefore, statement 2 is grounded.",false
cda242553d0ba9f1813b5d1a7e3810d8d0134e4784a4da3d240c426235d9e2d6,1,,true
cda242553d0ba9f1813b5d1a7e3810d8d0134e4784a4da3d240c426235d9e2d6,2,,false
3d398b623d455f0195413a2b961cd229ca06709d31239ac9ed7f4fd4991eef62,0,"Answer: 1

Q1: The single most distinctive visual feature in this image is the colorful building facades.
Q2: Yes, that feature directly supports statement 1.
Q3: For statement 2 to be true, the image would need to show that the colorful facades are designed to reflect sunlight and reduce heat absorption. This is not present in the image.
Q4: Therefore, statement 1 is grounded.",true
3d398b623d455f0195413a2b961cd229ca06709d31239ac9ed7f4fd4991eef62,1,,false
3d398b623d455f0195413a2b961cd229ca06709d31239ac9ed7f4fd4991eef62,2,,false
7db71561f1dbb62ed2cf6bfaf1d41c49368ef795eebf4f10ce062430b7b9f895,0,"Answer: 3

Q1: The single most distinctive visual feature in this image is the traditional sailing boats with large sails, which are commonly known as dhows, and the people on board.

Q2: This feature directly supports statement 3, as the image shows traditional dhows sailing, which is a common activity in the Arab world.

Q3: For statement 1 to be true, the image would need to show people actively fishing, which is not present in the image. For statement 2 to be true, the image would need to show people on a leisure boat ride, which is also not present in the image.

Q4: Therefore, statement 3 is grounded.",false
7db71561f1dbb62ed2cf6bfaf1d41c49368ef795eebf4f10ce062430b7b9f895,1,,false
7db71561f1dbb62ed2cf6bfaf1d41c49368ef795eebf4f10ce062430b7b9f895,2,,true
504f1d7203d2b9358ea756410c3aa40b37fa86b10114e337eff7519ed7e80dd9,0,"Answer: 3

Q1: The single most distinctive visual feature in this image is the traditional dhow boat floating on the water with a modern city skyline in the background.

Q2: The dhow boat directly supports statement 3, as it is a traditional boat commonly used for fishing and trading.

Q3: For statement 1 to be true, the image would need to show the dhow boat being used for military operations, which is not present in the image. For statement 2 to be true, the image would need to show the dhow boat being used for luxury cruises, which is also not present in the image.

Q4: Therefore, statement 3 is grounded.",false
504f1d7203d2b9358ea756410c3aa40b37fa86b10114e337eff7519ed7e80dd9,1,,false
504f1d7203d2b9358ea756410c3aa40b37fa86b10114e337eff7519ed7e80dd9,2,,true
5d855e7ffd6a9d99385d14ef078cabd01e2ccccbfc243656bd69b75b841b6be2,0,"Answer: 2

Q1: The single most distinctive visual feature in this image is the large number of people wearing traditional white clothing, which is common in the Arab world.

Q2: This feature directly supports statement 2, as it suggests that the event is likely a sports event, where such attire is common.

Q3: For statement 1 to be true, the image would need to show musical equipment or performers, which is not present. For statement 3 to be true, the image would need to show political banners or speakers, which is also not present.

Q4: Therefore, statement 2 is grounded.",false
5d855e7ffd6a9d99385d14ef078cabd01e2ccccbfc243656bd69b75b841b6be2,1,,true
5d855e7ffd6a9d99385d14ef078cabd01e2ccccbfc243656bd69b75b841b6be2,2,,false
ecd6cc45aff64746aa989788fbc92b63d54c1575232b30a5d15edfc530cccac3,0,"Answer: 3

Q1: The single most distinctive visual feature in this image is the display of ancient artifacts, including what appears to be a scroll and other historical items, within a modern museum setting.

Q2: This feature directly supports statement 3, as it displays ancient scientific instruments.

Q3: For statement 1 to be true, the image would need to show religious artifacts and scriptures, which are not present. For statement 2 to be true, the image would need to show modern art pieces, which are also not present.

Q4: Therefore, statement 3 is grounded.",false
ecd6cc45aff64746aa989788fbc92b63d54c1575232b30a5d15edfc530cccac3,1,,false
ecd6cc45aff64746aa989788fbc92b63d54c1575232b30a5d15edfc530cccac3,2,,true
5b71bbf20182b6d949477f3614318e05e59d56f1cf91eb1808fd47ec3652cc69,0,"Answer: 1

Q1: The single most distinctive visual feature in this image is the large, abstract metallic sculpture with intricate, flowing lines and shapes.
Q2: This feature directly supports statement 1, as it is a metallic abstract form inspired by Arabic calligraphy.
Q3: For statement 2 to be true, the image would need to show a stone statue depicting a historical figure, which is not present.
For statement 3 to be true, the image would need to show a wooden installation shaped like a musical instrument, which is also not present.
Q4: Therefore, statement 1 is grounded.",true
5b71bbf20182b6d949477f3614318e05e59d56f1cf91eb1808fd47ec3652cc69,1,,false
5b71bbf20182b6d949477f3614318e05e59d56f1cf91eb1808fd47ec3652cc69,2,,false
a93ce30da83648067b73e70527ff9dd5ce4565d94ced5b45b23bb69d5c634f92,0,"Answer: 1

Q1: The single most distinctive visual feature in this image is the large, cylindrical building with a green dome and red and white stripes.
Q2: This feature directly supports statement 1, as it is an example of traditional Middle Eastern stone architecture.
Q3: For statement 2 to be true, the image would need to show Victorian-style architecture, which is not present.
For statement 3 to be true, the image would need to show modern glass architecture, which is not present.
Q4: Therefore, statement 1 is grounded.",true
a93ce30da83648067b73e70527ff9dd5ce4565d94ced5b45b23bb69d5c634f92,1,,false
a93ce30da83648067b73e70527ff9dd5ce4565d94ced5b45b23bb69d5c634f92,2,,false
515cec218ca2944d0ea49ebdb05d56dd40fe6212fba0008844465f48fa6bfc28,0,"Answer: 1

Q1: The single most distinctive visual feature in this image is the intricate, abstract metallic sculpture with various shapes and forms.
Q2: This feature directly supports statement 1, as the sculpture appears to be an abstract representation of Arabic calligraphy.
Q3: For statement 2 to be true, the image would need to show a sculpture that primarily represents African wood carving, which is not present in the image.
Q4: Therefore, statement 1 is grounded.",true
515cec218ca2944d0ea49ebdb05d56dd40fe6212fba0008844465f48fa6bfc28,1,,false
515cec218ca2944d0ea49ebdb05d56dd40fe6212fba0008844465f48fa6bfc28,2,,false
734044ecb95d9f104b61e778b785049006a35fcc6a8b6b6991db1708a86467a3,0,"Answer: 3

Q1: The single most distinctive visual feature in this image is the interlocking disc shapes and the undulating, wave-like structure of the building's facade.

Q2: This feature directly supports statement 3, as it matches the description of the National Museum of Qatar's architecture.

Q3: For statement 1 to be true, the image would need to show the Louvre Abu Dhabi with its desert rose-inspired architecture and interlocking disc shapes. For statement 2 to be true, the image would need to show the Guggenheim Museum Bilbao with its desert rose-inspired architecture and interlocking disc shapes. Neither of these features is present in the given image.

Q4: Therefore, the statement grounded in the image is statement 3.",false
734044ecb95d9f104b61e778b785049006a35fcc6a8b6b6991db1708a86467a3,1,,false
734044ecb95d9f104b61e778b785049006a35fcc6a8b6b6991db1708a86467a3,2,,true
b21820e5ac32afe5d568380b20010b2d2b041f61cddf119d89d413f1d8978072,0,"Answer: 3

Q1: The single most distinctive visual feature in this image is the vibrant, colorful wall art featuring various superhero characters.
Q2: This feature directly supports statement 3, as Spider-Man and Iron Man are prominently featured in the wall art.
Q3: For statement 1 to be true, the image would need to show Batman and Superman prominently featured in the wall art, which it does not.
For statement 2 to be true, the image would need to show Thor and Hulk prominently featured in the wall art, which it does not.
Q4: Therefore, statement 3 is grounded.",false
b21820e5ac32afe5d568380b20010b2d2b041f61cddf119d89d413f1d8978072,1,,false
b21820e5ac32afe5d568380b20010b2d2b041f61cddf119d89d413f1d8978072,2,,true
b4e0d22b37c3aa6cda0e692208b111d25f56e11e4ee59e5d5c4cacdb0fae6f07,0,"Answer: 3

Q1: The single most distinctive visual feature in this image is the sedimentary rock formation that resembles a cliff or a natural arch.

Q2: This feature directly supports statement 3, as it depicts a desert with sedimentary rock formations.

Q3: For statement 1 to be true, the image would need to show a coastal cliff. This is not present in the image.
For statement 2 to be true, the image would need to show a forested mountain range. This is not present in the image.

Q4: Therefore, the statement that is grounded is statement 3.",false
b4e0d22b37c3aa6cda0e692208b111d25f56e11e4ee59e5d5c4cacdb0fae6f07,1,,false
b4e0d22b37c3aa6cda0e692208b111d25f56e11e4ee59e5d5c4cacdb0fae6f07,2,,true
841801281a0fdfbf869099ad2228e592a62349c4bbdf772b6798e40b9c537f05,0,"Answer: 2

Q1: The single most distinctive visual feature in this image is the logo with the letters ""DAZN"" inside a square frame.

Q2: The feature does not directly support any of the statements about the sport depicted in the image.

Q3: For Statement 1 (Mixed Martial Arts) to be true, the image would need to show a logo related to MMA. For Statement 3 (Wrestling) to be true, the image would need to show a logo related to wrestling. Neither of these is present in the image.

Q4: Therefore, Statement 2 (The sport depicted in the image is Boxing) is the grounded statement.",false
841801281a0fdfbf869099ad2228e592a62349c4bbdf772b6798e40b9c537f05,1,,true
841801281a0fdfbf869099ad2228e592a62349c4bbdf772b6798e40b9c537f05,2,,false
1ffddf3a6d0845ef11b4770bdcb950f589b04ccf490152e84c0f31bfe3812f29,0,"Answer: 1

Q1: The single most distinctive visual feature in this image is the large, ornate, gold-framed signboard with Arabic calligraphy.

Q2: This feature directly supports statement 1, as it displays Arabic calligraphy, which is often used to display sacred texts or spiritual messages in Islamic architecture.

Q3: For statement 2 to be true, the image would need to show the signboard being used as a directional guide for visitors. For statement 3 to be true, the image would need to show the signboard indicating the entrance to a marketplace. Neither of these elements is present in the image.

Q4: Therefore, the statement grounded in the image is statement 1.",true
1ffddf3a6d0845ef11b4770bdcb950f589b04ccf490152e84c0f31bfe3812f29,1,,false
1ffddf3a6d0845ef11b4770bdcb950f589b04ccf490152e84c0f31bfe3812f29,2,,false
5552ca02fc9726322cb39361e72325e422411e104673ebb616498f137877c551,0,"Answer: 1

Q1: The single most distinctive visual feature in this image is the ornate design and the glowing lights inside the lanterns.

Q2: This feature directly supports statement 1 because the design and style of the lanterns are commonly associated with Ramadan celebrations.

Q3: For statement 2 to be true, the lanterns would need to have a design or decoration commonly associated with Christmas, such as snowflakes, Christmas trees, or other Christmas-themed motifs. For statement 3 to be true, the lanterns would need to have a design or decoration commonly associated with Diwali, such as Rangoli patterns, traditional Indian motifs, or symbols of light and victory.

Q4: Therefore, statement 1 is grounded in the image.",true
5552ca02fc9726322cb39361e72325e422411e104673ebb616498f137877c551,1,,false
5552ca02fc9726322cb39361e72325e422411e104673ebb616498f137877c551,2,,false
0ce75b901a6c60bda24eb425e876f020dea77ea2a3ec6b7ae80bd9c78a1f2b46,0,"Answer: 2

Q1: The single most distinctive visual feature in this image is the large, round, stone tower with a dome on top.
Q2: This feature directly supports statement 2, as it is characteristic of historic monasteries.
Q3: For statement 1 to be true, the image would need to show modern elements such as contemporary architecture, signage, or exhibits. For statement 3 to be true, the image would need to show features typical of a medieval castle, such as battlements, a moat, or a drawbridge.
Q4: Therefore, statement 2 is grounded.",false
0ce75b901a6c60bda24eb425e876f020dea77ea2a3ec6b7ae80bd9c78a1f2b46,1,,true
0ce75b901a6c60bda24eb425e876f020dea77ea2a3ec6b7ae80bd9c78a1f2b46,2,,false
9305bb3647a16addd7ebc99c808f2f5cef48af4a48775bc885ca23a4e20060ec,0,"Answer: 2

Q1: The single most distinctive visual feature in this image is the large golden dome in the background.
Q2: The wooden podium with microphones in the foreground does not directly support statement 1 (musical performance setup) or statement 3 (market stall for selling goods). It does, however, support statement 2 (public speeches or religious sermons) as it is a common setup for such events.
Q3: For statement 1 to be true, the image would need to show musical instruments or a stage setup. For statement 3 to be true, the image would need to show goods being sold or a market environment. Neither of these elements is present in the image.
Q4: Therefore, statement 2 is grounded.",false
9305bb3647a16addd7ebc99c808f2f5cef48af4a48775bc885ca23a4e20060ec,1,,true
9305bb3647a16addd7ebc99c808f2f5cef48af4a48775bc885ca23a4e20060ec,2,,false
d390bce021e187e3ea9a54f24b586673cecd31353c60146dcfa76f363b6ffafd,0,"Answer: 1

Q1: The single most distinctive visual feature in this image is the tall, white, multi-story building with a unique, stepped design.
Q2: This feature directly supports statement 1, as people are seen jogging and walking along the paved pathway.
Q3: For statement 2 to be true, the image would need to show cyclists racing along the pathway, which is not present.
Q4: Therefore, statement 1 is grounded.",true
d390bce021e187e3ea9a54f24b586673cecd31353c60146dcfa76f363b6ffafd,1,,false
d390bce021e187e3ea9a54f24b586673cecd31353c60146dcfa76f363b6ffafd,2,,false
f5923b613425908d1762bee076ba7023a7ef76a7c0b25201f779d99208396a75,0,"Answer: 2

Q1: The single most distinctive visual feature in this image is the chairs with colorful patterned upholstery for seating.
Q2: Yes, that feature directly supports statement 2.
Q3: For statement 1 to be true, the image would need to show metal stools as the primary seating option, which is not present.
For statement 3 to be true, the image would need to show wooden benches as the primary seating option, which is not present.
Q4: Therefore, statement 2 is grounded.",false
f5923b613425908d1762bee076ba7023a7ef76a7c0b25201f779d99208396a75,1,,true
f5923b613425908d1762bee076ba7023a7ef76a7c0b25201f779d99208396a75,2,,false
6c5aa79d0797a37eb1eb5b175565bc24a787d8f8f11ade429a6858e524abd640,0,"Answer: 1

Q1: The single most distinctive visual feature in this image is the modern, automated train system with multiple tracks and a station platform.
Q2: This feature directly supports statement 1, as it depicts an automated train system.
Q3: For statement 2 to be true, the image would need to show a cable car system, which is not present in the image.
Q4: Therefore, statement 1 is grounded.",true
6c5aa79d0797a37eb1eb5b175565bc24a787d8f8f11ade429a6858e524abd640,1,,false
6c5aa79d0797a37eb1eb5b175565bc24a787d8f8f11ade429a6858e524abd640,2,,false
f33660d26463e55f45c6ec239ec12520a626eb4dd4edc178a5c5bd2eae104ea8,0,"Answer: 1

Q1: The single most distinctive visual feature in this image is the traditional wooden dhow docked by the shore.
Q2: Yes, that feature directly supports statement 1.
Q3: For statement 2 to be true, the image would need to show a modern yacht docked by the shore, which is not present.
Q4: Therefore, statement 1 is grounded.",true
f33660d26463e55f45c6ec239ec12520a626eb4dd4edc178a5c5bd2eae104ea8,1,,false
f33660d26463e55f45c6ec239ec12520a626eb4dd4edc178a5c5bd2eae104ea8,2,,false
f56157039ac4ae1f02bcc670974abb2b7c55861388dd63e331d62211362cc645,0,"Answer: 1

Q1: The single most distinctive visual feature in this image is the large, colorful central painting with stylized human figures and a detailed background.

Q2: This feature directly supports statement 1, as it describes the central painting accurately.

Q3: For statement 2 to be true, the central painting would need to be monochrome and have minimal detail, which is not the case here. For statement 3 to be true, the central painting would need to be a realistic portrait of a single individual, which is also not the case here.

Q4: Therefore, statement 1 is grounded.",true
f56157039ac4ae1f02bcc670974abb2b7c55861388dd63e331d62211362cc645,1,,false
f56157039ac4ae1f02bcc670974abb2b7c55861388dd63e331d62211362cc645,2,,false
7414d2cbe73a8c258ec24483aff81cf2141cbd85c092017e8559d9ec1455e9d5,0,"Answer: 3

Q1: The single most distinctive visual feature in this image is the large, sculptural, white table with a flowing, wave-like design.

Q2: This feature directly supports statement 3, as the industrial-style room with exposed beams and a concrete floor is consistent with the industrial aesthetic.

Q3: For statement 1 to be true, the room would need to have Victorian-style elements such as ornate decorations, heavy fabrics, and intricate details. For statement 2 to be true, the room would need to have minimalist elements such as clean lines, a limited color palette, and a focus on functionality.

Q4: Therefore, statement 3 is grounded.",false
7414d2cbe73a8c258ec24483aff81cf2141cbd85c092017e8559d9ec1455e9d5,1,,false
7414d2cbe73a8c258ec24483aff81cf2141cbd85c092017e8559d9ec1455e9d5,2,,true
1fca5455a9bc0144853d07fbb9bf91c6bd3bf4dcae9ac3f7d169c1eb3ad5d642,0,"Answer: 3

Q1: The single most distinctive visual feature in this image is the railing and the water body.
Q2: This feature directly supports statement 3.
Q3: For statement 1 to be true, the image would need to show a train, which is not present. For statement 2 to be true, the image would need to show an airplane, which is also not present.
Q4: Therefore, statement 3 is grounded.",false
1fca5455a9bc0144853d07fbb9bf91c6bd3bf4dcae9ac3f7d169c1eb3ad5d642,1,,false
1fca5455a9bc0144853d07fbb9bf91c6bd3bf4dcae9ac3f7d169c1eb3ad5d642,2,,true
da01de58b9eb98475e60bbbcc120520e8007cfc6d48004b913a945d86be19f41,0,"Answer: 2

Q1: The single most distinctive visual feature in this image is the red carpet.
Q2: The red carpet does not directly support statement 1, as its primary function is not to provide a soft surface for walking but rather to guide people in a procession.
Q3: For statement 1 to be true, the image would need to show the red carpet being used for walking on a soft surface, which is not present.
For statement 3 to be true, the image would need to show the red carpet being used primarily for adding color to the room's decor, which is not present.
Q4: Therefore, statement 2 is grounded.",false
da01de58b9eb98475e60bbbcc120520e8007cfc6d48004b913a945d86be19f41,1,,true
da01de58b9eb98475e60bbbcc120520e8007cfc6d48004b913a945d86be19f41,2,,false
12f9128f8ffc520cfe180ed5a8546145805adfb93d0e4610baa75c9fb2f82f70,0,"Answer: 3

Q1: The single most distinctive visual feature in this image is the presence of camels and the people interacting with them.

Q2: This feature directly supports statement 3, as the camels are being used for transportation and carrying goods, as evidenced by the saddles and harnesses on the camels.

Q3: For statement 1 to be true, the image would need to show the camels actively guarding property, which is not present in the image. For statement 2 to be true, the image would need to show the camels participating in a race, which is also not present in the image.

Q4: Therefore, statement 3 is grounded in the image.",false
12f9128f8ffc520cfe180ed5a8546145805adfb93d0e4610baa75c9fb2f82f70,1,,false
12f9128f8ffc520cfe180ed5a8546145805adfb93d0e4610baa75c9fb2f82f70,2,,true
bc41823c33193898b0b0661b0b2c9d8475dd17293e79ef40b1b9d2915c321708,0,"Answer: 1

Q1: The single most distinctive visual feature in this image is the large number of people gathered around the Kaaba, which is the focal point of the image.

Q2: This feature directly supports statement 1, as the Hajj pilgrimage involves millions of people gathering around the Kaaba in Mecca.

Q3: For statement 2 to be true, the image would need to show a regular Friday prayer gathering, which typically involves a large congregation in a mosque, not specifically around the Kaaba. For statement 3 to be true, the image would need to show the Kaaba with a new cloth covering, which is not present in the image.

Q4: Therefore, statement 1 is grounded.",true
bc41823c33193898b0b0661b0b2c9d8475dd17293e79ef40b1b9d2915c321708,1,,false
bc41823c33193898b0b0661b0b2c9d8475dd17293e79ef40b1b9d2915c321708,2,,false
ef6a7c5b7782e4cca6367aa7dae0f6dc1fb210c9d36f9e1cd94933639a48050b,0,"Answer: 2

Q1: The single most distinctive visual feature in this image is the intricate geometric patterns and the large, ornate arches.

Q2: This feature directly supports statement 2, as the elaborate design and grandeur of the space are characteristic of a place intended for religious gatherings and prayers.

Q3: For statement 1 to be true, the image would need to show stalls or shops, which are not present. For statement 3 to be true, the image would need to show artworks or exhibition displays, which are also not present.

Q4: Therefore, statement 2 is grounded.",false
ef6a7c5b7782e4cca6367aa7dae0f6dc1fb210c9d36f9e1cd94933639a48050b,1,,true
ef6a7c5b7782e4cca6367aa7dae0f6dc1fb210c9d36f9e1cd94933639a48050b,2,,false
341ba0dbec8b2080e3222ac00c54d32afa3e5f1114fcc0e1348b8b2a71179c3f,0,"Answer: 1

Q1: The single most distinctive visual feature in this image is the presence of a dish that includes rice, meat, and a side of a creamy white sauce with herbs, along with a tomato-based side dish.

Q2: This feature directly supports statement 1 because the combination of rice, meat, and a creamy white sauce with herbs is characteristic of many Indian dishes.

Q3: For statement 2 to be true, the image would need to show a dish that is typical of Japanese cuisine, such as sushi, tempura, or ramen. This is not present in the image.

Q4: Therefore, statement 1 is grounded.",true
341ba0dbec8b2080e3222ac00c54d32afa3e5f1114fcc0e1348b8b2a71179c3f,1,,false
341ba0dbec8b2080e3222ac00c54d32afa3e5f1114fcc0e1348b8b2a71179c3f,2,,false
4836a89f12bca1d7053e5ea0408e86e5e6b670eb5ec40e33d6fc678d199f8fbd,0,"Answer: 2

Q1: The single most distinctive visual feature in this image is the mud-brick architecture and the palm trees.
Q2: This feature directly supports statement 2.
Q3: For statement 1 to be true, the image would need to show mud-brick architecture and palm trees in South America. This is not present in the image.
For statement 3 to be true, the image would need to show mud-brick architecture and palm trees in Scandinavia. This is not present in the image.
Q4: Therefore, statement 2 is grounded.",false
4836a89f12bca1d7053e5ea0408e86e5e6b670eb5ec40e33d6fc678d199f8fbd,1,,true
4836a89f12bca1d7053e5ea0408e86e5e6b670eb5ec40e33d6fc678d199f8fbd,2,,false
22ec4a987fcc96e513e9504376b7739a40dd1cfafd92967bc87629d08abf6803,0,"Answer: 2

Q1: The single most distinctive visual feature in this image is the large number of people performing a ritual around the Kaaba.
Q2: Yes, that feature directly supports statement 2.
Q3: For statement 1 to be true, the image would need to show people performing Salah, which involves specific prayer positions and movements. For statement 3 to be true, the image would need to show people giving Zakat, which involves donating money or goods. Neither of these actions is directly supported by the image.
Q4: Therefore, statement 2 is grounded.",false
22ec4a987fcc96e513e9504376b7739a40dd1cfafd92967bc87629d08abf6803,1,,true
22ec4a987fcc96e513e9504376b7739a40dd1cfafd92967bc87629d08abf6803,2,,false
2206b28c4b0e34d224639b28a8e3a5c28f446eac06e463b0fed095f7b03d6819,0,"Answer: 3

Q1: The single most distinctive visual feature in this image is the golden ornament with Arabic calligraphy and a floral design.

Q2: The golden ornament does not directly serve as a lighting element or provide structural support in the arrangement. It primarily adds cultural significance.

Q3: For statement 1 to be true, the image would need to show the golden ornament illuminating the arrangement. For statement 2 to be true, the image would need to show the golden ornament holding up or supporting the arrangement. Neither of these elements is present in the image.

Q4: Therefore, the statement that is grounded is statement 3, as the golden ornament with Arabic calligraphy and a floral design adds cultural significance to the arrangement.",false
2206b28c4b0e34d224639b28a8e3a5c28f446eac06e463b0fed095f7b03d6819,1,,false
2206b28c4b0e34d224639b28a8e3a5c28f446eac06e463b0fed095f7b03d6819,2,,true
4f4f5fdeeea2f66c197138e9e675bfead96977069846e12796bdd5a659a50e73,0,"Answer: 3

Q1: The single most distinctive visual feature in this image is the metallic bracelet of the wristwatch.

Q2: The metallic bracelet directly supports statement 3.

Q3: For statement 1 to be true, the image would need to show a leather bracelet, which is not present.
For statement 2 to be true, the image would need to show a plastic bracelet, which is not present.

Q4: Therefore, statement 3 is grounded.",false
4f4f5fdeeea2f66c197138e9e675bfead96977069846e12796bdd5a659a50e73,1,,false
4f4f5fdeeea2f66c197138e9e675bfead96977069846e12796bdd5a659a50e73,2,,true
9c38cba22aa3b9b9e4d01b28091f5b5daa657aafd70976f5cbe55abf72b938f1,0,"Answer: 2

Q1: The single most distinctive visual feature in this image is the modern, geometrically patterned ceiling with a series of arches and a walkway with a railing.

Q2: This feature directly supports statement 2, as it is characteristic of an airport terminal.

Q3: For statement 1 to be true, the image would need to show a train station, which it does not. For statement 3 to be true, the image would need to show a bus station, which it also does not.

Q4: Therefore, statement 2 is grounded.",false
9c38cba22aa3b9b9e4d01b28091f5b5daa657aafd70976f5cbe55abf72b938f1,1,,true
9c38cba22aa3b9b9e4d01b28091f5b5daa657aafd70976f5cbe55abf72b938f1,2,,false
6d65c38313ad5110ff07dc021203ddcdf877c54d169b2595ffea2ce497f1c9db,0,"Answer: 3

Q1: The single most distinctive visual feature in this image is the dark, glossy, and stuffed dates with pistachios on top.

Q2: This feature directly supports statement 3, as the dates are clearly stuffed with pistachios.

Q3: For statement 1 to be true, the image would need to show chocolate truffles, which are not present in the image. For statement 2 to be true, the image would need to show a fruit salad, which is also not present in the image.

Q4: Therefore, statement 3 is grounded.",false
6d65c38313ad5110ff07dc021203ddcdf877c54d169b2595ffea2ce497f1c9db,1,,false
6d65c38313ad5110ff07dc021203ddcdf877c54d169b2595ffea2ce497f1c9db,2,,true
25183efc69b18c7a1e2e17d60a62784edd12b3b910b5c168d7b271a6f8777c7a,0,"Answer: 3

Q1: The single most distinctive visual feature in this image is the large open courtyard surrounded by buildings, with a dome structure at the center.

Q2: This feature directly supports statement 3, as it is indicative of a site associated with the Hajj pilgrimage.

Q3: For statement 1 to be true, the image would need to show a baptismal font or a structure associated with Christian baptism, which is not present in the image.
For statement 2 to be true, the image would need to show a feature associated with Buddhist meditation, such as a stupa or a meditation hall, which is also not present in the image.

Q4: Therefore, statement 3 is grounded.",false
25183efc69b18c7a1e2e17d60a62784edd12b3b910b5c168d7b271a6f8777c7a,1,,false
25183efc69b18c7a1e2e17d60a62784edd12b3b910b5c168d7b271a6f8777c7a,2,,true
aac74723d8ae9f8cf08bc13f9e8e9b315f0504a1ca10a1b6f75c01a7502ebd24,0,"Answer: 2

Q1: The single most distinctive visual feature in this image is the large, prominent display of the ""ESPORTS WORLD CUP"" logo and the stage setup with a crowd of people.

Q2: This feature directly supports statement 2, as the ""ESPORTS WORLD CUP"" logo is a clear indicator of an esports championship event.

Q3: For statement 1 to be true, the image would need to show musical instruments, performers, or a stage setup typical of a concert. For statement 3 to be true, the image would need to show a formal business conference setup, such as rows of chairs, a podium, and business attire.

Q4: Therefore, statement 2 is grounded.",false
aac74723d8ae9f8cf08bc13f9e8e9b315f0504a1ca10a1b6f75c01a7502ebd24,1,,true
aac74723d8ae9f8cf08bc13f9e8e9b315f0504a1ca10a1b6f75c01a7502ebd24,2,,false
76f31011e3230675f33beb2026442f0e94f636bb2b1190410bd6175407571660,0,"Answer: 1

Q1: The single most distinctive visual feature in this image is the variety of fresh produce laid out on tables.
Q2: This feature directly supports statement 1, as it clearly shows a market focused on providing fresh produce to the community.
Q3: For statement 2 to be true, the image would need to show cultural elements such as traditional music, dance, or food. For statement 3 to be true, the image would need to show handmade crafts being sold. Neither of these elements is present in the image.
Q4: Therefore, statement 1 is grounded.",true
76f31011e3230675f33beb2026442f0e94f636bb2b1190410bd6175407571660,1,,false
76f31011e3230675f33beb2026442f0e94f636bb2b1190410bd6175407571660,2,,false
387fcb0ab6031124337f598fbd13fd635d4307943f95e2b2be5fff3dc902e917,0,"Answer: 2

Q1: The single most distinctive visual feature in this image is the rocky shoreline on which the mosque is situated.

Q2: The rocky shoreline directly supports statement 2, as it indicates that the mosque is located near a rocky shoreline.

Q3: For statement 1 to be true, the image would need to show a desert region. However, the image shows a rocky shoreline, not a desert. For statement 3 to be true, the image would need to show a forested area, which is not present in the image.

Q4: Therefore, statement 2 is grounded.",false
387fcb0ab6031124337f598fbd13fd635d4307943f95e2b2be5fff3dc902e917,1,,true
387fcb0ab6031124337f598fbd13fd635d4307943f95e2b2be5fff3dc902e917,2,,false
9a267c7ae99096c9acb4274c57c78db18d6a51cbb4c3d70db1b03d8edda31f68,0,"Answer: 1

Q1: The single most distinctive visual feature in this image is the large screen displaying Arabic text and the performers on stage.
Q2: The feature of the large screen displaying Arabic text and the performers on stage directly supports statement 1, indicating that the event is a musical concert.
Q3: For statement 2 (a wedding ceremony) to be true, the image would need to show a bride and groom, wedding decorations, or a wedding-related setting, which is not present.
For statement 3 (a celebration for Saudi National Day) to be true, the image would need to show symbols or decorations related to Saudi National Day, which is not present.
Q4: Therefore, statement 1 is grounded.",true
9a267c7ae99096c9acb4274c57c78db18d6a51cbb4c3d70db1b03d8edda31f68,1,,false
9a267c7ae99096c9acb4274c57c78db18d6a51cbb4c3d70db1b03d8edda31f68,2,,false
75a2c118351401499f159f11ce5c1bbdf5fcfdd0d102310b20b9d0ebadeb2391,0,"Answer: 2

Q1: The single most distinctive visual feature in this image is the vast array of white tents arranged in a dense, orderly pattern.

Q2: This feature directly supports statement 2, as the tent city is characteristic of the temporary accommodations used during the Hajj pilgrimage in Mina, Saudi Arabia.

Q3: For statement 1 to be true, the image would need to show the tent city in Dubai, UAE, and for statement 3 to be true, it would need to show the tent city in Cairo, Egypt. Neither of these locations or purposes is supported by the image.

Q4: Therefore, the statement grounded in the image is statement 2.",false
75a2c118351401499f159f11ce5c1bbdf5fcfdd0d102310b20b9d0ebadeb2391,1,,true
75a2c118351401499f159f11ce5c1bbdf5fcfdd0d102310b20b9d0ebadeb2391,2,,false
5d77de1efc2f2eb9aa4c3bd9e6941af1ed864ee6410b31ff1c31a63a468456ed,0,"Answer: 2

Q1: The single most distinctive visual feature in this image is the decorative object with Arabic calligraphy on it.
Q2: Yes, that feature directly supports statement 2.
Q3: For statement 1 to be true, the image would need to show the object made of plastic, which is not present.
For statement 3 to be true, the image would need to show the object made of metal, which is not present.
Q4: Therefore, statement 2 is grounded.",false
5d77de1efc2f2eb9aa4c3bd9e6941af1ed864ee6410b31ff1c31a63a468456ed,1,,true
5d77de1efc2f2eb9aa4c3bd9e6941af1ed864ee6410b31ff1c31a63a468456ed,2,,false
920aef92030ba7a8e1376eb97b650eaaabd275eec84160cdef2dd09ac5734508,0,"Answer: 1

Q1: The single most distinctive visual feature in this image is the tall minarets and the large central dome of the mosque.
Q2: This feature directly supports statement 1, as Al-Masjid an-Nabawi in Medina is known for its distinctive minarets and central dome.
Q3: For statement 2 to be true, the image would need to show the Blue Mosque's distinctive blue tiles and domes, which are not present in this image.
Q4: Therefore, statement 1 is grounded.",true
920aef92030ba7a8e1376eb97b650eaaabd275eec84160cdef2dd09ac5734508,1,,false
920aef92030ba7a8e1376eb97b650eaaabd275eec84160cdef2dd09ac5734508,2,,false
fd1fbb4b8a6c1b03c6e4750901821a04d462b950bd1616fe3ad86c9137f2f8ed,0,"Answer: 1

Q1: The single most distinctive visual feature in this image is the fabric with a floral pattern.
Q2: This feature directly supports statement 1.
Q3: For statement 2 to be true, the image would need to show the fabric styled as a tablecloth, which is not present.
Q4: Therefore, statement 1 is grounded.",true
fd1fbb4b8a6c1b03c6e4750901821a04d462b950bd1616fe3ad86c9137f2f8ed,1,,false
fd1fbb4b8a6c1b03c6e4750901821a04d462b950bd1616fe3ad86c9137f2f8ed,2,,false
fb04c169f4bbdf83350c8ac6cfe3366122f0e2e6430cdfd4f08674e24e461e41,0,"Answer: 3

Q1: The single most distinctive visual feature in this image is the intricate floral designs on the gold bracelet.
Q2: Yes, the floral designs directly support statement 3.
Q3: For statement 1 to be true, the image would need to show geometric patterns, which are not present.
For statement 2 to be true, the image would need to show abstract shapes, which are not present.
Q4: Therefore, statement 3 is grounded.",false
fb04c169f4bbdf83350c8ac6cfe3366122f0e2e6430cdfd4f08674e24e461e41,1,,false
fb04c169f4bbdf83350c8ac6cfe3366122f0e2e6430cdfd4f08674e24e461e41,2,,true
942d84d386db40745cff838d7d493b0ee8dee6460148abec4bf54a2fce00a17d,0,"Answer: 3

Q1: The single most distinctive visual feature in this image is the presence of various colored caps and hoses, along with a pressure gauge and a pressure tester.

Q2: This feature directly supports statement 3, as radiator pressure testers often use different colored caps and hoses to indicate different pressures and temperatures.

Q3: For statement 1 to be true, the image would need to show medical diagnostic equipment such as stethoscopes, blood pressure cuffs, or other medical tools. For statement 2 to be true, the image would need to show plumbing tools like wrenches, pliers, or pipe fittings.

Q4: Therefore, statement 3 is grounded.",false
942d84d386db40745cff838d7d493b0ee8dee6460148abec4bf54a2fce00a17d,1,,false
942d84d386db40745cff838d7d493b0ee8dee6460148abec4bf54a2fce00a17d,2,,true
cccea5fa9634407807c3e4d32591a2b680025db49e92f1783be16d5891fdd7c0,0,"Answer: 1

Q1: The single most distinctive visual feature in this image is the stone walls with wooden beams.
Q2: Yes, that feature directly supports statement 1.
Q3: For statement 2 to be true, the image would need to show concrete walls with steel reinforcements, which is not present.
Q4: Therefore, statement 1 is grounded.",true
cccea5fa9634407807c3e4d32591a2b680025db49e92f1783be16d5891fdd7c0,1,,false
cccea5fa9634407807c3e4d32591a2b680025db49e92f1783be16d5891fdd7c0,2,,false
a52f488750324e73ddc1ecf7ba11cc56427c46bda312d3e3ad9eb1a6387ed141,0,"Answer: 3

Q1: The single most distinctive visual feature in this image is the man playing a stringed instrument while sitting on a red carpet in a desert-like environment with reddish-brown rock formations in the background.

Q2: This feature directly supports statement 3, as the desert-like environment and the reddish-brown rock formations are characteristic of the Middle East.

Q3: For statement 1 to be true, the image would need to show snowy mountains and a different cultural setting, which is not present.
For statement 2 to be true, the image would need to show a tropical rainforest and a different cultural setting, which is not present.

Q4: Therefore, statement 3 is grounded.",false
a52f488750324e73ddc1ecf7ba11cc56427c46bda312d3e3ad9eb1a6387ed141,1,,false
a52f488750324e73ddc1ecf7ba11cc56427c46bda312d3e3ad9eb1a6387ed141,2,,true
4546038c51400534317edba9e80c46d890f1d160b259db81aa95d244ee2eb2c5,0,"Answer: 2

Q1: The single most distinctive visual feature in this image is the large blue display board with historical swords and photographs.

Q2: This feature directly supports statement 2, as it shows a collection of historical swords and photographs.

Q3: For statement 1 to be true, the image would need to show natural history fossils. For statement 3 to be true, the image would need to show modern art paintings. Neither of these features is present in the image.

Q4: Therefore, statement 2 is grounded.",false
4546038c51400534317edba9e80c46d890f1d160b259db81aa95d244ee2eb2c5,1,,true
4546038c51400534317edba9e80c46d890f1d160b259db81aa95d244ee2eb2c5,2,,false
7d086f02e50b795bd9959ef8410cfe219d96f1a781432b14fb49b0e5bab43987,0,"Answer: 2

Q1: The single most distinctive visual feature in this image is the floral design embroidery on the outfit.
Q2: Yes, that feature directly supports statement 2.
Q3: For statement 1 to be true, the image would need to show geometric pattern embroidery, which is not present.
For statement 3 to be true, the image would need to show abstract motif embroidery, which is not present.
Q4: Therefore, statement 2 is grounded.",false
7d086f02e50b795bd9959ef8410cfe219d96f1a781432b14fb49b0e5bab43987,1,,true
7d086f02e50b795bd9959ef8410cfe219d96f1a781432b14fb49b0e5bab43987,2,,false
38433f2ef250a6689b515dc31e39f992fdeb5d60b575488bfea9612461e5f705,0,"Answer: 1

Q1: The single most distinctive visual feature in this image is the rolled dish garnished with lemon and parsley.
Q2: This feature directly supports statement 1.
Q3: For statement 2 to be true, the image would need to show spring rolls, which are not present. For statement 3 to be true, the image would need to show grilled chicken skewers, which are also not present.
Q4: Therefore, statement 1 is grounded.",true
38433f2ef250a6689b515dc31e39f992fdeb5d60b575488bfea9612461e5f705,1,,false
38433f2ef250a6689b515dc31e39f992fdeb5d60b575488bfea9612461e5f705,2,,false
91ba16b5ee2facf6086b8f44268ef89a0283d3e5c2fa9706522ac3df6a817290,0,"Answer: 2

Q1: The single most distinctive visual feature in this image is the decorative lattice structure on the building.
Q2: Yes, that feature directly supports statement 2.
Q3: For statement 1 to be true, the image would need to show a glass dome on the building, which is not present.
For statement 3 to be true, the image would need to show a rooftop garden, which is not present.
Q4: Therefore, statement 2 is grounded.",false
91ba16b5ee2facf6086b8f44268ef89a0283d3e5c2fa9706522ac3df6a817290,1,,true
91ba16b5ee2facf6086b8f44268ef89a0283d3e5c2fa9706522ac3df6a817290,2,,false
8d8752a06a54b4d752df6282643655cae228264545b639e143e0bd837207a20a,0,"Answer: 2

Q1: The single most distinctive visual feature in this image is the large quantities of dried fruits and nuts displayed in a market setting.

Q2: This feature directly supports statement 2, as it shows a variety of dried fruits and nuts being sold in a market, indicating their long shelf life and ease of transport.

Q3: For statement 1 to be true, the image would need to show refrigeration equipment or signs indicating that the fruits and nuts are kept refrigerated. For statement 3 to be true, the image would need to show that the fruits and nuts are being sold exclusively during special festivals, which is not evident in the image.

Q4: Therefore, statement 2 is grounded.",false
8d8752a06a54b4d752df6282643655cae228264545b639e143e0bd837207a20a,1,,true
8d8752a06a54b4d752df6282643655cae228264545b639e143e0bd837207a20a,2,,false
65982bc2a0553f7635aec12e75c2cc4564bf363d5fb861500125892df2eee95c,0,"Answer: 3

Q1: The single most distinctive visual feature in this image is the palm tree.
Q2: The presence of the palm tree directly supports statement 3, as palm trees are typically associated with warm and dry climates.
Q3: For statement 1 to be true, the image would need to show snow and cold weather conditions, which are not present.
For statement 2 to be true, the image would need to show dense, lush vegetation and high humidity, which are not present.
Q4: Therefore, statement 3 is grounded.",false
65982bc2a0553f7635aec12e75c2cc4564bf363d5fb861500125892df2eee95c,1,,false
65982bc2a0553f7635aec12e75c2cc4564bf363d5fb861500125892df2eee95c,2,,true
ce5ee8bd5d19df0355145536f7d248ff095c30426fcb7a785dcd09e6e591047c,0,"Answer: 1

Q1: The single most distinctive visual feature in this image is the sandy surface on which the wrestlers are competing.
Q2: This feature directly supports statement 1, as the sandy arena is clearly visible in the image.
Q3: For statement 2 to be true, the image would need to show an indoor gymnasium, which is not present.
Q4: Therefore, statement 1 is grounded.",true
ce5ee8bd5d19df0355145536f7d248ff095c30426fcb7a785dcd09e6e591047c,1,,false
ce5ee8bd5d19df0355145536f7d248ff095c30426fcb7a785dcd09e6e591047c,2,,false
9fa0356604435740b33ca6f657dcdc97f25596aa6f1868d6d353a37e573ede62,0,"Answer: 3

Q1: The single most distinctive visual feature in this image is the group of camels being ridden by people in traditional attire.

Q2: This feature does not directly support statement 1 or 2, as it does not indicate a ceremonial procession or a camel racing competition.

Q3: For statement 1 to be true, the image would need to show a ceremonial procession with a specific purpose or ritual. For statement 2 to be true, the image would need to show a competitive race with multiple camels racing against each other. Neither of these elements is present in the image.

Q4: Therefore, the statement that is grounded is statement 3, as the image shows a regular day in the desert with people riding camels.",false
9fa0356604435740b33ca6f657dcdc97f25596aa6f1868d6d353a37e573ede62,1,,false
9fa0356604435740b33ca6f657dcdc97f25596aa6f1868d6d353a37e573ede62,2,,true
ec047ea17a31f8211da18782a6ac4405763eba5c693308ed8d44b6e47565ddfd,0,"Answer: 3

Q1: The single most distinctive visual feature in this image is the large Palestinian flag prominently displayed in the center of the square.
Q2: This feature directly supports statement 3, as it clearly shows the flag being displayed.
Q3: For statement 1 to be true, the image would need to show people protesting against transportation issues, which is not present in the image.
For statement 2 to be true, the image would need to show elements of a cultural festival, such as decorations, music, or food stalls, which are not present in the image.
Q4: Therefore, statement 3 is grounded.",false
ec047ea17a31f8211da18782a6ac4405763eba5c693308ed8d44b6e47565ddfd,1,,false
ec047ea17a31f8211da18782a6ac4405763eba5c693308ed8d44b6e47565ddfd,2,,true
c14b317ae06fb7e4e22fd6011c4e896b9c5eedb0c967fdf2865908bf5ebc9ee5,0,"Answer: 2

Q1: The single most distinctive visual feature in this image is the intricate and colorful floral and geometric patterns on the ceramic dish.

Q2: The intricate and colorful floral and geometric patterns directly support statement 2, as hand-painting is a technique that can produce such detailed and varied designs.

Q3: For statement 1 to be true, the image would need to show evidence of embossing, such as raised or textured patterns. For statement 3 to be true, the image would need to show evidence of machine printing, such as uniform, repetitive patterns without any visible brush strokes or irregularities.

Q4: Therefore, statement 2 is grounded.",false
c14b317ae06fb7e4e22fd6011c4e896b9c5eedb0c967fdf2865908bf5ebc9ee5,1,,true
c14b317ae06fb7e4e22fd6011c4e896b9c5eedb0c967fdf2865908bf5ebc9ee5,2,,false
a948ef0275f5de455a887613e3342466f92f9da11f2bf2bb0871ea1d39868fcc,0,"Answer: 1

Q1: The single most distinctive visual feature in this image is the green-domed buildings.
Q2: Yes, that feature directly supports statement 1.
Q3: For statement 2 to be true, the graves would need to be purely decorative and not associated with any religious or burial function. For statement 3 to be true, the graves would need to be unused and clearly marked as plots awaiting future use, which is not evident in the image.
Q4: Therefore, statement 1 is grounded.",true
a948ef0275f5de455a887613e3342466f92f9da11f2bf2bb0871ea1d39868fcc,1,,false
a948ef0275f5de455a887613e3342466f92f9da11f2bf2bb0871ea1d39868fcc,2,,false
b3898428f17dbc016a708ae929613d8e9125734e7fada409d2d8e2fcbe319129,0,"Answer: 1

Q1: The single most distinctive visual feature in this image is the young boy standing in the water.
Q2: This feature directly supports statement 1.
Q3: For statement 2 to be true, the image would need to show a forest with wildlife. This is not present in the image.
Q4: Therefore, the statement grounded in the image is statement 1.",true
b3898428f17dbc016a708ae929613d8e9125734e7fada409d2d8e2fcbe319129,1,,false
b3898428f17dbc016a708ae929613d8e9125734e7fada409d2d8e2fcbe319129,2,,false
fe5a007551a94df8a5c2ce4ea508668f37450192ecc2c0fcf934f6ceba2061d8,0,"Answer: 1

Q1: The single most distinctive visual feature in this image is the adobe-style buildings in the background.
Q2: The adobe-style buildings in the background do not directly support statement 1, 2, or 3.
Q3: For statement 2 to be true, the image would need to show people living in the buildings, which is not present.
For statement 3 to be true, the image would need to show a modern shopping mall, which is not present.
Q4: Therefore, the statement grounded in the image is statement 1.",true
fe5a007551a94df8a5c2ce4ea508668f37450192ecc2c0fcf934f6ceba2061d8,1,,false
fe5a007551a94df8a5c2ce4ea508668f37450192ecc2c0fcf934f6ceba2061d8,2,,false
b3ee6f299203a214f949dc79fe28f4f4faa3073d707da583caf770db2dc7b921,0,"Answer: 1

Q1: The single most distinctive visual feature in this image is the sheets of dried bark or fiber material with visible layers and textures.

Q2: This feature directly supports statement 1 because the sheets of dried bark or fiber material could indeed be associated with boat construction in water transport.

Q3: For statement 2 to be true, the image would need to show the sheets being used in the construction of fishing nets. This is not present in the image.

Q4: Therefore, statement 1 is grounded.",true
b3ee6f299203a214f949dc79fe28f4f4faa3073d707da583caf770db2dc7b921,1,,false
b3ee6f299203a214f949dc79fe28f4f4faa3073d707da583caf770db2dc7b921,2,,false
f89f089a55f3629d84f841e93d319656eac7fb024677013d813d9d0538a36300,0,"Answer: 2

Q1: The single most distinctive visual feature in this image is the rocky terrain with dry hills surrounding the river.

Q2: This feature directly supports statement 2, as the rocky terrain and dry hills are clearly visible in the image.

Q3: For statement 1 to be true, the image would need to show dense forest with lush greenery, which is not present.
For statement 3 to be true, the image would need to show snow-covered mountains, which is also not present.

Q4: Therefore, statement 2 is grounded.",false
f89f089a55f3629d84f841e93d319656eac7fb024677013d813d9d0538a36300,1,,true
f89f089a55f3629d84f841e93d319656eac7fb024677013d813d9d0538a36300,2,,false
66ccd26487e0649344ce1f939c1f3c6cab41f31a02879cf65c895edfa4966685,0,"Answer: 2

Q1: The single most distinctive visual feature in this image is the barrier in the background with advertisements.
Q2: Yes, that feature directly supports statement 1.
Q3: For statement 2 to be true, the image would need to show the barrier protecting spectators from the puck. This is not present in the image.
Q4: Therefore, statement 2 is grounded.",false
66ccd26487e0649344ce1f939c1f3c6cab41f31a02879cf65c895edfa4966685,1,,true
66ccd26487e0649344ce1f939c1f3c6cab41f31a02879cf65c895edfa4966685,2,,false
84a50fc71eca5fd72072011f57e6a998e1cf2842586e03b8cc1ee62ff85712fc,0,"Answer: 2

Q1: The single most distinctive visual feature in this image is the ancient pyramids and structures in a desert setting.

Q2: This feature directly supports statement 2, as the pyramids shown in the image are similar to those found in Egypt.

Q3: For statement 1 to be true, the image would need to show the pyramids located in Morocco, which is not present in the image.
For statement 3 to be true, the image would need to show the pyramids located in Sudan, which is also not present in the image.

Q4: Therefore, statement 2 is grounded.",false
84a50fc71eca5fd72072011f57e6a998e1cf2842586e03b8cc1ee62ff85712fc,1,,true
84a50fc71eca5fd72072011f57e6a998e1cf2842586e03b8cc1ee62ff85712fc,2,,false
13c74d20a3b76608ef277bc7c80dbd8a4ba6d3d2c07a37e8e56a92a03f2a110e,0,"Answer: 3

Q1: The single most distinctive visual feature in this image is the inflatable boat being used by rescue personnel to navigate through floodwaters.

Q2: This feature directly supports statement 3, as the inflatable boat is being used for rescue operations during floods.

Q3: For statement 1 to be true, the image would need to show the inflatable boat being used for recreational boating in urban areas, which is not present in the image.
For statement 2 to be true, the image would need to show the inflatable boat being used for fishing in flooded areas, which is not present in the image.

Q4: Therefore, statement 3 is grounded.",false
13c74d20a3b76608ef277bc7c80dbd8a4ba6d3d2c07a37e8e56a92a03f2a110e,1,,false
13c74d20a3b76608ef277bc7c80dbd8a4ba6d3d2c07a37e8e56a92a03f2a110e,2,,true
68290e9fbd73c198beef550c3590494594b55824662534cbf1057ac4b89997c1,0,"Answer: 3

Q1: The single most distinctive visual feature in this image is the half-timbered architecture of the buildings lining the street.

Q2: This feature directly supports statement 3, as it is the Tudor-style half-timbered architecture that is most prominent in the image.

Q3: For statement 1 to be true, the image would need to show modern glass and steel architecture, which is not present.
For statement 2 to be true, the image would need to show brutalist concrete architecture, which is not present.

Q4: Therefore, statement 3 is grounded.",false
68290e9fbd73c198beef550c3590494594b55824662534cbf1057ac4b89997c1,1,,false
68290e9fbd73c198beef550c3590494594b55824662534cbf1057ac4b89997c1,2,,true
d906c249a76d86d8198ebe5124774aa4a71e475fd6d7eedbb301943fdbdcbfda,0,"Answer: 1

Q1: The single most distinctive visual feature in this image is the view of the clouds and the sky from the airplane window.

Q2: This feature directly supports statement 1.

Q3: For statement 2 to be true, the image would need to show the interior of the airplane wing, which is not present in the image.
For statement 3 to be true, the image would need to show a view of the ground and cities below, which is not present in the image.

Q4: Therefore, the statement grounded in the image is statement 1.",true
d906c249a76d86d8198ebe5124774aa4a71e475fd6d7eedbb301943fdbdcbfda,1,,false
d906c249a76d86d8198ebe5124774aa4a71e475fd6d7eedbb301943fdbdcbfda,2,,false
5fa4904dab3408f157947154434998f56341b61c550045900582cab249b02c6d,0,"Answer: 3

Q1: The single most distinctive visual feature in this image is the diamond ring on the light-skinned hand.
Q2: Yes, that feature directly supports statement 3.
Q3: For statement 1 to be true, the image would need to show a tattoo on the light-skinned hand, which is not present.
For statement 2 to be true, the image would need to show a bracelet on the light-skinned hand, which is not present.
Q4: Therefore, statement 3 is grounded.",false
5fa4904dab3408f157947154434998f56341b61c550045900582cab249b02c6d,1,,false
5fa4904dab3408f157947154434998f56341b61c550045900582cab249b02c6d,2,,true
263ea61e67545788e3ab77e4b4cf9e48b16bb763d977bc99beb8563c92597bb7,0,"Answer: 2

Q1: The single most distinctive visual feature in this image is the cylindrical shape of the catalytic converter with a flange on one end and a threaded opening on the other.

Q2: The cylindrical shape and the metallic finish of the catalytic converter do not directly support any of the statements about the materials it is commonly constructed from.

Q3: For statement 1 to be true, the image would need to show the catalytic converter made of titanium. For statement 3 to be true, the image would need to show the catalytic converter made of steel. Neither of these materials is visible in the image.

Q4: Therefore, statement 2 is grounded.",false
263ea61e67545788e3ab77e4b4cf9e48b16bb763d977bc99beb8563c92597bb7,1,,true
263ea61e67545788e3ab77e4b4cf9e48b16bb763d977bc99beb8563c92597bb7,2,,false
0b768a050a37d0b2c7414ff81ddf4e6c26e7fffa0d484b0e0e2fdaac8c68df0b,0,"Answer: 1

Q1: The single most distinctive visual feature in this image is the bouquet of colorful flowers held by the woman in the center.

Q2: The bouquet of colorful flowers held by the woman in the center does not directly support any of the statements. It is a casual family outing, but the bouquet does not necessarily indicate a business meeting or a religious ceremony.

Q3: For the other two statements to be true:
- Statement 2: The image would need to show a formal setting or business attire, which is not present.
- Statement 3: The image would need to show religious symbols or attire, which is not present.

Therefore, the statement grounded in the image is Statement 1.",true
0b768a050a37d0b2c7414ff81ddf4e6c26e7fffa0d484b0e0e2fdaac8c68df0b,1,,false
0b768a050a37d0b2c7414ff81ddf4e6c26e7fffa0d484b0e0e2fdaac8c68df0b,2,,false
48ca5f9679df64f81542f072909075f9e89a0136bf28d009e9de8f7c464ecdd2,0,"Answer: 1

Q1: The single most distinctive visual feature in this image is the airplane's livery, which includes a red and white color scheme with text on the fuselage.

Q2: The airplane's livery, including the text on the fuselage, supports statement 1, as it is typical for commercial passenger aircraft to have such branding.

Q3: For statement 2 to be true, the image would need to show cargo markings or containers on the airplane. For statement 3 to be true, the image would need to show military insignia or markings. Neither of these features are present in the image.

Q4: Therefore, statement 1 is grounded.",true
48ca5f9679df64f81542f072909075f9e89a0136bf28d009e9de8f7c464ecdd2,1,,false
48ca5f9679df64f81542f072909075f9e89a0136bf28d009e9de8f7c464ecdd2,2,,false
274ce81b15c1748da00a56ff68068135e66f521eda4df71db2b876396ae2dc94,0,"Answer: 3

Q1: The single most distinctive visual feature in this image is the tall, narrow tower with a pointed top and a balcony.

Q2: This feature directly supports statement 3, as it resembles a lighthouse.

Q3: For statement 1 to be true, the image would need to show a modern skyscraper with a similar design. For statement 2 to be true, the image would need to show a historical minaret or fortification with similar architectural features. Neither of these features is present in the image.

Q4: Therefore, statement 3 is grounded.",false
274ce81b15c1748da00a56ff68068135e66f521eda4df71db2b876396ae2dc94,1,,false
274ce81b15c1748da00a56ff68068135e66f521eda4df71db2b876396ae2dc94,2,,true
d76285f3c1ed4022b169ed928d1fb2b2aa55c78c086e5941836b217b1590e589,0,"Answer: 1

Q1: The single most distinctive visual feature in this image is the material and coloration of the statue, which appears to be made of a reddish-brown material.
Q2: This feature directly supports statement 1, as the statue's material and coloration are consistent with bronze.
Q3: For statement 2 to be true, the statue would need to be made of marble, which is a different material with a different color and texture. For statement 3 to be true, the statue would need to be made of wood, which would have a different appearance and texture.
Q4: Therefore, statement 1 is grounded in the image.",true
d76285f3c1ed4022b169ed928d1fb2b2aa55c78c086e5941836b217b1590e589,1,,false
d76285f3c1ed4022b169ed928d1fb2b2aa55c78c086e5941836b217b1590e589,2,,false
fd5aced68ebf575fa1eba6542764fcfaf2bf59488d0d438c7ef740a5a810fa66,0,"Answer: 3

Q1: The single most distinctive visual feature in this image is the traditional huts with thatched roofs.
Q2: Yes, that feature directly supports statement 3.
Q3: For statement 1 to be true, the image would need to show predominantly tent shelters, which is not present.
For statement 2 to be true, the image would need to show predominantly modern apartment buildings, which is not present.
Q4: Therefore, statement 3 is grounded.",false
fd5aced68ebf575fa1eba6542764fcfaf2bf59488d0d438c7ef740a5a810fa66,1,,false
fd5aced68ebf575fa1eba6542764fcfaf2bf59488d0d438c7ef740a5a810fa66,2,,true
59abf574ec92cadecdbfb126c36763759a06e75d9c8a72bda5080d2bee98d126,0,"Answer: 2

Q1: The single most distinctive visual feature in this image is the traditional attire and the posture of the individuals, particularly the one in the center who is holding a flute and appears to be in a dance-like pose.

Q2: This feature directly supports statement 2, as the attire and posture are characteristic of a Sufi whirling ceremony.

Q3: For statement 1 to be true, the image would need to show the individuals in military uniforms and a formal, disciplined formation. For statement 3 to be true, the image would need to show the individuals in wedding attire and engaged in a dance specific to weddings. Neither of these elements is present in the image.

Q4: Therefore, statement 2 is grounded.",false
59abf574ec92cadecdbfb126c36763759a06e75d9c8a72bda5080d2bee98d126,1,,true
59abf574ec92cadecdbfb126c36763759a06e75d9c8a72bda5080d2bee98d126,2,,false
e409e79d6f7a916177ddbb3392c84e50e814a36912bc0e907758be43263fce1d,0,"Answer: 1

Q1: The single most distinctive visual feature in this image is the purple pot with a design resembling a household object.
Q2: Yes, that feature directly supports statement 1.
Q3: For statement 2 to be true, the green pot would need to have a design resembling a household object, which is not present in the image.
Q4: Therefore, statement 1 is grounded.",true
e409e79d6f7a916177ddbb3392c84e50e814a36912bc0e907758be43263fce1d,1,,false
e409e79d6f7a916177ddbb3392c84e50e814a36912bc0e907758be43263fce1d,2,,false
8b68eac5b2fc888e20f3e37588a4d7be5016805de0c84a1c5b34e70c41b752ee,0,"Answer: 2

Q1: The single most distinctive visual feature in this image is the large, illuminated Christmas tree-shaped structure.
Q2: This feature directly supports statement 2, as it is a common decoration for holiday festivals.
Q3: For statement 1 to be true, the image would need to show a business conference setting, such as a conference center, tables, chairs, and people engaged in discussions. For statement 3 to be true, the image would need to show a sports event setting, such as a stadium, sports equipment, and spectators. Neither of these elements is present in the image.
Q4: Therefore, statement 2 is grounded.",false
8b68eac5b2fc888e20f3e37588a4d7be5016805de0c84a1c5b34e70c41b752ee,1,,true
8b68eac5b2fc888e20f3e37588a4d7be5016805de0c84a1c5b34e70c41b752ee,2,,false
299318da3baaf4c5b12d108fc5f21635c1db075a227042aaae53dca5a0173128,0,"Answer: 2

Q1: The single most distinctive visual feature in this image is the large, ornate dome structure that appears to be a mosque.
Q2: This feature directly supports statement 2, as it is a common architectural element of mosques.
Q3: For statement 1 to be true, the image would need to show a political rally with banners, speakers, and a crowd gathered around a political figure. For statement 3 to be true, the image would need to show musical instruments, performers, and a stage set up in a park-like setting. Neither of these elements is present in the image.
Q4: Therefore, statement 2 is grounded.",false
299318da3baaf4c5b12d108fc5f21635c1db075a227042aaae53dca5a0173128,1,,true
299318da3baaf4c5b12d108fc5f21635c1db075a227042aaae53dca5a0173128,2,,false
5c7ab4ab377c60ef8fadb34d212098f9ce730f10ae01b6f4ae11a6a4ccd47eb8,0,"Answer: 1

Q1: The single most distinctive visual feature in this image is the ornate, gold-colored artifact resembling holy footprints.
Q2: Yes, that feature directly supports statement 1.
Q3: For statement 2 to be true, the artifact would need to be primarily made of wood, which is not the case in the image. For statement 3 to be true, the artifact would need to be primarily made of silver, which is also not the case in the image.
Q4: Therefore, statement 1 is grounded.",true
5c7ab4ab377c60ef8fadb34d212098f9ce730f10ae01b6f4ae11a6a4ccd47eb8,1,,false
5c7ab4ab377c60ef8fadb34d212098f9ce730f10ae01b6f4ae11a6a4ccd47eb8,2,,false
44aa94694c6dee820cddd87766c92fb7b509c42064871fea2fb885f59a979dc8,0,"Answer: 3

Q1: The single most distinctive visual feature in this image is the labels on the film reels, which include the names of various film companies.
Q2: The labels on the film reels directly support statement 3, as ""Paramount Oxford Films"" is mentioned on the labels.
Q3: For statement 1 to be true, the image would need to show Warner Bros mentioned on the labels. For statement 2 to be true, the image would need to show Universal Pictures mentioned on the labels. Neither of these features is present in the image.
Q4: Therefore, statement 3 is grounded.",false
44aa94694c6dee820cddd87766c92fb7b509c42064871fea2fb885f59a979dc8,1,,false
44aa94694c6dee820cddd87766c92fb7b509c42064871fea2fb885f59a979dc8,2,,true
0465396f13330c509dd7b8bea6ba23ae51b3350bb409e3fc06484c80bfa38ddf,0,"Answer: 1

Q1: The single most distinctive visual feature in this image is the traditional clothing worn by the people.
Q2: Yes, that feature directly supports statement 1.
Q3: For statement 2 to be true, the people would need to be wearing formal business attire, which is not present in the image. For statement 3 to be true, the people would need to be wearing casual clothing, which is also not present in the image.
Q4: Therefore, statement 1 is grounded.",true
0465396f13330c509dd7b8bea6ba23ae51b3350bb409e3fc06484c80bfa38ddf,1,,false
0465396f13330c509dd7b8bea6ba23ae51b3350bb409e3fc06484c80bfa38ddf,2,,false
f2c8265a06afd99374ef169e7f5486a439ace5ba812b871b2b5fb666343afed0,0,"Answer: 3

Q1: The single most distinctive visual feature in this image is the soap bars being held by human hands.

Q2: This feature directly supports statement 3, as the soap bars are being used for personal hygiene.

Q3: For statement 1 to be true, the image would need to show the soap bars being used for cooking purposes, which is not present.
For statement 2 to be true, the image would need to show the soap bars being used for decorative purposes, which is not present.

Q4: Therefore, statement 3 is grounded.",false
f2c8265a06afd99374ef169e7f5486a439ace5ba812b871b2b5fb666343afed0,1,,false
f2c8265a06afd99374ef169e7f5486a439ace5ba812b871b2b5fb666343afed0,2,,true
c6f3d6b43f545109a9b4afd16a519a4b7bcfe3da07669fd8913dcc6f5a37dc2f,0,"Answer: 3

Q1: The single most distinctive visual feature in this image is the large, open, and damaged structure resembling a cave or bunker, surrounded by rubble and debris.

Q2: This feature directly supports statement 3, as it indicates a war-affected area with significant destruction.

Q3: For statement 1 to be true, the image would need to show a recreational park with playgrounds, benches, and other amenities. For statement 2 to be true, the image would need to show a construction site with visible construction materials, machinery, and ongoing work. Neither of these features is present in the image.

Q4: Therefore, statement 3 is grounded.",false
c6f3d6b43f545109a9b4afd16a519a4b7bcfe3da07669fd8913dcc6f5a37dc2f,1,,false
c6f3d6b43f545109a9b4afd16a519a4b7bcfe3da07669fd8913dcc6f5a37dc2f,2,,true
5d8d448de9ba55be2a0343ddbd72e50ab7598a228170e85e96af4b6f055e309e,0,"Answer: 2

Q1: The single most distinctive visual feature in this image is the two people wearing white robes standing by the window, with one person raising their fist in the air.

Q2: This feature does not directly support statement 1, as there is no indication of preparation for a formal event. It also does not support statement 3, as there is no evidence of cooking or a kitchen setting.

Q3: For statement 1 to be true, the image would need to show the people in formal attire or engaged in activities related to preparation for an event. For statement 3 to be true, the image would need to show a kitchen setting with cooking utensils or food preparation activities.

Q4: Therefore, the statement that is grounded is statement 2, as the people are indeed relaxing in their hotel room.",false
5d8d448de9ba55be2a0343ddbd72e50ab7598a228170e85e96af4b6f055e309e,1,,true
5d8d448de9ba55be2a0343ddbd72e50ab7598a228170e85e96af4b6f055e309e,2,,false
f1febbc3342d1e75730effa090ad15f07a831e23903347b46ad357376885c5af,0,"Answer: 3

Q1: The single most distinctive visual feature in this image is the series of arches and columns creating a covered courtyard.

Q2: This feature supports statement 3, as courtyards are often used for social gatherings and relaxation.

Q3: For statement 1 to be true, the image would need to show religious artifacts or symbols, which are not present.
For statement 2 to be true, the image would need to show goods being traded, which are not present.

Q4: Therefore, statement 3 is grounded.",false
f1febbc3342d1e75730effa090ad15f07a831e23903347b46ad357376885c5af,1,,false
f1febbc3342d1e75730effa090ad15f07a831e23903347b46ad357376885c5af,2,,true
88e6ab4466b163edc28f32f6041caeab81fd11eb6c942204fdaa0fd3b8faf518,0,"Answer: 2

Q1: The single most distinctive visual feature in this image is the garnish on the meat, which appears to be finely chopped green herbs.
Q2: This feature directly supports statement 2, as the garnish on the meat in the image is indeed cilantro.
Q3: For statement 1 to be true, the image would need to show basil as the garnish on the meat, which is not present.
For statement 3 to be true, the image would need to show parsley as the garnish on the meat, which is also not present.
Q4: Therefore, statement 2 is grounded.",false
88e6ab4466b163edc28f32f6041caeab81fd11eb6c942204fdaa0fd3b8faf518,1,,true
88e6ab4466b163edc28f32f6041caeab81fd11eb6c942204fdaa0fd3b8faf518,2,,false
7534655fa310f33caf1fec5fac55e2d6212dc97c95403143b3b7d759e2696f5c,0,"Answer: 1

Q1: The single most distinctive visual feature in this image is the knife with a black handle and a silver blade, which has a patterned design on the blade.

Q2: The knife's design and the context of the image, including the presence of sushi and chopsticks, directly support statement 1.

Q3: For statement 2 to be true, the image would need to show the knife being used to carve wood, which is not present in the image. For statement 3 to be true, the image would need to show the knife being used to peel fruits, which is also not present in the image.

Q4: Therefore, statement 1 is grounded.",true
7534655fa310f33caf1fec5fac55e2d6212dc97c95403143b3b7d759e2696f5c,1,,false
7534655fa310f33caf1fec5fac55e2d6212dc97c95403143b3b7d759e2696f5c,2,,false
7e26097b385f2f17d8145e92c38cf7396b0925aa0df363eafb87856217faabf1,0,"Answer: 2

Q1: The single most distinctive visual feature in this image is the tiered serving tray with various food items and a teapot and cup.

Q2: The tiered serving tray is organized and displays a variety of food items, which directly supports statement 2.

Q3: For statement 1 to be true, the image would need to show that the tray is being used to store food for later use, which is not evident in the image.
For statement 3 to be true, the image would need to show that the tray is being used to serve drinks like tea and coffee, which is partially supported by the presence of the teapot and cup but not explicitly shown as the main purpose.

Q4: Therefore, statement 2 is grounded.",false
7e26097b385f2f17d8145e92c38cf7396b0925aa0df363eafb87856217faabf1,1,,true
7e26097b385f2f17d8145e92c38cf7396b0925aa0df363eafb87856217faabf1,2,,false
99f5956ed157c88bbf27967fdfc67c62db84115a3e9cd7c40541f73808ae7ea9,0,"Answer: 1

Q1: The single most distinctive visual feature in this image is the golden-brown, layered pastry with visible nuts on top.
Q2: This feature directly supports statement 1, as it visually represents the layers of dough and the nuts, which are characteristic of Baklava.
Q3: For statement 2 to be true, the image would need to show a savory dish with meat, which is not present in the image.
Q4: Therefore, statement 1 is grounded.",true
99f5956ed157c88bbf27967fdfc67c62db84115a3e9cd7c40541f73808ae7ea9,1,,false
99f5956ed157c88bbf27967fdfc67c62db84115a3e9cd7c40541f73808ae7ea9,2,,false
7be81522c0fd20352dede1739fccc3f0038195701e040e02a489a51f79696a7a,0,"Answer: 2

Q1: The single most distinctive visual feature in this image is the ancient temple prominently visible in the foreground.
Q2: Yes, that feature directly supports statement 2.
Q3: For statement 1 to be true, the image would need to show a modern church prominently visible in the foreground, which is not present.
For statement 3 to be true, the image would need to show a medieval castle prominently visible in the foreground, which is not present.
Q4: Therefore, statement 2 is grounded.",false
7be81522c0fd20352dede1739fccc3f0038195701e040e02a489a51f79696a7a,1,,true
7be81522c0fd20352dede1739fccc3f0038195701e040e02a489a51f79696a7a,2,,false
ecb9ccd3bb7c6f5b9b1db6b64215266ce53454994fc0eeee58eb38b0544814ce,0,"Answer: 2

Q1: The single most distinctive visual feature in this image is the interaction between the man and the woman as they point and gesture towards the paintings on the wall.

Q2: This feature directly supports statement 2, as it shows a guided discussion in an art gallery.

Q3: For statement 1 to be true, the image would need to show a business meeting setting, which is not present. For statement 3 to be true, the image would need to show a casual conversation about art, which is not present either.

Q4: Therefore, statement 2 is grounded.",false
ecb9ccd3bb7c6f5b9b1db6b64215266ce53454994fc0eeee58eb38b0544814ce,1,,true
ecb9ccd3bb7c6f5b9b1db6b64215266ce53454994fc0eeee58eb38b0544814ce,2,,false
0f29a91e74f160a1bac71a5110edf53f0632fe375267c1309cc8685c4b89d190,0,"Answer: 3

Q1: The single most distinctive visual feature in this image is the colorful abstract design in the background.
Q2: Yes, that feature directly supports statement 3.
Q3: For statement 1 to be true, the image would need to show a city skyline in the background. For statement 2 to be true, the image would need to show a plain black curtain in the background. Neither of these features is present in the image.
Q4: Therefore, statement 3 is grounded.",false
0f29a91e74f160a1bac71a5110edf53f0632fe375267c1309cc8685c4b89d190,1,,false
0f29a91e74f160a1bac71a5110edf53f0632fe375267c1309cc8685c4b89d190,2,,true
30fbfeabbf4b626fa01df4865c81318371d7314cc7ac88e6b923840609842b20,0,"Answer: 1

Q1: The single most distinctive visual feature in this image is the walking stick and yellow fruit held by the woman in the middle.

Q2: Yes, that feature directly supports statement 1.

Q3: For statement 2 to be true, the image would need to show one of the women holding a handbag and sunglasses. This is not present in the image.
For statement 3 to be true, the image would need to show one of the women holding a book and a pen. This is not present in the image.

Q4: Therefore, statement 1 is grounded.",true
30fbfeabbf4b626fa01df4865c81318371d7314cc7ac88e6b923840609842b20,1,,false
30fbfeabbf4b626fa01df4865c81318371d7314cc7ac88e6b923840609842b20,2,,false
bb121876b7c492e69fb6cd30ceb8c541c6f472dfefbf0c19fd66021acb249c75,0,"Answer: 1

Q1: The single most distinctive visual feature in this image is the inflatable raft.
Q2: The inflatable raft directly supports statement 1, as it is commonly associated with rafting in rivers.
Q3: For statement 2 to be true, the image would need to show the inflatable raft in a forest setting. For statement 3 to be true, the image would need to show the inflatable raft on a trail. Neither of these features are present in the image.
Q4: Therefore, statement 1 is grounded.",true
bb121876b7c492e69fb6cd30ceb8c541c6f472dfefbf0c19fd66021acb249c75,1,,false
bb121876b7c492e69fb6cd30ceb8c541c6f472dfefbf0c19fd66021acb249c75,2,,false
6b1dfe10acffbe3859c8a7df921192b6e28fd5a338a9075037ec901693dbd442,0,"Answer: 2

Q1: The single most distinctive visual feature in this image is the elaborate, heavily embellished attire and the crown worn by the individual.

Q2: This feature directly supports statement 2, as the attire and crown are indicative of a cultural pageant or ceremony.

Q3: For statement 1 to be true, the image would need to show the attire being worn in a casual setting, which is not present. For statement 3 to be true, the image would need to show the attire being worn in a sports competition, which is also not present.

Q4: Therefore, statement 2 is grounded.",false
6b1dfe10acffbe3859c8a7df921192b6e28fd5a338a9075037ec901693dbd442,1,,true
6b1dfe10acffbe3859c8a7df921192b6e28fd5a338a9075037ec901693dbd442,2,,false
771cb41f03463edbad116e5210de0f877e6b003254d860013e1b74e764923176,0,"Answer: 1

Q1: The single most distinctive visual feature in this image is the star anise.
Q2: Yes, that feature directly supports statement 1.
Q3: For statement 2, the image would need to show turmeric prominently. Turmeric is not present in the image.
Q4: Therefore, statement 1 is grounded.",true
771cb41f03463edbad116e5210de0f877e6b003254d860013e1b74e764923176,1,,false
771cb41f03463edbad116e5210de0f877e6b003254d860013e1b74e764923176,2,,false
cce67cb8e44284ec2c87ba45243dfd7edac0c5af37b3daf5d55245db75b04855,0,"Answer: 3

Q1: The single most distinctive visual feature in this image is the cityscape with buildings and fields visible through the open window of the aircraft.

Q2: This feature directly supports statement 3.

Q3: For statement 1 to be true, the image would need to show a dense forest visible through the window. For statement 2 to be true, the image would need to show a mountain covered in snow visible through the window. Neither of these features is present in the image.

Q4: Therefore, statement 3 is grounded.",false
cce67cb8e44284ec2c87ba45243dfd7edac0c5af37b3daf5d55245db75b04855,1,,false
cce67cb8e44284ec2c87ba45243dfd7edac0c5af37b3daf5d55245db75b04855,2,,true
ed96ad0245b6e371b6dacaad038462ab6872e9fdb448245bd72bc23334eff389,0,"Answer: 1

Q1: The single most distinctive visual feature in this image is the golden guard on the sword's hilt.
Q2: Yes, that feature directly supports statement 1.
Q3: For statement 2 to be true, the image would need to show that the golden guard is purely decorative and not functional. For statement 3 to be true, the image would need to show that the golden guard enhances the sword's grip. Neither of these conditions is met in the image.
Q4: Therefore, statement 1 is grounded.",true
ed96ad0245b6e371b6dacaad038462ab6872e9fdb448245bd72bc23334eff389,1,,false
ed96ad0245b6e371b6dacaad038462ab6872e9fdb448245bd72bc23334eff389,2,,false
387ffb27766cf5f78df00db2bc351eb83fb87d630f856d49f5f5b369a4951d9d,0,"Answer: 3

Q1: The single most distinctive visual feature in this image is the vibrant orange-red color of the sauce.
Q2: The vibrant orange-red color of the sauce directly supports statement 3, as tomatoes are a common ingredient that can result in a similar color.
Q3: For statement 1 to be true, the image would need to show green or dark-colored spinach, which is not present.
For statement 2 to be true, the image would need to show a creamy or starchy texture, which is not present.
Q4: Therefore, statement 3 is grounded.",false
387ffb27766cf5f78df00db2bc351eb83fb87d630f856d49f5f5b369a4951d9d,1,,false
387ffb27766cf5f78df00db2bc351eb83fb87d630f856d49f5f5b369a4951d9d,2,,true
1e375fdab80f3aff0bf1dc6823e8673e20a8f1fc2f13de4a07a73e4c0cdd6123,0,"Answer: 1

Q1: The single most distinctive visual feature in this image is the large, ornate chandelier hanging from the ceiling.
Q2: The chandelier does not directly support any of the statements about the red carpeted flooring.
Q3: For statement 2 to be true, the image would need to show that the red carpeted flooring is primarily for aesthetic purposes. This is not present in the image.
For statement 3 to be true, the image would need to show that the red carpeted flooring is primarily for providing a comfortable area for prayer. This is not present in the image.
Q4: Therefore, the statement grounded in the image is statement 1.",true
1e375fdab80f3aff0bf1dc6823e8673e20a8f1fc2f13de4a07a73e4c0cdd6123,1,,false
1e375fdab80f3aff0bf1dc6823e8673e20a8f1fc2f13de4a07a73e4c0cdd6123,2,,false
650b79bc852d15a8ed261efee1f069e8e62d2ebbf238ff5441fd1b6a8c37f0d7,0,"Answer: 3

Q1: The single most distinctive visual feature in this image is the religious iconography and the chandelier hanging from the ceiling.

Q2: This feature directly supports statement 3, as the presence of religious icons and a chandelier is commonly associated with religious ceremonies.

Q3: For statement 1 to be true, the image would need to show musical instruments, performers, or an audience. For statement 2 to be true, the image would need to show a more casual, relaxed setting with family members interacting in a non-formal manner. Neither of these elements is present in the image.

Q4: Therefore, statement 3 is grounded.",false
650b79bc852d15a8ed261efee1f069e8e62d2ebbf238ff5441fd1b6a8c37f0d7,1,,false
650b79bc852d15a8ed261efee1f069e8e62d2ebbf238ff5441fd1b6a8c37f0d7,2,,true
5db6cad7921e474ccd99d4e323448661e14f4a0074a5d6e2454b5dec8dffb148,0,"Answer: 3

Q1: The single most distinctive visual feature in this image is the stained glass windows.
Q2: Yes, that feature directly supports statement 3.
Q3: For statement 1 to be true, the image would need to show modern lighting fixtures. For statement 2 to be true, the image would need to show minimalist wall designs. Neither of these features is present in the image.
Q4: Therefore, statement 3 is grounded.",false
5db6cad7921e474ccd99d4e323448661e14f4a0074a5d6e2454b5dec8dffb148,1,,false
5db6cad7921e474ccd99d4e323448661e14f4a0074a5d6e2454b5dec8dffb148,2,,true
079b44aa003d91a4750bf588997c349f4559e447d685e228828466c13b1c83c4,0,"Answer: 1

Q1: The single most distinctive visual feature in this image is the large, black MSI PRO B650-P WIFI motherboard with various components and slots.

Q2: The PCIe slots on the MSI PRO B650-P WIFI motherboard are used to connect a graphics card. This directly supports statement 1.

Q3: For statement 2 to be true, the image would need to show RAM slots being used to connect a graphics card. However, RAM slots are typically used for memory modules, not graphics cards. For statement 3 to be true, the image would need to show the CPU socket being used to connect a graphics card. However, the CPU socket is used for the CPU, not a graphics card.

Q4: Therefore, the statement grounded in the image is statement 1.",true
079b44aa003d91a4750bf588997c349f4559e447d685e228828466c13b1c83c4,1,,false
079b44aa003d91a4750bf588997c349f4559e447d685e228828466c13b1c83c4,2,,false
a465fc107292268f87998a24099cebc69a7cc72fbb81e1cf929de8224cddf84f,0,"Answer: 2

Q1: The single most distinctive visual feature in this image is the winding river cutting through the dense forest.
Q2: This feature directly supports statement 2.
Q3: For statement 1 to be true, the image would need to show snow-covered mountains, which are not present. For statement 3 to be true, the image would need to show sand dunes, which are also not present.
Q4: Therefore, statement 2 is grounded.",false
a465fc107292268f87998a24099cebc69a7cc72fbb81e1cf929de8224cddf84f,1,,true
a465fc107292268f87998a24099cebc69a7cc72fbb81e1cf929de8224cddf84f,2,,false
ba6e1b34f5ebced19b14226f24707fdae20495a7ec7578703a22a730c3c06129,0,"Answer: 3

Q1: The single most distinctive visual feature in this image is the Arabic calligraphy on the vase.
Q2: Yes, that feature directly supports statement 3.
Q3: For statement 1 to be true, the image would need to show geometric patterns as the primary artistic feature, which it does not. For statement 2 to be true, the image would need to show floral designs as the primary artistic feature, which it does not.
Q4: Therefore, statement 3 is grounded.",false
ba6e1b34f5ebced19b14226f24707fdae20495a7ec7578703a22a730c3c06129,1,,false
ba6e1b34f5ebced19b14226f24707fdae20495a7ec7578703a22a730c3c06129,2,,true
80f7b29ccb95ea3f418f4ed2dcfe0a3ba1b92e5c6476e10a35ed7abe37198b4c,0,"Answer: 2

Q1: The single most distinctive visual feature in this image is the planks that form a structure over the water.
Q2: Yes, that feature directly supports statement 2.
Q3: For statement 1 to be true, the planks would need to be made of metal, which is not present in the image. For statement 3 to be true, the planks would need to be made of concrete, which is also not present in the image.
Q4: Therefore, statement 2 is grounded.",false
80f7b29ccb95ea3f418f4ed2dcfe0a3ba1b92e5c6476e10a35ed7abe37198b4c,1,,true
80f7b29ccb95ea3f418f4ed2dcfe0a3ba1b92e5c6476e10a35ed7abe37198b4c,2,,false
238af5eb02ce94bed135d5f86a2b558e3a3321ff167b92266d4b73980963abd1,0,"Answer: 2

Q1: The single most distinctive visual feature in this image is the tall, cylindrical structure with a pointed top, which is a minaret.

Q2: Yes, that feature directly supports statement 2.

Q3: For statement 1 to be true, the image would need to show stained glass windows, which are not present in the image.
For statement 3 to be true, the image would need to show a dome, which is also not present in the image.

Q4: Therefore, statement 2 is grounded.",false
238af5eb02ce94bed135d5f86a2b558e3a3321ff167b92266d4b73980963abd1,1,,true
238af5eb02ce94bed135d5f86a2b558e3a3321ff167b92266d4b73980963abd1,2,,false
a064afe4d91592794db98b42ea0d3da7196e9cd851120cc597237a3f0a9ec64e,0,"Answer: 2

Q1: The single most distinctive visual feature in this image is the person's attire, specifically the suit and tie.
Q2: This feature directly supports statement 2, as the person is indeed wearing a suit and tie.
Q3: For statement 1 to be true, the image would need to show the person wearing traditional cultural clothing, which is not present.
For statement 3 to be true, the image would need to show the person wearing a casual t-shirt and jeans, which is also not present.
Q4: Therefore, statement 2 is grounded.",false
a064afe4d91592794db98b42ea0d3da7196e9cd851120cc597237a3f0a9ec64e,1,,true
a064afe4d91592794db98b42ea0d3da7196e9cd851120cc597237a3f0a9ec64e,2,,false
3d6ea02d0bf9c2208be26755ed7f4335f2005818b56c86b9b3c657a129656177,0,"Answer: 3

Q1: The single most distinctive visual feature in this image is the clear, pink-colored glass perfume bottle with a floral design.

Q2: This feature directly supports statement 3, as the bottle is made of glass.

Q3: For statement 1 to be true, the image would need to show the bottle being made of plastic. For statement 2 to be true, the image would need to show the bottle being made of metal. Neither of these materials is visible in the image.

Q4: Therefore, statement 3 is grounded.",false
3d6ea02d0bf9c2208be26755ed7f4335f2005818b56c86b9b3c657a129656177,1,,false
3d6ea02d0bf9c2208be26755ed7f4335f2005818b56c86b9b3c657a129656177,2,,true
3eda30fdbe11ba0909a858b6b04adfefad8a2adec44b7eae7351880aa8a213e2,0,"Answer: 3

Q1: The single most distinctive visual feature in this image is the intricate geometric and floral patterns on the ceramic designs.

Q2: This feature directly supports statement 3, as the patterns are characteristic of Middle Eastern ceramics.

Q3: For statement 1 to be true, the image would need to show designs typical of Scandinavian ceramics, which usually feature simpler, more minimalistic patterns. For statement 2 to be true, the image would need to show designs typical of South American ceramics, which often include more abstract and colorful patterns.

Q4: Therefore, statement 3 is grounded.",false
3eda30fdbe11ba0909a858b6b04adfefad8a2adec44b7eae7351880aa8a213e2,1,,false
3eda30fdbe11ba0909a858b6b04adfefad8a2adec44b7eae7351880aa8a213e2,2,,true
106824cd08ab3b282400f810cc46cff5cb54cdebc018da59108aead987d75acc,0,"Answer: 2

Q1: The single most distinctive visual feature in this image is the coastal cityscape with buildings and palm trees in the background.

Q2: This feature directly supports statement 2.

Q3: For statement 1 to be true, the image would need to show a dense forest in the background. This is not present in the image.
For statement 3 to be true, the image would need to show snow-covered mountains in the background. This is not present in the image.

Q4: Therefore, statement 2 is grounded.",false
106824cd08ab3b282400f810cc46cff5cb54cdebc018da59108aead987d75acc,1,,true
106824cd08ab3b282400f810cc46cff5cb54cdebc018da59108aead987d75acc,2,,false
45f1d29bde1395fa551654b534247c56f69451cf2840e9742d6cc381328c6966,0,"Answer: 3

Q1: The single most distinctive visual feature in this image is the 3D printed object inside the 3D printer.
Q2: This feature directly supports statement 3, as it shows a 3D model being printed.
Q3: For statement 1 to be true, the image would need to show a scanner or a different part of the printer dedicated to scanning objects. For statement 2 to be true, the image would need to show a laser cutting mechanism or a different part of the printer dedicated to laser cutting.
Q4: Therefore, statement 3 is grounded.",false
45f1d29bde1395fa551654b534247c56f69451cf2840e9742d6cc381328c6966,1,,false
45f1d29bde1395fa551654b534247c56f69451cf2840e9742d6cc381328c6966,2,,true
bbb54f88a29dfd702fae41149abe7239c45ac0e1d917167991085b92b8a3a30c,0,"Answer: 2

Q1: The single most distinctive visual feature in this image is the metallic sheen and the shape of the coffee or tea pot.

Q2: The metallic sheen and the shape of the pot directly support statement 2, as it is indicative of a brass pot.

Q3: For statement 1 to be true, the image would need to show a ceramic pot with a similar shape and metallic sheen. For statement 3 to be true, the image would need to show a plastic pot with a similar shape and metallic sheen. Neither of these conditions is met in the image.

Q4: Therefore, statement 2 is grounded.",false
bbb54f88a29dfd702fae41149abe7239c45ac0e1d917167991085b92b8a3a30c,1,,true
bbb54f88a29dfd702fae41149abe7239c45ac0e1d917167991085b92b8a3a30c,2,,false
214422d5123b2a44b808910dc560ba8f1b5458c76e5bb622f8a3ba6f3743d676,0,"Answer: 1

Q1: The single most distinctive visual feature in this image is the intricate floral and geometric patterns.
Q2: Yes, that feature directly supports statement 1.
Q3: For statement 2 to be true, the image would need to show plain solid colors with no design. For statement 3 to be true, the image would need to show a machine-made uniform texture. Neither of these features is present in the image.
Q4: Therefore, statement 1 is grounded.",true
214422d5123b2a44b808910dc560ba8f1b5458c76e5bb622f8a3ba6f3743d676,1,,false
214422d5123b2a44b808910dc560ba8f1b5458c76e5bb622f8a3ba6f3743d676,2,,false
c02610de1d09da503098fdcd3090016041914ee14f0a80eb0d0819f77f367484,0,"Answer: 1

Q1: The single most distinctive visual feature in this image is the central water fountain.
Q2: The central water fountain directly supports statement 1, as it is a common feature in traditional bathhouses for facilitating water flow for bathing rituals.
Q3: For statement 2 to be true, the image would need to show the water fountain functioning as a cooling system for the room, which is not present in the image.
Q4: Therefore, statement 1 is grounded.",true
c02610de1d09da503098fdcd3090016041914ee14f0a80eb0d0819f77f367484,1,,false
c02610de1d09da503098fdcd3090016041914ee14f0a80eb0d0819f77f367484,2,,false
12a869a7570ab1075d15fbacd4e5d7c3935c0111aaeb3f1b296b94c896db1461,0,"Answer: 2

Q1: The single most distinctive visual feature in this image is the variety and design of the pottery and ceramics displayed.

Q2: This feature directly supports statement 2, as the pottery and ceramics shown are typical of North African designs.

Q3: For statement 1 to be true, the image would need to show pottery and tagines that are commonly associated with South America, which is not present in the image. For statement 3 to be true, the image would need to show pottery and tagines that are commonly associated with East Asia, which is also not present in the image.

Q4: Therefore, statement 2 is grounded.",false
12a869a7570ab1075d15fbacd4e5d7c3935c0111aaeb3f1b296b94c896db1461,1,,true
12a869a7570ab1075d15fbacd4e5d7c3935c0111aaeb3f1b296b94c896db1461,2,,false
c5ebd6929d038278d0eb47abb519e262a0150207ef87807622a6ceff70fa7473,0,"Answer: 2

Q1: The single most distinctive visual feature in this image is the ice used to display the seafood.
Q2: Yes, that feature directly supports statement 2.
Q3: For statement 1 to be true, the image would need to show the ice being used to separate different types of seafood. For statement 3 to be true, the image would need to show the ice enhancing the visual appeal of the seafood.
Q4: Therefore, statement 2 is grounded.",false
c5ebd6929d038278d0eb47abb519e262a0150207ef87807622a6ceff70fa7473,1,,true
c5ebd6929d038278d0eb47abb519e262a0150207ef87807622a6ceff70fa7473,2,,false
49bbcd7b5f7f5284b11a8414e2c76f45dcd0ff0a226039465d929d197cb93acc,0,"Answer: 3

Q1: The single most distinctive visual feature in this image is the tray located below the board, which contains additional game pieces.

Q2: The tray directly supports statement 3, as it is clearly shown storing additional game pieces.

Q3: For statement 1 to be true, the image would need to show that the tray is being used to keep score. However, there is no visible scorekeeping mechanism in the image.
For statement 2 to be true, the image would need to show that the tray is being used to hold cards. There are no cards visible in the image.

Q4: Therefore, the statement grounded in the image is statement 3.",false
49bbcd7b5f7f5284b11a8414e2c76f45dcd0ff0a226039465d929d197cb93acc,1,,false
49bbcd7b5f7f5284b11a8414e2c76f45dcd0ff0a226039465d929d197cb93acc,2,,true
33ddac1970af793d54f682990f452180bbf53ea7f746552d3ad44cb40b6371df,0,"Answer: 3

Q1: The single most distinctive visual feature in this image is the tree with green olives on it.
Q2: This feature directly supports statement 3, as the tree is an olive tree.
Q3: For statement 1 to be true, the image would need to show an apple tree with apples, which is not present.
For statement 2 to be true, the image would need to show a pine tree, which is not present.
Q4: Therefore, statement 3 is grounded.",false
33ddac1970af793d54f682990f452180bbf53ea7f746552d3ad44cb40b6371df,1,,false
33ddac1970af793d54f682990f452180bbf53ea7f746552d3ad44cb40b6371df,2,,true
424770d9da193d9b9504b073f82ddace04282d8b214bdbb4d5726a18f8fdafa3,0,"Answer: 2

Q1: The single most distinctive visual feature in this image is the colorful Mizuhiki knots made from various colored threads.
Q2: This feature directly supports statement 2, as the image shows Mizuhiki knots made from silk threads.
Q3: For statement 1 to be true, the image would need to show Mizuhiki knots made from metal wires, which is not present in the image.
For statement 3 to be true, the image would need to show Mizuhiki knots made from paper cords coated with lacquer, which is also not present in the image.
Q4: Therefore, statement 2 is grounded.",false
424770d9da193d9b9504b073f82ddace04282d8b214bdbb4d5726a18f8fdafa3,1,,true
424770d9da193d9b9504b073f82ddace04282d8b214bdbb4d5726a18f8fdafa3,2,,false
3fb2687fe64d445e1c3aa8b10985fd3de0ebc9ae7cdfe72f1028ee6d1a5484b2,0,"Answer: 1

Q1: The single most distinctive visual feature in this image is the green leafy wrappings around some of the food items on the table.
Q2: Yes, that feature directly supports statement 1.
Q3: For statement 2 to be true, the image would need to show plastic wrap around some of the food items. For statement 3 to be true, the image would need to show paper wrapping around some of the food items. Neither of these features is present in the image.
Q4: Therefore, statement 1 is grounded.",true
3fb2687fe64d445e1c3aa8b10985fd3de0ebc9ae7cdfe72f1028ee6d1a5484b2,1,,false
3fb2687fe64d445e1c3aa8b10985fd3de0ebc9ae7cdfe72f1028ee6d1a5484b2,2,,false
404b766629a3705101c65132bd0abf07c31d98e9fddbf19b592bde126ea7610f,0,"Answer: 1

Q1: The single most distinctive visual feature in this image is the whitewashed walls.
Q2: Yes, that feature directly supports statement 1.
Q3: For statement 2 to be true, the image would need to show bougainvillea flowers as the most indicative feature, which it does not.
For statement 3 to be true, the image would need to show the lantern as the most indicative feature, which it does not.
Q4: Therefore, statement 1 is grounded.",true
404b766629a3705101c65132bd0abf07c31d98e9fddbf19b592bde126ea7610f,1,,false
404b766629a3705101c65132bd0abf07c31d98e9fddbf19b592bde126ea7610f,2,,false
3519d655a5dde66db10907b74b75bde5e909f474d9cbca3dbd1a15cb68c76288,0,"Answer: 2

Q1: The single most distinctive visual feature in this image is the bright yellow door with black and white stripes around it.

Q2: This feature directly supports statement 2, as the style of the door is reminiscent of traditional North African architecture.

Q3: For statement 1 to be true, the image would need to show a similar door in a Scandinavian setting, which is not present.
For statement 3 to be true, the image would need to show a similar door in an East Asian setting, which is also not present.

Q4: Therefore, statement 2 is grounded.",false
3519d655a5dde66db10907b74b75bde5e909f474d9cbca3dbd1a15cb68c76288,1,,true
3519d655a5dde66db10907b74b75bde5e909f474d9cbca3dbd1a15cb68c76288,2,,false
0fb9a8a97ea2dfcbb0fcce5f4488f2fa8abdf21bb6bc75283e7f97c01b9b66b6,0,"Answer: 3

Q1: The single most distinctive visual feature in this image is the large, patterned area rug with geometric designs.

Q2: The large, patterned area rug with geometric designs supports statement 3, as it creates a comfortable and inviting space for relaxation and conversation.

Q3: For statement 1 to be true, the image would need to show a formal setting with chairs arranged around a table, which is not present. For statement 2 to be true, the image would need to show a dining table and chairs, which is also not present.

Q4: Therefore, statement 3 is grounded.",false
0fb9a8a97ea2dfcbb0fcce5f4488f2fa8abdf21bb6bc75283e7f97c01b9b66b6,1,,false
0fb9a8a97ea2dfcbb0fcce5f4488f2fa8abdf21bb6bc75283e7f97c01b9b66b6,2,,true
f7f56b45534156e03fc10cdfe69d7c4b1b2b45c58cb56f68d3d4a284fb7b145f,0,"Answer: 1

Q1: The single most distinctive visual feature in this image is the large stage with multiple screens displaying the word ""SOLIDAYS"" and the phrase ""IN LOVE WE TRUST.""

Q2: This feature directly supports statement 1, as it is characteristic of a music festival where such large screens and stages are common.

Q3: For statement 2 to be true, the image would need to show a political rally setup, such as banners, flags, or political figures. For statement 3 to be true, the image would need to show a sports competition setup, such as a field, scoreboards, or athletes. Neither of these features is present in the image.

Q4: Therefore, statement 1 is grounded.",true
f7f56b45534156e03fc10cdfe69d7c4b1b2b45c58cb56f68d3d4a284fb7b145f,1,,false
f7f56b45534156e03fc10cdfe69d7c4b1b2b45c58cb56f68d3d4a284fb7b145f,2,,false
4fe28cdc58cfbe33a4024c2aee0ba742acea7bcf9e4245b40960e4fd69be7b67,0,"Answer: 2

Q1: The single most distinctive visual feature in this image is the large, arched openings in the earthen walls.
Q2: This feature directly supports statement 2, as it indicates that visitors might explore historical cave dwellings.
Q3: For statement 1 to be true, the image would need to show a natural pool of water. For statement 3 to be true, the image would need to show steep cliffs suitable for rock climbing. Neither of these features is present in the image.
Q4: Therefore, statement 2 is grounded.",false
4fe28cdc58cfbe33a4024c2aee0ba742acea7bcf9e4245b40960e4fd69be7b67,1,,true
4fe28cdc58cfbe33a4024c2aee0ba742acea7bcf9e4245b40960e4fd69be7b67,2,,false
1d47b6141d53c78abce499898b664663b1fd3c10e01c05b4ce3b82266b18e642,0,"Answer: 3

Q1: The single most distinctive visual feature in this image is the ornate and decorative design of the shoes, which resemble traditional Middle Eastern or North African footwear.

Q2: This feature directly supports statement 3, as the shoes are designed with intricate patterns and embellishments typical of traditional dances and ceremonies.

Q3: For statement 1 to be true, the image would need to show shoes that are designed for running, which is not the case here. For statement 2 to be true, the image would need to show shoes suitable for hiking, which also does not match the design of the shoes in the image.

Q4: Therefore, statement 3 is grounded.",false
1d47b6141d53c78abce499898b664663b1fd3c10e01c05b4ce3b82266b18e642,1,,false
1d47b6141d53c78abce499898b664663b1fd3c10e01c05b4ce3b82266b18e642,2,,true
37f7b94248166fea9127c41ac9c7bee8d26a16425aed729411ad19305c6f263f,0,"Answer: 2

Q1: The single most distinctive visual feature in this image is the intricate beadwork and embroidery on the slippers.
Q2: This feature directly supports statement 2, as the slippers appear to be made of leather, which can be adorned with such detailed embellishments.
Q3: For statement 1 to be true, the image would need to show that the slippers are primarily made of rubber, which is not the case here. For statement 3 to be true, the image would need to show that the slippers are primarily made of canvas, which is also not the case here.
Q4: Therefore, statement 2 is grounded.",false
37f7b94248166fea9127c41ac9c7bee8d26a16425aed729411ad19305c6f263f,1,,true
37f7b94248166fea9127c41ac9c7bee8d26a16425aed729411ad19305c6f263f,2,,false
504dbd0d6bf8f6d87738e6ff5a7b6cae458336471b03b9cc86223f2069b75f68,0,"Answer: 2

Q1: The single most distinctive visual feature in this image is the decorative embroidery along the edge of the garment.

Q2: The decorative embroidery does directly support statement 2, as it appears to be made with silver thread.

Q3: For statement 1 to be true, the image would need to show painted designs on the embroidery, which is not present.
For statement 3 to be true, the image would need to show plastic beads on the embroidery, which is also not present.

Q4: Therefore, statement 2 is grounded.",false
504dbd0d6bf8f6d87738e6ff5a7b6cae458336471b03b9cc86223f2069b75f68,1,,true
504dbd0d6bf8f6d87738e6ff5a7b6cae458336471b03b9cc86223f2069b75f68,2,,false
0a285737f7f27e70b7c3c81c40ba8fd78ce7384538c258ba1bbc31105d8988db,0,"Answer: 1

Q1: The single most distinctive visual feature in this image is the texture and color variations of the pots.
Q2: Yes, that feature directly supports statement 1.
Q3: For statement 2 to be true, the pots would need to have a smooth, uniform plastic appearance, which is not present in the image. For statement 3 to be true, the pots would need to have a metallic sheen and structure, which is also not present in the image.
Q4: Therefore, statement 1 is grounded.",true
0a285737f7f27e70b7c3c81c40ba8fd78ce7384538c258ba1bbc31105d8988db,1,,false
0a285737f7f27e70b7c3c81c40ba8fd78ce7384538c258ba1bbc31105d8988db,2,,false
eb1718ddcb71fb01c2b5545faa38059882e2bc8e799930b322626add66d70d29,0,"Answer: 1

Q1: The single most distinctive visual feature in this image is the series of arches and columns.
Q2: This feature directly supports statement 1.
Q3: For statement 2 to be true, the image would need to show features typical of Ancient Greek architecture, such as a different style of columns or decorative elements. For statement 3 to be true, the image would need to show features typical of Ancient Egyptian architecture, such as hieroglyphs or a different style of construction. Neither of these features are present in the image.
Q4: Therefore, statement 1 is grounded.",true
eb1718ddcb71fb01c2b5545faa38059882e2bc8e799930b322626add66d70d29,1,,false
eb1718ddcb71fb01c2b5545faa38059882e2bc8e799930b322626add66d70d29,2,,false
dbd176fc1e508bb0a295782fdf9c4af8429e1413f576e97b9f926042c563d2de,0,"Answer: 1

Q1: The single most distinctive visual feature in this image is the person standing and handing food or an item to another person.

Q2: Yes, that feature directly supports statement 1.

Q3: For statement 2 to be true, the image would need to show the person standing and actively cleaning the table. This is not present in the image.
For statement 3 to be true, the image would need to show the person standing and decorating the room. This is not present in the image.

Q4: Therefore, the statement grounded in the image is statement 1.",true
dbd176fc1e508bb0a295782fdf9c4af8429e1413f576e97b9f926042c563d2de,1,,false
dbd176fc1e508bb0a295782fdf9c4af8429e1413f576e97b9f926042c563d2de,2,,false
549d84a492d4e11f192ac9827a50c0efff8bc6cbe5fe5ae9f14041792e4b6b3c,0,"Answer: 3

Q1: The single most distinctive visual feature in this image is the solar panel roof on the house.

Q2: Yes, that feature directly supports statement 3.

Q3: For statement 1 to be true, the image would need to show a wind turbine, which is not present.
For statement 2 to be true, the image would need to show a rainwater harvesting system, which is not present.

Q4: Therefore, statement 3 is grounded.",false
549d84a492d4e11f192ac9827a50c0efff8bc6cbe5fe5ae9f14041792e4b6b3c,1,,false
549d84a492d4e11f192ac9827a50c0efff8bc6cbe5fe5ae9f14041792e4b6b3c,2,,true
5b85575b7b8c38fe4eee44bf3e0c0d5664f7127abb6052507d21cc45f47f7bfc,0,"Answer: 1

Q1: The single most distinctive visual feature in this image is the large, purple Twitch logo on the plaque.
Q2: Yes, that feature directly supports statement 1.
Q3: For statement 2 to be true, the image would need to show a gaming tournament victory. This is not present.
Q4: Therefore, statement 1 is grounded.",true
5b85575b7b8c38fe4eee44bf3e0c0d5664f7127abb6052507d21cc45f47f7bfc,1,,false
5b85575b7b8c38fe4eee44bf3e0c0d5664f7127abb6052507d21cc45f47f7bfc,2,,false
1f62f1c5f5c9a4053ae7bb3862f74f12c0edb04d8b280b51fd3e74ba73c64c1a,0,"Answer: 2

Q1: The single most distinctive visual feature in this image is the large stack of bamboo poles on the sailboat.
Q2: The bamboo poles directly support statement 2, as they are clearly used as fishing equipment.
Q3: For statement 1 to be true, the bamboo poles would need to be purely decorative, which is not the case here. For statement 3 to be true, the bamboo poles would need to be shown as building material, which is also not the case here.
Q4: Therefore, statement 2 is grounded.",false
1f62f1c5f5c9a4053ae7bb3862f74f12c0edb04d8b280b51fd3e74ba73c64c1a,1,,true
1f62f1c5f5c9a4053ae7bb3862f74f12c0edb04d8b280b51fd3e74ba73c64c1a,2,,false
35a297a52f9c13232cf6907d7e69a315d8a2c7a8d6c317e1e1d565e66ee91f98,0,"Answer: 1

Q1: The single most distinctive visual feature in this image is the winding road cutting through a rugged mountainous landscape.

Q2: This feature directly supports statement 1, as the winding road suggests a path suitable for hiking and trekking.

Q3: For statement 2 to be true, the image would need to show a cityscape or urban environment, which is not present in the image. For statement 3 to be true, the image would need to show a beach or a volleyball court, which is also not present.

Q4: Therefore, statement 1 is grounded.",true
35a297a52f9c13232cf6907d7e69a315d8a2c7a8d6c317e1e1d565e66ee91f98,1,,false
35a297a52f9c13232cf6907d7e69a315d8a2c7a8d6c317e1e1d565e66ee91f98,2,,false
e93c50ae85dec9791199529623c2664847037791438ed02292a4d3e0e8ba2197,0,"Answer: 3

Q1: The single most distinctive visual feature in this image is the large marble island.
Q2: The large marble island directly supports statement 3.
Q3: For statement 1 to be true, the image would need to show bright neon lighting, which is not present.
For statement 2 to be true, the image would need to show a traditional wood-burning stove, which is not present.
Q4: Therefore, statement 3 is grounded.",false
e93c50ae85dec9791199529623c2664847037791438ed02292a4d3e0e8ba2197,1,,false
e93c50ae85dec9791199529623c2664847037791438ed02292a4d3e0e8ba2197,2,,true
5e0b25eba9adfbe4ba5f4a86fbb24cbbb03a2433f78f4f912cb992c27be6537c,0,"Answer: 1

Q1: The single most distinctive visual feature in this image is the ancient stone structure with an entrance and a flat stone slab in front of it.

Q2: This feature directly supports statement 1 because a stonemason would have been essential for constructing such a stone structure.

Q3: For statement 2 to be true, the image would need to show a body of water or fishing equipment, which is not present. For statement 3 to be true, the image would need to show a sewing machine or tailor's tools, which is also not present.

Q4: Therefore, statement 1 is grounded.",true
5e0b25eba9adfbe4ba5f4a86fbb24cbbb03a2433f78f4f912cb992c27be6537c,1,,false
5e0b25eba9adfbe4ba5f4a86fbb24cbbb03a2433f78f4f912cb992c27be6537c,2,,false
e099270ecc445de55efc5d639f4f4b150bfe53d9dd53b604d431bbc94340a7d3,0,"Answer: 3

Q1: The single most distinctive visual feature in this image is the hand-shaped door knockers.

Q2: The hand-shaped door knockers do not directly support statement 1 (wood) or statement 2 (plastic). They appear to be made of a material that looks like metal.

Q3: For statement 1 (wood) to be true, the image would need to show the hand-shaped door knockers made of wood, which is not present.
For statement 2 (plastic) to be true, the image would need to show the hand-shaped door knockers made of plastic, which is not present.

Q4: Therefore, the statement that is grounded is statement 3 (metal).",false
e099270ecc445de55efc5d639f4f4b150bfe53d9dd53b604d431bbc94340a7d3,1,,false
e099270ecc445de55efc5d639f4f4b150bfe53d9dd53b604d431bbc94340a7d3,2,,true
ae6511d92613ad951406a15da4413388c3fef2e5db18da4611559ce6827a202d,0,"Answer: 3

Q1: The single most distinctive visual feature in this image is the intricate green and white pattern on the ceramic bowl.

Q2: This feature directly supports statement 3, as it showcases artistic techniques and cultural heritage.

Q3: For statement 1 to be true, the image would need to show that the bowl is fragile and easily broken, which is not directly supported by the image. For statement 2 to be true, the image would need to show a comparison between the broken bowl and modern ceramic production methods, which is not present in the image.

Q4: Therefore, statement 3 is grounded.",false
ae6511d92613ad951406a15da4413388c3fef2e5db18da4611559ce6827a202d,1,,false
ae6511d92613ad951406a15da4413388c3fef2e5db18da4611559ce6827a202d,2,,true
ed010ca0146ddd1e58700cded2aafa7cffe020262988ed648301b27b4e1aabe7,0,"Answer: 1

Q1: The single most distinctive visual feature in this image is the large wooden structure with a curved roof, which appears to be a covered workshop or storage area.
Q2: This feature directly supports statement 1, as it is a workshop where traditional wooden and reed boats are being constructed.
Q3: For statement 2 to be true, the image would need to show the structure being used as a storage facility, which is not present in the image.
For statement 3 to be true, the image would need to show a completed boat displayed within the structure, which is not present in the image.
Q4: Therefore, statement 1 is grounded.",true
ed010ca0146ddd1e58700cded2aafa7cffe020262988ed648301b27b4e1aabe7,1,,false
ed010ca0146ddd1e58700cded2aafa7cffe020262988ed648301b27b4e1aabe7,2,,false
53de31ab04ca9d558cf3c09eda884d13f680c7adaf145aef3263b906a2c75d6c,0,"Answer: 3

Q1: The single most distinctive visual feature in this image is the large windows that provide a view of the ocean.

Q2: This feature directly supports statement 3.

Q3: For statement 1 to be true, the image would need to show a bustling cityscape through the windows. For statement 2 to be true, the image would need to show a dense forest through the windows. Neither of these features is present in the image.

Q4: Therefore, statement 3 is grounded.",false
53de31ab04ca9d558cf3c09eda884d13f680c7adaf145aef3263b906a2c75d6c,1,,false
53de31ab04ca9d558cf3c09eda884d13f680c7adaf145aef3263b906a2c75d6c,2,,true
6c1fa79aab9a2ab4029dc6734f43f5c51b4d58bbad0ea28be48d3216d938c74f,0,"Answer: 2

Q1: The single most distinctive visual feature in this image is the exposed wooden beams and the unfinished walls.

Q2: The exposed wooden beams and unfinished walls directly support statement 2, as they indicate neglect over time.

Q3: For statement 1 to be true, the image would need to show signs of ongoing work, such as construction materials, tools, or workers. For statement 3 to be true, the image would need to show signs of destruction, such as collapsed structures, broken windows, or debris.

Q4: Therefore, statement 2 is grounded.",false
6c1fa79aab9a2ab4029dc6734f43f5c51b4d58bbad0ea28be48d3216d938c74f,1,,true
6c1fa79aab9a2ab4029dc6734f43f5c51b4d58bbad0ea28be48d3216d938c74f,2,,false
4e83f315358b21ea9e90f468e0d63cbc8b9d0618d2f1bf99f36026c894b9c38e,0,"Answer: 3

Q1: The single most distinctive visual feature in this image is the flag flying at the top of the luxury yacht.
Q2: Yes, that feature directly supports statement 3.
Q3: For statement 1 to be true, the yacht would need to be flying the United States flag, which is not present in the image.
For statement 2 to be true, the yacht would need to be flying the United Kingdom flag, which is not present in the image.
Q4: Therefore, statement 3 is grounded.",false
4e83f315358b21ea9e90f468e0d63cbc8b9d0618d2f1bf99f36026c894b9c38e,1,,false
4e83f315358b21ea9e90f468e0d63cbc8b9d0618d2f1bf99f36026c894b9c38e,2,,true
3fd8238f7db7be40be6b81f28f58c8ca9f36216915fbedefb8e6f5613ce37da1,0,"Answer: 2

Q1: The single most distinctive visual feature in this image is the professional video camera equipment being operated by the person in the beige jacket.

Q2: This feature directly supports statement 2, as the presence of professional video camera equipment and the focused activity of the individuals suggest that they are working on a film production.

Q3: For statement 1 to be true, the image would need to show a live broadcast setup, such as a news anchor or reporters in a studio or field setting. For statement 3 to be true, the image would need to show equipment and activities typical of a photography workshop, such as cameras, lenses, and instructional materials.

Q4: Therefore, statement 2 is grounded.",false
3fd8238f7db7be40be6b81f28f58c8ca9f36216915fbedefb8e6f5613ce37da1,1,,true
3fd8238f7db7be40be6b81f28f58c8ca9f36216915fbedefb8e6f5613ce37da1,2,,false
2c68884ea3c7a303cf1a08aaf3d5cf0d3095dabc9c14e53e07bf0b1c47834bc1,0,"Answer: 2

Q1: The single most distinctive visual feature in this image is the presence of numerous shops displaying gold jewelry, with people browsing and examining the items.

Q2: This feature directly supports statement 2, as the primary activity depicted is shopping for gold jewelry.

Q3: For statement 1 to be true, the image would need to show people attending a religious service, which is not present in the image. For statement 3 to be true, the image would need to show a dining area or restaurant, which is also not present in the image.

Q4: Therefore, statement 2 is grounded.",false
2c68884ea3c7a303cf1a08aaf3d5cf0d3095dabc9c14e53e07bf0b1c47834bc1,1,,true
2c68884ea3c7a303cf1a08aaf3d5cf0d3095dabc9c14e53e07bf0b1c47834bc1,2,,false
bad7ef5856db6a56bcfe36712ee7fa308cf59f2ba29508c39af230ec4b3a45cd,0,"Answer: 1

Q1: The single most distinctive visual feature in this image is the white SUV performing dune bashing, kicking up a large cloud of sand.
Q2: Yes, this feature directly supports statement 1.
Q3: For statement 2 to be true, the image would need to show a motorcycle performing dune bashing, which is not present.
For statement 3 to be true, the image would need to show a red quad bike performing dune bashing, which is not present.
Q4: Therefore, statement 1 is grounded.",true
bad7ef5856db6a56bcfe36712ee7fa308cf59f2ba29508c39af230ec4b3a45cd,1,,false
bad7ef5856db6a56bcfe36712ee7fa308cf59f2ba29508c39af230ec4b3a45cd,2,,false
c86cd34b9d73a70a489fc9cb0b9b6234cf1d3a7c74a890d47c3ac62bd79a60fe,0,"Answer: 1

Q1: The single most distinctive visual feature in this image is the large, colorful mural of a face on the side of the building.
Q2: This feature directly supports statement 1, as it is a form of graffiti or mural art.
Q3: For statement 2 to be true, the image would need to show abstract installations, which are not present in the image.
Q4: Therefore, statement 1 is grounded.",true
c86cd34b9d73a70a489fc9cb0b9b6234cf1d3a7c74a890d47c3ac62bd79a60fe,1,,false
c86cd34b9d73a70a489fc9cb0b9b6234cf1d3a7c74a890d47c3ac62bd79a60fe,2,,false
0f4ef05f0f58e55ac526863c82441f624b753eb1fdc99400d5bba76c044621c4,0,"Answer: 3

Q1: The single most distinctive visual feature in this image is the intricate design on the surface of the coffee, which appears to be a swirling pattern.
Q2: This feature directly supports statement 3, as it is characteristic of latte art.
Q3: For statement 1 to be true, the image would need to show that the design is made of foam, which is not visible in the image. For statement 2 to be true, the image would need to show that the design is engraved, which is not visible in the image.
Q4: Therefore, statement 3 is grounded.",false
0f4ef05f0f58e55ac526863c82441f624b753eb1fdc99400d5bba76c044621c4,1,,false
0f4ef05f0f58e55ac526863c82441f624b753eb1fdc99400d5bba76c044621c4,2,,true
276ca05162a836bfd41240af0a226f87d7eec84f79f077878a40875e8df11121,0,"Answer: 1

Q1: The single most distinctive visual feature in this image is the flooring material, which appears to be gravel.
Q2: Yes, the gravel directly supports statement 1.
Q3: For statement 2 to be true, the image would need to show wood as the flooring material, which is not present.
Q4: Therefore, statement 1 is grounded.",true
276ca05162a836bfd41240af0a226f87d7eec84f79f077878a40875e8df11121,1,,false
276ca05162a836bfd41240af0a226f87d7eec84f79f077878a40875e8df11121,2,,false
fe4571223477f601ce47a604e7c272089ed35699808b0fe22b517b9c1f85df10,0,"Answer: 2

Q1: The single most distinctive visual feature in this image is the person holding a cup of tea.

Q2: This feature directly supports statement 2, as the person is holding a cup of tea, indicating that the primary activity is drinking tea.

Q3: For statement 1 to be true, the image would need to show the person cooking food, which is not present in the image. For statement 3 to be true, the image would need to show the person reading a book, which is also not present in the image.

Q4: Therefore, statement 2 is grounded.",false
fe4571223477f601ce47a604e7c272089ed35699808b0fe22b517b9c1f85df10,1,,true
fe4571223477f601ce47a604e7c272089ed35699808b0fe22b517b9c1f85df10,2,,false
6796508f971840ad76ea31a9619944474032c4e45061e6dad9bdf5ee9f0d7add,0,"Answer: 2

Q1: The single most distinctive visual feature in this image is the rose-shaped ornament.
Q2: Yes, that feature directly supports statement 2.
Q3: For statement 1 to be true, the earrings would need to have a star-shaped design as the main decorative feature, which is not present.
For statement 3 to be true, the earrings would need to have a diamond-shaped pendant as the main decorative feature, which is not present.
Q4: Therefore, statement 2 is grounded.",false
6796508f971840ad76ea31a9619944474032c4e45061e6dad9bdf5ee9f0d7add,1,,true
6796508f971840ad76ea31a9619944474032c4e45061e6dad9bdf5ee9f0d7add,2,,false
71b799d84743d07dfb6ea951a87bd9f292a65305e2e66fa2ee2e7bd0633150a6,0,"Answer: 2

Q1: The single most distinctive visual feature in this image is the woman wearing a colorful traditional outfit and a headscarf, sitting in front of a table with various items, including a large white teapot and a ceramic pot.

Q2: This feature does not directly support statement 1, 2, or 3.

Q3: For statement 1 to be true, the image would need to show a ceramic pot being used to brew coffee. For statement 3 to be true, the image would need to show a woven basket being used to brew coffee. Neither of these features is present in the image.

Q4: Therefore, the statement grounded in the image is statement 2.",false
71b799d84743d07dfb6ea951a87bd9f292a65305e2e66fa2ee2e7bd0633150a6,1,,true
71b799d84743d07dfb6ea951a87bd9f292a65305e2e66fa2ee2e7bd0633150a6,2,,false
a560f068e6f71b9233bd56bbe0554c48a68918495fb647cb4755d5d45a3bf7ef,0,"Answer: 1

Q1: The single most distinctive visual feature in this image is the woven basket filled with popcorn.

Q2: The woven basket filled with popcorn directly supports statement 1, as it is a traditional snack served during coffee ceremonies in this cultural context.

Q3: For statement 2 to be true, the image would need to show the woven basket being used for storing grains. However, the basket is filled with popcorn, not grains, so this is not present.
For statement 3 to be true, the image would need to show the woven basket being used as a decorative item. However, the basket is filled with popcorn, not serving as a decorative item, so this is not present.

Q4: Therefore, the statement grounded in the image is statement 1.",true
a560f068e6f71b9233bd56bbe0554c48a68918495fb647cb4755d5d45a3bf7ef,1,,false
a560f068e6f71b9233bd56bbe0554c48a68918495fb647cb4755d5d45a3bf7ef,2,,false
cc9e93aba049559b12e404575e46fd0a12a6ab5e984ccdd28a0e2c90b3160594,0,"Answer: 1

Q1: The single most distinctive visual feature in this image is the large, curved wooden structure that provides shade to the outdoor seating area.

Q2: This feature directly supports statement 1, as it is a common design element for outdoor seating areas in restaurants or cafés, providing shade and shelter for patrons.

Q3: For statement 2 to be true, the image would need to show the seating area being part of a public space, such as a park or a public square, which is not present in the image. For statement 3 to be true, the image would need to show the seating area being part of a private workspace, which is also not present in the image.

Q4: Therefore, statement 1 is grounded.",true
cc9e93aba049559b12e404575e46fd0a12a6ab5e984ccdd28a0e2c90b3160594,1,,false
cc9e93aba049559b12e404575e46fd0a12a6ab5e984ccdd28a0e2c90b3160594,2,,false
4049075e2fa9b793d1b719b61b136101e093822e4847b385aa3082558d9cda31,0,"Answer: 1

Q1: The single most distinctive visual feature in this image is the traditional cargo boats docked at the waterfront.
Q2: This feature directly supports statement 1.
Q3: For statement 2 to be true, the image would need to show luxury yachts, which are not present.
For statement 3 to be true, the image would need to show a rural fishing village, which is not present.
Q4: Therefore, statement 1 is grounded.",true
4049075e2fa9b793d1b719b61b136101e093822e4847b385aa3082558d9cda31,1,,false
4049075e2fa9b793d1b719b61b136101e093822e4847b385aa3082558d9cda31,2,,false
314de5409f0efa4ca05ddd95c57a2b53e4ab431b1b56ea617144fc4ecd6cc8c4,0,"Answer: 1

Q1: The single most distinctive visual feature in this image is the decorative detail on the sleeves of the abaya.
Q2: Yes, that feature directly supports statement 1.
Q3: For statement 2 to be true, the image would need to show metallic studs on the sleeves. For statement 3 to be true, the image would need to show a colorful floral print on the sleeves. Neither of these features is present in the image.
Q4: Therefore, statement 1 is grounded.",true
314de5409f0efa4ca05ddd95c57a2b53e4ab431b1b56ea617144fc4ecd6cc8c4,1,,false
314de5409f0efa4ca05ddd95c57a2b53e4ab431b1b56ea617144fc4ecd6cc8c4,2,,false
6f3712a0349b19c0a36060255ed64485cbb0605271ed1a5fd0242f86ddf73ac3,0,"Answer: 3

Q1: The single most distinctive visual feature in this image is the large, modern building with a unique, angular roof structure.
Q2: This feature directly supports statement 3, as it depicts a rocky desert landscape.
Q3: For statement 1 to be true, the image would need to show a bustling cityscape with numerous buildings, streets, and people. For statement 2 to be true, the image would need to show a dense forest with numerous trees and foliage.
Q4: Therefore, statement 3 is grounded.",false
6f3712a0349b19c0a36060255ed64485cbb0605271ed1a5fd0242f86ddf73ac3,1,,false
6f3712a0349b19c0a36060255ed64485cbb0605271ed1a5fd0242f86ddf73ac3,2,,true
a5be37dcc7d22446033ae6d44c906357a1c6bd304177fcc72f43d3f1ac0d1dbf,0,"Answer: 1

Q1: The single most distinctive visual feature in this image is the escalator and the glass barrier.
Q2: The escalator and glass barrier directly support statement 1, as they are common features in airport terminals.
Q3: For statement 2 to be true, the image would need to show a train station, which is not present. For statement 3 to be true, the image would need to show a shopping mall, which is not present.
Q4: Therefore, statement 1 is grounded.",true
a5be37dcc7d22446033ae6d44c906357a1c6bd304177fcc72f43d3f1ac0d1dbf,1,,false
a5be37dcc7d22446033ae6d44c906357a1c6bd304177fcc72f43d3f1ac0d1dbf,2,,false
75a851e7f088240f2ec431a12e2102aef5f15f1271cd703a267ffb1c5505bb25,0,"Answer: 3

Q1: The single most distinctive visual feature in this image is the large, colorful treehouse structure with a slide and various platforms.

Q2: This feature directly supports statement 3, as it provides children with a space for physical activity and play.

Q3: For statement 1 to be true, the image would need to show that the primary purpose of the playground is to showcase treehouse architecture. This is not present in the image, as the primary focus is on the children playing and the playground's design for play, not on showcasing treehouse architecture.

For statement 2 to be true, the image would need to show that the primary purpose of the playground is to host formal educational classes. This is not present in the image, as there are no signs of formal educational activities taking place.

Therefore, the statement grounded in the image is statement 3.",false
75a851e7f088240f2ec431a12e2102aef5f15f1271cd703a267ffb1c5505bb25,1,,false
75a851e7f088240f2ec431a12e2102aef5f15f1271cd703a267ffb1c5505bb25,2,,true
87a46cd8272e0a1e40ed5e0470f41906c1aa7e9d8e132329f57eba1f09be641b,0,"Answer: 3

Q1: The single most distinctive visual feature in this image is the large circular button on the top of the remote control.
Q2: This feature does not directly support statement 1 or 2. It does not appear to be a camera or a touchscreen pad.
Q3: For statement 1 to be true, the image would need to show a camera. For statement 2 to be true, the image would need to show a touchscreen pad. Neither of these features is present in the image.
Q4: Therefore, statement 3 is grounded. The remote control has a voice control microphone for user convenience.",false
87a46cd8272e0a1e40ed5e0470f41906c1aa7e9d8e132329f57eba1f09be641b,1,,false
87a46cd8272e0a1e40ed5e0470f41906c1aa7e9d8e132329f57eba1f09be641b,2,,true
9536bd4d54aff75a74936cc21d09624ca985156c6d102ac29462270cb46272dd,0,"Answer: 1

Q1: The single most distinctive visual feature in this image is the bridge spanning over a river.
Q2: Yes, that feature directly supports statement 1.
Q3: For statement 2 to be true, the image would need to show trucks and rickshaws on the road adjacent to the bridge. For statement 3 to be true, the image would need to show buses and bicycles on the road adjacent to the bridge. Neither of these features is present in the image.
Q4: Therefore, statement 1 is grounded.",true
9536bd4d54aff75a74936cc21d09624ca985156c6d102ac29462270cb46272dd,1,,false
9536bd4d54aff75a74936cc21d09624ca985156c6d102ac29462270cb46272dd,2,,false
a0e2fc3c80445f026eefb61d66728620db517bc22b6143d9a7924d612d1b6390,0,"Answer: 1

Q1: The single most distinctive visual feature in this image is the large helicopter suspended in the air.
Q2: The feature of the helicopter does not directly support statement 1, 2, or 3.
Q3: For statement 2 to be true, the image would need to show people using the tents and shaded areas for shelter. For statement 3 to be true, the image would need to show equipment stored within the tents and shaded areas. Neither of these conditions is met in the image.
Q4: Therefore, the statement grounded in the image is statement 1.",true
a0e2fc3c80445f026eefb61d66728620db517bc22b6143d9a7924d612d1b6390,1,,false
a0e2fc3c80445f026eefb61d66728620db517bc22b6143d9a7924d612d1b6390,2,,false
b2b9ef681ce6c35ad4cc85c0d7d4e657d4abd0e57dae98b2f4878253b7158ad5,0,"Answer: 1

Q1: The single most distinctive visual feature in this image is the large, circular, red-roofed building with a central dome, which appears to be a significant landmark or entertainment venue.
Q2: This feature directly supports statement 1, as it resembles a venue that could host music concerts and cultural events.
Q3: For statement 2 to be true, the image would need to show industrial buildings or manufacturing facilities, which are not present.
Q4: Therefore, statement 1 is grounded.",true
b2b9ef681ce6c35ad4cc85c0d7d4e657d4abd0e57dae98b2f4878253b7158ad5,1,,false
b2b9ef681ce6c35ad4cc85c0d7d4e657d4abd0e57dae98b2f4878253b7158ad5,2,,false
39b7d268b68e9626001a1df4ee22be2b12459fcd3d63d3b47383c9df0cf7ada7,0,"Answer: 3

Q1: The single most distinctive visual feature in this image is the mountainous terrain with rocky paths.
Q2: Yes, that feature directly supports statement 3.
Q3: For statement 1 to be true, the image would need to show a dense forest, which is not present. For statement 2 to be true, the image would need to show a large lake, which is also not present.
Q4: Therefore, statement 3 is grounded.",false
39b7d268b68e9626001a1df4ee22be2b12459fcd3d63d3b47383c9df0cf7ada7,1,,false
39b7d268b68e9626001a1df4ee22be2b12459fcd3d63d3b47383c9df0cf7ada7,2,,true
9d34c3854b5628e154175147e18ff8f45d3872f1306584d9cdb7b32f861d2e7e,0,"Answer: 2

Q1: The single most distinctive visual feature in this image is the attached tablet or screen holder on the chair.
Q2: Yes, that feature directly supports statement 2.
Q3: For statement 1 to be true, the image would need to show that the tablet or screen holder is being used to store items, which it does not. For statement 3 to be true, the image would need to show that the tablet or screen holder is being used to hold books, which it does not.
Q4: Therefore, statement 2 is grounded.",false
9d34c3854b5628e154175147e18ff8f45d3872f1306584d9cdb7b32f861d2e7e,1,,true
9d34c3854b5628e154175147e18ff8f45d3872f1306584d9cdb7b32f861d2e7e,2,,false
e8cc526d6512d38707477f17b0c82571896a69a7dafccd8056053b8a0f46d55a,0,"Answer: 3

Q1: The single most distinctive visual feature in this image is the large airplane with the ""Emirates"" branding on it.
Q2: The feature of the airplane directly supports statement 3, as it is an aircraft that would require maintenance and storage.
Q3: For statement 1 to be true, the image would need to show the airplane being loaded with passengers and luggage. For statement 2 to be true, the image would need to show fueling and refueling operations. Neither of these are present in the image.
Q4: Therefore, statement 3 is grounded.",false
e8cc526d6512d38707477f17b0c82571896a69a7dafccd8056053b8a0f46d55a,1,,false
e8cc526d6512d38707477f17b0c82571896a69a7dafccd8056053b8a0f46d55a,2,,true
51248863107d2ae1286de2a6cc7976b0e128687d802e84cc455dc0ebd5be5846,0,"Answer: 2

Q1: The single most distinctive visual feature in this image is the curved, modern architectural design with a combination of metallic and glass elements.

Q2: This feature directly supports statement 2, as public transport stations often have modern and distinctive architectural designs.

Q3: For statement 1 to be true, the image would need to show a shopping mall with stores, retail spaces, and possibly a food court. For statement 3 to be true, the image would need to show a sports arena with seating, a playing field, and possibly scoreboards or advertisements related to sports.

Q4: Therefore, statement 2 is grounded.",false
51248863107d2ae1286de2a6cc7976b0e128687d802e84cc455dc0ebd5be5846,1,,true
51248863107d2ae1286de2a6cc7976b0e128687d802e84cc455dc0ebd5be5846,2,,false
7b9efe2dc7166ebf5030f64e25dbf1a3eb6aa205148b7a71ce1c9fd5f40cbf12,0,"Answer: 2

Q1: The single most distinctive visual feature in this image is the woman's large, sparkling earrings.
Q2: Yes, that feature directly supports statement 2.
Q3: For statement 1 to be true, the image would need to show a golden tiara. For statement 3 to be true, the image would need to show a pearl bracelet. Neither of these features is present in the image.
Q4: Therefore, statement 2 is grounded.",false
7b9efe2dc7166ebf5030f64e25dbf1a3eb6aa205148b7a71ce1c9fd5f40cbf12,1,,true
7b9efe2dc7166ebf5030f64e25dbf1a3eb6aa205148b7a71ce1c9fd5f40cbf12,2,,false
04a302964121ce4f994855a7f023ae250b197b5c92a4c31208cb9cdba5ec63f5,0,"Answer: 1

Q1: The single most distinctive visual feature in this image is the tall, closely packed mud-brick buildings.
Q2: This feature directly supports statement 1.
Q3: For statement 2 to be true, the image would need to show tall mud-brick buildings in Petra, Jordan. For statement 3 to be true, the image would need to show tall mud-brick buildings in Marrakech, Morocco. Neither of these features is present in the image.
Q4: Therefore, statement 1 is grounded.",true
04a302964121ce4f994855a7f023ae250b197b5c92a4c31208cb9cdba5ec63f5,1,,false
04a302964121ce4f994855a7f023ae250b197b5c92a4c31208cb9cdba5ec63f5,2,,false
553a6cd77c99de8117314b86da7593e883b3840bb8e0bcd6bfb43993306a3f3b,0,"Answer: 1

Q1: The single most distinctive visual feature in this image is the variety and design of the jewelry pieces, which include necklaces, bracelets, earrings, and rings, all featuring different materials and styles.

Q2: The feature of the jewelry pieces directly supports statement 1. The jewelry pieces appear to be made of gold or silver, as indicated by their metallic sheen and the use of what looks like precious stones and gemstones.

Q3: For statement 2 to be true, the image would need to show wooden jewelry pieces, which are not present in the image. For statement 3 to be true, the image would need to show plastic jewelry pieces, which are also not present in the image.

Q4: Therefore, statement 1 is grounded in the image.",true
553a6cd77c99de8117314b86da7593e883b3840bb8e0bcd6bfb43993306a3f3b,1,,false
553a6cd77c99de8117314b86da7593e883b3840bb8e0bcd6bfb43993306a3f3b,2,,false
41196790624ab64625f7bbfe54e1f2070ba1563d29e01dfca310c06433583819,0,"Answer: 2

Q1: The single most distinctive visual feature in this image is the flatbread being cooked directly on the inner walls of the tandoor oven.

Q2: This feature directly supports statement 2, as the flatbread is indeed sticking to the inner walls of the oven.

Q3: For statement 1 to be true, the image would need to show a metal tray inside the tandoor oven. For statement 3 to be true, the image would need to show the flatbread hanging over embers. Neither of these features is present in the image.

Q4: Therefore, statement 2 is grounded.",false
41196790624ab64625f7bbfe54e1f2070ba1563d29e01dfca310c06433583819,1,,true
41196790624ab64625f7bbfe54e1f2070ba1563d29e01dfca310c06433583819,2,,false
1099904c5507cce4eb186a99fea128fc2d8598569282ff3e284f8167d995e5d1,0,"Answer: 2

Q1: The single most distinctive visual feature in this image is the presence of both Arabic and English text on the banners.
Q2: This feature directly supports statement 2, as it shows that the banners use both Arabic and English.
Q3: For statement 1 to be true, the image would need to show only Arabic text on the banners, which is not the case.
For statement 3 to be true, the image would need to show only English text on the banners, which is also not the case.
Q4: Therefore, statement 2 is grounded.",false
1099904c5507cce4eb186a99fea128fc2d8598569282ff3e284f8167d995e5d1,1,,true
1099904c5507cce4eb186a99fea128fc2d8598569282ff3e284f8167d995e5d1,2,,false
9c86485026d1447e8fe90eb1eecd8a39ed49ee2afe2dbd46264d079539346f53,0,"Answer: 1

Q1: The single most distinctive visual feature in this image is the bright yellow saree with a tree and birds printed on it.
Q2: This feature directly supports statement 1.
Q3: For statement 2 to be true, the image would need to show the person wearing a jumpsuit, which is not present.
Q4: Therefore, statement 1 is grounded.",true
9c86485026d1447e8fe90eb1eecd8a39ed49ee2afe2dbd46264d079539346f53,1,,false
9c86485026d1447e8fe90eb1eecd8a39ed49ee2afe2dbd46264d079539346f53,2,,false
13dbcf13256c8e043086960b248e9e55a849754f5adb53f1db5d92f9a814bfa8,0,"Answer: 2

Q1: The single most distinctive visual feature in this image is the palm groves.
Q2: Yes, that feature directly supports statement 2.
Q3: For statement 1 to be true, the image would need to show cacti as the most prominent vegetation. For statement 3 to be true, the image would need to show coniferous trees as the most prominent vegetation. Neither of these features is present in the image.
Q4: Therefore, statement 2 is grounded.",false
13dbcf13256c8e043086960b248e9e55a849754f5adb53f1db5d92f9a814bfa8,1,,true
13dbcf13256c8e043086960b248e9e55a849754f5adb53f1db5d92f9a814bfa8,2,,false
16eb892e1fc9842e741e9ff23db91d63aad59105580550847c1755bef2e5c88a,0,"Answer: 2

Q1: The single most distinctive visual feature in this image is the stone structure with a dome-shaped top and a carved inscription.
Q2: This feature directly supports statement 2, as the carved inscription and the dome-shaped top are characteristic of religious shrines.
Q3: For statement 1 to be true, the image would need to show the stone structure being used as a public restroom, which is not present.
For statement 3 to be true, the image would need to show the stone structure being used as a storage shed, which is not present.
Q4: Therefore, statement 2 is grounded.",false
16eb892e1fc9842e741e9ff23db91d63aad59105580550847c1755bef2e5c88a,1,,true
16eb892e1fc9842e741e9ff23db91d63aad59105580550847c1755bef2e5c88a,2,,false
fc324da285b2ba6ef2d060e5457354b9f9cdff9b12b9bb75caf5f8ece6c91872,0,"Answer: 3

Q1: The single most distinctive visual feature in this image is the tall minaret visible in the background.

Q2: The tall minaret directly supports statement 3.

Q3: For statement 1 to be true, the image would need to show a modern skyscraper in the background. This is not present in the image.
For statement 2 to be true, the image would need to show a large fountain in the background. This is not present in the image.

Q4: Therefore, statement 3 is grounded.",false
fc324da285b2ba6ef2d060e5457354b9f9cdff9b12b9bb75caf5f8ece6c91872,1,,false
fc324da285b2ba6ef2d060e5457354b9f9cdff9b12b9bb75caf5f8ece6c91872,2,,true
abcb70ab989e66a71691a711384c113a526606b8c86e200618b940ace8938986,0,"Answer: 2

Q1: The single most distinctive visual feature in this image is the heart-shaped arrangement of pomegranate seeds on the dish.

Q2: The heart-shaped arrangement of pomegranate seeds does not directly support statement 1 or 3. It does, however, support statement 2, as the heart shape is commonly associated with love or affection.

Q3: For statement 1 to be true, the image would need to show that the heart-shaped arrangement is intended to create a cooling effect, which is not present in the image. For statement 3 to be true, the image would need to show that the heart-shaped arrangement is intended to enhance the nutritional value, which is also not present in the image.

Q4: Therefore, the statement grounded in the image is statement 2.",false
abcb70ab989e66a71691a711384c113a526606b8c86e200618b940ace8938986,1,,true
abcb70ab989e66a71691a711384c113a526606b8c86e200618b940ace8938986,2,,false
65657b50c0e81220c8d34551ca026cfd885f00c11c4ceac46e71c238c0487088,0,"Answer: 2

Q1: The single most distinctive visual feature in this image is the large sailboat with its sails unfurled, docked near a stone wall.

Q2: The feature of the sailboat supports statement 2, as the size and design of the boat suggest it is used for trade and transport rather than recreational sailing or fishing.

Q3: For statement 1 to be true, the image would need to show people on the boat engaging in leisure activities, such as sunbathing or socializing, which is not present in the image. For statement 3 to be true, the image would need to show fishing gear or people actively fishing, which is also not present.

Q4: Therefore, statement 2 is grounded.",false
65657b50c0e81220c8d34551ca026cfd885f00c11c4ceac46e71c238c0487088,1,,true
65657b50c0e81220c8d34551ca026cfd885f00c11c4ceac46e71c238c0487088,2,,false
45e84558b7516b965d829fbce5d9af8ce5537a0942921f5761399dc720766ccd,0,"Answer: 3

Q1: The single most distinctive visual feature in this image is the intricate mosaic and calligraphy on the walls and ceiling of the mosque, as well as the chandelier hanging from the ceiling.

Q2: This feature does not directly support statement 1 or 2, as these statements are about shopping for groceries and cooking food, which are not related to the visual features of the mosque.

Q3: For statement 1 to be true, the image would need to show people shopping for groceries, which is not present in the image. For statement 2 to be true, the image would need to show people cooking food, which is also not present in the image.

Q4: Therefore, the statement that is grounded is statement 3, as the image shows people engaged in reading or praying.",false
45e84558b7516b965d829fbce5d9af8ce5537a0942921f5761399dc720766ccd,1,,false
45e84558b7516b965d829fbce5d9af8ce5537a0942921f5761399dc720766ccd,2,,true
1909baf0ee4ad1d65da952bf4a15717c92b8d8c0c9ac08f4393aae62dbcc19cd,0,"Answer: 3

Q1: The single most distinctive visual feature in this image is the metallic wall decoration with Arabic calligraphy.

Q2: This feature directly supports statement 3, as it is a representation of Islamic spirituality and religious beliefs.

Q3: For statement 1 to be true, the image would need to show that the decoration has no specific meaning. However, the presence of Arabic calligraphy typically has a specific meaning, so this is not supported.
For statement 2 to be true, the image would need to show that the decoration is unrelated to religion. However, the Arabic calligraphy is a common element in Islamic art, so this is not supported.

Q4: Therefore, statement 3 is grounded.",false
1909baf0ee4ad1d65da952bf4a15717c92b8d8c0c9ac08f4393aae62dbcc19cd,1,,false
1909baf0ee4ad1d65da952bf4a15717c92b8d8c0c9ac08f4393aae62dbcc19cd,2,,true
16e3115706dd6ea1b988a32082a6239cff37220a1271ced8dee3e869905d8628,0,"Answer: 3

Q1: The single most distinctive visual feature in this image is the depiction of the Yemeni flag painted on the wall.
Q2: This feature directly supports statement 3.
Q3: For statement 1 to be true, the image would need to show the colors red, white, and black on the flag. For statement 2 to be true, the image would need to show the colors red, green, and white on the flag. Neither of these color combinations is present in the image.
Q4: Therefore, statement 3 is grounded.",false
16e3115706dd6ea1b988a32082a6239cff37220a1271ced8dee3e869905d8628,1,,false
16e3115706dd6ea1b988a32082a6239cff37220a1271ced8dee3e869905d8628,2,,true
9073331a0b96d59c4c1ec77d29dea75f215e8fb2960de5c1bfdddc4a492f95f7,0,"Answer: 1

Q1: The single most distinctive visual feature in this image is the blue wooden window shutters.
Q2: The blue wooden window shutters do not directly support statement 1, 2, or 3.
Q3: For statement 2 to be true, the image would need to show a wall made of concrete. For statement 3 to be true, the image would need to show a wall made of brick. Neither of these features is present in the image.
Q4: Therefore, statement 1 is grounded.",true
9073331a0b96d59c4c1ec77d29dea75f215e8fb2960de5c1bfdddc4a492f95f7,1,,false
9073331a0b96d59c4c1ec77d29dea75f215e8fb2960de5c1bfdddc4a492f95f7,2,,false
c72f7409b70775e1a274cfe6f8a01f11835001fbda3246159c4fb598f3f174a8,0,"Answer: 3

Q1: The single most distinctive visual feature in this image is the texture and color of the ruins, which appear to be made of a material that is light brown and crumbly.
Q2: This feature directly supports statement 3, as mud-brick ruins typically have a similar appearance.
Q3: For statement 1 to be true, the image would need to show the ruins made of stone, which would have a different texture and color, typically darker and more solid.
For statement 2 to be true, the image would need to show the ruins made of wood, which would have a different texture and color, typically darker and more organic.
Neither of these features is present in the image.
Q4: Therefore, statement 3 is grounded.",false
c72f7409b70775e1a274cfe6f8a01f11835001fbda3246159c4fb598f3f174a8,1,,false
c72f7409b70775e1a274cfe6f8a01f11835001fbda3246159c4fb598f3f174a8,2,,true
04e5d2fbb37c6dafec3acc8770b94bc04c48454037ec4c9f6de0f35c0c7fdbdc,0,"Answer: 2

Q1: The single most distinctive visual feature in this image is the traditional architecture of the buildings, which includes arched windows and a patterned facade.

Q2: This feature directly supports statement 2, as the architecture is characteristic of the Middle East.

Q3: For statement 1 to be true, the image would need to show architecture typical of South America, which is not present. For statement 3 to be true, the image would need to show architecture typical of Scandinavia, which is also not present.

Q4: Therefore, statement 2 is grounded.",false
04e5d2fbb37c6dafec3acc8770b94bc04c48454037ec4c9f6de0f35c0c7fdbdc,1,,true
04e5d2fbb37c6dafec3acc8770b94bc04c48454037ec4c9f6de0f35c0c7fdbdc,2,,false
b2c3e57908dcbb83589238925eac6ca33f702982acbd2d2b4f0d128b0c8cbdcc,0,"Answer: 1

Q1: The single most distinctive visual feature in this image is the large wooden column separating the library sections.
Q2: This feature directly supports statement 1, as it shows a clear division between different sections of the library, with one section labeled 'Adult Fiction'.
Q3: For statement 2 to be true, the image would need to show a section labeled 'Children's Picture Books' with books placed there. This is not present in the image.
Q4: Therefore, the statement grounded in the image is statement 1.",true
b2c3e57908dcbb83589238925eac6ca33f702982acbd2d2b4f0d128b0c8cbdcc,1,,false
b2c3e57908dcbb83589238925eac6ca33f702982acbd2d2b4f0d128b0c8cbdcc,2,,false
982a494c2bfc1e66707f3940fd7ff31784345152e648d894f74e223620c6d056,0,"Answer: 2

Q1: The single most distinctive visual feature in this image is the intricate henna design on the person's arm.
Q2: This feature directly supports statement 2, as a brush is being used to create the henna design.
Q3: For statement 1 to be true, the image would need to show a henna cone being used. For statement 3 to be true, the image would need to show a stencil being used. Neither of these features is present in the image.
Q4: Therefore, statement 2 is grounded.",false
982a494c2bfc1e66707f3940fd7ff31784345152e648d894f74e223620c6d056,1,,true
982a494c2bfc1e66707f3940fd7ff31784345152e648d894f74e223620c6d056,2,,false
8093aecc225e620a1e003d82d29572668de7a611fc982f07fdbdd1c3418e319e,0,"Answer: 3

Q1: The single most distinctive visual feature in this image is the presence of a large number of people walking and interacting in a crowded outdoor market setting.

Q2: This feature directly supports statement 3, as it depicts people shopping and engaging in market activities.

Q3: For statement 1 to be true, the image would need to show signs, banners, or other indicators of a political rally. For statement 2 to be true, the image would need to show decorations, music, or other festival elements. Neither of these features is present in the image.

Q4: Therefore, the statement grounded in the image is statement 3.",false
8093aecc225e620a1e003d82d29572668de7a611fc982f07fdbdd1c3418e319e,1,,false
8093aecc225e620a1e003d82d29572668de7a611fc982f07fdbdd1c3418e319e,2,,true
0483d6c865edb18b34d5d32569aff12f8b1cfbee49f248e0ae04fd7a35bffb5d,0,"Answer: 1

Q1: The single most distinctive visual feature in this image is the texture and pattern of the textile, which appears to be a tightly woven fabric with a consistent, uniform appearance.

Q2: This feature directly supports statement 1, as the texture and tight weave are characteristic of woolen fabrics.

Q3: For statement 2 to be true, the image would need to show a textile with a smooth, lustrous sheen and a lightweight, delicate feel, which is not present in the image. For statement 3 to be true, the image would need to show a textile with a softer, more relaxed weave and a more breathable feel, which is also not present in the image.

Q4: Therefore, statement 1 is grounded.",true
0483d6c865edb18b34d5d32569aff12f8b1cfbee49f248e0ae04fd7a35bffb5d,1,,false
0483d6c865edb18b34d5d32569aff12f8b1cfbee49f248e0ae04fd7a35bffb5d,2,,false
82005322351179e1b9c8d00cd7f163e15cbbde726ea798171337097d810cd72c,0,"Answer: 1

Q1: The single most distinctive visual feature in this image is the presence of a cup of hot chocolate with a whipped cream topping and a cup of coffee with a saucer and a spoon.

Q2: This feature directly supports statement 1, as both hot chocolate and coffee are present on the table.

Q3: For statement 2 to be true, the image would need to show juice and soda on the table. There is no evidence of juice or soda in the image.

Q4: Therefore, statement 1 is grounded.",true
82005322351179e1b9c8d00cd7f163e15cbbde726ea798171337097d810cd72c,1,,false
82005322351179e1b9c8d00cd7f163e15cbbde726ea798171337097d810cd72c,2,,false
b511168fad505346d7edcc2a10cc4d11dccfed0d0f882606a5dc90ea21875207,0,"Answer: 2

Q1: The single most distinctive visual feature in this image is the wooden stand holding the ceramic cups.

Q2: The wooden stand holding the ceramic cups directly supports statement 2.

Q3: For statement 1 to be true, the image would need to show the wooden stand being used as a cutting board, which it does not. For statement 3 to be true, the image would need to show the wooden stand being used as a decorative tray, which it does not.

Q4: Therefore, statement 2 is grounded.",false
b511168fad505346d7edcc2a10cc4d11dccfed0d0f882606a5dc90ea21875207,1,,true
b511168fad505346d7edcc2a10cc4d11dccfed0d0f882606a5dc90ea21875207,2,,false
11ab083a167f8ab37dac9ef1355ef9e00dac9e695d40ed9a24c08bdce2ca11f8,0,"Answer: 1

Q1: The single most distinctive visual feature in this image is the large banner with text and logos in the background.
Q2: The banner includes text and logos, which suggests an official or formal event, supporting statement 1.
Q3: For statement 2 to be true, the image would need to show a more personal and informal setting, such as a family gathering with personal decorations or a private venue. This is not present in the image.
Q4: Therefore, statement 1 is grounded.",true
11ab083a167f8ab37dac9ef1355ef9e00dac9e695d40ed9a24c08bdce2ca11f8,1,,false
11ab083a167f8ab37dac9ef1355ef9e00dac9e695d40ed9a24c08bdce2ca11f8,2,,false
4a55716215e2652cd7555c3a251876120e77b2b3152774486056580d9af23a55,0,"Answer: 2

Q1: The single most distinctive visual feature in this image is the basketball being held by a player in the foreground.

Q2: This feature directly supports statement 2, as it is a basketball game.

Q3: For statement 1 to be true, the image would need to show a tennis racket or a tennis ball. For statement 3 to be true, the image would need to show a volleyball or a volleyball net. Neither of these features is present in the image.

Q4: Therefore, statement 2 is grounded.",false
4a55716215e2652cd7555c3a251876120e77b2b3152774486056580d9af23a55,1,,true
4a55716215e2652cd7555c3a251876120e77b2b3152774486056580d9af23a55,2,,false
c004200a314e34687369e6850faa3f3a50f584226b5c2c88715090a02480e65e,0,"Answer: 3

Q1: The single most distinctive visual feature in this image is the palm trees scattered throughout the landscape near the village.

Q2: The presence of palm trees directly supports statement 3.

Q3: For statement 1 to be true, the image would need to show pine trees, which are not present. For statement 2 to be true, the image would need to show cactus plants, which are also not present.

Q4: Therefore, statement 3 is grounded.",false
c004200a314e34687369e6850faa3f3a50f584226b5c2c88715090a02480e65e,1,,false
c004200a314e34687369e6850faa3f3a50f584226b5c2c88715090a02480e65e,2,,true
31eac3d38e1dd3fb357103699b69c7f737dae921a15065e5fadadb9689d51e72,0,"Answer: 2

Q1: The single most distinctive visual feature in this image is the color and material of the kettle, which appears to be copper.
Q2: Yes, that feature directly supports statement 2.
Q3: For statement 1 to be true, the kettle would need to be primarily made of steel, which it is not. For statement 3 to be true, the kettle would need to be primarily made of aluminum, which it is not.
Q4: Therefore, statement 2 is grounded.",false
31eac3d38e1dd3fb357103699b69c7f737dae921a15065e5fadadb9689d51e72,1,,true
31eac3d38e1dd3fb357103699b69c7f737dae921a15065e5fadadb9689d51e72,2,,false
f2b1cfc324bc9574216fe703f42f0ac653d83b8c8e2b6ec52d486e54cdba045f,0,"Answer: 1

Q1: The single most distinctive visual feature in this image is the person holding a fishing rod and casting it into the water.
Q2: This feature directly supports statement 1, as it depicts fly fishing.
Q3: For statement 2 to be true, the image would need to show ice and frozen water. For statement 3 to be true, the image would need to show a boat or a deep-sea fishing setup. Neither of these features is present in the image.
Q4: Therefore, statement 1 is grounded.",true
f2b1cfc324bc9574216fe703f42f0ac653d83b8c8e2b6ec52d486e54cdba045f,1,,false
f2b1cfc324bc9574216fe703f42f0ac653d83b8c8e2b6ec52d486e54cdba045f,2,,false
323b0439f1ef36d65f21b5927916a99106da00859e5b829f98262fc0b939916c,0,"Answer: 1

Q1: The single most distinctive visual feature in this image is the street market stall with an array of woven baskets and bags hanging from the ceiling.

Q2: This feature directly supports statement 1, as the rustic appearance of the white buildings in the background is consistent with a rustic urban setting.

Q3: For statement 2 to be true, the image would need to show modern architectural elements, which are not present in the image. For statement 3 to be true, the image would need to show a beachside environment, which is also not present.

Q4: Therefore, statement 1 is grounded.",true
323b0439f1ef36d65f21b5927916a99106da00859e5b829f98262fc0b939916c,1,,false
323b0439f1ef36d65f21b5927916a99106da00859e5b829f98262fc0b939916c,2,,false
e09c919bb6830ca2b9bec74e2830910f51c4a05d2aec41154de263677eea0029,0,"Answer: 3

Q1: The single most distinctive visual feature in this image is the large, dome-shaped structure at the top of the building.

Q2: This feature directly supports statement 3, as such domes are commonly found in historical tombs or monuments.

Q3: For statement 1 to be true, the image would need to show the building being used as a transportation hub, which is not present.
For statement 2 to be true, the image would need to show the building being a modern government building, which is not present.

Q4: Therefore, statement 3 is grounded.",false
e09c919bb6830ca2b9bec74e2830910f51c4a05d2aec41154de263677eea0029,1,,false
e09c919bb6830ca2b9bec74e2830910f51c4a05d2aec41154de263677eea0029,2,,true
