id,statement_index,raw_prediction,prediction_parsed
39550e3c246330ee49d6f5a3f3889db8418aacf3d9ef71108ad4fb5fd27d7259,0,"The image depicts a rugged mountain range with orange rock formations, which is characteristic of a desert environment. The presence of these features indicates that the environment is not a temperate forest or a tropical coastal area.

Answer: 3",false
39550e3c246330ee49d6f5a3f3889db8418aacf3d9ef71108ad4fb5fd27d7259,1,,false
39550e3c246330ee49d6f5a3f3889db8418aacf3d9ef71108ad4fb5fd27d7259,2,,true
5f985ee30b7a618a99ff580a47522f7cc271a7a3b17ad62cc6c5859813f6d171,0,"The bus in the image has large windows and displays images of historical and cultural figures, suggesting it is designed for educational purposes rather than daily commuting. The presence of people dressed in casual attire and a child indicates it is accessible to the general public, likely for sightseeing or educational tours.

Statement 1: The bus in the image is a sightseeing tour bus for tourists.
- This statement is plausible but not directly supported by the image alone.

Statement 2: The bus in the image is a mobile museum displaying cultural and historical exhibits.
- This statement is supported by the images of historical figures displayed on the bus.

Statement 3: The bus in the image is a public transportation bus for daily commuters.
- This statement is not supported by the image, as the bus appears to be designed for educational purposes rather than daily commuting.

Answer: 2",false
5f985ee30b7a618a99ff580a47522f7cc271a7a3b17ad62cc6c5859813f6d171,1,,true
5f985ee30b7a618a99ff580a47522f7cc271a7a3b17ad62cc6c5859813f6d171,2,,false
4eaad96db51485f183fbe3ea0b14ef16e47e4daf99ef10fc29b51fee26d69b52,0,"The jeweled tiara worn with the decorated headscarf is likely used as a decorative accessory for a special occasion.

Reasoning:
1. The tiara is ornate and decorated with precious stones, which is typical for special occasions rather than everyday wear.
2. The headscarf is also decorated, suggesting that the outfit is meant for a formal or celebratory event.
3. The tiara does not appear to be functional or practical for sports activities.

Answer: 2",false
4eaad96db51485f183fbe3ea0b14ef16e47e4daf99ef10fc29b51fee26d69b52,1,,true
4eaad96db51485f183fbe3ea0b14ef16e47e4daf99ef10fc29b51fee26d69b52,2,,false
38a6dc0eb0d96a64eda567173baab7698a6054f285cc82ee26d1b51658820a06,0,"The image shows a cup of tea with a visible mint leaf and some white flowers, which are likely jasmine. The presence of the mint leaf suggests that mint is indeed an ingredient in the tea. The other two statements about chamomile and jasmine are plausible but not directly supported by the image.

Answer: 1",true
38a6dc0eb0d96a64eda567173baab7698a6054f285cc82ee26d1b51658820a06,1,,false
38a6dc0eb0d96a64eda567173baab7698a6054f285cc82ee26d1b51658820a06,2,,false
6f0acf368620aba6c02fae6e97dc641c439de3d51333c1a0936753e3e8393c48,0,"The aircraft in the image has a distinctive shape with a large, bulbous nose and a high-mounted radar dome, which are characteristic features of a military surveillance aircraft. The presence of the NATO and DTAN markings further supports this identification.

Statement 1: The aircraft shown in the image is a military surveillance aircraft. True.

Statement 2: The aircraft shown in the image is a commercial passenger plane. False.

Statement 3: The aircraft shown in the image is a cargo transport plane. False.

Answer: 1",true
6f0acf368620aba6c02fae6e97dc641c439de3d51333c1a0936753e3e8393c48,1,,false
6f0acf368620aba6c02fae6e97dc641c439de3d51333c1a0936753e3e8393c48,2,,false
15d81593d6188c3cfc630067c02f70f97a60a7625023833410bc49ead618b773,0,"The image shows a person holding a bow and arrow, aiming at a target. This indicates that the primary activity being performed is archery practice.

Statement 1: The primary activity being performed in the image is fishing. False.
Statement 2: The primary activity being performed in the image is hunting. False.
Statement 3: The primary activity being performed in the image is archery practice. True.

Answer: 3",false
15d81593d6188c3cfc630067c02f70f97a60a7625023833410bc49ead618b773,1,,false
15d81593d6188c3cfc630067c02f70f97a60a7625023833410bc49ead618b773,2,,true
3186adf7f819686f71839a1d9a48d43bf2970ec436a345dd705d8fc8f40cf717,0,"The blazer worn in the image is a burnt orange blazer with structured shoulders. 

Reasoning:
- Statement 1: The blazer is not black; it is a burnt orange color.
- Statement 2: The blazer has structured shoulders, which is evident from the image.
- Statement 3: The blazer is not a denim jacket with patches; it is a structured blazer.

Answer: 2",false
3186adf7f819686f71839a1d9a48d43bf2970ec436a345dd705d8fc8f40cf717,1,,true
3186adf7f819686f71839a1d9a48d43bf2970ec436a345dd705d8fc8f40cf717,2,,false
431192ee74f3c24a181452b35e20176a105560d01b79db447400d27f446bc30b,0,"The rug shown in the image features a central medallion and intricate patterns, which are characteristic of Islamic art. The presence of the dome-like structure in the center is reminiscent of Islamic architecture, often seen in mosques. These elements suggest that the rug is most closely associated with Muslim daily prayers (salat).

Statement 1: The rug shown in the image is most closely associated with Muslim daily prayers (salat). 
- This statement is grounded in the image.

Statement 2: The rug shown in the image is most closely associated with Hindu meditation rituals.
- This statement is not grounded in the image. The design elements do not align with Hindu meditation rituals.

Statement 3: The rug shown in the image is most closely associated with Christian church services.
- This statement is not grounded in the image. The design elements do not align with Christian church services.

Answer: 1",true
431192ee74f3c24a181452b35e20176a105560d01b79db447400d27f446bc30b,1,,false
431192ee74f3c24a181452b35e20176a105560d01b79db447400d27f446bc30b,2,,false
13f10cfb4aac3fbd382e210b09c44e70a80be386937aee9f84a3e36b70202564,0,"The image shows a harbor with boats and a variety of activities occurring. The boats are small and appear to be used for fishing, as evidenced by the nets and the presence of fish being unloaded. The harbor is bustling with activity, and there are people and vehicles present, indicating a busy fishing area rather than a luxury yacht or police patrol boat harbor.

Statement 1: The primary function of the boats seen in this harbor scene is luxury yachts for tourism. False.
- The boats in the image are small and appear to be used for fishing, not luxury yachts.

Statement 2: The primary function of the boats seen in this harbor scene is police patrol boats. False.
- The boats do not appear to be police patrol boats; they are small fishing boats.

Statement 3: The primary function of the boats seen in this harbor scene is fishing activities. True.
- The boats, nets, and fish being unloaded indicate that fishing is the primary activity in this harbor.

Answer: 3",false
13f10cfb4aac3fbd382e210b09c44e70a80be386937aee9f84a3e36b70202564,1,,false
13f10cfb4aac3fbd382e210b09c44e70a80be386937aee9f84a3e36b70202564,2,,true
f08128c6e27b047e6f33a7b12a8be07eeffb9b812e344c43810e9300f7933942,0,"The image shows a mosque with two tall minarets and a large central dome. This matches the description in Statement 1, making it true.

Statement 2 describes a pagoda-style roof and wooden beams, which do not match the mosque's architecture in the image. Therefore, this statement is false.

Statement 3 mentions a bell tower and stained glass windows, which are not present in the mosque shown in the image. Thus, this statement is also false.

Answer: 1",true
f08128c6e27b047e6f33a7b12a8be07eeffb9b812e344c43810e9300f7933942,1,,false
f08128c6e27b047e6f33a7b12a8be07eeffb9b812e344c43810e9300f7933942,2,,false
4701f69d7028310325d3b8746d76691140e64c4caa0385f64a0c5a805d5bb417,0,"The landscape shown in the image is a desert with tall sandstone formations. True or False?

The image clearly shows a desert landscape with tall sandstone formations under a blue sky. The ground is rocky and barren, with sparse vegetation, which is characteristic of desert environments. The formations are typical of sandstone, which is commonly found in desert regions.

Statement 1: The landscape shown in the image is a lush forest with waterfalls. This is False because the image shows a dry, rocky desert landscape, not a lush forest with waterfalls.

Statement 3: The landscape shown in the image is a snowy mountain range. This is False because the image shows a desert landscape with sandstone formations, not a snowy mountain range.

Answer: 2",false
4701f69d7028310325d3b8746d76691140e64c4caa0385f64a0c5a805d5bb417,1,,true
4701f69d7028310325d3b8746d76691140e64c4caa0385f64a0c5a805d5bb417,2,,false
40cc444afe6647f21b3f74100ccadf5e22cae49eb7849b11547127abef202a40,0,"The image shows a bowl of soup with a spoon and a piece of meat, accompanied by a piece of fabric with the American flag pattern. The text overlay on the image reads ""Algerian Vermicelli Soup - Chorba Vermicelle.""

Let's analyze each statement:

1. **Statement 1: The traditional soup shown in the image is most closely associated with India.**
   - The text overlay explicitly states that the soup is ""Algerian Vermicelli Soup."" Therefore, this statement is false.

2. **Statement 2: The traditional soup shown in the image is most closely associated with Italy.**
   - The text overlay again confirms that the soup is ""Algerian Vermicelli Soup."" There is no indication that this soup is associated with Italy. Therefore, this statement is false.

3. **Statement 3: The traditional soup shown in the image is most closely associated with Algeria.**
   - The text overlay clearly states that the soup is ""Algerian Vermicelli Soup."" This statement is true.

Answer: 3",false
40cc444afe6647f21b3f74100ccadf5e22cae49eb7849b11547127abef202a40,1,,false
40cc444afe6647f21b3f74100ccadf5e22cae49eb7849b11547127abef202a40,2,,true
b2960a3818d96f79756dc9b546c3050647565534e55c17f92eb2adbdf4965375,0,"1. The runner's attire in the marathon event includes a white tank top, black shorts, red compression socks, and blue running shoes.
2. The runner's attire in the marathon event includes a red jacket, black jeans, hiking boots, and a scarf.
3. The runner's attire in the marathon event includes a yellow t-shirt, green pants, white sneakers, and a sun hat.

The runner is wearing a white tank top, black shorts, red compression socks, and blue running shoes. This matches Statement 1.

The other two statements describe attire that is not present in the image. Therefore, they are False.

Answer: 1",true
b2960a3818d96f79756dc9b546c3050647565534e55c17f92eb2adbdf4965375,1,,false
b2960a3818d96f79756dc9b546c3050647565534e55c17f92eb2adbdf4965375,2,,false
62e90e2f6be94e3d441b90602c2b748b827e58d44250926aa008b0ce4ea9b159,0,"The image shows a gathering of people and livestock in what appears to be a market or fair setting. There are several trucks and vehicles, indicating that this is a place where goods and livestock are being traded. The presence of people handling and inspecting the livestock suggests that this is a livestock auction rather than a religious ritual or community festival.

Statement 1: The gathering depicted in the image is likely a religious ritual involving livestock.
- This statement is not grounded in the image. There is no clear indication of a religious ritual taking place.

Statement 2: The gathering depicted in the image is likely a general livestock auction.
- This statement is grounded in the image. The presence of livestock, people inspecting and handling the animals, and the market-like setting all suggest that this is a livestock auction.

Statement 3: The gathering depicted in the image is likely a community festival.
- This statement is not grounded in the image. There is no indication of a festive atmosphere or community gathering activities.

Answer: 2",false
62e90e2f6be94e3d441b90602c2b748b827e58d44250926aa008b0ce4ea9b159,1,,true
62e90e2f6be94e3d441b90602c2b748b827e58d44250926aa008b0ce4ea9b159,2,,false
bc223d547760f8808409711e32d8dbbf801867e8713f8ae51abcb2c0d02566e4,0,"The object shown in the image is a pendant designed to hold small religious scriptures. True or False?

The object shown in the image is a compact mirror case. True or False?

The object shown in the image is a decorative brooch for clothing. True or False?

Answer: 1",true
bc223d547760f8808409711e32d8dbbf801867e8713f8ae51abcb2c0d02566e4,1,,false
bc223d547760f8808409711e32d8dbbf801867e8713f8ae51abcb2c0d02566e4,2,,false
a5f556cefa064d136c22b8c06b2785e9d9fd17064513b377896ed5a183000366,0,"1. A bowl of fruit is not visible in the image. True/False?
   - The image shows plates and a glass of white wine, but there is no bowl of fruit visible. This statement is true.

2. Decorative ceramic plates are not visible in the image. True/False?
   - The image clearly shows decorative ceramic plates. This statement is false.

3. A glass of white wine is not visible in the image. True/False?
   - The image shows a glass of white wine. This statement is false.

Answer: 1",true
a5f556cefa064d136c22b8c06b2785e9d9fd17064513b377896ed5a183000366,1,,false
a5f556cefa064d136c22b8c06b2785e9d9fd17064513b377896ed5a183000366,2,,false
95c3deb1e6d8505899f1da230ed1f9fc984e741b8c9f40425f88ddbcf5c947ba,0,"The image depicts a large vessel with the words ""RESCUE ZONE"" prominently displayed on its side, indicating that it is a rescue vessel. The presence of various equipment and structures on the deck further supports this identification.

Statement 1: The image depicts a cargo ship. False.
Statement 2: The image depicts a fishing boat. False.
Statement 3: The image depicts a rescue vessel. True.

Answer: 3",false
95c3deb1e6d8505899f1da230ed1f9fc984e741b8c9f40425f88ddbcf5c947ba,1,,false
95c3deb1e6d8505899f1da230ed1f9fc984e741b8c9f40425f88ddbcf5c947ba,2,,true
853c3cc79483c345ffa2762b690d6f17d873314b1025a2822ba6ff6e9eec9381,0,"The image shows a landscape with rock formations and sand dunes, which are characteristic of a desert environment. Therefore, Statement 1 is true.

Statement 2 is false because there are no sea cliffs or coastal features visible in the image.

Statement 3 is false because there are no mountains, forests, or rivers depicted in the image.

Answer: 1",true
853c3cc79483c345ffa2762b690d6f17d873314b1025a2822ba6ff6e9eec9381,1,,false
853c3cc79483c345ffa2762b690d6f17d873314b1025a2822ba6ff6e9eec9381,2,,false
4030235e980ca962459e0fb568e5a9f9da5f802d0b12d2c7b147023872732333,0,"The image shows a set of tea cups and a teapot, which are typically used for serving tea and other beverages. The primary function of these objects is not to decorate a living room or store food items.

Answer: 2",false
4030235e980ca962459e0fb568e5a9f9da5f802d0b12d2c7b147023872732333,1,,true
4030235e980ca962459e0fb568e5a9f9da5f802d0b12d2c7b147023872732333,2,,false
c8db077a0919b5ccb2c27f5cde87bce0ba8adad1373209c479024492c96a64e5,0,"The backdrop in the image prominently features the text ""MISS USA"" and ""LAS VEGAS."" This indicates that the event is likely taking place in Las Vegas. 

Statement 1: The event is likely taking place in Los Angeles, as suggested by the backdrop.
- This statement is False because the backdrop clearly mentions ""LAS VEGAS"" rather than ""Los Angeles.""

Statement 2: The event is likely taking place in New York City, as suggested by the backdrop.
- This statement is also False because the backdrop clearly mentions ""LAS VEGAS"" rather than ""New York City.""

Statement 3: The event is likely taking place in Las Vegas, as suggested by the backdrop.
- This statement is True because the backdrop clearly mentions ""LAS VEGAS.""

Answer: 3",false
c8db077a0919b5ccb2c27f5cde87bce0ba8adad1373209c479024492c96a64e5,1,,false
c8db077a0919b5ccb2c27f5cde87bce0ba8adad1373209c479024492c96a64e5,2,,true
6d7552ee0748b7c24fcc23c07a3ebd549228922288d7cc1dfe4dee522ac5f235,0,"The image shows a cave with people swimming and boating inside. 

Statement 1: Rock climbing is most commonly associated with caves like the one shown in the image.
- This statement is plausible but not directly supported by the image. While rock climbing can be associated with caves, the image does not show any evidence of rock climbing.

Statement 2: Camping is most commonly associated with caves like the one shown in the image.
- This statement is also plausible but not directly supported by the image. While camping can be associated with caves, the image does not show any evidence of camping.

Statement 3: Swimming and boating is most commonly associated with caves like the one shown in the image.
- This statement is directly supported by the image. The image shows people swimming and boating inside the cave.

Answer: 3",false
6d7552ee0748b7c24fcc23c07a3ebd549228922288d7cc1dfe4dee522ac5f235,1,,false
6d7552ee0748b7c24fcc23c07a3ebd549228922288d7cc1dfe4dee522ac5f235,2,,true
e9fd9b635b64a7ee090d4ab9da281209da8958037fe9103200260a27bd239c99,0,"The historical structure depicted in the image is an ancient tomb or monument.

Reasoning:
1. The structure is dome-shaped and made of stone, which is typical of ancient tombs or monuments.
2. The presence of scattered stones and ruins around the structure suggests it is an ancient site, not a modern or medieval structure.
3. The image does not show any seating or architectural features typical of a Roman amphitheater or a medieval castle.

Answer: 1",true
e9fd9b635b64a7ee090d4ab9da281209da8958037fe9103200260a27bd239c99,1,,false
e9fd9b635b64a7ee090d4ab9da281209da8958037fe9103200260a27bd239c99,2,,false
8dba00bbbea7bea5f59da101b271732df61c920732fba975fe34603d5770afe7,0,"The object in the image is a decorative table runner. True or False?

The object in the image is a tapestry for wall decoration. True or False?

The object in the image is a prayer rug used in Islamic rituals. True or False?

Answer: 1",true
8dba00bbbea7bea5f59da101b271732df61c920732fba975fe34603d5770afe7,1,,false
8dba00bbbea7bea5f59da101b271732df61c920732fba975fe34603d5770afe7,2,,false
1515019169ee631548a685651fc7c9d9f01afc60fcea04babc3aefb3cab124d2,0,"1. The coat in the image is a long, elegant gray coat with ribbed sleeves and a belted waist.
2. The coat in the image is a bright-colored trench coat with floral patterns.
3. The coat in the image is a short casual jacket with zipper details.

The coat in the image is indeed a long, elegant gray coat with ribbed sleeves and a belted waist. The other two statements are not supported by the image.

Answer: 1",true
1515019169ee631548a685651fc7c9d9f01afc60fcea04babc3aefb3cab124d2,1,,false
1515019169ee631548a685651fc7c9d9f01afc60fcea04babc3aefb3cab124d2,2,,false
c94f2378f0c87445df82b24cac7c15dcc4b5ca1f64bf9b6c9341a1c6e4e92a32,0,"The image shows a group of camels with riders, moving across a desert landscape. This suggests that the activity is related to traveling or moving across the desert, which is consistent with desert trekking or caravan travel.

Statement 1: The activity depicted in this image is desert trekking with a caravan. True
Statement 2: The activity depicted in this image is camel racing. False
Statement 3: The activity depicted in this image is safari hunting. False

Answer: 1",true
c94f2378f0c87445df82b24cac7c15dcc4b5ca1f64bf9b6c9341a1c6e4e92a32,1,,false
c94f2378f0c87445df82b24cac7c15dcc4b5ca1f64bf9b6c9341a1c6e4e92a32,2,,false
2571c59db69638eca0d5bef88d7e8725b411dcf07dbd18afa96bc8ca4b4c575f,0,"The architectural structure shown in the image is a Roman amphitheater.

Reasoning:
1. The structure has a distinctive amphitheater shape with a large, open area surrounded by tiered seating.
2. The materials and construction style are consistent with Roman architecture, particularly the use of stone and the tiered seating arrangement.
3. The absence of any castle features such as walls, towers, or a central keep makes it unlikely that this is a medieval castle.
4. There are no features typical of a royal mausoleum, such as a central tomb or burial site.

Answer: 3",false
2571c59db69638eca0d5bef88d7e8725b411dcf07dbd18afa96bc8ca4b4c575f,1,,false
2571c59db69638eca0d5bef88d7e8725b411dcf07dbd18afa96bc8ca4b4c575f,2,,true
e7f60dd1952c62677b6dd6ce1305951631cbbbbc404e174796558660014cbaf8,0,"The image shows a man in a white coat, likely a doctor, sitting with an elderly woman who appears to be in a wheelchair. There are other individuals in the background who also seem to be medical staff. The environment looks like a clinical setting, which is consistent with a hospital or medical facility.

Statement 1: The setting of this image is a courtroom. False.
- The image does not show any elements typically associated with a courtroom, such as a judge's bench, legal documents, or a jury.

Statement 2: The setting of this image is a classroom. False.
- The image does not show any elements typically associated with a classroom, such as desks, chairs, or educational materials.

Statement 3: The setting of this image is a hospital or medical facility. True.
- The image shows individuals in medical attire, a person in a wheelchair, and a clinical environment, which are all indicative of a hospital or medical facility.

Answer: 3",false
e7f60dd1952c62677b6dd6ce1305951631cbbbbc404e174796558660014cbaf8,1,,false
e7f60dd1952c62677b6dd6ce1305951631cbbbbc404e174796558660014cbaf8,2,,true
09f1068fd4bc7bec23092ddd069d4262996dc9a5790233d64b2357c35c43bbc3,0,"The person in the image is holding a camera, which strongly suggests that they are engaged in photography. This is the most grounded statement in the image.

The second statement, that the person is engaged in sandboarding, is less likely because there is no visible sandboard or equipment that would indicate sandboarding.

The third statement, that the person is engaged in hiking, is also less likely because the person is on a sand dune, which is not a typical environment for hiking.

Therefore, the grounded statement is:

Answer: 1",true
09f1068fd4bc7bec23092ddd069d4262996dc9a5790233d64b2357c35c43bbc3,1,,false
09f1068fd4bc7bec23092ddd069d4262996dc9a5790233d64b2357c35c43bbc3,2,,false
84fab13f96e838eab5ed60534d733e6cabf0ab9f1936a797cc93c35f6ea3c2d8,0,"The image shows various woven straw objects, including bags and what appear to be napkins or cloths. 

1. The primary function of the objects in the image is to be woven straw bags used for carrying items.
   - The image clearly shows bags with handles and a stack of what looks like napkins or cloths, which are typically used for carrying items. This statement is grounded in the image.

2. The primary function of the objects in the image is to serve as decorative wall hangings.
   - There is no evidence in the image that these objects are intended to be wall hangings. This statement is not grounded in the image.

3. The primary function of the objects in the image is to be containers for storing liquids.
   - While there are containers visible in the image, they are not the primary focus and there is no indication that their primary function is to store liquids. This statement is not grounded in the image.

Answer: 1",true
84fab13f96e838eab5ed60534d733e6cabf0ab9f1936a797cc93c35f6ea3c2d8,1,,false
84fab13f96e838eab5ed60534d733e6cabf0ab9f1936a797cc93c35f6ea3c2d8,2,,false
129215dbc8d8f471c55ad54d930bf74178b998b7477814b303506df5467424f9,0,"The image shows a Sikh Gurdwara in San Jose. The architecture includes prominent domes, which are characteristic of Sikh Gurdwaras. There are no pyramids or spiral towers visible in the image.

Statement 1: Pyramids are prominently visible in the Sikh Gurdwara in San Jose.
- False. Pyramids are not visible in the image.

Statement 2: Domes are prominently visible in the Sikh Gurdwara in San Jose.
- True. Domes are prominently visible in the image.

Statement 3: Spiral Towers are prominently visible in the Sikh Gurdwara in San Jose.
- False. Spiral towers are not visible in the image.

Answer: 2",false
129215dbc8d8f471c55ad54d930bf74178b998b7477814b303506df5467424f9,1,,true
129215dbc8d8f471c55ad54d930bf74178b998b7477814b303506df5467424f9,2,,false
9212d047d787162f71fc597ad55df5a4c1b665e66240d4749807f3da3aae226c,0,"The boys are wearing formal school uniforms in the image. True or False?

Reasoning:
1. The boys are wearing maroon vests, white shirts, and maroon trousers, which are typical components of formal school uniforms.
2. The presence of a woman in a hijab and the setting of a gymnasium with bleachers further supports the idea that this is a formal school environment.
3. The attire does not resemble sports uniforms or casual attire.

Answer: 2",false
9212d047d787162f71fc597ad55df5a4c1b665e66240d4749807f3da3aae226c,1,,true
9212d047d787162f71fc597ad55df5a4c1b665e66240d4749807f3da3aae226c,2,,false
651dc2d9956251af80f32b3a1cb2d40f2ff45e482ed0e6daefc9f1f1dec8b380,0,"The heel style of the sandal in the image is a wedge heel. 

The heel style of the sandal in the image is not a block heel. 

The heel style of the sandal in the image is not a stiletto heel. 

Answer: 1",true
651dc2d9956251af80f32b3a1cb2d40f2ff45e482ed0e6daefc9f1f1dec8b380,1,,false
651dc2d9956251af80f32b3a1cb2d40f2ff45e482ed0e6daefc9f1f1dec8b380,2,,false
47fb4cc67c7de0ac76a159e8eb8e160686bf80a8b2f823aa7f607c57a7af0355,0,"The image shows the engine compartment of a car, which houses the engine and various components necessary for the car's operation. The compartment is clearly designed for housing the engine and related mechanical parts, not for personal storage or cooling purposes.

Statement 1: The primary function of the compartment shown in the image is to house the engine for the car. True.
Statement 2: The primary function of the compartment shown in the image is to serve as a storage area for personal items. False.
Statement 3: The primary function of the compartment shown in the image is to provide cooling for the car. False.

Answer: 1",true
47fb4cc67c7de0ac76a159e8eb8e160686bf80a8b2f823aa7f607c57a7af0355,1,,false
47fb4cc67c7de0ac76a159e8eb8e160686bf80a8b2f823aa7f607c57a7af0355,2,,false
3a27cf97aa63e2e506eed5a3933ac870fb7c316364f03c3e9c1e9480c92fe2b2,0,"The image shows a luxurious interior with plush seating, a table with a glass and a plate, and a high-end design. This suggests that the jet is intended for private and high-end travel rather than military or commercial use.

Statement 1: This private jet interior is most likely associated with military air transport. False.
- The interior is luxurious and not typical of military aircraft.

Statement 2: This private jet interior is most likely associated with luxury air travel. True.
- The plush seating, high-end design, and amenities suggest luxury travel.

Statement 3: This private jet interior is most likely associated with commercial airline travel. False.
- The interior is too luxurious and exclusive for commercial airline travel.

Answer: 2",false
3a27cf97aa63e2e506eed5a3933ac870fb7c316364f03c3e9c1e9480c92fe2b2,1,,true
3a27cf97aa63e2e506eed5a3933ac870fb7c316364f03c3e9c1e9480c92fe2b2,2,,false
ae140bcb0ca783c2a56438565507556547c6ce5f5d1f269bedf91daefaf271ce,0,"The image shows a red carpet event with attendees dressed in formal attire, photographers, and media personnel. This setting is typical of a film festival or a similar high-profile event rather than a corporate meeting or casual gathering.

Statement 1: True or False: The event depicted in the image is most likely a film festival.
- Reason: The red carpet, formal attire, and media presence are characteristic of film festivals.

Statement 2: True or False: The event depicted in the image is most likely a corporate meeting.
- Reason: The setting and attire do not match the typical environment of a corporate meeting.

Statement 3: True or False: The event depicted in the image is most likely a casual gathering.
- Reason: The formal attire and media presence indicate a formal and high-profile event, not a casual gathering.

Answer: 1",true
ae140bcb0ca783c2a56438565507556547c6ce5f5d1f269bedf91daefaf271ce,1,,false
ae140bcb0ca783c2a56438565507556547c6ce5f5d1f269bedf91daefaf271ce,2,,false
6ae8c37b60d9994eb7d60bd9d36bd77487c555d7580697b17cd60467e11280df,0,"The right section of the image shows a building with the sign ""MoMA,"" which stands for the Museum of Modern Art. This is a well-known museum located in New York City. The entrance has a modern design with large glass windows and a prominent sign, which is characteristic of many modern art museums.

Statement 1: The right section of the image represents a corporate office building entrance.
- This statement is False. The sign ""MoMA"" clearly indicates that this is the entrance to the Museum of Modern Art, not a corporate office building.

Statement 2: The right section of the image represents a shopping mall entrance.
- This statement is False. The sign ""MoMA"" indicates that this is the entrance to the Museum of Modern Art, not a shopping mall.

Statement 3: The right section of the image represents the Museum of Modern Art (MoMA) entrance.
- This statement is True. The sign ""MoMA"" and the architectural design clearly indicate that this is the entrance to the Museum of Modern Art.

Answer: 3",false
6ae8c37b60d9994eb7d60bd9d36bd77487c555d7580697b17cd60467e11280df,1,,false
6ae8c37b60d9994eb7d60bd9d36bd77487c555d7580697b17cd60467e11280df,2,,true
03783038c9e119decab0f571c4d4ea1ecddb201279dcad38f8362879bf6531cc,0,"To determine which statement is grounded in the image, let's analyze each statement step by step:

1. **Statement 1: This image most likely depicts a cultural music performance.**
   - The image shows a man playing a drum, which is a musical instrument. Additionally, there are other individuals in the background who appear to be engaged in an event, possibly a gathering or celebration. The presence of traditional attire and the setting suggest a cultural event, likely a music performance.

2. **Statement 2: This image most likely depicts a formal business meeting.**
   - There are no visible elements in the image that suggest a formal business meeting. The setting appears to be more casual and festive, with people dressed in traditional clothing and engaged in what looks like a performance or celebration.

3. **Statement 3: This image most likely depicts a sports competition.**
   - There are no sports equipment or athletes visible in the image. The setting and the activities depicted do not resemble a sports competition.

Based on the analysis, the grounded statement is Statement 1.

**Answer: 1**",true
03783038c9e119decab0f571c4d4ea1ecddb201279dcad38f8362879bf6531cc,1,,false
03783038c9e119decab0f571c4d4ea1ecddb201279dcad38f8362879bf6531cc,2,,false
8497eecafff7982cf7e1f1909cce8eb1f3dcdc16aee114be6c53d55ea41c8de6,0,"The image shows a series of oil lamps (diyas) lit up, which are commonly used in various Hindu festivals. 

1. Raksha Bandhan is a festival dedicated to the bond between brothers and sisters and is not primarily associated with the use of oil lamps. Therefore, this statement is False.
2. Holi is a festival of colors and is celebrated by throwing colored powder and water at each other, not by lighting oil lamps. Therefore, this statement is False.
3. Diwali, also known as the Festival of Lights, is celebrated by lighting oil lamps (diyas) and is a major festival in Hindu culture. Therefore, this statement is True.

Answer: 3",false
8497eecafff7982cf7e1f1909cce8eb1f3dcdc16aee114be6c53d55ea41c8de6,1,,false
8497eecafff7982cf7e1f1909cce8eb1f3dcdc16aee114be6c53d55ea41c8de6,2,,true
6ed4c9f1c238bb58b061a6690fc12c33b56a01c646a35ab33686b2bcc404595a,0,"The striped structure visible near the ruins is likely an archaeological research station.

Reasoning:
1. The structure is located near the archaeological ruins, which suggests it is related to the site.
2. The structure has a design that is typical for research stations, which are often used by archaeologists and researchers to store equipment and conduct studies.
3. The presence of the ruins and the structure in a remote area further supports the idea that it is a research station rather than a lifeguard hut or storage shed.

Answer: 1",true
6ed4c9f1c238bb58b061a6690fc12c33b56a01c646a35ab33686b2bcc404595a,1,,false
6ed4c9f1c238bb58b061a6690fc12c33b56a01c646a35ab33686b2bcc404595a,2,,false
cf6c9311991c7005203c8e9d0f70a7139f0e9cd81948ebf1a2fa3d8727f07a51,0,"The individuals in the image are dressed in traditional attire, which includes white thobes and black agalas, commonly worn in the Arab world. They are also wearing lanyards, which are often used for identification at events.

1. **Statement 1: These individuals might be attending a traditional sports event based on their attire and visible lanyards.**
   - **Reasoning:** Traditional sports events in the Arab world often involve participants wearing traditional clothing. The presence of lanyards suggests they are part of an organized event where identification is necessary.

2. **Statement 2: These individuals might be attending a wedding ceremony based on their attire and visible lanyards.**
   - **Reasoning:** While traditional attire is often worn at weddings, the presence of lanyards is less typical for a wedding ceremony, which usually does not require identification badges.

3. **Statement 3: These individuals might be attending a casual gathering based on their attire and visible lanyards.**
   - **Reasoning:** Casual gatherings in the Arab world often involve traditional clothing, but the presence of lanyards suggests a more formal or organized event.

**Answer: 1**",true
cf6c9311991c7005203c8e9d0f70a7139f0e9cd81948ebf1a2fa3d8727f07a51,1,,false
cf6c9311991c7005203c8e9d0f70a7139f0e9cd81948ebf1a2fa3d8727f07a51,2,,false
24b619add0d1ccb032a2d128a8a18828351a76a68df2cdde27cf69f56b22e46d,0,"The image shows a large number of cars parked in an area, with several large cargo ships docked in the background. There are no fishing boats or passenger ships visible in the image.

Statement 1: Cargo ships are docked in the port area shown in the image. True
Statement 2: Fishing boats are docked in the port area shown in the image. False
Statement 3: Passenger ships are docked in the port area shown in the image. False

Answer: 1",true
24b619add0d1ccb032a2d128a8a18828351a76a68df2cdde27cf69f56b22e46d,1,,false
24b619add0d1ccb032a2d128a8a18828351a76a68df2cdde27cf69f56b22e46d,2,,false
d1133e8edc66b3b8776417c0464c623fc4044d24cd83ada3f091f95d4ffbbc97,0,"1. The purpose of the tomato roses in the dish is to add flavor to the dish.
2. The purpose of the tomato roses in the dish is to serve as decorative garnishes.
3. The purpose of the tomato roses in the dish is to provide a source of protein.

Upon examining the image, the tomato roses are placed on top of the rice, which is a common practice in many cuisines to add visual appeal. They are not mixed with the rice or the other components of the dish, which suggests their primary role is decorative rather than functional.

Additionally, tomato roses are not a significant source of protein, as they are primarily composed of water and carbohydrates, making the third statement false.

Therefore, the only grounded statement is the second one.

Answer: 2",false
d1133e8edc66b3b8776417c0464c623fc4044d24cd83ada3f091f95d4ffbbc97,1,,true
d1133e8edc66b3b8776417c0464c623fc4044d24cd83ada3f091f95d4ffbbc97,2,,false
8d0ac4028d178afeee886e4651f03d1092326299ba3c3ecb7f2493fb78fb0bee,0,"The image shows a mosque with a minaret and a dome. The minaret is a tall, slender tower that is traditionally used to call the faithful to prayer. This is evident from the Islamic calligraphy at the top of the minaret, which is used to announce the time for prayer.

Let's analyze each statement:

1. **The primary purpose of the minaret in a mosque is to store religious artifacts.**
   - This statement is false. The primary purpose of a minaret is not to store religious artifacts. It is designed to be a place from which the call to prayer (Adhan) can be heard throughout the mosque and the surrounding area.

2. **The primary purpose of the minaret in a mosque is to call for prayer (Adhan).**
   - This statement is true. The minaret is traditionally used to call the faithful to prayer. The calligraphy at the top of the minaret is a visual representation of this purpose.

3. **The primary purpose of the minaret in a mosque is to provide shelter for visitors.**
   - This statement is false. While a minaret may provide some shelter from the elements, its primary purpose is not to serve as a shelter for visitors. It is designed to be ||| False.

The primary purpose of the minaret in a mosque is not to store religious artifacts. Instead, it serves as a place from which the call to prayer (adhan) is announced five times a day. The minaret is typically a tall, slender tower attached to the mosque, allowing the muezzin (caller) to be heard over a large area. ||| True

The primary purpose of the minaret in a mosque is indeed to call for prayer (Adhan). The minaret is a tall, slender tower that is typically located adjacent to the main prayer hall of a mosque. It serves as a vantage point from which the muezzin, a person appointed to call the faithful to prayer, can be heard throughout the surrounding area. The Adhan is the call to prayer, which is performed five times a day during the Islamic prayer times. ||| False.

The primary purpose of the minaret in a mosque is not to provide shelter for visitors. Instead, it serves as a place from which the call to prayer (adhan) is announced to the surrounding community. The minaret is typically located near the main prayer hall and is designed to be visible from a distance, allowing the call to prayer to be heard clearly. The statement is incorrect because the primary function of a minaret is religious, not to provide shelter.",false
8d0ac4028d178afeee886e4651f03d1092326299ba3c3ecb7f2493fb78fb0bee,1,,true
8d0ac4028d178afeee886e4651f03d1092326299ba3c3ecb7f2493fb78fb0bee,2,,false
f2e4eaacb50d09353ca664e50938174235e25df035f08e29c0f1178db47c5566,0,"The building in the image has a modern architectural design with large glass windows and a prominent red lighting feature. The structure appears to be a significant, multi-story building, likely intended for public use given its design and prominent location.

**Statement 1: The primary function of the building shown in the image is to serve as a cultural center for events and exhibitions.**
- The building's design, with its large glass windows and modern aesthetic, suggests it could be a cultural center. Such buildings often have large open spaces suitable for exhibitions and events.

**Statement 2: The primary function of the building shown in the image is to serve as a residential apartment complex.**
- The building's design, with its large glass windows and prominent red lighting, does not strongly suggest it is a residential apartment complex. Residential buildings typically have more uniform and less visually striking designs.

**Statement 3: The primary function of the building shown in the image is to serve as a shopping mall.**
- The building's design, with its large glass windows and modern aesthetic, could also suggest it is a shopping mall. However, the lack of visible storefronts or commercial signage makes it less likely compared to a cultural center.

Given the architectural design and the prominent red lighting, ||| False.

The image shows a modern building with a distinctive design, but there is no clear indication that it serves as a cultural center for events and exhibitions. The statement cannot be confirmed as true based on the visual information provided. ||| False.

The building shown in the image is not a residential apartment complex. It appears to be a modern architectural structure, possibly a commercial or public building, given its design and the presence of large windows and a prominent entrance. The context provided does not support the statement that it is a residential apartment complex. ||| False.

The building shown in the image is not a shopping mall. It is a modern architectural structure with a distinctive design, featuring a combination of glass and metal elements. The presence of red light streaks and the overall design suggest it could be a cultural or commercial center, but there is no clear indication that it is specifically a shopping mall.",true
f2e4eaacb50d09353ca664e50938174235e25df035f08e29c0f1178db47c5566,1,,false
f2e4eaacb50d09353ca664e50938174235e25df035f08e29c0f1178db47c5566,2,,false
322ec782a08eccba628addde6e3e75cdb65cd1696f94ba7afd0e21a695b8569b,0,"The image shows a variety of foods that are commonly associated with traditional meals in the Arab world. Let's analyze each statement:

1. **Stuffed grape leaves are traditionally used to break the fast during Ramadan.**
   - This statement is not supported by the image. The image does not show stuffed grape leaves.

2. **Dates are traditionally used to break the fast during Ramadan.**
   - This statement is supported by the image. Dates are visible in the image, which aligns with the traditional practice of breaking the fast with dates during Ramadan.

3. **Rice is traditionally used to break the fast during Ramadan.**
   - This statement is not supported by the image. The image does not show rice.

Based on the analysis, the grounded statement is:

**Answer: 2**",false
322ec782a08eccba628addde6e3e75cdb65cd1696f94ba7afd0e21a695b8569b,1,,true
322ec782a08eccba628addde6e3e75cdb65cd1696f94ba7afd0e21a695b8569b,2,,false
c91e4c3f9739ebf7121813f888f1952f5c16cef9680cdbaa1e385908fd5120c6,0,"Statement 1: Gulf Air is prominently displayed in the image during the Formula 1 race. True or False?

- The image shows a large blue sign with ""Gulf Air"" written on it, which is prominently displayed above the grandstands.

Statement 2: Rolex is prominently displayed in the image during the Formula 1 race. True or False?

- The image shows a green sign with ""Rolex"" written on it, but it is not as prominent as the ""Gulf Air"" sign.

Statement 3: Emirates is prominently displayed in the image during the Formula 1 race. True or False?

- The image does not show any signage or branding related to Emirates.

Answer: 1",true
c91e4c3f9739ebf7121813f888f1952f5c16cef9680cdbaa1e385908fd5120c6,1,,false
c91e4c3f9739ebf7121813f888f1952f5c16cef9680cdbaa1e385908fd5120c6,2,,false
298509572e3a7162626ea3fcbb3bda2e37a62075c06163b9b8ffff93b60ee5c3,0,"The image shows a person working with clay on a pottery wheel. The hands are covered in clay, and the object being shaped is a pottery piece. This indicates that the skill being demonstrated is pottery making.

Statement 1: The skill being demonstrated in this image is glass blowing. False.
Statement 2: The skill being demonstrated in this image is wood carving. False.
Statement 3: The skill being demonstrated in this image is pottery making. True.

Answer: 3",false
298509572e3a7162626ea3fcbb3bda2e37a62075c06163b9b8ffff93b60ee5c3,1,,false
298509572e3a7162626ea3fcbb3bda2e37a62075c06163b9b8ffff93b60ee5c3,2,,true
3e8b2d988a32d1982b1b872524d6fab6f9ae61c032a9b39a06770f79ae695014,0,"The image shows a seating arrangement with multiple cushions and a large rug, which is typical of traditional communal seating arrangements in many cultures, particularly in the Arab world. The design and layout do not suggest a formal dining area or an office waiting room.

Statement 1: The primary function of the seating arrangement depicted in the image is a formal dining area. False.
Statement 2: The primary function of the seating arrangement depicted in the image is traditional communal seating. True.
Statement 3: The primary function of the seating arrangement depicted in the image is an office waiting room. False.

Answer: 2",false
3e8b2d988a32d1982b1b872524d6fab6f9ae61c032a9b39a06770f79ae695014,1,,true
3e8b2d988a32d1982b1b872524d6fab6f9ae61c032a9b39a06770f79ae695014,2,,false
c5600b20c1e8d441c4d1cadabc9cf75cb6713651f7b776ae1b036c6d5afa0628,0,"Statement 1: The kettle's long gooseneck spout makes it suitable for precise pouring. True or False?

Reasoning: The long gooseneck spout of the kettle is designed to allow for precise pouring by directing the flow of liquid in a controlled manner, minimizing spillage and allowing for more accurate measurement.

Statement 2: The kettle's circular lid makes it suitable for precise pouring. True or False?

Reasoning: The circular lid of the kettle does not inherently make it suitable for precise pouring. The lid's shape does not affect the pouring process.

Statement 3: The kettle's black color makes it suitable for precise pouring. True or False?

Reasoning: The color of the kettle does not affect its suitability for precise pouring. The black color is purely aesthetic and does not influence the functionality of the kettle.

Answer: 1",true
c5600b20c1e8d441c4d1cadabc9cf75cb6713651f7b776ae1b036c6d5afa0628,1,,false
c5600b20c1e8d441c4d1cadabc9cf75cb6713651f7b776ae1b036c6d5afa0628,2,,false
069b13c415ef2f565356b87226737992a345bd9b5c54ab3dee3410756c010819,0,"The Arabic calligraphy wall piece in the image appears to be made of a material that is not plastic, wood, or gold-plated metal. It has a metallic sheen and a three-dimensional quality that is more consistent with a metal material, likely gold-plated. 

Statement 1: The Arabic calligraphy wall piece in the image is made of plastic. False.
Statement 2: The Arabic calligraphy wall piece in the image is made of gold-plated metal. True.
Statement 3: The Arabic calligraphy wall piece in the image is made of wood. False.

Answer: 2",false
069b13c415ef2f565356b87226737992a345bd9b5c54ab3dee3410756c010819,1,,true
069b13c415ef2f565356b87226737992a345bd9b5c54ab3dee3410756c010819,2,,false
744da12c3e94a02f3f32cceac55188260053c27ebdb862b3da7a3054b210f359,0,"The fort shown in the image is called Qal'at al-Bahrain. 

Reasoning:
- The fort in the image has a distinctive appearance with a flagpole bearing the flag of Bahrain, which is a red square with a white emblem in the center.
- Qal'at al-Bahrain is a well-known fort located in Bahrain, which matches the appearance and location suggested by the image.
- Arad Fort and Riffa Fort are not known to have such a distinctive flag or appearance, making the other statements less likely to be true.

Answer: 3",false
744da12c3e94a02f3f32cceac55188260053c27ebdb862b3da7a3054b210f359,1,,false
744da12c3e94a02f3f32cceac55188260053c27ebdb862b3da7a3054b210f359,2,,true
d9847923f255a93244d606ec4e743b39a63f47038889bcc93e0cfe4a49ad4f7e,0,"The image shows a corridor with a single chair placed on a red carpet. There is no chandelier or fountain visible in the corridor. Therefore, the most notable feature inside the corridor is indeed the single chair on the red carpet.

Answer: 3",false
d9847923f255a93244d606ec4e743b39a63f47038889bcc93e0cfe4a49ad4f7e,1,,false
d9847923f255a93244d606ec4e743b39a63f47038889bcc93e0cfe4a49ad4f7e,2,,true
7bfddd27d687ac68b67a65a47e7af825837a83f969024158b0f403377428e30a,0,"The image shows a musical instrument with a curved body and a series of pegs for tuning. The design and structure resemble that of an oud, a stringed instrument commonly used in Middle Eastern and North African music.

1. The guitar typically has six strings and a different body shape, usually more rectangular and less curved.
2. The violin also has a different body shape and typically has four strings.
3. The oud has a curved body and a set of pegs for tuning, which matches the instrument in the image.

Therefore, the correct statement is:

Answer: 3",false
7bfddd27d687ac68b67a65a47e7af825837a83f969024158b0f403377428e30a,1,,false
7bfddd27d687ac68b67a65a47e7af825837a83f969024158b0f403377428e30a,2,,true
f8309d0e45c4eed932b1039bed724df16138a3fa96f8d026c0cec7c76fef8bbd,0,"The equestrian statue depicted in the image has a distinct metallic sheen and texture that is characteristic of bronze. The color and reflective quality of the material, along with the intricate details and the way it captures light, are consistent with bronze statues. 

Statement 1: The equestrian statue depicted in the image is most likely made of bronze. True.

Statement 2: The equestrian statue depicted in the image is most likely made of wood. False.

Statement 3: The equestrian statue depicted in the image is most likely made of marble. False.

Answer: 1",true
f8309d0e45c4eed932b1039bed724df16138a3fa96f8d026c0cec7c76fef8bbd,1,,false
f8309d0e45c4eed932b1039bed724df16138a3fa96f8d026c0cec7c76fef8bbd,2,,false
fb4c294140d448fe8cb747bb92b2a466e1aa8e53d2abd2a123ec03562f78c7e6,0,"The image shows a cityscape with modern high-rise buildings, indicating an urban environment. There are no small shops or traditional houses visible, and the presence of traffic and cranes further supports the urban setting.

Answer: 3",false
fb4c294140d448fe8cb747bb92b2a466e1aa8e53d2abd2a123ec03562f78c7e6,1,,false
fb4c294140d448fe8cb747bb92b2a466e1aa8e53d2abd2a123ec03562f78c7e6,2,,true
d825c5f93c24b6498e06d67c4a39e6165ee7fe8b3a90639b616fe694fc082510,0,"1. Fried chicken is NOT commonly included on a charcuterie board.
2. Fresh fruits like figs are NOT commonly included on a charcuterie board.
3. Cured meats like salami are NOT commonly included on a charcuterie board.

The image shows a variety of foods typically found on a charcuterie board, including cured meats, cheeses, olives, nuts, and fresh fruits like figs. However, fried chicken is not a common component of a charcuterie board.

Answer: 1",true
d825c5f93c24b6498e06d67c4a39e6165ee7fe8b3a90639b616fe694fc082510,1,,false
d825c5f93c24b6498e06d67c4a39e6165ee7fe8b3a90639b616fe694fc082510,2,,false
73a2e7842857d6addac8be8c5acc4f054e6e305821b1bc52f0b1c12be4706411,0,"The red logo above the 'Waterfront Bremen' sign is indeed a stylized representation of a flag, which is a common way to symbolize a city or region. This is evident from the distinct red and white stripes, which are characteristic of many national flags, including the flag of Bremen.

Statement 1: The red logo above the 'Waterfront Bremen' sign likely represents an abstract art piece with no specific meaning.
- This statement is False. The logo is clearly a stylized flag, not an abstract art piece.

Statement 2: The red logo above the 'Waterfront Bremen' sign likely represents a wave-like design symbolizing water.
- This statement is False. The logo does not resemble a wave-like design; it is more indicative of a flag.

Statement 3: The red logo above the 'Waterfront Bremen' sign likely represents a flag representing Bremen's heritage.
- This statement is True. The logo is a stylized representation of a flag, which is a common way to symbolize a city or region's heritage.

Answer: 3",false
73a2e7842857d6addac8be8c5acc4f054e6e305821b1bc52f0b1c12be4706411,1,,false
73a2e7842857d6addac8be8c5acc4f054e6e305821b1bc52f0b1c12be4706411,2,,true
955069f8ea8fd4218ef3a90710b9e885defedb7950638da284753754c3eedfc7,0,"1. The person in the image is holding a microphone, which is commonly used for singing or performing. Given the context of the image, it is reasonable to infer that the microphone is being used for singing or performing.
2. The person is dressed in an elaborate outfit and is on a stage, which suggests a performance rather than a speech. The presence of an audience and the stage setup further support the idea that the microphone is for singing or performing.
3. Holding a microphone as an accessory is not a common or practical use for it. The primary function of a microphone is to amplify sound, making it unsuitable as an accessory.

Answer: 1",true
955069f8ea8fd4218ef3a90710b9e885defedb7950638da284753754c3eedfc7,1,,false
955069f8ea8fd4218ef3a90710b9e885defedb7950638da284753754c3eedfc7,2,,false
82d4f77a43546b79831710cd892e6747d02ce97e0cdd248138ec608f97d49818,0,"The image shows a traditional architectural design with intricate wooden latticework. 

1. The wooden latticework in such architectural designs typically serves to enhance the durability of the facade.
   - This statement is plausible but not directly supported by the image. The primary function of latticework is often to provide ventilation and privacy, not necessarily to enhance the durability of the facade.

2. The wooden latticework in such architectural designs typically serves to offer structural support to the building.
   - This statement is not supported by the image. While latticework can provide some support, it is not typically used for structural support in such designs.

3. The wooden latticework in such architectural designs typically serves to provide ventilation and privacy.
   - This statement is directly supported by the image. The latticework allows air to pass through while obscuring direct visibility, which is a common purpose in traditional architecture.

Answer: 3",false
82d4f77a43546b79831710cd892e6747d02ce97e0cdd248138ec608f97d49818,1,,false
82d4f77a43546b79831710cd892e6747d02ce97e0cdd248138ec608f97d49818,2,,true
0382109ef1cca88a96894838aed52b60cb6ee34728e36f4b7844d9c05f21def5,0,"The image shows a framed picture of the golden mask of Tutankhamun. The mask is depicted in a golden color, which is consistent with the known material used in the actual mask, which is gold. 

Statement 1: The primary material used in the golden mask of Tutankhamun is gold. True
Statement 2: The primary material used in the golden mask of Tutankhamun is bronze. False
Statement 3: The primary material used in the golden mask of Tutankhamun is marble. False

Answer: 1",true
0382109ef1cca88a96894838aed52b60cb6ee34728e36f4b7844d9c05f21def5,1,,false
0382109ef1cca88a96894838aed52b60cb6ee34728e36f4b7844d9c05f21def5,2,,false
0bfc117e6862520853ff46452473295d08b8e33049fff55208afb45a7b215880,0,"The image shows a building with intricate geometric and floral patterns, which are characteristic of Nubian architecture. The women are dressed in traditional Nubian clothing, further supporting the identification of the architectural style.

Statement 1: The primary architectural style depicted in the image is Modernist architecture.
- Modernist architecture typically features clean lines, minimal ornamentation, and a focus on functionality. The building in the image has elaborate decorations and intricate patterns, which are not characteristic of Modernist architecture. Therefore, this statement is False.

Statement 2: The primary architectural style depicted in the image is Gothic architecture.
- Gothic architecture is known for its pointed arches, ribbed vaults, and flying buttresses. The building in the image does not exhibit these features. Instead, it has geometric and floral patterns, which are not typical of Gothic architecture. Therefore, this statement is False.

Statement 3: The primary architectural style depicted in the image is Nubian architecture.
- The building in the image has intricate geometric and floral patterns, which are characteristic of Nubian architecture. The women are dressed in traditional Nubian clothing, further supporting the identification of the architectural style. Therefore, this statement is True.

Answer: 3",false
0bfc117e6862520853ff46452473295d08b8e33049fff55208afb45a7b215880,1,,false
0bfc117e6862520853ff46452473295d08b8e33049fff55208afb45a7b215880,2,,true
44c2b1e4710f3d6e1dc4038a03dbe459069dff3ee02e4a88d39359c03f37927c,0,"The architecture shown in the image is most likely associated with the Middle East. True/False?

The architecture in the image features a tall, narrow tower with a flat roof and small windows, which is characteristic of traditional Middle Eastern architecture. The use of mud bricks and the overall design are indicative of this region.

The architecture shown in the image is most likely associated with Scandinavia. True/False?

Scandinavian architecture typically features more modern and minimalist designs, often with a focus on functionality and simplicity. The architecture in the image does not align with these characteristics.

The architecture shown in the image is most likely associated with South America. True/False?

South American architecture often includes elements such as colorful facades, intricate designs, and influences from indigenous cultures. The architecture in the image does not reflect these features.

Answer: 1",true
44c2b1e4710f3d6e1dc4038a03dbe459069dff3ee02e4a88d39359c03f37927c,1,,false
44c2b1e4710f3d6e1dc4038a03dbe459069dff3ee02e4a88d39359c03f37927c,2,,false
63373f09973d27f0f370d6451a1506550af5f363d15f1d2969456c3b27b2002d,0,"The image shows a performer with a drum, which is a musical instrument. The performer's attire and the drum's design suggest a cultural or traditional context, which aligns with traditional dance performances. There is no evidence in the image to suggest that the performer is participating in a sporting event.

Answer: 3",false
63373f09973d27f0f370d6451a1506550af5f363d15f1d2969456c3b27b2002d,1,,false
63373f09973d27f0f370d6451a1506550af5f363d15f1d2969456c3b27b2002d,2,,true
9fb60991d818f060788ee7a9666b15c79042f9476394271f0be72236f8c60eac,0,"The image shows the Empire State Building illuminated in different colors, which is a common practice for the building to celebrate holidays, events, or cultural causes. This is a well-known tradition and is not related to providing additional lighting for city streets or signaling weather changes.

Answer: 2",false
9fb60991d818f060788ee7a9666b15c79042f9476394271f0be72236f8c60eac,1,,true
9fb60991d818f060788ee7a9666b15c79042f9476394271f0be72236f8c60eac,2,,false
1c6f2e6a732b947a036850742449784931e5b6232c0da65d1e2ee1dd7fc0f6a1,0,"The image shows a body of water with a boat in the foreground and a background featuring mountains and greenery. There are no snow-covered peaks or forests, nor are there any urban skyscrapers or roads visible.

Statement 1: The background of the image shows snow-covered peaks and forests. False.
Statement 2: The background of the image shows desert mountains and greenery. True.
Statement 3: The background of the image shows urban skyscrapers and roads. False.

Answer: 2",false
1c6f2e6a732b947a036850742449784931e5b6232c0da65d1e2ee1dd7fc0f6a1,1,,true
1c6f2e6a732b947a036850742449784931e5b6232c0da65d1e2ee1dd7fc0f6a1,2,,false
145c165299df858c1742709b4a728bc906fa748b7f7278cf5f0fb9e13bbdee45,0,"The oven in the image appears to be constructed from a material that looks like clay. The walls and the structure of the oven have a rough, earthy texture that is characteristic of clay ovens. This is further supported by the fact that clay is a common material used in traditional baking ovens, especially in regions where wood or metal might not be readily available or practical for such constructions.

On the other hand, the texture and appearance of the oven do not match those of wood or metal. Wood would typically have a smoother, more fibrous texture, and metal would have a shiny, reflective surface. Therefore, the primary material used to construct the oven shown in the image is most likely clay.

Answer: 3",false
145c165299df858c1742709b4a728bc906fa748b7f7278cf5f0fb9e13bbdee45,1,,false
145c165299df858c1742709b4a728bc906fa748b7f7278cf5f0fb9e13bbdee45,2,,true
518cd34da743c76d54a70341f3eaf41a7ea690f75d6320de918bed2676f92bf9,0,"The image shows a river flowing through a region with agricultural fields and a town. 

1. **Rail transport is most likely associated with the river shown in the image.**
   - There is no visible railway track or station in the image. The landscape is dominated by agricultural fields and a river, but no infrastructure for rail transport is evident.

2. **Water transport is most likely associated with the river shown in the image.**
   - The river is a prominent feature in the image, suggesting that water transport could be a significant mode of transportation in this region. The presence of the river indicates that water transport is likely used for moving goods and people along the river.

3. **Air transport is most likely associated with the river shown in the image.**
   - There is no visible airport or runway in the image. The landscape is primarily agricultural and rural, with no infrastructure for air transport.

Based on the analysis, the grounded statement is:

**Answer: 2**",false
518cd34da743c76d54a70341f3eaf41a7ea690f75d6320de918bed2676f92bf9,1,,true
518cd34da743c76d54a70341f3eaf41a7ea690f75d6320de918bed2676f92bf9,2,,false
2da6b996a65dcacc2a84297bd441d464211f7b7d825b4a3e212f600043ea8634,0,"The image shows a boat on a body of water with a golden hue, which is characteristic of the light during sunset. The reflections on the water and the warm colors suggest that the sun is low on the horizon, which is typical of sunset rather than morning or afternoon.

Statement 1: The image most likely depicts afternoon. False.
Statement 2: The image most likely depicts sunset. True.
Statement 3: The image most likely depicts morning. False.

Answer: 2",false
2da6b996a65dcacc2a84297bd441d464211f7b7d825b4a3e212f600043ea8634,1,,true
2da6b996a65dcacc2a84297bd441d464211f7b7d825b4a3e212f600043ea8634,2,,false
7dcce62842b9df500422b22b6239cef43b45c4ee7644e204efa7569e97909cbc,0,"First, let's analyze each statement:

Statement 1: The woman crouching in the foreground might be playing the role of an archaeologist inspecting an artifact.
- The woman is holding a gun and looking at something in her hand, which does not resemble an artifact or an excavation tool. This statement seems unlikely.

Statement 2: The woman crouching in the foreground might be playing the role of a performer in a theatrical act.
- The woman's attire and the setting do not suggest a theatrical performance. This statement also seems unlikely.

Statement 3: The woman crouching in the foreground might be playing the role of a tourist exploring the ruins.
- The woman's casual dress and the fact that she is crouching and looking at something in her hand suggest she might be exploring the ruins. This statement seems plausible.

After analyzing all the statements, the grounded statement is Statement 3.

Answer: 3",false
7dcce62842b9df500422b22b6239cef43b45c4ee7644e204efa7569e97909cbc,1,,false
7dcce62842b9df500422b22b6239cef43b45c4ee7644e204efa7569e97909cbc,2,,true
46c21f09846000b3f735c0e8371e97f5655f878676d5046690687ac9b850a736,0,"The stone statues in the image are most likely associated with the Ancient Egyptian civilization. This is evident from the style and design of the statues, which are characteristic of Egyptian art and architecture. The statues are depicted in a seated position, which is a common pose for Egyptian statues, and the headwear and facial features are consistent with Egyptian artistic conventions.

Statement 1: The stone statues are most likely associated with the Mayan civilization. False.
Statement 2: The stone statues are most likely associated with the Ancient Egyptian civilization. True.
Statement 3: The stone statues are most likely associated with the Ancient Greek civilization. False.

Answer: 2",false
46c21f09846000b3f735c0e8371e97f5655f878676d5046690687ac9b850a736,1,,true
46c21f09846000b3f735c0e8371e97f5655f878676d5046690687ac9b850a736,2,,false
57dfb319490f24a374c2d3493f19ac6aeacaf31567a5263f44dbbd497fd6aea9,0,"The image shows a restaurant with large windows that allow natural light to enter and provide views of the outside. The windows are not partitioning different sections of the restaurant, nor are they displaying advertisements. Therefore, the only statement that is grounded in the image is Statement 2.

Answer: 2",false
57dfb319490f24a374c2d3493f19ac6aeacaf31567a5263f44dbbd497fd6aea9,1,,true
57dfb319490f24a374c2d3493f19ac6aeacaf31567a5263f44dbbd497fd6aea9,2,,false
95ea0537f9a2ba09e19da48d663658674dac7f84ae0a4930c43b3aed70d19f81,0,"The image shows a piece of cloth with a simple design and a loop at the top, which could be used for various purposes. 

1. **Statement 1: This piece of cloth might represent a ceremonial garment in a religious or spiritual context.**
   - The cloth has a simple design and a loop at the top, which could be used to hang or drape over something, making it suitable for ceremonial purposes. This statement is plausible.

2. **Statement 2: This piece of cloth might represent a decorative tapestry in a religious or spiritual context.**
   - While the cloth could be used as a decorative item, the image does not provide enough context to definitively conclude that it is specifically used in a religious or spiritual context. This statement is less grounded in the image.

3. **Statement 3: This piece of cloth might represent a holy scripture cover in a religious or spiritual context.**
   - The cloth does not appear to have any specific markings or inscriptions that would suggest it is used as a scripture cover. This statement is less grounded in the image.

Based on the analysis, the most grounded statement is Statement 1.

**Answer: 1**",true
95ea0537f9a2ba09e19da48d663658674dac7f84ae0a4930c43b3aed70d19f81,1,,false
95ea0537f9a2ba09e19da48d663658674dac7f84ae0a4930c43b3aed70d19f81,2,,false
c5dd0e4bbeb8f4e88096107662273de7022800daed25382ff3f2eb6b14abbefc,0,"The image shows three men engaged in a discussion, with one pointing and holding documents, suggesting a professional context. The presence of lanyards and badges indicates a formal event, likely a conference or exhibition. The setting does not resemble a social or casual environment.

Statement 1: The most likely purpose of the interaction shown in the image is a social gathering.
- This statement is unlikely to be true because the setting and the formal attire suggest a professional context rather than a social gathering.

Statement 2: The most likely purpose of the interaction shown in the image is a casual conversation.
- This statement is also unlikely to be true because the formal attire and the presence of documents suggest a professional context rather than a casual conversation.

Statement 3: The most likely purpose of the interaction shown in the image is professional collaboration.
- This statement is the most grounded in the image. The formal attire, the presence of documents, and the professional setting all suggest that the interaction is likely related to professional collaboration.

Answer: 3",false
c5dd0e4bbeb8f4e88096107662273de7022800daed25382ff3f2eb6b14abbefc,1,,false
c5dd0e4bbeb8f4e88096107662273de7022800daed25382ff3f2eb6b14abbefc,2,,true
ea21c22362afe70f1857bda2fec2f04015b3fbd1fd47c7824a1660d9e47327c9,0,"The aircraft in the image has ""ARAB REPUBLIC OF EGYPT"" written on its side, indicating that it belongs to Egypt. The other two statements are not supported by the image.

Answer: 3",false
ea21c22362afe70f1857bda2fec2f04015b3fbd1fd47c7824a1660d9e47327c9,1,,false
ea21c22362afe70f1857bda2fec2f04015b3fbd1fd47c7824a1660d9e47327c9,2,,true
4dd982036b66409a9574496e18fd6d3a3dd3ff800c5bddec46dcab2f07c93b21,0,"1. Sandy dunes are prominently visible in the background of the image.
2. Snow-capped mountains are prominently visible in the background of the image.
3. Dense forests are prominently visible in the background of the image.

The image shows a landscape with sandy dunes in the background, which makes Statement 1 true. There are no snow-capped mountains or dense forests visible, making Statements 2 and 3 false.

Answer: 1",true
4dd982036b66409a9574496e18fd6d3a3dd3ff800c5bddec46dcab2f07c93b21,1,,false
4dd982036b66409a9574496e18fd6d3a3dd3ff800c5bddec46dcab2f07c93b21,2,,false
75f70d1e270ea0ef763c291387f11d9b6741cfb5672bbd22d58ca47c51b20d78,0,"The individuals in the image are wearing uniforms that prominently feature the McLaren and Red Bull Racing logos. The left individual is wearing a McLaren shirt, and the right individual is wearing a Red Bull Racing shirt. Therefore, the correct statement is:

Statement 1: The individuals in the image most likely represent McLaren and Red Bull Racing based on their uniforms. True

The other two statements are not supported by the uniforms worn in the image.

Answer: 1",true
75f70d1e270ea0ef763c291387f11d9b6741cfb5672bbd22d58ca47c51b20d78,1,,false
75f70d1e270ea0ef763c291387f11d9b6741cfb5672bbd22d58ca47c51b20d78,2,,false
07f962d3a52dbeb290bda6b726f41c04daa682415b5d7ae17e1bca682c0dd6a6,0,"The dish shown in the image is not Hummus, Foul Mudammas, or Tabbouleh. 

1. Hummus is a dip made from chickpeas, tahini, lemon juice, and garlic, and it is usually served with pita bread. The dish in the image does not resemble Hummus as it appears to be a stew or a soup with a creamy topping and various ingredients mixed in.

2. Foul Mudammas is a traditional Egyptian dish made from fava beans, onions, and olive oil. The dish in the image does not resemble Foul Mudammas as it does not have the characteristic fava beans or the specific preparation method.

3. Tabbouleh is a salad made from bulgur wheat, tomatoes, mint, parsley, and sometimes onions. The dish in the image does not resemble Tabbouleh as it does not have the salad-like appearance and ingredients.

Answer: 2",false
07f962d3a52dbeb290bda6b726f41c04daa682415b5d7ae17e1bca682c0dd6a6,1,,true
07f962d3a52dbeb290bda6b726f41c04daa682415b5d7ae17e1bca682c0dd6a6,2,,false
ffcabcd8550c8c0ce9ef6daaefcd6262bdfe8062b3bae473e58fba167e1e4bbe,0,"The image shows a bustling marketplace with numerous stalls and vendors. The umbrellas are prominently placed over the stalls, providing shade for the goods and the vendors. This suggests that their primary purpose is to protect the items from direct sunlight, which is crucial in a marketplace setting where goods are displayed outdoors.

Statement 1: The primary purpose of the umbrellas in the marketplace is to mark the boundaries of vendor stalls. 
- This statement is not supported by the image. The umbrellas are not primarily used to mark the boundaries of the stalls but rather to provide shade.

Statement 2: The primary purpose of the umbrellas in the marketplace is to provide shade for the vendors and goods.
- This statement is supported by the image. The umbrellas are clearly used to shield the goods and the vendors from the sun, which is a practical necessity in a marketplace.

Statement 3: The primary purpose of the umbrellas in the marketplace is to act as a decorative feature.
- This statement is not supported by the image. While the umbrellas may add a visual element to the marketplace, their primary function is to provide shade, not decoration.

Answer: 2",false
ffcabcd8550c8c0ce9ef6daaefcd6262bdfe8062b3bae473e58fba167e1e4bbe,1,,true
ffcabcd8550c8c0ce9ef6daaefcd6262bdfe8062b3bae473e58fba167e1e4bbe,2,,false
631990af5d3cf57251b53816302785cc5937567dda2ec3a0299929bbc0395b99,0,"The image shows three women in traditional attire. One woman is carrying a large metal bowl on her head, while the other two are sitting and appear to be engaged in some activity. The building in the background has a sign that reads ""Egyptian Textiles Museum,"" indicating that the area is related to textiles.

Let's analyze each statement:

1. **Statement 1: The traditional activity inferred from the image is weaving textiles.**
   - The sign ""Egyptian Textiles Museum"" suggests that textiles are a significant part of the area's culture. However, there is no direct evidence in the image of weaving textiles.

2. **Statement 2: The traditional activity inferred from the image is selling handmade pottery.**
   - There is no visible pottery or any indication of a pottery shop in the image. The focus is on the textiles museum sign.

3. **Statement 3: The traditional activity inferred from the image is carrying water vessels.**
   - The woman carrying the large metal bowl on her head is a clear indication of carrying water vessels, which is a traditional activity in many cultures, including those in the Arab world.

Based on the analysis, the grounded statement is:

** ||| False.

The image shows women carrying large metal bowls, which suggests they are engaged in an activity related to carrying or transporting goods, not weaving textiles. The presence of the Egyptian Textiles Museum sign in the background does not necessarily imply that the women are weaving textiles themselves. ||| False.

The image shows women carrying large metal bowls, which suggests they are involved in some form of manual labor or carrying goods, but there is no clear indication that they are selling handmade pottery. The presence of the Egyptian Textiles Museum sign and the traditional attire of the women suggest a cultural context, but it does not directly imply that they are selling pottery. ||| True

The image shows women carrying large metal water vessels, which suggests that the traditional activity inferred is indeed carrying water vessels.",false
631990af5d3cf57251b53816302785cc5937567dda2ec3a0299929bbc0395b99,1,,false
631990af5d3cf57251b53816302785cc5937567dda2ec3a0299929bbc0395b99,2,,true
98e27f27f5456385657ddeff31a004b65a935e019f93a4ba0ceceb6c15e58e1e,0,"The image depicts a desert landscape with large rock formations, which is characteristic of a desert environment. 

1. Snowboarding is most commonly enjoyed in landscapes like the one shown in the image.
   - False. Snowboarding is typically enjoyed in snowy, mountainous landscapes, not in desert environments.

2. Desert hiking and camping is most commonly enjoyed in landscapes like the one shown in the image.
   - True. Desert hiking and camping are common activities in desert landscapes, which are characterized by arid conditions and large rock formations.

3. Scuba diving is most commonly enjoyed in landscapes like the one shown in the image.
   - False. Scuba diving is usually done in bodies of water such as oceans, seas, or large lakes, not in desert landscapes.

Answer: 2",false
98e27f27f5456385657ddeff31a004b65a935e019f93a4ba0ceceb6c15e58e1e,1,,true
98e27f27f5456385657ddeff31a004b65a935e019f93a4ba0ceceb6c15e58e1e,2,,false
c917a665b2f4b7be90aeb18104e896168748be3e0f1c328d9ee80c2e934fce31,0,"The image shows a jousting competition where knights on horseback are engaged in a battle. The wooden barrier is clearly separating the knights, ensuring their safety and preventing collisions during the competition. 

Statement 1: The primary purpose of the wooden barrier in the jousting competition is to separate the knights for safety reasons.
- This statement is grounded in the image as the barrier is clearly separating the knights.

Statement 2: The primary purpose of the wooden barrier in the jousting competition is to mark the boundary of the competition area.
- This statement is plausible but not directly supported by the image. The barrier does mark the boundary, but the primary purpose, as shown in the image, is safety.

Statement 3: The primary purpose of the wooden barrier in the jousting competition is to provide a visual aesthetic for the event.
- This statement is not supported by the image. The primary purpose shown in the image is safety, not aesthetics.

Answer: 1",true
c917a665b2f4b7be90aeb18104e896168748be3e0f1c328d9ee80c2e934fce31,1,,false
c917a665b2f4b7be90aeb18104e896168748be3e0f1c328d9ee80c2e934fce31,2,,false
75591dd4b43385d640abbe27adc3695bf4b2318479b48f930ecebdafd4eaf8a9,0,"The dress displayed on the mannequin in the background is yellow.

Statement 1: The dress displayed on the mannequin in the background is yellow. True
Statement 2: The dress displayed on the mannequin in the background is red. False
Statement 3: The dress displayed on the mannequin in the background is black. False

Answer: 1",true
75591dd4b43385d640abbe27adc3695bf4b2318479b48f930ecebdafd4eaf8a9,1,,false
75591dd4b43385d640abbe27adc3695bf4b2318479b48f930ecebdafd4eaf8a9,2,,false
d109c687ee2d6310bd9aa8cb85e7244326cc1a741e12ae5901b1b75f65485df3,0,"1. A bowl, candles, and crosses are visible on the altar in the foreground of this religious ceremony.
2. Books, incense, and a statue are visible on the altar in the foreground of this religious ceremony.
3. A chalice, bread, and flowers are visible on the altar in the foreground of this religious ceremony.

Upon examining the image, the following observations can be made:

- The altar in the foreground does indeed have a bowl, candles, and crosses on it.
- There are no books, incense, or a statue visible on the altar.
- There are no chalices, bread, or flowers visible on the altar.

Therefore, the only statement that is grounded in the image is Statement 1.

Answer: 1",true
d109c687ee2d6310bd9aa8cb85e7244326cc1a741e12ae5901b1b75f65485df3,1,,false
d109c687ee2d6310bd9aa8cb85e7244326cc1a741e12ae5901b1b75f65485df3,2,,false
753f39baf4771f1958d3f344b53ff87850e9913c8a98c560bdfe61e637675f74,0,"The image shows a cheeseburger wrapped in checkered paper. Let's analyze each statement:

1. The purpose of the checkered paper wrapping around the cheeseburger is to keep the burger warm.
   - While wrapping in paper can sometimes help retain some heat, the primary purpose of wrapping a burger in checkered paper is more likely for presentation and cleanliness rather than specifically to keep it warm.

2. The purpose of the checkered paper wrapping around the cheeseburger is to add flavor to the burger.
   - There is no evidence in the image that suggests the checkered paper has any flavor-enhancing properties. The wrapping is more about presentation and cleanliness.

3. The purpose of the checkered paper wrapping around the cheeseburger is to enhance the presentation and keep it clean.
   - The checkered paper does enhance the visual appeal of the burger, making it look more appetizing. Additionally, it helps to keep the burger clean by preventing direct contact with the surface it is placed on.

Based on the analysis, the grounded statement is:

Answer: 3",false
753f39baf4771f1958d3f344b53ff87850e9913c8a98c560bdfe61e637675f74,1,,false
753f39baf4771f1958d3f344b53ff87850e9913c8a98c560bdfe61e637675f74,2,,true
2b4b00673758b001d4cc74c8014233d9d962e90c042b513f67d9890310d86947,0,"The split image shows two different individuals, one older and one younger, which suggests a comparison or transformation. However, there is no clear indication that they are from a movie or series, nor is there a clear indication that they are unrelated individuals. Therefore, the most grounded statement is that the split image is likely intended to highlight a before-and-after transformation.

Answer: 3",false
2b4b00673758b001d4cc74c8014233d9d962e90c042b513f67d9890310d86947,1,,false
2b4b00673758b001d4cc74c8014233d9d962e90c042b513f67d9890310d86947,2,,true
9e2e0c16f7fc67d6e6febe95241fc2ab3f0764f27e39f87886e6cee91f8685c2,0,"1. French fries are typically made from ground chickpeas or fava beans and fried into patties.
   - False. French fries are typically made from potatoes, not chickpeas or fava beans.

2. Pita bread is typically made from ground chickpeas or fava beans and fried into patties.
   - False. Pita bread is made from flour and water, not chickpeas or fava beans.

3. Falafel is typically made from ground chickpeas or fava beans and fried into patties.
   - True. Falafel is a popular Middle Eastern dish made from ground chickpeas or fava beans, mixed with herbs and spices, and then fried into patties.

Answer: 3",false
9e2e0c16f7fc67d6e6febe95241fc2ab3f0764f27e39f87886e6cee91f8685c2,1,,false
9e2e0c16f7fc67d6e6febe95241fc2ab3f0764f27e39f87886e6cee91f8685c2,2,,true
529c8680d3fd74338917c8d49dfbf260d04dd6f6056d745c4b00f41c3a28dc21,0,"The people in the image are wearing traditional costumes and are in a formation that suggests they are performing a dance. There is no evidence of sports equipment or musical instruments, and the setting does not resemble a concert stage. Therefore, the grounded statement is:

Answer: 3",false
529c8680d3fd74338917c8d49dfbf260d04dd6f6056d745c4b00f41c3a28dc21,1,,false
529c8680d3fd74338917c8d49dfbf260d04dd6f6056d745c4b00f41c3a28dc21,2,,true
f0d02d26499ca1816d27e09867544c6411852b0698251d5a57e6fe96c91b8115,0,"The kayak used by the person in the image is red.

Answer: 3",false
f0d02d26499ca1816d27e09867544c6411852b0698251d5a57e6fe96c91b8115,1,,false
f0d02d26499ca1816d27e09867544c6411852b0698251d5a57e6fe96c91b8115,2,,true
b66a90fa52076fa8d2bde619741e460e1d1e93368b836d61b0ad73446b895e66,0,"The image shows an ancient Roman amphitheater with a distinctive architectural style, featuring multiple tiers of seating and a central open space. The surrounding environment includes modern buildings and a hilly landscape, which is typical of many historical sites in the Middle East.

Let's analyze each statement:

1. **Statement 1: The Roman amphitheater shown in the image is located in Rome, Italy.**
   - This statement is not grounded in the image. The architectural style and the surrounding environment do not match the typical characteristics of Rome, Italy.

2. **Statement 2: The Roman amphitheater shown in the image is located in Athens, Greece.**
   - This statement is also not grounded in the image. The architectural style and the surrounding environment do not match the typical characteristics of Athens, Greece.

3. **Statement 3: The Roman amphitheater shown in the image is located in Amman, Jordan.**
   - This statement is grounded in the image. The architectural style and the surrounding environment match the typical characteristics of Amman, Jordan, which is known for its ancient Roman ruins and hilly landscape.

Therefore, the grounded statement is:

**Answer: 3**",false
b66a90fa52076fa8d2bde619741e460e1d1e93368b836d61b0ad73446b895e66,1,,false
b66a90fa52076fa8d2bde619741e460e1d1e93368b836d61b0ad73446b895e66,2,,true
d0d43cc31af6911c34c8a761514fe8fbe1f37288a2c00e2bdc21d5b16572dcb9,0,"The image shows Roman ruins with a city visible in the background. The city in the background appears to be Amman, Jordan, as it is a common view from the Roman ruins in Amman, known as the Citadel.

Statement 1: The city visible in the background of the Roman ruins shown in the image is Amman, Jordan. True.
Statement 2: The city visible in the background of the Roman ruins shown in the image is Athens, Greece. False.
Statement 3: The city visible in the background of the Roman ruins shown in the image is Rome, Italy. False.

Answer: 1",true
d0d43cc31af6911c34c8a761514fe8fbe1f37288a2c00e2bdc21d5b16572dcb9,1,,false
d0d43cc31af6911c34c8a761514fe8fbe1f37288a2c00e2bdc21d5b16572dcb9,2,,false
82482b65958ec1613feba182fe5f3679c514b4ce0077e5245c935c8552d73e2b,0,"The image shows a poolside area with lounge chairs and umbrellas, which is a typical setting for relaxing by a pool at a resort. The presence of palm trees and a clear sky further supports the idea of a resort environment.

Let's analyze each statement:

1. **Cocktail is most commonly associated with relaxing by a pool at a resort.**
   - This statement is plausible. Cocktails are often associated with leisure and relaxation, and they are commonly served at resorts.

2. **Soda is most commonly associated with relaxing by a pool at a resort.**
   - This statement is also plausible. Soda is a popular beverage choice for relaxation and is often available at resorts.

3. **Coffee is most commonly associated with relaxing by a pool at a resort.**
   - This statement is less likely to be true. While coffee can be enjoyed in a relaxed setting, it is not typically associated with poolside relaxation as strongly as cocktails or sodas.

Given the context of the image and the typical associations of beverages with resort environments, the most grounded statement is:

**Answer: 1**",true
82482b65958ec1613feba182fe5f3679c514b4ce0077e5245c935c8552d73e2b,1,,false
82482b65958ec1613feba182fe5f3679c514b4ce0077e5245c935c8552d73e2b,2,,false
7547049262a76d15bca0904ef38005c1d66e03d8ad62920fb0611c8d3caf06ac,0,"The image shows a room with walls and a ceiling covered in patterned fabric, which gives it a distinctive, tent-like appearance. This suggests that the primary purpose of the fabric is to create a specific ambiance, rather than for insulation or soundproofing.

Statement 1: The primary purpose of the patterned fabric on the walls and ceiling in this room is to provide insulation from heat.
- This statement is not supported by the image. The fabric does not appear to be thick or insulating, and the room does not seem to be designed for heat insulation.

Statement 2: The primary purpose of the patterned fabric on the walls and ceiling in this room is to act as soundproofing material.
- This statement is also not supported by the image. The fabric does not appear to be thick or soundproofing, and there is no indication that soundproofing was a consideration in the room's design.

Statement 3: The primary purpose of the patterned fabric on the walls and ceiling in this room is to create a tent-like ambiance.
- This statement is supported by the image. The fabric covering the walls and ceiling gives the room a distinctive, tent-like appearance, suggesting that the primary purpose was to create this ambiance.

Answer: 3",false
7547049262a76d15bca0904ef38005c1d66e03d8ad62920fb0611c8d3caf06ac,1,,false
7547049262a76d15bca0904ef38005c1d66e03d8ad62920fb0611c8d3caf06ac,2,,true
93e6aa3edcc6e8059a49b04388a45bcaf2fb2e80ceb6524f67cee1e58f347f8b,0,"1. The fireplace is most associated with music.
2. The woven chair is most associated with music.
3. The guitar is most associated with music.

The image shows a cozy room with a fireplace, a woven chair, and a guitar. The fireplace is a common feature in many rooms and does not specifically suggest a connection to music. The woven chair and the guitar are both directly related to music, as the chair is often used by musicians, and the guitar is a musical instrument. 

Therefore, the statement that is grounded in the image is:

Statement 3: The guitar is most associated with music.

Answer: 3",false
93e6aa3edcc6e8059a49b04388a45bcaf2fb2e80ceb6524f67cee1e58f347f8b,1,,false
93e6aa3edcc6e8059a49b04388a45bcaf2fb2e80ceb6524f67cee1e58f347f8b,2,,true
83a55f22bc70e9c6288061058df13dbdca32774999228f859a8e169fd4ab389b,0,"The image shows a person in a kitchen environment, wearing an apron and standing behind a table with a pizza and some dough. The presence of a pizza and the kitchen setting suggest that the person is involved in food preparation, specifically baking or cooking pizzas.

Statement 1: The primary role of the person in the image is a baker preparing bread.
- This statement is plausible but not directly supported by the image. The person is preparing a pizza, which is a type of bread, but the primary role is not explicitly stated as baking bread.

Statement 2: The primary role of the person in the image is a chef specializing in pizza.
- This statement is more grounded in the image. The person is shown with a pizza and in a kitchen setting, which suggests that their primary role is related to cooking pizzas.

Statement 3: The primary role of the person in the image is a waiter serving food.
- This statement is not supported by the image. The person is shown preparing food, not serving it to customers.

Answer: 2",false
83a55f22bc70e9c6288061058df13dbdca32774999228f859a8e169fd4ab389b,1,,true
83a55f22bc70e9c6288061058df13dbdca32774999228f859a8e169fd4ab389b,2,,false
cd8994b2b0b1dc9b024ecdc009749e31ddfb1b974a600ded544be7ea9849e67b,0,"The image shows several people holding wine glasses and clinking them together, which is a common activity during a wine tasting event. The presence of greenery in the background suggests an outdoor setting, which is typical for vineyards. Therefore, the image is likely set in a vineyard during a wine tasting event.

The other two statements are plausible but not supported by the image:
- The image does not show an indoor restaurant setting.
- The image does not show a beach party setting.

Answer: 1",true
cd8994b2b0b1dc9b024ecdc009749e31ddfb1b974a600ded544be7ea9849e67b,1,,false
cd8994b2b0b1dc9b024ecdc009749e31ddfb1b974a600ded544be7ea9849e67b,2,,false
5beaada4b9e022c72730f6aeb9a33f7e5d6afd0cce8011e2db2b3153f9d67734,0,"The men are dressed in uniforms and are marching in formation, which is typical of a ceremonial parade. There is no indication of a military training exercise or a casual group walk. 

Answer: 1",true
5beaada4b9e022c72730f6aeb9a33f7e5d6afd0cce8011e2db2b3153f9d67734,1,,false
5beaada4b9e022c72730f6aeb9a33f7e5d6afd0cce8011e2db2b3153f9d67734,2,,false
7df5d6956082f5e7672c5c54a7b815adf824f486a305af07bd171a6d04776dbb,0,"1. Coffee is served alongside the food platter in the image. False
2. Tea is served alongside the food platter in the image. False
3. Juice is served alongside the food platter in the image. True

Answer: 3",false
7df5d6956082f5e7672c5c54a7b815adf824f486a305af07bd171a6d04776dbb,1,,false
7df5d6956082f5e7672c5c54a7b815adf824f486a305af07bd171a6d04776dbb,2,,true
04f860825d781c26f3dae77c035cf4b9541af09a52a743bffdc28a8aa0d3dee2,0,"1. The transparent straw in the green beverage is likely used to drink the beverage.
2. The transparent straw in the green beverage is likely used to stir the drink.
3. The transparent straw in the green beverage is likely used to decorate the glass.

The straw is clearly inserted into the drink, indicating it is used for drinking. There is no indication that it is used for stirring or decoration.

Answer: 1",true
04f860825d781c26f3dae77c035cf4b9541af09a52a743bffdc28a8aa0d3dee2,1,,false
04f860825d781c26f3dae77c035cf4b9541af09a52a743bffdc28a8aa0d3dee2,2,,false
fed2a1c6c45d118e71e9fcd338f92fdf13911b2ce9af4fc37bc288d4dd25e703,0,"The sculpture in the image appears to be made of a light-colored stone with a somewhat rough texture. Sandstone is a sedimentary rock that can have a similar appearance and texture, often being light in color and having a somewhat rough surface. Granite and marble, on the other hand, are igneous rocks and typically have a more uniform and polished appearance.

Given these observations, the most likely material for the sculpture is sandstone.

Answer: 1",true
fed2a1c6c45d118e71e9fcd338f92fdf13911b2ce9af4fc37bc288d4dd25e703,1,,false
fed2a1c6c45d118e71e9fcd338f92fdf13911b2ce9af4fc37bc288d4dd25e703,2,,false
b8aa7648586501baef7b49e39ffa2136bdfb2dd588a9b9001f521bc57335bd95,0,"1. Statement 1: True or False: Yachts are visible in the image.
   - Reason: The image shows several boats docked along the waterfront, which appear to be yachts due to their size and design.
   
2. Statement 2: True or False: Cargo ships are visible in the image.
   - Reason: There are no large cargo ships visible in the image; the boats docked are smaller and more luxurious, typical of yachts.

3. Statement 3: True or False: Fishing boats are visible in the image.
   - Reason: The boats docked along the waterfront do not resemble fishing boats; they are too large and luxurious for fishing purposes.

Answer: 1",true
b8aa7648586501baef7b49e39ffa2136bdfb2dd588a9b9001f521bc57335bd95,1,,false
b8aa7648586501baef7b49e39ffa2136bdfb2dd588a9b9001f521bc57335bd95,2,,false
74a02d3faa094c4b3669ceb794c769440dc6cb792f78a4f5f5094e56ff6f6011,0,"The image depicts two individuals performing music in a desert setting during what appears to be sunset. The landscape is characterized by sand dunes and a clear sky, which are typical features of a desert environment. The presence of the sand dunes and the clear sky during sunset strongly supports Statement 2.

Statement 1 is incorrect because there are no mountains or valleys visible in the image. The setting is clearly a desert, not a mountain valley.

Statement 3 is also incorrect because there is no indication of a bustling city square in the image. The environment is open and barren, typical of a desert landscape, not an urban setting.

Therefore, the grounded statement is Statement 2.

Answer: 2",false
74a02d3faa094c4b3669ceb794c769440dc6cb792f78a4f5f5094e56ff6f6011,1,,true
74a02d3faa094c4b3669ceb794c769440dc6cb792f78a4f5f5094e56ff6f6011,2,,false
c6834cf09ae71141d2e082f1723054b80d99f531cd96ff466f7ed393b2da02ff,0,"The image depicts women wearing ornate hats and traditional attire, which is characteristic of the Mexican rodeo tradition known as ""escaramuza."" The hats are not just for rank or status, nor are they primarily for shade and protection. Therefore, the correct statement is:

Statement 2: The primary purpose of the ornate hats worn by the women in this image is to complement their traditional attire for Escaramuza.

Answer: 2",false
c6834cf09ae71141d2e082f1723054b80d99f531cd96ff466f7ed393b2da02ff,1,,true
c6834cf09ae71141d2e082f1723054b80d99f531cd96ff466f7ed393b2da02ff,2,,false
f6c2d56429c296a16f62c53d84f47cd6896377090525842439f90795c3018b10,0,"The image depicts a scene with people wearing traditional layered clothing, which is typical of the Arab world. The clothing includes robes and headscarves, which are common in many Arab cultures. 

Statement 1: The people in the image are predominantly wearing formal business suits.
- This statement is False. The people in the image are not wearing formal business suits; they are wearing traditional layered clothing.

Statement 2: The people in the image are predominantly wearing traditional layered clothing.
- This statement is True. The people in the image are indeed wearing traditional layered clothing, which is common in the Arab world.

Statement 3: The people in the image are predominantly wearing modern casual attire.
- This statement is False. The people in the image are not wearing modern casual attire; they are wearing traditional layered clothing.

Answer: 2",false
f6c2d56429c296a16f62c53d84f47cd6896377090525842439f90795c3018b10,1,,true
f6c2d56429c296a16f62c53d84f47cd6896377090525842439f90795c3018b10,2,,false
def867150d433d0b3fd73c919f2baa9f44fa9f67771359dabc8a275c715db681,0,"The centerpiece of the bracelet is decorated with a scenic painted design.

Answer: 2",false
def867150d433d0b3fd73c919f2baa9f44fa9f67771359dabc8a275c715db681,1,,true
def867150d433d0b3fd73c919f2baa9f44fa9f67771359dabc8a275c715db681,2,,false
673dfa465878dae79a5268ee4f55d412d7322a7d579713498cc1a2cdc30b18c8,0,"The primary color of the bottle shown in the image is blue. True or false?

The primary color of the bottle shown in the image is yellow. True or false?

The primary color of the bottle shown in the image is black. True or false?

Answer: 1",true
673dfa465878dae79a5268ee4f55d412d7322a7d579713498cc1a2cdc30b18c8,1,,false
673dfa465878dae79a5268ee4f55d412d7322a7d579713498cc1a2cdc30b18c8,2,,false
77522881923ca506d5bb616852ec5f72892befe30b4dd7f61ebc143604d2711e,0,"The person in the image is most likely applying therapeutic mud.

Reasoning:
1. The person is covered in mud from head to toe, which is not typical for someone building sandcastles.
2. The presence of mud and the context of the image suggest that the person is most likely applying therapeutic mud, which is a common practice in certain regions.
3. The person is not in the water, which makes it unlikely that they are swimming in the ocean.

Answer: 2",false
77522881923ca506d5bb616852ec5f72892befe30b4dd7f61ebc143604d2711e,1,,true
77522881923ca506d5bb616852ec5f72892befe30b4dd7f61ebc143604d2711e,2,,false
5e298622d652b407750ecbef4096901a10353915b52dd70330519cb5ca1bb8ae,0,"The sneakers shown in the image have the Nike logo prominently displayed on them. Therefore, the correct answer is:

Answer: 1",true
5e298622d652b407750ecbef4096901a10353915b52dd70330519cb5ca1bb8ae,1,,false
5e298622d652b407750ecbef4096901a10353915b52dd70330519cb5ca1bb8ae,2,,false
55c4e8729d9c87c62f0598d6fa005170cc0eb1d696b84f114e81b3921bf37edb,0,"The image shows ruins that appear to be ancient and are located in a hilly area with modern buildings in the background. The ruins have a distinctive architectural style that is not typical of Egyptian or Greek civilizations, which are known for their pyramids and columns respectively. Instead, the ruins resemble those of the Roman civilization, which often included large, open-air theaters and amphitheaters.

1. The ruins depicted in the image were built by the Egyptian civilization.
   - False. The architectural style does not match that of the Egyptian civilization.

2. The ruins depicted in the image were built by the Greek civilization.
   - False. The ruins do not resemble Greek architecture.

3. The ruins depicted in the image were built by the Roman civilization.
   - True. The ruins resemble Roman architectural styles, particularly the open-air theater.

Answer: 3",false
55c4e8729d9c87c62f0598d6fa005170cc0eb1d696b84f114e81b3921bf37edb,1,,false
55c4e8729d9c87c62f0598d6fa005170cc0eb1d696b84f114e81b3921bf37edb,2,,true
cd2c058ec1815055d59b3ddebae4c07b7c5169d8a06b5bc287150f1c05f6080f,0,"The image shows a teapot and a cup, which are typically used for preparing and serving tea. There is no evidence in the image to suggest that hot chocolate or coffee is being prepared. Therefore, the statement that tea is most likely prepared using the teapot in the image is true.

Answer: 1",true
cd2c058ec1815055d59b3ddebae4c07b7c5169d8a06b5bc287150f1c05f6080f,1,,false
cd2c058ec1815055d59b3ddebae4c07b7c5169d8a06b5bc287150f1c05f6080f,2,,false
8ac88f867da5c1af690650e25dc54c89e3a7f47c7dd5407e15fbc350d854931f,0,"The image shows a man riding a camel near the Great Pyramid of Giza. Given the context and the setting, let's analyze each statement:

1. The primary purpose of camel riding near the Great Pyramid of Giza today is a recreational activity for tourists.
   - This statement is plausible. The image shows a man dressed in casual clothing, which is typical for tourists. The presence of the Great Pyramid in the background suggests that this is a popular tourist destination, and camel rides are often offered as a way for visitors to experience the area.

2. The primary purpose of camel riding near the Great Pyramid of Giza today is a competitive sport in the region.
   - This statement is unlikely. There is no indication in the image that the camel riding is part of a competitive sport. The man appears to be casually riding the camel, which is more indicative of a recreational activity rather than a competitive event.

3. The primary purpose of camel riding near the Great Pyramid of Giza today is transportation across the desert.
   - This statement is also unlikely. While camel riding historically served as a mode of transportation across the desert, in modern times, the primary purpose is more likely to be tourism rather than practical transportation.

Given the context and the ||| True

The image shows a man riding a camel near the Great Pyramid of Giza, which is a popular tourist attraction. The presence of the camel and the man's attire suggest that this is a recreational activity for tourists. ||| False.

The image shows a man riding a camel near the Great Pyramid of Giza, but there is no indication that camel riding is a competitive sport in the region. The primary purpose of camel riding near the Great Pyramid of Giza is more likely for tourism and cultural experiences rather than a competitive sport. ||| False.

The image shows a camel being ridden near the Great Pyramid of Giza, but there is no evidence in the image that suggests camel riding is primarily used for transportation across the desert today. The primary purpose of camel riding near the Great Pyramid of Giza today is more likely for tourism and cultural experiences rather than transportation.",true
8ac88f867da5c1af690650e25dc54c89e3a7f47c7dd5407e15fbc350d854931f,1,,false
8ac88f867da5c1af690650e25dc54c89e3a7f47c7dd5407e15fbc350d854931f,2,,false
51db67baa3f887858c4d93f9648cfca7291fac298834e83cc7ae0f14ec0347fb,0,"The image shows a market with various stalls and tents, and residential buildings in the background. 

1. The residential buildings in the background serve as residential housing.
   - The buildings appear to be typical residential structures, not designed for commercial purposes. They have windows and balconies, which are common in residential buildings. Therefore, this statement is likely true.

2. The residential buildings in the background are part of a historical monument.
   - There is no indication in the image that these buildings are part of a historical monument. They look like standard residential buildings. Therefore, this statement is likely false.

3. The residential buildings in the background are used for commercial purposes.
   - The buildings do not show any signs of commercial use, such as shops or businesses. They appear to be residential. Therefore, this statement is likely false.

Answer: 1",true
51db67baa3f887858c4d93f9648cfca7291fac298834e83cc7ae0f14ec0347fb,1,,false
51db67baa3f887858c4d93f9648cfca7291fac298834e83cc7ae0f14ec0347fb,2,,false
a22f09f5772f40f1d1affd022bf16272c0fb18b7e7756b9098f0ed98c1dc6506,0,"The image shows a market stall with various grains and legumes displayed in containers and scoops. The primary purpose of the scoops visible in the image is for serving grains and legumes, as they are placed next to the containers filled with these items.

Statement 1: The primary purpose of the scoops visible in the image is for decoration. False.
Statement 2: The primary purpose of the scoops visible in the image is for serving grains and legumes. True.
Statement 3: The primary purpose of the scoops visible in the image is for stirring food in pots. False.

Answer: 2",false
a22f09f5772f40f1d1affd022bf16272c0fb18b7e7756b9098f0ed98c1dc6506,1,,true
a22f09f5772f40f1d1affd022bf16272c0fb18b7e7756b9098f0ed98c1dc6506,2,,false
582093f0f94477bec7f02c1be0361d3ef6d0beef930230f223dc2798d64e5406,0,"The image shows a keffiyeh, which is a traditional headdress and garment worn in the Arab world. The keffiyeh is typically used for protection from the sun and sand, and sometimes for cultural or ceremonial purposes. 

Let's analyze each statement:

1. **Statement 1: The primary function of the keffiyeh is to serve as a decorative tablecloth.**
   - This statement is not grounded in the image. The keffiyeh is not depicted as a tablecloth, and its primary function is not as a decorative tablecloth.

2. **Statement 2: The primary function of the keffiyeh is to provide warmth and protection from the elements.**
   - This statement is grounded in the image. The keffiyeh is shown with a fringe, which is often used to provide warmth and protection from the elements.

3. **Statement 3: The primary function of the keffiyeh is to act as a ceremonial flag.**
   - This statement is not grounded in the image. The keffiyeh is not depicted as a flag, and its primary function is not as a ceremonial flag.

Based on the analysis, the grounded statement is Statement 2.

** ||| False.

The keffiyeh, also known as a ghutra or ghutrah, is a traditional headdress and garment worn in the Middle East and North Africa. It is not primarily used as a decorative tablecloth. The image shows a keffiyeh with a decorative pattern, but its primary function is as a headscarf and not as a tablecloth. ||| False.

The keffiyeh, also known as a ghutra or ghutrah, is a traditional headdress and garment worn in the Middle East and North Africa. It is primarily used for protection from the sun and sand, as well as for cultural and religious purposes. While it can provide some warmth, its primary function is not to provide warmth and protection from the elements. ||| False.

The keffiyeh, also known as a ghutra or ghutrah, is a traditional headdress and garment worn in the Middle East and North Africa. It is primarily used as a headscarf and is not typically used as a ceremonial flag.",true
582093f0f94477bec7f02c1be0361d3ef6d0beef930230f223dc2798d64e5406,1,,false
582093f0f94477bec7f02c1be0361d3ef6d0beef930230f223dc2798d64e5406,2,,false
a4c299814f4f128d99816a1f9c4d667bd814aef6e46c3937859dc43405b4a65c,0,"The image depicts a person walking down a road with a group of livestock, including sheep and goats, following behind. The person is carrying a long stick or staff, and there are no visible tools or materials that would suggest they are building a wooden structure. Additionally, there is no indication of hunting gear or wilderness setting.

Statement 1: The primary activity being depicted in the image is building a wooden structure. True or False?
- This statement is False because there are no tools or materials for building visible in the image.

Statement 2: The primary activity being depicted in the image is herding livestock. True or False?
- This statement is True because the image clearly shows a person leading a group of livestock.

Statement 3: The primary activity being depicted in the image is hunting in the wilderness. True or False?
- This statement is False because there is no evidence of hunting or wilderness in the image.

Answer: 2",false
a4c299814f4f128d99816a1f9c4d667bd814aef6e46c3937859dc43405b4a65c,1,,true
a4c299814f4f128d99816a1f9c4d667bd814aef6e46c3937859dc43405b4a65c,2,,false
33ccafc0abe3388c52f4395435ff6e1427c8a79663863cfecc3d0a62dade7e62,0,"The image shows a large mosque with a prominent dome and minarets, surrounded by a cityscape. The mosque is the Grand Mosque of Mecca, and the Kaaba is visible within the mosque complex. The surrounding city is Mecca, which is known for its Islamic significance and the presence of the Kaaba.

Statement 1: This aerial view depicts the city of Medina, featuring the Grand Mosque and the Kaaba.
- This statement is false because the image shows Mecca, not Medina.

Statement 2: This aerial view depicts the city of Mecca, featuring the Grand Mosque and the Kaaba.
- This statement is true because the image clearly shows the Grand Mosque and the Kaaba in Mecca.

Statement 3: This aerial view depicts the city of Riyadh, featuring the Grand Mosque and the Kaaba.
- This statement is false because the image shows Mecca, not Riyadh.

Answer: 2",false
33ccafc0abe3388c52f4395435ff6e1427c8a79663863cfecc3d0a62dade7e62,1,,true
33ccafc0abe3388c52f4395435ff6e1427c8a79663863cfecc3d0a62dade7e62,2,,false
14b3d4fd73a1a2bba6652df81f705185e394b09a36e7f5d85f90d1214775df44,0,"The image shows two basketball players wearing uniforms with the word ""Michigan"" on them, indicating they are part of a basketball team. The setting appears to be an indoor basketball court, and the players are wearing basketball shoes and shorts, which are typical attire for basketball players. The presence of a basketball court and the attire of the players strongly suggest that the event is a college basketball game.

Statement 1: The event shown in the image is likely set at a college basketball game. True
Statement 2: The event shown in the image is likely set at a soccer match. False
Statement 3: The event shown in the image is likely set at a tennis tournament. False

Answer: 1",true
14b3d4fd73a1a2bba6652df81f705185e394b09a36e7f5d85f90d1214775df44,1,,false
14b3d4fd73a1a2bba6652df81f705185e394b09a36e7f5d85f90d1214775df44,2,,false
2b59a2c6d3de327c5ca63ed2fcf91fd31bf7b204de5e64779b739cc1e087baa7,0,"The image shows a settlement adjacent to a sea, with a dry, barren landscape surrounding it. The environment does not appear to be lush, forested, or mountainous. There are no visible rivers, lakes, or extensive agricultural fields.

Statement 1: The environment surrounding the settlement in the image is a lush, forested region with rivers and lakes. False.
Statement 2: The environment surrounding the settlement in the image is a dry, mountainous area adjacent to the sea. True.
Statement 3: The environment surrounding the settlement in the image is a flat plain with extensive agricultural fields. False.

Answer: 2",false
2b59a2c6d3de327c5ca63ed2fcf91fd31bf7b204de5e64779b739cc1e087baa7,1,,true
2b59a2c6d3de327c5ca63ed2fcf91fd31bf7b204de5e64779b739cc1e087baa7,2,,false
28a7522db63a0638f404221118e6b58d1f7235ea7ef88da120a7b6c125b67a2d,0,"The beanie worn by the person in the image is light green.

Answer: 1",true
28a7522db63a0638f404221118e6b58d1f7235ea7ef88da120a7b6c125b67a2d,1,,false
28a7522db63a0638f404221118e6b58d1f7235ea7ef88da120a7b6c125b67a2d,2,,false
19f9b36ef76b47c74764bd32d4c7c9cab75cc4237d333651f167235f2d5f31f3,0,"1. Lemons are not visible in the bowl in the image.
2. Apples are not visible in the bowl in the image.
3. Limes are not visible in the bowl in the image.

The bowl in the image contains lemons, limes, and grapes, but no apples. Therefore, Statement 1 is false, Statement 2 is true, and Statement 3 is false.

Answer: 2",false
19f9b36ef76b47c74764bd32d4c7c9cab75cc4237d333651f167235f2d5f31f3,1,,true
19f9b36ef76b47c74764bd32d4c7c9cab75cc4237d333651f167235f2d5f31f3,2,,false
7bd6aff6eb87d55c78b65f34d8ad213b685a45d4713cd7c94482bb06cce2530b,0,"Statement 1: The translucent blue sole of this sneaker is likely made of rubber. True or False?

Reasoning: The translucent blue sole appears to have a texture and flexibility characteristic of rubber, which is commonly used in sneaker soles for its durability and cushioning properties.

Statement 2: The translucent blue sole of this sneaker is likely made of plastic. True or False?

Reasoning: While plastic can be used in sneaker soles, the specific translucent blue texture and flexibility suggest that rubber is more likely.

Statement 3: The translucent blue sole of this sneaker is likely made of foam. True or False?

Reasoning: Foam is not typically used for the sole of a sneaker due to its lack of durability and support. The translucent blue sole does not appear to have the characteristics of foam.

Answer: 1",true
7bd6aff6eb87d55c78b65f34d8ad213b685a45d4713cd7c94482bb06cce2530b,1,,false
7bd6aff6eb87d55c78b65f34d8ad213b685a45d4713cd7c94482bb06cce2530b,2,,false
5f9aa8d0b1eca017e442a4f3b673e18d2fc46b58978069d72aaa7f06ecda91ef,0,"The image shows a tropical beach with dense greenery and a few small huts and pathways among the palm trees. 

1. Statement 1: The dense greenery without any visible structures in the aerial image most strongly suggests that the area is used for relaxation or tourism.
   - This statement is plausible but not strongly supported by the image. The dense greenery does not necessarily indicate that the area is used for relaxation or tourism.

2. Statement 2: The rocky cliffs at the edge of the image most strongly suggest that the area is used for relaxation or tourism.
   - This statement is not supported by the image. The rocky cliffs are not prominently featured and do not strongly suggest that the area is used for relaxation or tourism.

3. Statement 3: The presence of small huts and pathways among the palm trees in the aerial image most strongly suggests that the area is used for relaxation or tourism.
   - This statement is strongly supported by the image. The presence of small huts and pathways among the palm trees indicates that the area is likely used for relaxation or tourism.

Answer: 3",false
5f9aa8d0b1eca017e442a4f3b673e18d2fc46b58978069d72aaa7f06ecda91ef,1,,false
5f9aa8d0b1eca017e442a4f3b673e18d2fc46b58978069d72aaa7f06ecda91ef,2,,true
cc5af2500a4d696a723140f309e49fc390a32c2c2c47f1bd05426d0fef3912ec,0,"The dessert in the image is not gelato, as gelato typically comes in a cone or cup and is not presented in this manner. The dessert is not a cupcake either, as cupcakes are baked goods and do not resemble the ice cream and waffle structure shown. The dessert is rolled ice cream, which is consistent with the image showing ice cream and waffles.

Answer: 3",false
cc5af2500a4d696a723140f309e49fc390a32c2c2c47f1bd05426d0fef3912ec,1,,false
cc5af2500a4d696a723140f309e49fc390a32c2c2c47f1bd05426d0fef3912ec,2,,true
50e78cf4533828454e89dbedff2c5f643f9b9b075fadd0173921b56e88acb5a8,0,"The building in the image does not have a thatched roof, large glass windows, or traditional wooden elements. Instead, it features a modern design with a combination of stone and glass materials. 

Answer: 2",false
50e78cf4533828454e89dbedff2c5f643f9b9b075fadd0173921b56e88acb5a8,1,,true
50e78cf4533828454e89dbedff2c5f643f9b9b075fadd0173921b56e88acb5a8,2,,false
b22d0e4bb5f4c10b272e107acae12a4ae96e4bf14affc3237122d85a636dc050,0,"The image shows a building with large illuminated projections on its facade. The projections display what appears to be a dynamic and colorful image, possibly related to a cultural event or artistic display. 

Let's analyze each statement:

1. The primary purpose of the illuminated projections on the building's facade is to provide construction updates.
   - The image does not show any construction updates or information. The projections seem to be more artistic or thematic rather than informational.

2. The primary purpose of the illuminated projections on the building's facade is to showcase artistic visuals and cultural themes.
   - The image clearly shows a large, colorful projection that seems to be an artistic or cultural display. This makes this statement plausible.

3. The primary purpose of the illuminated projections on the building's facade is to act as advertisements for nearby businesses.
   - The image does not show any advertisements or branding that would suggest this is the primary purpose of the projections.

Based on the analysis, the grounded statement is:

Answer: 2",false
b22d0e4bb5f4c10b272e107acae12a4ae96e4bf14affc3237122d85a636dc050,1,,true
b22d0e4bb5f4c10b272e107acae12a4ae96e4bf14affc3237122d85a636dc050,2,,false
f79461e2333403b90cea6456cbebe63b9a3748593ddee089e7cac3040d9c1cdd,0,"1. Turmeric is most likely used to create the yellow color of the desserts in the image.
2. Curry powder is most likely used to create the yellow color of the desserts in the image.
3. Saffron is most likely used to create the yellow color of the desserts in the image.

Reasoning:
- Turmeric is a common ingredient used to achieve a yellow color in many desserts, especially in Middle Eastern and South Asian cuisines.
- Curry powder typically contains turmeric and other spices, but it is not the primary ingredient for yellow coloration.
- Saffron is known for its vibrant yellow color, but it is more commonly used in rice dishes and desserts rather than in the form shown in the image.

Answer: 1",true
f79461e2333403b90cea6456cbebe63b9a3748593ddee089e7cac3040d9c1cdd,1,,false
f79461e2333403b90cea6456cbebe63b9a3748593ddee089e7cac3040d9c1cdd,2,,false
80b84869fdb412d166c7474c2e9739eddf0d8354046dc8c866daf487416dda62,0,"The image shows a coffee machine with a digital display and a metallic finish. The coffee machine is not compact or portable, and there is no indication that it can brew tea. Therefore, the only grounded statement is:

Answer: 3",false
80b84869fdb412d166c7474c2e9739eddf0d8354046dc8c866daf487416dda62,1,,false
80b84869fdb412d166c7474c2e9739eddf0d8354046dc8c866daf487416dda62,2,,true
c6c3eb979d422540e033a3b45bb65494e255e453f73da45d3b4decb293954266,0,"The image shows two illuminated towers with distinctive designs. The tower on the left has a spherical shape with horizontal stripes, while the tower on the right has a cylindrical shape with a red and white striped top.

1. **Statement 1: The illuminated towers belong to Saudi Arabia.**
   - The towers in the image are not characteristic of Saudi Arabia's landmarks. Saudi Arabia is known for landmarks like the Burj Khalifa in Dubai, which is part of the United Arab Emirates, not Saudi Arabia.

2. **Statement 2: The illuminated towers belong to United Arab Emirates.**
   - The towers in the image resemble the Burj Khalifa and another tower in Dubai, which are part of the United Arab Emirates. The Burj Khalifa is the tallest building in the world and is located in Dubai, UAE.

3. **Statement 3: The illuminated towers belong to Kuwait.**
   - Kuwait is known for landmarks like the Kuwait Towers, which are not the same as the towers shown in the image.

Based on the analysis, the correct statement is Statement 2.

**Answer: 2**",false
c6c3eb979d422540e033a3b45bb65494e255e453f73da45d3b4decb293954266,1,,true
c6c3eb979d422540e033a3b45bb65494e255e453f73da45d3b4decb293954266,2,,false
d14e0c97e4b901dc492d67c879a1b7c282f6e4e4975fc0930863020936ee9865,0,"The image shows a young individual dressed in traditional attire, seated on a stage with a backdrop that includes text in Arabic. The text on the backdrop mentions ""Kuwait International Prize of..."" and ""International Du Koweit,"" which suggests that the event is related to an award ceremony.

Let's analyze each statement:

1. **The purpose of this event is a religious award ceremony.**
   - The attire of the individual and the religious context implied by the text on the backdrop suggest that this could be a religious award ceremony.

2. **The purpose of this event is a business conference.**
   - There is no visual evidence in the image that suggests this is a business conference. The context provided by the text and attire does not align with a business conference.

3. **The purpose of this event is a cultural performance.**
   - While the event could potentially be a cultural performance, the text on the backdrop and the attire of the individual suggest that it is more likely an award ceremony.

Given the evidence in the image, the most grounded statement is:

**Answer: 1**",true
d14e0c97e4b901dc492d67c879a1b7c282f6e4e4975fc0930863020936ee9865,1,,false
d14e0c97e4b901dc492d67c879a1b7c282f6e4e4975fc0930863020936ee9865,2,,false
8371f5bce8a5588462e0d3f36227c023461211875bcfec68b2983a215a9b28c7,0,"1. The primary visual feature of the ceramic plates in the image is speckled designs in various colors.
2. The primary visual feature of the ceramic plates in the image is plain white surfaces.
3. The primary visual feature of the ceramic plates in the image is engraved patterns.

The image shows ceramic plates with speckled designs in various colors, such as green, blue, red, and orange. The plates are not plain white, nor do they have engraved patterns. Therefore, the only true statement is:

Answer: 1",true
8371f5bce8a5588462e0d3f36227c023461211875bcfec68b2983a215a9b28c7,1,,false
8371f5bce8a5588462e0d3f36227c023461211875bcfec68b2983a215a9b28c7,2,,false
e565e4996286a9db0f9b0f79e25c953c89891d588000874c1cdc59b5dec83a41,0,"The image shows buildings with a distinctive geometric pattern featuring hexagonal shapes. The buildings do not have traditional brickwork and arches, nor are they characterized by smooth glass curtain walls. Therefore, the only statement that is grounded in the image is Statement 2.

Answer: 2",false
e565e4996286a9db0f9b0f79e25c953c89891d588000874c1cdc59b5dec83a41,1,,true
e565e4996286a9db0f9b0f79e25c953c89891d588000874c1cdc59b5dec83a41,2,,false
6e481b17a77fe6cbdeb81b935c1175e30fc4e33fb0b66df85d7105db751d38d2,0,"The image depicts a bustling street scene with numerous people walking and carrying shopping bags. The presence of shops and the activity of carrying bags suggest that shopping and walking are the primary activities in this setting. The other two statements about dining and watching a live performance are not supported by the visual evidence in the image.

Answer: 3",false
6e481b17a77fe6cbdeb81b935c1175e30fc4e33fb0b66df85d7105db751d38d2,1,,false
6e481b17a77fe6cbdeb81b935c1175e30fc4e33fb0b66df85d7105db751d38d2,2,,true
9996ce05358ad8f6d0fc539144490f3daeb0bbbc2e01b7b550ab322af0fe41bd,0,"The volume of the beverage can shown in the image is 250 mL.

Answer: 2",false
9996ce05358ad8f6d0fc539144490f3daeb0bbbc2e01b7b550ab322af0fe41bd,1,,true
9996ce05358ad8f6d0fc539144490f3daeb0bbbc2e01b7b550ab322af0fe41bd,2,,false
32baae2728fdb72971f415cddfa8964ad8118a2ba339b289545558a2038c2776,0,"The image depicts a traditional Middle Eastern setting with a metal teapot and cups, which are commonly used for serving tea in this region. The beverage being poured is not hot chocolate, as it is not a typical drink in this setting, nor is it green tea with mint, which is not commonly served in this manner. The beverage being poured is more likely to be traditional Arabic coffee, which is often served from a metal pot and in small cups.

Answer: 3",false
32baae2728fdb72971f415cddfa8964ad8118a2ba339b289545558a2038c2776,1,,false
32baae2728fdb72971f415cddfa8964ad8118a2ba339b289545558a2038c2776,2,,true
84a00e447d1254e83d803570fbafddb33867eeab9d9f48d3788811e7420a254b,0,"The image depicts a bar with a variety of bottles and glasses on the shelves, indicating that alcoholic beverages are likely served. The presence of a bartender and the setup of the bar further supports this. 

The other two statements, while plausible, are not directly supported by the image. There is no clear indication that tea and coffee or soft drinks and juices are served, as these items are not visible in the image.

Answer: 3",false
84a00e447d1254e83d803570fbafddb33867eeab9d9f48d3788811e7420a254b,1,,false
84a00e447d1254e83d803570fbafddb33867eeab9d9f48d3788811e7420a254b,2,,true
e13946f305ed6bd37531d28fc586bfa1f3b27eed7e55ad4749e950701d31be26,0,"The architectural design of the buildings in the image is modern glass skyscrapers.

Answer: 3",false
e13946f305ed6bd37531d28fc586bfa1f3b27eed7e55ad4749e950701d31be26,1,,false
e13946f305ed6bd37531d28fc586bfa1f3b27eed7e55ad4749e950701d31be26,2,,true
8388fe21f407730d8d71cffa13b1f5035ca8c01c42ff52905cba44d3e97eee3d,0,"The teapot in the image appears to have a glossy finish and a smooth surface, which are characteristics commonly associated with ceramic materials. Additionally, the design and the way the light reflects off the surface further suggest that it is made of ceramic.

Statement 1: The teapot is most likely made of metal.
- This statement is False. The teapot does not exhibit the typical appearance or characteristics of metal, such as a duller finish or a different texture.

Statement 2: The teapot is most likely made of ceramic.
- This statement is True. The teapot's glossy finish and smooth surface are indicative of ceramic material.

Statement 3: The teapot is most likely made of glass.
- This statement is False. The teapot does not have the transparency or the thin, delicate appearance typically associated with glass.

Answer: 2",false
8388fe21f407730d8d71cffa13b1f5035ca8c01c42ff52905cba44d3e97eee3d,1,,true
8388fe21f407730d8d71cffa13b1f5035ca8c01c42ff52905cba44d3e97eee3d,2,,false
b1eb98cbc3c4cbdf10d95d84b6dfb7112532ed9af4eee7c24e27075e71f71e0b,0,"The teapots in the image are purely decorative items with no cultural ties. False

The teapots in the image are modern kitchen appliances for boiling water. False

The teapots in the image are traditional items used in Middle Eastern tea ceremonies. True

Answer: 3",false
b1eb98cbc3c4cbdf10d95d84b6dfb7112532ed9af4eee7c24e27075e71f71e0b,1,,false
b1eb98cbc3c4cbdf10d95d84b6dfb7112532ed9af4eee7c24e27075e71f71e0b,2,,true
314d2cfb8e86eeee025acb4694606760a177dc483ceb64d3916b5b7e8352ef74,0,"The image shows three bottles with a liquid inside that appears to be brown. 

Statement 1: The primary color of the liquid inside the bottles is transparent.
- This statement is false because the liquid inside the bottles is not transparent; it is brown.

Statement 2: The primary color of the liquid inside the bottles is brown.
- This statement is true because the liquid inside the bottles is indeed brown.

Statement 3: The primary color of the liquid inside the bottles is green.
- This statement is false because the liquid inside the bottles is not green; it is brown.

Answer: 2",false
314d2cfb8e86eeee025acb4694606760a177dc483ceb64d3916b5b7e8352ef74,1,,true
314d2cfb8e86eeee025acb4694606760a177dc483ceb64d3916b5b7e8352ef74,2,,false
7c4bcf6b99ecee105992796dfb2836645890cb12f892193edf4a5c79561167b0,0,"The badge worn by the individual on the right is clearly visible and shows the emblem of the International Committee of the Red Cross (ICRC). This badge is distinct and recognizable, featuring the iconic red cross symbol.

The badge worn by the individual on the right does not represent the World Health Organization (WHO) or the United Nations (UN). The WHO and UN badges have different designs and symbols, and these are not present on the badge worn by the individual on the right.

Therefore, the correct statement is:

Statement 1: The badge worn by the individual on the right represents the International Committee of the Red Cross. True.

Answer: 1",true
7c4bcf6b99ecee105992796dfb2836645890cb12f892193edf4a5c79561167b0,1,,false
7c4bcf6b99ecee105992796dfb2836645890cb12f892193edf4a5c79561167b0,2,,false
48de441dc39acda5e929126aa0ce321aed218f457ee61015aaf60116086194cf,0,"The backing of the earring shown in the image is butterfly-shaped. True or False?

The backing of the earring shown in the image is heart-shaped. True or False?

The backing of the earring shown in the image is circular-shaped. True or False?

Answer: 1",true
48de441dc39acda5e929126aa0ce321aed218f457ee61015aaf60116086194cf,1,,false
48de441dc39acda5e929126aa0ce321aed218f457ee61015aaf60116086194cf,2,,false
37a2f143bf7cb727f93f2ce991e7d634eef3a9b06c2a837e5317fcc0bb84eeb3,0,"The bracelet in the image appears to have a metallic sheen and is attached to the wrist with a clasp, which is characteristic of metal bracelets. Given the context and the appearance, it is more likely to be made of silver rather than gold or plastic.

Answer: 2",false
37a2f143bf7cb727f93f2ce991e7d634eef3a9b06c2a837e5317fcc0bb84eeb3,1,,true
37a2f143bf7cb727f93f2ce991e7d634eef3a9b06c2a837e5317fcc0bb84eeb3,2,,false
e50997375c2d79e82bb7156c29c6f881099c69dad750b14bfee79df2fb391d70,0,"The image shows a multi-level shopping mall with various stores and people walking around. Given the context and the visible environment, it is reasonable to infer that people are shopping for goods.

Statement 1: People at this shopping mall are most likely shopping for goods. True
Statement 2: People at this shopping mall are most likely attending a musical concert. False
Statement 3: People at this shopping mall are most likely visiting a historical museum. False

Answer: 1",true
e50997375c2d79e82bb7156c29c6f881099c69dad750b14bfee79df2fb391d70,1,,false
e50997375c2d79e82bb7156c29c6f881099c69dad750b14bfee79df2fb391d70,2,,false
c09e5097291b5549dcc61836af1d0c37d48e1862d7bb9467f28abd226ffd73db,0,"The image shows a mosque with a distinctive design, featuring several elements that can be analyzed for the given statements.

1. **Stained glass windows are prominently visible in the mosque's design.**
   - Upon examining the image, there are no stained glass windows visible. The mosque's design primarily consists of stone and geometric shapes, with no stained glass elements.

2. **A bell tower is prominently visible in the mosque's design.**
   - The image does not show a bell tower. The mosque's design includes a tall, slender structure, but it does not resemble a bell tower.

3. **A minaret is prominently visible in the mosque's design.**
   - The image clearly shows a tall, slender structure that is characteristic of a minaret. This structure is a prominent feature of the mosque's design.

Based on the analysis, the statement that is grounded in the image is Statement 3.

**Answer: 3**",false
c09e5097291b5549dcc61836af1d0c37d48e1862d7bb9467f28abd226ffd73db,1,,false
c09e5097291b5549dcc61836af1d0c37d48e1862d7bb9467f28abd226ffd73db,2,,true
1eaf6f707c2a7a04d04f4fe3c9495881c2afddf46ab1420bbf3a505f855ed496,0,"The person in the image is holding a falcon, which is a common practice in falconry. The presence of the falcon and the traditional attire further support this activity. Therefore, Statement 1 is true.

Statement 2 is false because there is no evidence of a horse or racing equipment in the image.

Statement 3 is false because there is no bow or arrow visible in the image.

Answer: 1",true
1eaf6f707c2a7a04d04f4fe3c9495881c2afddf46ab1420bbf3a505f855ed496,1,,false
1eaf6f707c2a7a04d04f4fe3c9495881c2afddf46ab1420bbf3a505f855ed496,2,,false
a648a113187ee3640ff5bbfbca83a14b8f20ac72072cfaf59f7ebdac943d93d1,0,"The most prominent feature of the building in the image is the large dome with gold detailing.

Answer: 2",false
a648a113187ee3640ff5bbfbca83a14b8f20ac72072cfaf59f7ebdac943d93d1,1,,true
a648a113187ee3640ff5bbfbca83a14b8f20ac72072cfaf59f7ebdac943d93d1,2,,false
0b97f0fc2a3326080fff121b55bb7bc492d7e1cd390a0e1173298174b228bb3a,0,"The image shows a man and a woman dressed in formal attire, with the woman wearing a white wedding dress and the man in a black suit. They are embracing, which is a common pose for a wedding couple. The background features a cityscape, which does not provide any additional context to support the other two statements.

Statement 1: The event depicted in the image is a wedding ceremony. True or False?
- The woman is wearing a white wedding dress, and the man is in a formal suit. They are embracing, which is typical for a wedding ceremony. This statement is grounded in the image.

Statement 2: The event depicted in the image is a business meeting. True or False?
- There is no indication in the image that this is a business meeting. The attire and pose are more indicative of a wedding ceremony. This statement is a plausible-sounding hallucination.

Statement 3: The event depicted in the image is a casual outing. True or False?
- The formal attire and the intimate pose suggest that this is not a casual outing. This statement is a plausible-sounding hallucination.

Answer: 1",true
0b97f0fc2a3326080fff121b55bb7bc492d7e1cd390a0e1173298174b228bb3a,1,,false
0b97f0fc2a3326080fff121b55bb7bc492d7e1cd390a0e1173298174b228bb3a,2,,false
893e4b59b6de29a3a1d50697df4feac821b9a5d8b8de4144071afc327be253cd,0,"The image depicts a traditional wooden sailboat in a body of water with a modern city skyline in the background. 

1. The primary function of the traditional wooden sailboat is fishing and trade.
   - This statement is plausible as traditional wooden sailboats are often used for fishing and trade in many parts of the Arab world.

2. The primary function of the traditional wooden sailboat is military operations.
   - This statement is unlikely as traditional wooden sailboats are not typically used for military operations, especially in modern times.

3. The primary function of the traditional wooden sailboat is recreational sports.
   - This statement is also unlikely as traditional wooden sailboats are not primarily used for recreational sports.

Answer: 1",true
893e4b59b6de29a3a1d50697df4feac821b9a5d8b8de4144071afc327be253cd,1,,false
893e4b59b6de29a3a1d50697df4feac821b9a5d8b8de4144071afc327be253cd,2,,false
6def718e4acfe5057dd09e01c353d37e6487127e677b5f763d0aa8d288c29538,0,"The image shows a candle decorated with pearls, gold accents, and a floral arrangement, which is typically associated with weddings. This type of decoration is not commonly used for birthday celebrations or religious ceremonies.

Answer: 3",false
6def718e4acfe5057dd09e01c353d37e6487127e677b5f763d0aa8d288c29538,1,,false
6def718e4acfe5057dd09e01c353d37e6487127e677b5f763d0aa8d288c29538,2,,true
793f3f7f75193748e50fa4f9b9e540cc4f72da3dc21d89a9e8903aceee23eb00,0,"1. The multi-panel wall art with Arabic calligraphy in the living room most strongly reflects Islamic cultural influence.
2. The blue sofa in the living room most strongly reflects Islamic cultural influence.
3. The round wooden coffee tables in the living room most strongly reflect Islamic cultural influence.

The multi-panel wall art with Arabic calligraphy is clearly Islamic in nature, as it features Arabic script and Islamic symbols such as the crescent moon and star. This makes Statement 1 true.

The blue sofa and the round wooden coffee tables do not have any clear Islamic cultural influence. They are modern furniture pieces and do not reflect any specific cultural or religious influence. Therefore, Statements 2 and 3 are false.

Answer: 1",true
793f3f7f75193748e50fa4f9b9e540cc4f72da3dc21d89a9e8903aceee23eb00,1,,false
793f3f7f75193748e50fa4f9b9e540cc4f72da3dc21d89a9e8903aceee23eb00,2,,false
a3ab7378418d3bbc9a8c60e106b3fbf27b5ddb59bee6c0a749b5f774cc0fcca5,0,"The gray beard in the image most likely signifies wisdom and experience in the context of religion and spirituality. True/False?

Reasoning:
- The gray beard is a common symbol of age and maturity in many cultures, particularly in religious contexts.
- The man's appearance, including the white cap, suggests a religious or spiritual context.
- The gray beard is often associated with wisdom and experience, which are highly valued in many religious traditions.

Answer: 2",false
a3ab7378418d3bbc9a8c60e106b3fbf27b5ddb59bee6c0a749b5f774cc0fcca5,1,,true
a3ab7378418d3bbc9a8c60e106b3fbf27b5ddb59bee6c0a749b5f774cc0fcca5,2,,false
700e485f661d6e5090ffd5eb8d054f3ae7a5cefb9eba5403d691275f9339722c,0,"The boats shown in the image have sails, which are characteristic of sailboats. Therefore, Statement 1 is true.

Rowboats typically do not have sails and are usually propelled by oars. Therefore, Statement 2 is false.

Motorboats are powered by engines and do not have sails. Therefore, Statement 3 is false.

Answer: 1",true
700e485f661d6e5090ffd5eb8d054f3ae7a5cefb9eba5403d691275f9339722c,1,,false
700e485f661d6e5090ffd5eb8d054f3ae7a5cefb9eba5403d691275f9339722c,2,,false
b429e3294d4dcfb54b0f2d3a5a9779f2abedc220683344c993dd09afe56b083b,0,"The image shows a person aiming an arrow at a target. The target has a central bullseye, indicating that the goal is to hit the center of the target.

Statement 1: The primary goal when practicing archery is to shoot arrows as far as possible. True or False?
- This statement is not supported by the image. The image does not show the person aiming for distance but rather accuracy.

Statement 2: The primary goal when practicing archery is to hit the center of the target. True or False?
- This statement is supported by the image. The target has a clear bullseye, indicating that hitting the center is a goal.

Statement 3: The primary goal when practicing archery is to perform tricks with the bow. True or False?
- This statement is not supported by the image. The image does not show any tricks being performed with the bow.

Answer: 2",false
b429e3294d4dcfb54b0f2d3a5a9779f2abedc220683344c993dd09afe56b083b,1,,true
b429e3294d4dcfb54b0f2d3a5a9779f2abedc220683344c993dd09afe56b083b,2,,false
8ed36307aefad04cd04651ac8e77882fbfe012ae3bd54820c937b9f0baf0a514,0,"The building in the image shows significant signs of wear and damage, including peeling paint and bullet holes. These signs suggest that the building has experienced some form of conflict or neglect over time, rather than being newly constructed or recently renovated.

Statement 1: The peeling paint and bullet holes on the building suggest that it is a newly constructed building. False.
Statement 2: The peeling paint and bullet holes on the building suggest that it has possibly witnessed conflict or neglect. True.
Statement 3: The peeling paint and bullet holes on the building suggest that it has been recently renovated. False.

Answer: 2",false
8ed36307aefad04cd04651ac8e77882fbfe012ae3bd54820c937b9f0baf0a514,1,,true
8ed36307aefad04cd04651ac8e77882fbfe012ae3bd54820c937b9f0baf0a514,2,,false
faf9256385913a8852ca3058fb1d998ca8af285ed2a915b1e2aa31fe7ba9a591,0,"The image shows a man performing an action that appears to be ablution before prayer, which is a common practice in Islamic culture. The presence of the man and the setup suggest that this area is used for performing ablution before prayer.

Statement 1: The primary function of the area shown in the image is relaxing and enjoying the outdoors.
- This statement is not grounded in the image. The image does not show people relaxing or enjoying the outdoors; it shows a man performing an action that is more likely related to religious practices.

Statement 2: The primary function of the area shown in the image is conducting religious ceremonies.
- This statement is plausible but not directly grounded in the image. While the area could be used for religious ceremonies, the specific action shown in the image is more closely related to performing ablution before prayer.

Statement 3: The primary function of the area shown in the image is performing ablution before prayer.
- This statement is grounded in the image. The man in the image is performing an action that is consistent with performing ablution before prayer.

Answer: 3",false
faf9256385913a8852ca3058fb1d998ca8af285ed2a915b1e2aa31fe7ba9a591,1,,false
faf9256385913a8852ca3058fb1d998ca8af285ed2a915b1e2aa31fe7ba9a591,2,,true
00c65ee412817601b3e450f26f088c0eb876f7003825010f1a7c41b3f560f439,0,"The image shows a sign for ""Nadad's Migration Camp"" and a vehicle with the text ""Nadad's Adventures"" on its barrels. The vehicle is parked in a grassy area, which is typical for safari tours. The presence of the sign and the vehicle's branding suggest that it is used for tourism, specifically for wildlife safaris.

Statement 1: The main purpose of the vehicle shown in the image is delivering goods to remote villages.
- This statement is not supported by the image. There is no indication that the vehicle is used for delivering goods.

Statement 2: The main purpose of the vehicle shown in the image is providing emergency medical services.
- This statement is not supported by the image. There is no indication that the vehicle is used for medical services.

Statement 3: The main purpose of the vehicle shown in the image is transporting tourists on wildlife safaris.
- This statement is supported by the image. The sign and the vehicle's branding suggest that it is used for tourism, specifically for wildlife safaris.

Answer: 3",false
00c65ee412817601b3e450f26f088c0eb876f7003825010f1a7c41b3f560f439,1,,false
00c65ee412817601b3e450f26f088c0eb876f7003825010f1a7c41b3f560f439,2,,true
ff4aa6b830370f47b53b9c955d4c79149497e6e8ff225faa95527f501d73baa3,0,"The image shows two athletes wrestling on a blue mat. The mat is clearly visible and is the primary surface on which the athletes are competing. The other two statements are not supported by the image.

Statement 1: The athletes are competing on a wooden court. False.
Statement 2: The athletes are competing on a blue wrestling mat. True.
Statement 3: The athletes are competing on a grass field. False.

Answer: 2",false
ff4aa6b830370f47b53b9c955d4c79149497e6e8ff225faa95527f501d73baa3,1,,true
ff4aa6b830370f47b53b9c955d4c79149497e6e8ff225faa95527f501d73baa3,2,,false
170d2edd40b1b1afab8bae70a46f6d926d0be521706b2c51ab3ffd8576226091,0,"The image shows the ruins of an ancient structure with arches and columns, which are characteristic of Roman or Byzantine architecture. These architectural elements are commonly associated with religious buildings, such as churches or temples, rather than modern-day parks or industrial warehouses.

1. The site shown in the image was most likely used as a modern-day park.
   - This statement is False. The ruins do not resemble a modern park; they are ancient architectural remains.

2. The site shown in the image was most likely used as an industrial warehouse.
   - This statement is False. The ruins do not resemble an industrial warehouse; they are ancient architectural remains.

3. The site shown in the image was most likely used as a religious temple.
   - This statement is True. The ruins have the characteristics of a religious temple, such as arches and columns.

Answer: 3",false
170d2edd40b1b1afab8bae70a46f6d926d0be521706b2c51ab3ffd8576226091,1,,false
170d2edd40b1b1afab8bae70a46f6d926d0be521706b2c51ab3ffd8576226091,2,,true
4437f4253824920510960c5b9a7343a841933d5b79e6f7a86841bb7d9c32d67b,0,"The image shows a pier with a ladder extending into the water. The primary function of the ladder in this context is to provide access to the water for swimming. The other two statements are plausible but not supported by the image.

Statement 1: The primary function of the ladder on the pier is to anchor the pier.
- This statement is not supported by the image. The ladder is not anchoring the pier; it is simply a structure for accessing the water.

Statement 2: The primary function of the ladder on the pier is to climb onto boats.
- This statement is plausible but not supported by the image. There are no boats visible in the image, and the ladder is not positioned in a way that suggests it is used for boarding boats.

Statement 3: The primary function of the ladder on the pier is to access the water for swimming.
- This statement is supported by the image. The ladder is clearly positioned in the water, indicating that it is used for accessing the water for swimming.

Answer: 3",false
4437f4253824920510960c5b9a7343a841933d5b79e6f7a86841bb7d9c32d67b,1,,false
4437f4253824920510960c5b9a7343a841933d5b79e6f7a86841bb7d9c32d67b,2,,true
8cd93566938e6aacdf58e99b16a3fec7db669c795dfbef9682886cfc0efdc3c3,0,"The canoe in the image has a visible wood grain pattern, indicating that it is made of wood. The paddle and other equipment also appear to be made of wood, which supports the conclusion that the primary material used to construct the canoe is wood.

Statement 1: The primary material used to construct the canoe shown in the image is plastic. False.
Statement 2: The primary material used to construct the canoe shown in the image is wood. True.
Statement 3: The primary material used to construct the canoe shown in the image is metal. False.

Answer: 2",false
8cd93566938e6aacdf58e99b16a3fec7db669c795dfbef9682886cfc0efdc3c3,1,,true
8cd93566938e6aacdf58e99b16a3fec7db669c795dfbef9682886cfc0efdc3c3,2,,false
a05e955af4d4f801bb40e9182695be9f46ea71f71a1b4bdd16bfaaa72269b695,0,"The background of the image on the left shows a street with various signs and a large window, which is indicative of a shopping street. There are no elements such as trees or open spaces that would suggest a rural or park setting.

Answer: 2",false
a05e955af4d4f801bb40e9182695be9f46ea71f71a1b4bdd16bfaaa72269b695,1,,true
a05e955af4d4f801bb40e9182695be9f46ea71f71a1b4bdd16bfaaa72269b695,2,,false
a4e4b2c332c6c6f1601a79321d4d765ad8db1291566da77c61926073f3e0b0d3,0,"The primary material used in the construction of the staircase in the image is stone. The steps and the walls of the staircase are made of stone, which is evident from the texture and color of the materials.

The primary material used in the construction of the staircase in the image is wood. This is incorrect because the steps and walls are clearly made of stone, not wood.

The primary material used in the construction of the staircase in the image is glass. This is incorrect because the steps and walls are made of stone, not glass.

Answer: 1",true
a4e4b2c332c6c6f1601a79321d4d765ad8db1291566da77c61926073f3e0b0d3,1,,false
a4e4b2c332c6c6f1601a79321d4d765ad8db1291566da77c61926073f3e0b0d3,2,,false
0a3867d2ce545aa6d8d2547648346365f63ae77fd771a6a06ff6bd44c63e77f8,0,"The landscape shown in the image is a coastal landscape with cliffs. True or False?

The image clearly shows a coastal landscape with cliffs and the ocean. The presence of cliffs and the ocean waves are evident, making Statement 1 true.

The landscape shown in the image is a mountainous terrain. True or False?

There are no mountains or mountainous terrain visible in the image. The landscape is primarily coastal with cliffs and the ocean, making Statement 2 false.

The landscape shown in the image is a desert with dunes. True or False?

The image does not show any dunes or desert characteristics. It is a coastal landscape with cliffs and the ocean, making Statement 3 false.

Answer: 1",true
0a3867d2ce545aa6d8d2547648346365f63ae77fd771a6a06ff6bd44c63e77f8,1,,false
0a3867d2ce545aa6d8d2547648346365f63ae77fd771a6a06ff6bd44c63e77f8,2,,false
0fd1d1a353d20c58c124ede18c9dbf1b99d84075a6465ba70308276812bf281b,0,"1. Kibbeh is typically made from chickpeas and tahini. False
2. Tabbouleh is typically made from chickpeas and tahini. False
3. Hummus is typically made from chickpeas and tahini. True

Answer: 3",false
0fd1d1a353d20c58c124ede18c9dbf1b99d84075a6465ba70308276812bf281b,1,,false
0fd1d1a353d20c58c124ede18c9dbf1b99d84075a6465ba70308276812bf281b,2,,true
604c812cad4549556676691f6c1866e46503b46a20ee22432d0a9942fa29f9c1,0,"The image shows an ancient site with ruins and a mountainous landscape, which is indicative of the Inca Trail in Peru. 

1. Skiing on the slopes is popular among visitors to the site shown in the image.
   - The image shows a mountainous region, but there are no visible ski slopes or snow, indicating that skiing is not a popular activity here.

2. Scuba diving in the ruins is popular among visitors to the site shown in the image.
   - The ruins are located on a high-altitude mountain, and the terrain is rocky and uneven, making scuba diving impractical and unlikely.

3. Hiking the Inca Trail is popular among visitors to the site shown in the image.
   - The ruins and the mountainous terrain are characteristic of the Inca Trail, which is a popular hiking route leading to Machu Picchu.

Answer: 3",false
604c812cad4549556676691f6c1866e46503b46a20ee22432d0a9942fa29f9c1,1,,false
604c812cad4549556676691f6c1866e46503b46a20ee22432d0a9942fa29f9c1,2,,true
1a2ead3a3198e5713faa360e4d6643eb46a2f132ba1cbce6b92c01400a08af2a,0,"The image shows individuals dressed in elaborate costumes riding horses, which suggests a ceremonial or cultural event rather than a casual parade or a horse racing competition. The costumes and the setting indicate a traditional cultural ceremony.

Answer: 3",false
1a2ead3a3198e5713faa360e4d6643eb46a2f132ba1cbce6b92c01400a08af2a,1,,false
1a2ead3a3198e5713faa360e4d6643eb46a2f132ba1cbce6b92c01400a08af2a,2,,true
950361ed73a83cea3f35285ef749fcb0d431657cbe02ff432608c463b3d80053,0,"The image shows a person paddling a watercraft. The watercraft has a paddle attached to it, which is a characteristic of a paddleboard. The person is also wearing a life jacket, which is common for paddleboarding activities. 

- Statement 1: The transportation being used in the image is a kayak. False.
- Statement 2: The transportation being used in the image is a paddleboard. True.
- Statement 3: The transportation being used in the image is a motorboat. False.

Answer: 2",false
950361ed73a83cea3f35285ef749fcb0d431657cbe02ff432608c463b3d80053,1,,true
950361ed73a83cea3f35285ef749fcb0d431657cbe02ff432608c463b3d80053,2,,false
94b6eca84a1617f55a29d8d2d48200964daa431dad9da10711ff6048a7dccf69,0,"The image shows a lantern and dates, which are commonly associated with Ramadan. 

Statement 1: Ramadan is most commonly associated with decorative lanterns and dates.
- This statement is grounded in the image.

Statement 2: Christmas is most commonly associated with decorative lanterns and dates.
- This statement is not grounded in the image. Christmas is not commonly associated with decorative lanterns and dates.

Statement 3: Diwali is most commonly associated with decorative lanterns and dates.
- This statement is not grounded in the image. Diwali is not commonly associated with dates.

Answer: 1",true
94b6eca84a1617f55a29d8d2d48200964daa431dad9da10711ff6048a7dccf69,1,,false
94b6eca84a1617f55a29d8d2d48200964daa431dad9da10711ff6048a7dccf69,2,,false
a92f6043df7ce3a483cd009631d78990225a02fd72180bb3b4c8d0ef41f37aa7,0,"The image shows a setting that appears to be a rustic traditional space. The stone walls and the arrangement of items on the table suggest a traditional or historical setting rather than a modern café or an outdoor picnic area. The presence of traditional items such as the hookah and the ornate lamp further supports this.

Answer: 3",false
a92f6043df7ce3a483cd009631d78990225a02fd72180bb3b4c8d0ef41f37aa7,1,,false
a92f6043df7ce3a483cd009631d78990225a02fd72180bb3b4c8d0ef41f37aa7,2,,true
33500f73161cb94909b8d063578b829de116768d8e6c6d35306545e8db450ecf,0,"The image shows a coastal city with buildings and a harbor. The sky is clear and the lighting suggests it is either morning or afternoon. Given the position of the light and the shadows, it appears to be morning.

Statement 1: The image depicts afternoon. False.
Statement 2: The image depicts sunset. False.
Statement 3: The image depicts morning. True.

Answer: 3",false
33500f73161cb94909b8d063578b829de116768d8e6c6d35306545e8db450ecf,1,,false
33500f73161cb94909b8d063578b829de116768d8e6c6d35306545e8db450ecf,2,,true
fb58606c85e2c63b4fa730df147c43964ee8d23509a5b683ccc29dbc8e4014b0,0,"The woman in the image is wearing an elaborate, long, and ornate dress that is typically associated with formal events, such as weddings. The dress is detailed and appears to be made of lace, which is often chosen for special occasions. Given the context of the image, which includes a scenic and elegant setting, it is most plausible that she is dressed for a wedding ceremony.

Statement 1: The woman in the image is most likely dressed for a casual outing.
- This statement is False. The dress is not casual but rather formal and elaborate, which is not typical for casual outings.

Statement 2: The woman in the image is most likely dressed for a business event.
- This statement is False. The dress is not business attire; it is more suited for formal events like weddings.

Statement 3: The woman in the image is most likely dressed for a wedding ceremony.
- This statement is True. The dress and setting suggest that she is dressed for a formal event, most likely a wedding ceremony.

Answer: 3",false
fb58606c85e2c63b4fa730df147c43964ee8d23509a5b683ccc29dbc8e4014b0,1,,false
fb58606c85e2c63b4fa730df147c43964ee8d23509a5b683ccc29dbc8e4014b0,2,,true
8138571c4d05ec1c15e0fce658f60d61a4308b2d8a9420c8b86eb67e35a70da2,0,"The image shows an airport terminal with a sky that has hues of orange and yellow, which are typical colors of a sunset. The presence of long shadows and the lighting conditions also support the idea that this is a sunset.

Statement 1: The image of the airport terminal depicts sunset. True
Statement 2: The image of the airport terminal depicts morning. False
Statement 3: The image of the airport terminal depicts midnight. False

Answer: 1",true
8138571c4d05ec1c15e0fce658f60d61a4308b2d8a9420c8b86eb67e35a70da2,1,,false
8138571c4d05ec1c15e0fce658f60d61a4308b2d8a9420c8b86eb67e35a70da2,2,,false
30f34d6c9a22ae43a1177ebca16c784abf2eb034e6b3553492d59924fea0a403,0,"The image shows a severely damaged car with significant fire damage, and an ambulance is present at the scene. Given the context and the presence of emergency services, it is reasonable to infer that the ambulance is likely providing emergency medical assistance.

Statement 1: The ambulance is likely providing emergency medical assistance. True
Statement 2: The ambulance is likely transporting passengers to a nearby station. False
Statement 3: The ambulance is likely delivering goods to a local store. False

Answer: 1",true
30f34d6c9a22ae43a1177ebca16c784abf2eb034e6b3553492d59924fea0a403,1,,false
30f34d6c9a22ae43a1177ebca16c784abf2eb034e6b3553492d59924fea0a403,2,,false
efb0c18fb0200bc56027fe36316c2b6bea772605e8f47d213bffbb9eb50f162b,0,"The image shows a menu board outside 'Comptoir Libanais' with a sign that reads ""Christmas Feast Available to Book Now."" This confirms that the menu board is indeed promoting a Christmas Feast.

Statement 1: The menu board outside 'Comptoir Libanais' is promoting Daily Happy Hour.
- This statement is not supported by the image. There is no visible sign or indication of a Daily Happy Hour promotion.

Statement 2: The menu board outside 'Comptoir Libanais' is promoting a Christmas Feast.
- This statement is supported by the image. The menu board clearly shows a sign for the Christmas Feast.

Statement 3: The menu board outside 'Comptoir Libanais' is promoting Weekend Brunch Specials.
- This statement is not supported by the image. There is no visible sign or indication of Weekend Brunch Specials promotion.

Answer: 2",false
efb0c18fb0200bc56027fe36316c2b6bea772605e8f47d213bffbb9eb50f162b,1,,true
efb0c18fb0200bc56027fe36316c2b6bea772605e8f47d213bffbb9eb50f162b,2,,false
1f5719518b163e8178ef96543b59613078fca726dcca78194b766804b9538697,0,"The image shows a group of people holding posters of a man, which suggests they are participating in a political demonstration or protest. The presence of a man's portrait and the serious expressions of the participants further support this interpretation.

Statement 1: The gathering shown in the image is likely a cultural festival.
- This statement is unlikely to be true because the image shows people holding posters, which is more indicative of a political demonstration rather than a cultural festival.

Statement 2: The gathering shown in the image is likely a political protest or demonstration.
- This statement is grounded in the image. The presence of posters and the serious demeanor of the participants suggest a political context.

Statement 3: The gathering shown in the image is likely a religious ceremony.
- This statement is unlikely to be true because the image does not show any religious symbols or practices, and the focus is on the political posters.

Answer: 2",false
1f5719518b163e8178ef96543b59613078fca726dcca78194b766804b9538697,1,,true
1f5719518b163e8178ef96543b59613078fca726dcca78194b766804b9538697,2,,false
27bbc3dd8a10789d314af80ee09e32dfe121a52f8bad09ec56bd3ec29d6e4d9b,0,"The primary color scheme used in the macrame keychains displayed in the image is red and white. The keychains have red and white threads, and the pom-poms are also red and white. 

Statement 1: The primary color scheme used in the macrame keychains displayed in the image is green and black. False.
Statement 2: The primary color scheme used in the macrame keychains displayed in the image is blue and yellow. False.
Statement 3: The primary color scheme used in the macrame keychains displayed in the image is red and white. True.

Answer: 3",false
27bbc3dd8a10789d314af80ee09e32dfe121a52f8bad09ec56bd3ec29d6e4d9b,1,,false
27bbc3dd8a10789d314af80ee09e32dfe121a52f8bad09ec56bd3ec29d6e4d9b,2,,true
b1056cb9f2103a137434e744f73fc09406f3891f4c224bea2207d9807fc5c7ae,0,"- Statement 1: A refrigerator is not visible in this kitchen. True/False?
  - The image shows a kitchen with a refrigerator visible in the upper part of the image. Therefore, this statement is False.

- Statement 2: Decorative jars are not visible in this kitchen. True/False?
  - The image shows a kitchen with decorative jars visible on the countertop. Therefore, this statement is False.

- Statement 3: A large plant is not visible in this kitchen. True/False?
  - The image shows a kitchen with a large plant visible on the left side of the image. Therefore, this statement is True.

Answer: 3",false
b1056cb9f2103a137434e744f73fc09406f3891f4c224bea2207d9807fc5c7ae,1,,false
b1056cb9f2103a137434e744f73fc09406f3891f4c224bea2207d9807fc5c7ae,2,,true
15480351e96c1bb437eff9f2d52b2795e78c0a5563d058d2b60b5142ee35818c,0,"The image shows a man in a sports jacket, likely a coach, standing on the sidelines of a sports field. The background features orange structures that resemble sports bench covers, which are commonly used to protect benches from the elements during outdoor sports events.

Statement 1: The orange structures in the background are likely public transport shelters.
- This statement is unlikely to be true because public transport shelters are typically found in urban areas and are not associated with sports fields.

Statement 2: The orange structures in the background are likely sports bench covers.
- This statement is likely true because the structures resemble covers that are used to protect sports benches from weather conditions during outdoor sports events.

Statement 3: The orange structures in the background are likely construction scaffolding.
- This statement is unlikely to be true because construction scaffolding is typically used in construction sites and not in sports fields.

Answer: 2",false
15480351e96c1bb437eff9f2d52b2795e78c0a5563d058d2b60b5142ee35818c,1,,true
15480351e96c1bb437eff9f2d52b2795e78c0a5563d058d2b60b5142ee35818c,2,,false
791445be6aa8f7aca569a86ecbb42b9f02ccf251fa2962098606806d18c9a311,0,"The landscape shown in the image is a desert with sand dunes and an oasis.

Reasoning:
- Statement 1: The landscape is not a dense rainforest with a flowing river. Instead, it is a desert with sand dunes and an oasis.
- Statement 2: The landscape is not a mountainous region with snow-covered peaks. Instead, it is a desert with sand dunes and an oasis.
- Statement 3: The landscape is a desert with sand dunes and an oasis, which is the correct description of the image.

Answer: 3",false
791445be6aa8f7aca569a86ecbb42b9f02ccf251fa2962098606806d18c9a311,1,,false
791445be6aa8f7aca569a86ecbb42b9f02ccf251fa2962098606806d18c9a311,2,,true
f3104096bc233080dff536e2fa7d4344fb5c88bae3ed8f46547b80a25fba81dc,0,"The image shows a woman lying down with an IV cannula in her arm. The cannula is connected to a device, which is likely a medical device used for administering fluids or medication. There is no clear indication that the device is used for measuring blood sugar levels or checking oxygen levels.

1. The purpose of the IV cannula visible in the image is to measure blood sugar levels.
   - This statement is not supported by the image. There is no indication that the IV cannula is connected to a device for measuring blood sugar levels.

2. The purpose of the IV cannula visible in the image is to administer fluids or medication.
   - This statement is supported by the image. The IV cannula is connected to a device, which is typically used for administering fluids or medication.

3. The purpose of the IV cannula visible in the image is to check oxygen levels.
   - This statement is not supported by the image. There is no indication that the IV cannula is connected to a device for checking oxygen levels.

Answer: 2",false
f3104096bc233080dff536e2fa7d4344fb5c88bae3ed8f46547b80a25fba81dc,1,,true
f3104096bc233080dff536e2fa7d4344fb5c88bae3ed8f46547b80a25fba81dc,2,,false
0da6303d394b72be0cfbecf9627514ed600c23d69b56f943f2cf62ca9922ffab,0,"The door in the image appears to be part of a traditional or historical building, as indicated by the rustic, aged appearance of the door and the stone wall surrounding it. The door's design and the materials used suggest it is not a modern piece, and there is no indication that it is currently used as a decorative piece in a museum.

Statement 1: The door was used as a decorative piece in a museum. False.
Statement 2: The door served as an entrance to a modern apartment. False.
Statement 3: The door was part of a traditional or historical building. True.

Answer: 3",false
0da6303d394b72be0cfbecf9627514ed600c23d69b56f943f2cf62ca9922ffab,1,,false
0da6303d394b72be0cfbecf9627514ed600c23d69b56f943f2cf62ca9922ffab,2,,true
a7afc21caa2943a7d5594ba43b1996a8605fe69813cc6fd7061d62345fd42c05,0,"The image shows a boat heavily overcrowded with people, which is indicative of a migrant boat. The boat appears to be small and not designed for such a large number of passengers, which is typical for migrant boats used in dangerous sea crossings.

Statement 1: The primary mode of transportation depicted in the image is an overcrowded migrant boat. True.
Statement 2: The primary mode of transportation depicted in the image is a commercial cruise ship. False.
Statement 3: The primary mode of transportation depicted in the image is a fishing vessel. False.

Answer: 1",true
a7afc21caa2943a7d5594ba43b1996a8605fe69813cc6fd7061d62345fd42c05,1,,false
a7afc21caa2943a7d5594ba43b1996a8605fe69813cc6fd7061d62345fd42c05,2,,false
fae4f22c3b9a6aa66a62de5082d4830495bba8fff93e607dcedb959baa2787de,0,"Statement 1: A metallic tripod floor lamp is prominently featured in the living room. True or False?

- The image shows a floor lamp with a metallic tripod base. This statement is true.

Statement 2: A large bookshelf filled with books is prominently featured in the living room. True or False?

- The image does not show a large bookshelf filled with books. This statement is false.

Statement 3: A fireplace is prominently featured in the living room. True or False?

- The image does not show a fireplace. This statement is false.

Answer: 1",true
fae4f22c3b9a6aa66a62de5082d4830495bba8fff93e607dcedb959baa2787de,1,,false
fae4f22c3b9a6aa66a62de5082d4830495bba8fff93e607dcedb959baa2787de,2,,false
b1c3a043524b90fe989716a21903c1c8f9600a90c47e3615e82da03c997bd630,0,"The image shows a person standing on a sand dune with their arms raised towards the sky. The person is not on a camel, nor are they engaged in any activity related to wildlife photography. The activity depicted is most consistent with sand dune hiking.

Answer: 3",false
b1c3a043524b90fe989716a21903c1c8f9600a90c47e3615e82da03c997bd630,1,,false
b1c3a043524b90fe989716a21903c1c8f9600a90c47e3615e82da03c997bd630,2,,true
3e5714ee655519296aafa61e2273055a10b987d41ae6042f84d9dbc4cc7eb063,0,"The stone slab shown in the image is likely an ancient artifact used for historical documentation.

Reasoning:
1. The text on the stone slab is in an ancient script, which suggests it is not a modern decorative piece.
2. The style and material of the slab do not resemble typical medieval gravestones.
3. The text and the style of the slab are consistent with artifacts used for historical documentation.

Answer: 3",false
3e5714ee655519296aafa61e2273055a10b987d41ae6042f84d9dbc4cc7eb063,1,,false
3e5714ee655519296aafa61e2273055a10b987d41ae6042f84d9dbc4cc7eb063,2,,true
11caad0015d98e39fdc4b051037a088e1915baa01418fa6c5d4a5f07cb28cb5a,0,"The image shows a large airplane on a tarmac with some structures and a hill in the background. The foreground of the image is not covered in vegetation but rather appears to have debris and trash scattered around. 

Let's analyze each statement:

1. The foreground in the image is covered in vegetation.
   - This statement is false. The foreground is not covered in vegetation but rather has debris and trash scattered around.

2. The foreground in the image has debris and trash scattered.
   - This statement is true. The image clearly shows debris and trash in the foreground.

3. The foreground in the image is clean and well-maintained.
   - This statement is false. The foreground is not clean and well-maintained; it has debris and trash scattered around.

Answer: 2",false
11caad0015d98e39fdc4b051037a088e1915baa01418fa6c5d4a5f07cb28cb5a,1,,true
11caad0015d98e39fdc4b051037a088e1915baa01418fa6c5d4a5f07cb28cb5a,2,,false
6f4aa69c1fb10f8c8d76e8ae814dc1acbb9427d0e89986ab6d206c4b6e749913,0,"The image depicts a group of people waving flags, with some individuals in military attire and others in civilian clothing. The flags appear to be of various designs, including one that is prominently displayed and seems to represent a specific nation or political movement.

1. The primary purpose of the flags being waved in the image is to advertise a product.
   - This statement is unlikely to be true. The flags are being waved by a crowd, which suggests a political or nationalistic context rather than an advertisement for a product.

2. The primary purpose of the flags being waved in the image is to represent different nations or political movements.
   - This statement is grounded in the image. The flags being waved by the crowd, along with the presence of military personnel, suggest a political or nationalistic gathering rather than a sports event or product advertisement.

3. The primary purpose of the flags being waved in the image is to signal a sports event.
   - This statement is unlikely to be true. The context of the image, including the military personnel and the nature of the flags, does not suggest a sports event.

Answer: 2",false
6f4aa69c1fb10f8c8d76e8ae814dc1acbb9427d0e89986ab6d206c4b6e749913,1,,true
6f4aa69c1fb10f8c8d76e8ae814dc1acbb9427d0e89986ab6d206c4b6e749913,2,,false
8bbc2c84190f9d029ceae9e72bbdbe0a7ba61d3cf934145e3c81b5c13d7fd32e,0,"The material shown in the image appears to be a textured fabric with a woven pattern. 

1. **Statement 1: The material shown in the image is likely to be used for glassware production.**
   - This statement is False. The material shown in the image is a fabric with a woven pattern, not a material used for glassware production.

2. **Statement 2: The material shown in the image is likely to be used for wall painting.**
   - This statement is False. The material shown in the image is a fabric with a woven pattern, not a material used for wall painting.

3. **Statement 3: The material shown in the image is likely to be used for carpet flooring.**
   - This statement is True. The material shown in the image is a textured fabric with a woven pattern, which is commonly used for carpet flooring.

Answer: 3",false
8bbc2c84190f9d029ceae9e72bbdbe0a7ba61d3cf934145e3c81b5c13d7fd32e,1,,false
8bbc2c84190f9d029ceae9e72bbdbe0a7ba61d3cf934145e3c81b5c13d7fd32e,2,,true
0e0fae945bca83f7b7e4c0a3d498c14ea64ffac50fc5f83caaa34e1424f6903e,0,"The architectural style represented in this building is Portuguese traditional. True or False?

Reasoning:
1. The building features blue and white azulejos, which are a hallmark of Portuguese traditional architecture.
2. The design includes elements such as arched doorways and windows, which are common in Portuguese traditional architecture.
3. The overall style and color scheme are consistent with Portuguese traditional architecture, which often includes bright colors and intricate tile work.

Answer: 3",false
0e0fae945bca83f7b7e4c0a3d498c14ea64ffac50fc5f83caaa34e1424f6903e,1,,false
0e0fae945bca83f7b7e4c0a3d498c14ea64ffac50fc5f83caaa34e1424f6903e,2,,true
45bb618fd386f324c45d8e519aedc7bdf968c638fb4546e3cfef4c2be6d53847,0,"The vase in the image appears to have a textured surface and a matte finish, which is characteristic of ceramic materials. It does not exhibit the reflective or smooth surface typically associated with metal or plastic. Therefore, the vase is most likely made of ceramic.

Answer: 1",true
45bb618fd386f324c45d8e519aedc7bdf968c638fb4546e3cfef4c2be6d53847,1,,false
45bb618fd386f324c45d8e519aedc7bdf968c638fb4546e3cfef4c2be6d53847,2,,false
dd220a6002b9e99da758475fde212490a74a6ddd0bf49b0fc23edc21c5c16e36,0,"The image shows a coastal area with a marina, boats, and a lighthouse, but also includes a large industrial port with cranes and cargo handling equipment. 

1. The primary function of the industrial port infrastructure visible in the background is recreational boating.
   - This statement is False. The presence of cranes and cargo handling equipment indicates that the primary function of the industrial port is cargo handling and storage, not recreational boating.

2. The primary function of the industrial port infrastructure visible in the background is cargo handling and storage.
   - This statement is True. The visible cranes and cargo handling equipment clearly indicate that the primary function of the industrial port is cargo handling and storage.

3. The primary function of the industrial port infrastructure visible in the background is fishing activities.
   - This statement is False. There is no visible evidence in the image that suggests fishing activities are the primary function of the industrial port.

Answer: 2",false
dd220a6002b9e99da758475fde212490a74a6ddd0bf49b0fc23edc21c5c16e36,1,,true
dd220a6002b9e99da758475fde212490a74a6ddd0bf49b0fc23edc21c5c16e36,2,,false
08d0f01d274f8422e030d1f9e6e86eed458e74b6836b46b8a12fd6f9dc3e1637,0,"The fabric in the dance performance is being used to create a visually striking effect, with its vibrant colors and flowing motion. This suggests that its primary purpose is to enhance the visual dynamics of the dance rather than provide warmth or serve as a stage backdrop.

Answer: 2",false
08d0f01d274f8422e030d1f9e6e86eed458e74b6836b46b8a12fd6f9dc3e1637,1,,true
08d0f01d274f8422e030d1f9e6e86eed458e74b6836b46b8a12fd6f9dc3e1637,2,,false
98f0157e8abf8f4d4370c31e65bb3709ce0fe5d89c44f908bbffc4685c809b1d,0,"The dish in the image appears to be a layered dessert with nuts, as it is presented in a clear glass bowl with a visible layered structure and topped with various nuts and seeds. The other two statements are not supported by the image.

Answer: 2",false
98f0157e8abf8f4d4370c31e65bb3709ce0fe5d89c44f908bbffc4685c809b1d,1,,true
98f0157e8abf8f4d4370c31e65bb3709ce0fe5d89c44f908bbffc4685c809b1d,2,,false
b84a15b378b5808748d29a781caf840d4d9aa1ccfa87f9e8d3815e89501d90cb,0,"The image shows a landscape with sand dunes and a clear blue sky, which are characteristic of a desert environment. The sand dunes are smooth and undulating, typical of desert landscapes, and there are no signs of vegetation or snow that would indicate a tropical rainforest or snowy mountain range.

Statement 1: The environment shown in the image is a tropical rainforest. False.
Statement 2: The environment shown in the image is a snowy mountain range. False.
Statement 3: The environment shown in the image is a desert landscape. True.

Answer: 3",false
b84a15b378b5808748d29a781caf840d4d9aa1ccfa87f9e8d3815e89501d90cb,1,,false
b84a15b378b5808748d29a781caf840d4d9aa1ccfa87f9e8d3815e89501d90cb,2,,true
a730fb90732129d3dabb4d1d26ea4dc9d9f9daf570e359b145656548998d5430,0,"1. Sailboats are visible in the waterfront scene.
2. Motorboats are visible in the waterfront scene.
3. Fishing boats are visible in the waterfront scene.

The image shows a waterfront scene with several sailboats visible in the water. There are no motorboats or fishing boats visible in the image.

Answer: 1",true
a730fb90732129d3dabb4d1d26ea4dc9d9f9daf570e359b145656548998d5430,1,,false
a730fb90732129d3dabb4d1d26ea4dc9d9f9daf570e359b145656548998d5430,2,,false
419177719d5b94b5ae78f33505d325f9010845d9f151bdfdee4905670e6701f3,0,"The person in the image is wearing a uniform with a cap that has an emblem on it, which is commonly associated with airline or aviation personnel. The uniform appears to be formal and professional, which is typical for flight attendants or pilots. However, the specific details such as the emblem and the style of the uniform are more indicative of a flight attendant's uniform rather than a pilot's or airport security officer's uniform.

Statement 1: The person in the image is likely to be an airport security officer based on their uniform. False.
Statement 2: The person in the image is likely to be a flight attendant based on their uniform. True.
Statement 3: The person in the image is likely to be a pilot based on their uniform. False.

Answer: 2",false
419177719d5b94b5ae78f33505d325f9010845d9f151bdfdee4905670e6701f3,1,,true
419177719d5b94b5ae78f33505d325f9010845d9f151bdfdee4905670e6701f3,2,,false
17c4f1010bed9013958742b66e1e3d4ce9a9397e19b808a33a3c214b65260bd3,0,"The flat cap in the image features multiple shades of brown, beige, and black in its color scheme. This is evident from the visible pattern and color variations in the fabric.

The flat cap does not have a solid black color scheme, as it clearly shows multiple colors.

The flat cap is not designed with bright neon colors, as the colors are more muted and subdued.

Answer: 1",true
17c4f1010bed9013958742b66e1e3d4ce9a9397e19b808a33a3c214b65260bd3,1,,false
17c4f1010bed9013958742b66e1e3d4ce9a9397e19b808a33a3c214b65260bd3,2,,false
f99958bee6cf40d10084a53cd982cc1455065bad8467375b486f0205f9dae166,0,"The image shows a coin with inscriptions on both sides. The obverse side features a profile of a man, while the reverse side depicts a figure holding a staff and a scroll, with the letters ""S C"" inscribed around the figure.

Let's analyze each statement:

1. **Statement 1: The 'S C' inscription on the reverse side of the coin stands for 'Senatus Consulto (by decree of the Senate).'**
   - The inscription ""S C"" is indeed found on the reverse side of the coin. In Roman numismatic terminology, ""S C"" stands for ""Senatus Consulto,"" which means ""by decree of the Senate."" This was a common Roman coinage inscription indicating that the coin was authorized by the Senate.

2. **Statement 2: The 'S C' inscription on the reverse side of the coin stands for 'Symbol of Caesar.'**
   - This statement is incorrect. The ""S C"" inscription does not stand for ""Symbol of Caesar."" The inscription ""S C"" is a standard Roman coinage term for ""Senatus Consulto,"" not a symbol of Caesar.

3. **Statement 3: The 'S C' inscription on the reverse side of the coin stands for 'S ||| True

The 'S C' inscription on the reverse side of the coin stands for 'Senatus Consulto (by decree of the Senate).' This is a common Roman coin inscription that indicates the coin was authorized by the Roman Senate. ||| True

The 'S C' inscription on the reverse side of the coin stands for 'Symbol of Caesar'. This is a common Roman coin inscription that denotes the coin's origin and authority, indicating that it was minted under the authority of Caesar. ||| False.

The 'S C' inscription on the reverse side of the coin does not stand for 'Sacred Coinage'. The 'S C' typically stands for 'Senatus Consultum', which is Latin for 'Senate Consultation'. This was a type of Roman coinage that was issued during the reign of the Roman Emperor Nero.",true
f99958bee6cf40d10084a53cd982cc1455065bad8467375b486f0205f9dae166,1,,false
f99958bee6cf40d10084a53cd982cc1455065bad8467375b486f0205f9dae166,2,,false
08e7c81a8c393040df8b22d6ecd9e8b5246ea1ccf57d3a5fe681fe694e1573f9,0,"The primary color of the gemstones on the ring is green. True or False?

The primary color of the gemstones on the ring is red. True or False?

The primary color of the gemstones on the ring is blue. True or False?

Answer: 2",false
08e7c81a8c393040df8b22d6ecd9e8b5246ea1ccf57d3a5fe681fe694e1573f9,1,,true
08e7c81a8c393040df8b22d6ecd9e8b5246ea1ccf57d3a5fe681fe694e1573f9,2,,false
18e56eedd394321586cffca1a0cf27f7c1528f45fc16ebf89b1e576eec10476a,0,"The primary color of the abaya the woman is wearing in the image is black. 

Answer: 3",false
18e56eedd394321586cffca1a0cf27f7c1528f45fc16ebf89b1e576eec10476a,1,,false
18e56eedd394321586cffca1a0cf27f7c1528f45fc16ebf89b1e576eec10476a,2,,true
cfe73f670234f873e3059c8b31ab2e61172534b8856076acf94a37b1291ede7b,0,"The predominant geographical feature visible in the image is a coastal shoreline. True or False?

The image shows a coastal shoreline with waves crashing against the rocks and a cityscape in the background. There is no desert or mountainous terrain visible.

Answer: 1",true
cfe73f670234f873e3059c8b31ab2e61172534b8856076acf94a37b1291ede7b,1,,false
cfe73f670234f873e3059c8b31ab2e61172534b8856076acf94a37b1291ede7b,2,,false
9a8f94060d50ef8e0092b4ab986e765d60cdc7933934a593426fce31115cb322,0,"The image shows dates with shiny and smooth golden-brown skin. This matches Statement 3.

Statement 1 is false because the dates in the image do not appear dark and sticky.
Statement 2 is false because the dates in the image do not appear dry and wrinkled.

Answer: 3",false
9a8f94060d50ef8e0092b4ab986e765d60cdc7933934a593426fce31115cb322,1,,false
9a8f94060d50ef8e0092b4ab986e765d60cdc7933934a593426fce31115cb322,2,,true
7463ffe77168a2e0cae143d5ac06033d7645725d39955e3d7ce7192619b8abc5,0,"The mannequin is wearing a fabric with a pattern, which is visible in the image. The fabric appears to have a detailed design, indicating it is not plain cotton. Therefore, the statement that the mannequin is wearing patterned fabric is true.

Statement 1: The mannequin is wearing silk with embroidery.
- This statement is not grounded in the image. The fabric appears to be patterned but there is no clear indication that it is silk or embroidered.

Statement 2: The mannequin is wearing plain cotton fabric.
- This statement is not grounded in the image. The fabric appears to be patterned, not plain cotton.

Statement 3: The mannequin is wearing patterned fabric.
- This statement is grounded in the image. The fabric has a detailed pattern.

Answer: 3",false
7463ffe77168a2e0cae143d5ac06033d7645725d39955e3d7ce7192619b8abc5,1,,false
7463ffe77168a2e0cae143d5ac06033d7645725d39955e3d7ce7192619b8abc5,2,,true
cb78c0a787b9664f4bf6e4f8c7d6c16eb7a3f80880bf21425f1c49f5a389a9ae,0,"1. Statement 1: A street performance is taking place in the scene.
   - There is no evidence of a street performance in the image. The focus is on the market and the people shopping.

2. Statement 2: The scene shows a car repair workshop.
   - The image does not show any tools, equipment, or signs of a car repair workshop. It primarily shows a market with fresh produce.

3. Statement 3: People are shopping for fresh produce in the scene.
   - The image clearly shows a market with various fruits and vegetables, and people are seen interacting with the produce, indicating that they are shopping for fresh produce.

Answer: 3",false
cb78c0a787b9664f4bf6e4f8c7d6c16eb7a3f80880bf21425f1c49f5a389a9ae,1,,false
cb78c0a787b9664f4bf6e4f8c7d6c16eb7a3f80880bf21425f1c49f5a389a9ae,2,,true
d13611f7d1093aa1acb3be1007547c84f89438952c287c3d8f36f27db26462c3,0,"The dish shown in the image features a combination of rice, vegetables, and a stew-like topping, which is characteristic of many cuisines around the world. However, the specific ingredients and presentation suggest a strong connection to Mediterranean cuisine.

1. **Statement 1: The dish shown in the image is most likely associated with Mexican cuisine.**
   - **Reasoning:** Mexican cuisine typically includes ingredients like beans, corn, and specific types of spices. The dish in the image does not prominently feature these ingredients.
   - **Conclusion:** False

2. **Statement 2: The dish shown in the image is most likely associated with Mediterranean cuisine.**
   - **Reasoning:** The dish includes rice, vegetables, and a stew-like topping, which are common in Mediterranean cuisine. The use of herbs and the combination of ingredients are also typical of Mediterranean dishes.
   - **Conclusion:** True

3. **Statement 3: The dish shown in the image is most likely associated with East Asian cuisine.**
   - **Reasoning:** East Asian cuisine often includes elements like noodles, dumplings, and specific types of sauces. The dish in the image does not prominently feature these ingredients.
   - **Conclusion:** False ||| False.

The dish shown in the image is not most likely associated with Mexican cuisine. The dish appears to be a Moroccan tagine, which typically includes couscous, vegetables, and a meat or fish stew. The presence of couscous and the style of the dish are more indicative of Moroccan cuisine rather than Mexican cuisine. ||| True

The dish shown in the image features couscous, a staple in Mediterranean cuisine, along with vegetables and a meat-based stew. These elements are commonly found in North African and Middle Eastern dishes, which are part of the broader Mediterranean culinary tradition. ||| False.

The dish shown in the image is not associated with East Asian cuisine. The dish appears to be a type of rice dish with meat and vegetables, which is more characteristic of Middle Eastern or North African cuisine, not East Asian cuisine.",false
d13611f7d1093aa1acb3be1007547c84f89438952c287c3d8f36f27db26462c3,1,,true
d13611f7d1093aa1acb3be1007547c84f89438952c287c3d8f36f27db26462c3,2,,false
2f257c7f16f5c35f8a332d153efc6f6561161862f28b84f05f3935c627728e06,0,"The image shows a winding wall stretching across green hills and mountains, which is characteristic of The Great Wall of China. The architecture and the landscape are consistent with this landmark. 

Hadrian's Wall is a Roman fortification in northern England, which does not match the image. Machu Picchu is a historical site in Peru, also not matching the image.

Therefore, the correct statement is:

Statement 2: The landmark depicted in the scenic photograph with a winding wall stretching across green hills and mountains is The Great Wall of China. True or False?

Answer: 2",false
2f257c7f16f5c35f8a332d153efc6f6561161862f28b84f05f3935c627728e06,1,,true
2f257c7f16f5c35f8a332d153efc6f6561161862f28b84f05f3935c627728e06,2,,false
5c98048da7e0c2071b2f7db3855de5d584e8558fe26c2a48d7dbfcebeb74cbd3,0,"The man in the image is wearing a black suit, which is a formal outfit. This makes Statement 3 the grounded statement.

Statement 1: The man is wearing a casual outfit for a day out. This is False because he is wearing a formal black suit, not a casual outfit.

Statement 2: The man is wearing traditional attire for a cultural event. This is also False because he is wearing a black suit, which is not traditional attire for a cultural event.

Answer: 3",false
5c98048da7e0c2071b2f7db3855de5d584e8558fe26c2a48d7dbfcebeb74cbd3,1,,false
5c98048da7e0c2071b2f7db3855de5d584e8558fe26c2a48d7dbfcebeb74cbd3,2,,true
ca5fb37c5869f96e95b177618c8ea7bb87afe19aef101d7575fdef9f2518b299,0,"The image shows a narrow canyon with steep rock walls and a clear sky. The terrain and the style of the canyon walls are characteristic of arid, desert regions.

1. **Todgha Gorge, Morocco**: Todgha Gorge is a narrow canyon in Morocco known for its steep rock walls and is a popular tourist destination. The image matches the description of Todgha Gorge, with its narrow, steep canyon walls and arid environment.

2. **Grand Canyon, USA**: The Grand Canyon is much wider and not as narrow as the canyon in the image. It also has a different geological appearance and is not as steep as the canyon in the image.

3. **Antelope Canyon, USA**: Antelope Canyon is known for its smooth, rounded rock walls and is located in a different type of desert environment. The canyon in the image does not match the description of Antelope Canyon.

Based on the analysis, the image most likely represents the Todgha Gorge, Morocco.

**Answer: 1**",true
ca5fb37c5869f96e95b177618c8ea7bb87afe19aef101d7575fdef9f2518b299,1,,false
ca5fb37c5869f96e95b177618c8ea7bb87afe19aef101d7575fdef9f2518b299,2,,false
e56b5e26ce0b5f446db2958a76ab87e6d9f2dd7286e6628dd5d0a79c8c640453,0,"The image shows a traditional-looking entrance with intricate designs and a sign that reads ""Hammam Ziani."" Given the traditional appearance and the name, it is reasonable to infer that Hammam Ziani is a traditional Moroccan bathhouse.

Statement 1: Hammam Ziani is a traditional Moroccan bathhouse. True
Statement 2: Hammam Ziani is a modern spa. False
Statement 3: Hammam Ziani is a cultural museum. False

Answer: 1",true
e56b5e26ce0b5f446db2958a76ab87e6d9f2dd7286e6628dd5d0a79c8c640453,1,,false
e56b5e26ce0b5f446db2958a76ab87e6d9f2dd7286e6628dd5d0a79c8c640453,2,,false
ba929d53b538c3a0ac2d57ee6da15762288ecb64948e22cb481af1a559eaae31,0,"The image shows a mosque minaret, which is a tall, slender tower that is typically part of a mosque. The primary function of a mosque minaret is to call worshippers to prayer, which is done by the muezzin (the person who calls the faithful to prayer) using a loudspeaker or by shouting. This is the most accurate and grounded statement about the minaret.

The other two statements are plausible-sounding but not true:
- The primary function of a mosque minaret is not to house prayer rooms. Prayer rooms are typically located within the mosque building itself, not in the minaret.
- The primary function of a mosque minaret is not to serve as a decorative structure. While minarets can be decorated, their primary purpose is to call the faithful to prayer.

Therefore, the grounded statement is:

Answer: 1",true
ba929d53b538c3a0ac2d57ee6da15762288ecb64948e22cb481af1a559eaae31,1,,false
ba929d53b538c3a0ac2d57ee6da15762288ecb64948e22cb481af1a559eaae31,2,,false
452b46e54415e4a4525bcadcfc1d7590887f189ec9f8cd636a86c87bde2208d1,0,"The structure in the image is characterized by its large, fortified walls and a central archway, which are distinctive features of the El Badi Palace in Morocco. The surrounding environment, including the palm trees and the layout of the courtyard, also align with the known characteristics of this historical site.

Statement 1: This structure belongs to Alhambra. True or False?
- The Alhambra is a palace and fortress complex located in Granada, Spain, and it is not characterized by large, fortified walls and a central archway. This statement is False.

Statement 2: This structure belongs to Taj Mahal. True or False?
- The Taj Mahal is a mausoleum located in Agra, India, and it is known for its white marble and intricate architectural details, which are not present in the image. This statement is False.

Statement 3: This structure belongs to El Badi Palace. True or False?
- The El Badi Palace is a historical palace in Essaouira, Morocco, known for its large, fortified walls and central archway, which match the features seen in the image. This statement is True.

Answer: 3",false
452b46e54415e4a4525bcadcfc1d7590887f189ec9f8cd636a86c87bde2208d1,1,,false
452b46e54415e4a4525bcadcfc1d7590887f189ec9f8cd636a86c87bde2208d1,2,,true
86f7aba040aed7a80f48bdd3bf32195b7796174e9355256ec091d3ccc1c7be6b,0,"The image shows a person on a board, which appears to be designed for riding on sand. The board is long and narrow, with a flat base, which is characteristic of a sandboard. The person is also wearing appropriate clothing for sandboarding, including a helmet and goggles, which are typically used in sandboarding to protect against the wind and sand.

Statement 1: The person in the image is using a snowboard.
- This statement is False. The board in the image is not a snowboard; it is designed for sandboarding.

Statement 2: The person in the image is using a skateboard.
- This statement is False. The board in the image is not a skateboard; it is designed for sandboarding.

Statement 3: The person in the image is using a sandboard.
- This statement is True. The board in the image is a sandboard, designed for riding on sand.

Answer: 3",false
86f7aba040aed7a80f48bdd3bf32195b7796174e9355256ec091d3ccc1c7be6b,1,,false
86f7aba040aed7a80f48bdd3bf32195b7796174e9355256ec091d3ccc1c7be6b,2,,true
f2ecb7b498eda0b537cc750362867125519781565cddb2648082dc48db1e2397,0,"The structure depicted in the image is likely a mosque.

Reasoning:
1. The image shows intricate Islamic calligraphy and geometric patterns, which are common in mosque architecture.
2. The presence of arches and the overall design are characteristic of mosque architecture.
3. The structure does not have the characteristics of a palace or marketplace.

Answer: 2",false
f2ecb7b498eda0b537cc750362867125519781565cddb2648082dc48db1e2397,1,,true
f2ecb7b498eda0b537cc750362867125519781565cddb2648082dc48db1e2397,2,,false
9dd38d671e905d30f34db8fc5959d28a7943b1368833f96965f8e6bd5d0a8cfe,0,"The image shows a blue-painted street with various artisanal items displayed, which is characteristic of Chefchaouen, Morocco. The other two statements about Santorini, Greece, and Jaipur, India, are not supported by the image.

Answer: 1",true
9dd38d671e905d30f34db8fc5959d28a7943b1368833f96965f8e6bd5d0a8cfe,1,,false
9dd38d671e905d30f34db8fc5959d28a7943b1368833f96965f8e6bd5d0a8cfe,2,,false
35c77c36383a6bbd0c9b410f5b7cfe671767887fc74ad7a2f2682793f9cf384f,0,"The image shows a meal that includes a stew with vegetables and meat, a dish with chopped vegetables, and a bowl of potatoes. The serving style and ingredients suggest a Middle Eastern or North African cuisine, particularly Moroccan, given the use of a clay pot and the style of the stew.

Statement 1: This meal represents Moroccan cuisine based on the ingredients and serving style. True.
- The clay pot and the style of the stew are characteristic of Moroccan cuisine.
- The ingredients, such as the vegetables and meat, are common in Moroccan dishes.

Statement 2: This meal represents Japanese cuisine based on the ingredients and serving style. False.
- There are no typical Japanese ingredients or serving styles present in the image.

Statement 3: This meal represents Mediterranean cuisine based on the ingredients and serving style. False.
- While some ingredients might be found in Mediterranean cuisine, the specific style and presentation do not strongly suggest this cuisine.

Answer: 1",true
35c77c36383a6bbd0c9b410f5b7cfe671767887fc74ad7a2f2682793f9cf384f,1,,false
35c77c36383a6bbd0c9b410f5b7cfe671767887fc74ad7a2f2682793f9cf384f,2,,false
0cf8ade38877aae95963e4e85b5e2612f393478330f286933109feff4519219a,0,"The image shows a large open space with a prominent mosque tower in the background, surrounded by palm trees and a clear sky. There are people walking around, and the area appears to be a public space rather than a private shopping mall. The presence of the mosque tower and the open, spacious design are characteristic of a mosque courtyard.

Statement 1: The place shown in the image is a public park.
- This statement is plausible but not grounded in the image. The space appears to be a public area, but it is more indicative of a mosque courtyard than a park.

Statement 2: The place shown in the image is a shopping mall.
- This statement is false. There is no indication of a shopping mall in the image. The open space and the presence of a mosque tower strongly suggest a religious or public space rather than a commercial one.

Statement 3: The place shown in the image is a mosque courtyard.
- This statement is grounded in the image. The prominent mosque tower, open space, and the presence of palm trees are characteristic of a mosque courtyard.

Answer: 3",false
0cf8ade38877aae95963e4e85b5e2612f393478330f286933109feff4519219a,1,,false
0cf8ade38877aae95963e4e85b5e2612f393478330f286933109feff4519219a,2,,true
284ce606c572469fc1f26375fee3ef6ebba14681879ca9c8ec5f8f68a627cd7e,0,"1. A horse is pulling a cart in this marketplace scene.
2. A camel is pulling a cart in this marketplace scene.
3. A donkey is pulling a cart in this marketplace scene.

Upon examining the image, it is clear that there is a horse pulling a cart in the marketplace scene. The other two statements about a camel and a donkey pulling a cart are not supported by the image.

Answer: 1",true
284ce606c572469fc1f26375fee3ef6ebba14681879ca9c8ec5f8f68a627cd7e,1,,false
284ce606c572469fc1f26375fee3ef6ebba14681879ca9c8ec5f8f68a627cd7e,2,,false
e16e812ae462d2e8d9b52cedf023f5ab16edaf97fa4566989292623ba23f0708,0,"The lantern in the image appears to be made of metal, as indicated by its structure and the way it is hanging from a chain. This suggests that traditional lanterns like the one shown are commonly crafted from metal.

Statement 1: Traditional lanterns like the one shown in the image are commonly crafted from metal. True

Statement 2: Traditional lanterns like the one shown in the image are commonly crafted from wood. False

Statement 3: Traditional lanterns like the one shown in the image are commonly crafted from plastic. False

Answer: 1",true
e16e812ae462d2e8d9b52cedf023f5ab16edaf97fa4566989292623ba23f0708,1,,false
e16e812ae462d2e8d9b52cedf023f5ab16edaf97fa4566989292623ba23f0708,2,,false
778681cc7f2d8aa23350f2b0d83fc2489f2417428a1b1fa454c7cba0c60598df,0,"Statement 1: A leather belt is prominently visible in the image. False
Statement 2: Multiple silver rings are prominently visible in the image. True
Statement 3: A silver necklace is prominently visible in the image. False

Answer: 2",false
778681cc7f2d8aa23350f2b0d83fc2489f2417428a1b1fa454c7cba0c60598df,1,,true
778681cc7f2d8aa23350f2b0d83fc2489f2417428a1b1fa454c7cba0c60598df,2,,false
e7e1e77a40b12a8ae2df942b08a1a423e3cab220af51dce895b21fc64ad99fa3,0,"1. UNESCO is prominently featured in the image, suggesting the cultural importance of the event.
2. United Nations is prominently featured in the image, suggesting the cultural importance of the event.
3. World Wildlife Fund is prominently featured in the image, suggesting the cultural importance of the event.

Upon examining the image, it is clear that the acronym ""UNESCO"" is prominently displayed on the sand dune in the background. This indicates that the event is recognized by UNESCO, which is a specialized agency of the United Nations (UN) responsible for promoting cultural diversity and heritage. The presence of UNESCO in the image suggests that the event holds significant cultural importance.

The other two statements, mentioning the United Nations and World Wildlife Fund, are not present in the image. Therefore, they are not grounded in the image and are plausible-sounding hallucinations.

Answer: 1",true
e7e1e77a40b12a8ae2df942b08a1a423e3cab220af51dce895b21fc64ad99fa3,1,,false
e7e1e77a40b12a8ae2df942b08a1a423e3cab220af51dce895b21fc64ad99fa3,2,,false
fd425a3624e7e7abbe1b652ffc8b445f11d0fb60fc29e56202087199493bdd12,0,"The image shows a traditional tagine dish, which is a type of stew that is cooked in a clay pot with a conical lid. The tagine is a staple in Moroccan cuisine, known for its rich flavors and aromatic spices.

Let's analyze each statement:

1. **The traditional tagine dish is most associated with Italy.**
   - This statement is false. Tagine is not a traditional dish from Italy. It is a Moroccan dish, not Italian.

2. **The traditional tagine dish is most associated with India.**
   - This statement is also false. While India has its own rich culinary traditions, tagine is not a traditional dish from India. It is specifically associated with Moroccan cuisine.

3. **The traditional tagine dish is most associated with Morocco.**
   - This statement is true. Tagine is a traditional dish from Morocco, known for its unique cooking method and flavor profile.

Based on the analysis, the grounded statement is the third one.

Answer: 3",false
fd425a3624e7e7abbe1b652ffc8b445f11d0fb60fc29e56202087199493bdd12,1,,false
fd425a3624e7e7abbe1b652ffc8b445f11d0fb60fc29e56202087199493bdd12,2,,true
ecf6be46870b810f5e5176e3b4af0346fbe627b28423f1b0cc960a4d83320624,0,"The rug in the image has a complex pattern with various shapes and designs, which are not floral or solid-colored. Therefore, the correct statement is:

Statement 3: True or False: The rug shown in the image is a patterned rug with geometric designs.

Answer: 3",false
ecf6be46870b810f5e5176e3b4af0346fbe627b28423f1b0cc960a4d83320624,1,,false
ecf6be46870b810f5e5176e3b4af0346fbe627b28423f1b0cc960a4d83320624,2,,true
06f74f400cae942cf6abc004040471b041056be90a47a3ddecea70dcab1ec106,0,"The pots in the image appear to be made from a material that is smooth and has a matte finish, which is characteristic of ceramic. The color and texture also suggest that they are not made from metal or terracotta. Therefore, the correct statement is:

Statement 3: The Moroccan tagine pots in the image are made from ceramic.

Answer: 3",false
06f74f400cae942cf6abc004040471b041056be90a47a3ddecea70dcab1ec106,1,,false
06f74f400cae942cf6abc004040471b041056be90a47a3ddecea70dcab1ec106,2,,true
b8ada52bbf13faef18bbb0558643ef98b378ab23d6f16e600e9de78a66ea9438,0,"The image shows a courtyard with recessed niches on the walls. These niches are holding decorative sculptures, which suggests that their purpose is indeed to display art. 

Statement 1: The purpose of the recessed niches in the courtyard walls is to hold decorative sculptures. True.

Statement 2: The purpose of the recessed niches in the courtyard walls is to provide storage space. False.

Statement 3: The purpose of the recessed niches in the courtyard walls is to act as windows for ventilation. False.

Answer: 1",true
b8ada52bbf13faef18bbb0558643ef98b378ab23d6f16e600e9de78a66ea9438,1,,false
b8ada52bbf13faef18bbb0558643ef98b378ab23d6f16e600e9de78a66ea9438,2,,false
27f59f913951e28b297b1631b310beb350e6adcf46627ed9556865b674b05dc5,0,"The image shows a variety of intricately designed ceramic items, including vases, plates, and bowls, which are typically used for decorative purposes and cultural preservation. These items are not designed for industrial use or food packaging.

Statement 1: The primary function of the ceramic items displayed in the shop is decoration and cultural preservation. True
Statement 2: The primary function of the ceramic items displayed in the shop is industrial use. False
Statement 3: The primary function of the ceramic items displayed in the shop is food packaging. False

Answer: 1",true
27f59f913951e28b297b1631b310beb350e6adcf46627ed9556865b674b05dc5,1,,false
27f59f913951e28b297b1631b310beb350e6adcf46627ed9556865b674b05dc5,2,,false
bd456b35ed43bebe499dbc4b8a8c89da20b06eea52cc7f12c8ff9292e4b8659b,0,"The image shows a city with a dense, compact layout and numerous buildings with flat roofs, which is characteristic of many cities in North Africa. The presence of mosques with green domes and minarets is also common in Islamic architecture, which is prevalent in cities like Fez, Morocco.

Statement 1: The city depicted in the image is Fez, Morocco. True or False?
- Fez, Morocco, is known for its dense, historic medina and numerous mosques with green domes and minarets, which matches the features seen in the image. This statement is grounded in the image.

Statement 2: The city depicted in the image is Istanbul, Turkey. True or False?
- Istanbul, Turkey, is known for its sprawling, historic cityscape, but it is not characterized by the dense, compact layout and numerous green-domed mosques seen in the image. This statement is not grounded in the image.

Statement 3: The city depicted in the image is Cairo, Egypt. True or False?
- Cairo, Egypt, is known for its sprawling, historic cityscape with many mosques and buildings, but it is not characterized by the dense, compact layout and numerous green-domed mosques seen in the image. ||| True

The city depicted in the image is indeed Fez, Morocco. This can be determined by the distinctive architecture, including the green-domed mosque and the minarets, which are characteristic of Fez's historic medina. Additionally, the layout and density of the buildings are consistent with the city's famous labyrinthine streets and tightly packed structures. ||| False.

The city depicted in the image is not Istanbul, Turkey. The architecture and layout of the city, with its flat rooftops and dense, compact buildings, are characteristic of a North African city, likely Marrakech, Morocco. Istanbul, Turkey, has a very different architectural style and urban layout, with a more European influence and a larger body of water (the Bosphorus) separating the city from Europe. ||| False.

The city depicted in the image is not Cairo, Egypt. The image shows a densely packed city with distinctive architecture, including mosques with green domes and minarets, which is characteristic of Marrakech, Morocco, not Cairo, Egypt.",true
bd456b35ed43bebe499dbc4b8a8c89da20b06eea52cc7f12c8ff9292e4b8659b,1,,false
bd456b35ed43bebe499dbc4b8a8c89da20b06eea52cc7f12c8ff9292e4b8659b,2,,false
9a0bb52062c6b6b883d4d3ef91347fc8c63a191afc92979a479daf61e1ee3dfe,0,"The image shows a rug with a textured, woven appearance. To determine which statement is grounded in the image, we need to analyze the characteristics of the rug and compare them with the properties of different materials.

1. **Silk**: Silk rugs are typically known for their luxurious feel and sheen. The rug in the image does not exhibit a shiny or lustrous appearance, which is characteristic of silk rugs. Therefore, it is unlikely that this rug is made of silk.

2. **Cotton**: Cotton rugs are often plain and have a matte finish. The texture and appearance of the rug in the image seem to match the characteristics of a cotton rug, which is typically woven and has a matte finish.

3. **Wool**: Wool rugs are known for their softness and warmth. The texture of the rug in the image does not appear to be as soft or plush as wool rugs typically are. Wool rugs also tend to have a more pronounced pile, which is not evident in this image.

Given these observations, the most plausible material for the rug in the image is cotton.

**Answer: 2**",false
9a0bb52062c6b6b883d4d3ef91347fc8c63a191afc92979a479daf61e1ee3dfe,1,,true
9a0bb52062c6b6b883d4d3ef91347fc8c63a191afc92979a479daf61e1ee3dfe,2,,false
811ff98691f716d2f78b8beef77846a1827188987df54e2cbfbd5da5ee5294b6,0,"The architectural facade in the image features intricate tile work and a distinct style that is characteristic of Islamic architecture. The facade includes a series of arches and a patterned design that is common in many mosques around the Arab world.

Let's analyze each statement:

1. **Statement 1: True or False: This architectural facade belongs to the Taj Mahal in India.**
   - The Taj Mahal is a well-known mausoleum in India, but its architecture is primarily Mughal, characterized by white marble and a more symmetrical design. The facade in the image does not match the Taj Mahal's style.

2. **Statement 2: True or False: This architectural facade belongs to the Blue Mosque in Turkey.**
   - The Blue Mosque, also known as the Sultan Ahmed Mosque, is famous for its interior blue tiles and is located in Istanbul, Turkey. The facade in the image does not match the Blue Mosque's distinctive blue tiles.

3. **Statement 3: True or False: This architectural facade belongs to the Hassan II Mosque in Morocco.**
   - The Hassan II Mosque in Casablanca, Morocco, is known for its intricate tile work and Islamic architectural elements. ||| False.

The architectural facade in the image is not the Taj Mahal in India. The Taj Mahal is a mausoleum located in Agra, India, and it features a distinct white marble structure with a large central dome and four smaller domes at the corners. The facade in the image has a different architectural style, with intricate tile work and a greenish-blue color scheme, which is more characteristic of Islamic architecture found in regions like North Africa or the Middle East. ||| False.

The architectural facade in the image does not belong to the Blue Mosque in Turkey. The Blue Mosque, also known as the Sultan Ahmed Mosque, is renowned for its intricate interior decorations and blue tiles, but the facade shown in the image features a different style and design, which is more characteristic of Islamic architecture found in North Africa or the Middle East. The specific patterns and colors used in the image are not typical of the Blue Mosque's design. ||| True

The architectural facade in the image is characteristic of the Hassan II Mosque in Morocco, known for its intricate tile work and ornate design.",false
811ff98691f716d2f78b8beef77846a1827188987df54e2cbfbd5da5ee5294b6,1,,false
811ff98691f716d2f78b8beef77846a1827188987df54e2cbfbd5da5ee5294b6,2,,true
ad3a8a716fea7f0251663b040f28b3b27ec72b440fcffef181a5b2d3af0d8c74,0,"The image shows a person pouring a liquid from a teapot into a cup, which is a common practice for preparing tea. The presence of a teapot and the setting suggest that the beverage being prepared is tea.

Statement 1: The beverage being prepared in the image is hot chocolate.
- This statement is false because there is no evidence in the image that suggests hot chocolate is being prepared. The teapot and the setting are more indicative of tea preparation.

Statement 2: The beverage being prepared in the image is coffee.
- This statement is false because there is no evidence in the image that suggests coffee is being prepared. The teapot and the setting are more indicative of tea preparation.

Statement 3: The beverage being prepared in the image is tea.
- This statement is true because the teapot and the setting are indicative of tea preparation.

Answer: 3",false
ad3a8a716fea7f0251663b040f28b3b27ec72b440fcffef181a5b2d3af0d8c74,1,,false
ad3a8a716fea7f0251663b040f28b3b27ec72b440fcffef181a5b2d3af0d8c74,2,,true
dbac647dc77367ed928664c1e1fc1f72ed357da489dcb0be344132a2b1144ea3,0,"The signage at Gare Casa Voyageurs uses Arabic and French.

Reasoning:
1. The image shows the signage clearly displaying both Arabic and French script.
2. The text ""GARE CASA VOYAGEURS"" is written in both Arabic and French, indicating that the signage uses both languages.

Answer: 1",true
dbac647dc77367ed928664c1e1fc1f72ed357da489dcb0be344132a2b1144ea3,1,,false
dbac647dc77367ed928664c1e1fc1f72ed357da489dcb0be344132a2b1144ea3,2,,false
73fd8f243bcf461d051f07873182747d56220df25bf492f035fa5db64d113b5e,0,"The rock depicted in the image has a reddish-brown color and a rough, jagged texture. 

1. Granite is typically composed of quartz, feldspar, and mica, and it usually has a coarse-grained texture. The rock in the image does not have the typical coarse-grained texture of granite.

2. Basalt is an igneous rock that is formed from the rapid cooling of lava rich in iron and magnesium. It typically has a fine-grained texture and is usually dark in color. The rock in the image does not have the typical fine-grained texture of basalt.

3. Sandstone is a sedimentary rock composed mainly of sand-sized mineral particles or rock fragments. It often has a reddish-brown color and a rough, jagged texture, which matches the appearance of the rock in the image.

Based on the reddish-brown color and rough, jagged texture, the rock in the image is most likely sandstone.

Answer: 3",false
73fd8f243bcf461d051f07873182747d56220df25bf492f035fa5db64d113b5e,1,,false
73fd8f243bcf461d051f07873182747d56220df25bf492f035fa5db64d113b5e,2,,true
d4b168cf24a39c0253f20ffe08d17d689e23f29fabc8d29e31f481f1a363e5df,0,"The image shows a traditional Moroccan tagine pot. The tagine is a type of earthenware pot with a conical lid, which is used for cooking stews, soups, and other dishes slowly over low heat. This aligns with the primary use of a tagine, which is for slow cooking stews.

Statement 1: A traditional Moroccan tagine pot is primarily used for slow cooking stews. True
Statement 2: A traditional Moroccan tagine pot is primarily used for serving tea. False
Statement 3: A traditional Moroccan tagine pot is primarily used for baking bread. False

Answer: 1",true
d4b168cf24a39c0253f20ffe08d17d689e23f29fabc8d29e31f481f1a363e5df,1,,false
d4b168cf24a39c0253f20ffe08d17d689e23f29fabc8d29e31f481f1a363e5df,2,,false
472b01378e6d356e47da6b8a1fc73608678a3b4e7ba25b1998daa705265337f8,0,"The image shows a platform with people standing on it, and the background features a large, ornate building that appears to be a significant landmark. The platform is elevated, suggesting it is meant for viewing the surrounding area.

1. The main purpose of the platform shown in the image is to serve as a stage for live musical performances.
   - There is no evidence in the image that the platform is used for musical performances. The people on the platform appear to be sightseeing or taking photographs, not performing.

2. The main purpose of the platform shown in the image is to provide a place for sightseeing and enjoying panoramic views.
   - The platform is elevated and has people on it, which suggests it is meant for sightseeing. The presence of people taking photographs further supports this.

3. The main purpose of the platform shown in the image is to act as a launching pad for hot air balloons.
   - There is no indication in the image that the platform is used for launching hot air balloons. The structure and location do not suggest any connection to hot air balloon activities.

Answer: 2",false
472b01378e6d356e47da6b8a1fc73608678a3b4e7ba25b1998daa705265337f8,1,,true
472b01378e6d356e47da6b8a1fc73608678a3b4e7ba25b1998daa705265337f8,2,,false
d597111f88ae34f80fa23fdec6f6b90b28edad5bab3b40340c5fa75d44ac9084,0,"The architecture shown in the image is characterized by its white, plastered walls and arched doorways, which are typical of traditional North African architecture, particularly in regions like Morocco or Tunisia. The clothing worn by the person also aligns with traditional North African attire.

Statement 1: The architecture shown in the image is most likely associated with East Asia. False.
- The architecture does not match the typical styles found in East Asia, such as the use of wood and tiled roofs.

Statement 2: The architecture shown in the image is most likely associated with North Africa. True.
- The architecture and clothing are consistent with North African styles.

Statement 3: The architecture shown in the image is most likely associated with Scandinavia. False.
- The architecture does not match the typical styles found in Scandinavia, such as the use of wood and steeply pitched roofs.

Answer: 2",false
d597111f88ae34f80fa23fdec6f6b90b28edad5bab3b40340c5fa75d44ac9084,1,,true
d597111f88ae34f80fa23fdec6f6b90b28edad5bab3b40340c5fa75d44ac9084,2,,false
15871c7d9d4dae5aab98b0639a957de55d38c16d559c8295e0f0c36ef40431bc,0,"1. A dense urban cityscape is prominently visible in the background of the Canadian flag in the image.
2. A serene lake surrounded by mountains is prominently visible in the background of the Canadian flag in the image.
3. A desert with sand dunes is prominently visible in the background of the Canadian flag in the image.

The image shows a Canadian flag with a serene lake and mountains in the background, which is a plausible and accurate depiction of Canada's natural landscapes. The other two statements are not supported by the image.

Answer: 2",false
15871c7d9d4dae5aab98b0639a957de55d38c16d559c8295e0f0c36ef40431bc,1,,true
15871c7d9d4dae5aab98b0639a957de55d38c16d559c8295e0f0c36ef40431bc,2,,false
c9f4d52aee146c5c1ee07722b49bec00f7895a72ecbe5086457f5136abab01dc,0,"The main color of the traditional dress in the image is blue. True or false?

The main color of the traditional dress in the image is blue. True or false?

The main color of the traditional dress in the image is green. True or false?

Answer: 2",false
c9f4d52aee146c5c1ee07722b49bec00f7895a72ecbe5086457f5136abab01dc,1,,true
c9f4d52aee146c5c1ee07722b49bec00f7895a72ecbe5086457f5136abab01dc,2,,false
f0b6c336575fcb24a5a9686df93a53b3d24e018beff806f419ddbac883a01517,0,"The image shows an airplane with the name ""OMAN AIR"" clearly visible on its fuselage. This directly confirms that the airline represented in the image is Oman Air.

Statement 1: The airline represented in the image is Oman Air. True
Statement 2: The airline represented in the image is Qatar Airways. False
Statement 3: The airline represented in the image is Emirates. False

Answer: 1",true
f0b6c336575fcb24a5a9686df93a53b3d24e018beff806f419ddbac883a01517,1,,false
f0b6c336575fcb24a5a9686df93a53b3d24e018beff806f419ddbac883a01517,2,,false
1313b8eab411543044b44b2e330ff5b2c9db348468047bc457b4d109644562f5,0,"The individuals in the image are wearing traditional attire and headpieces that are commonly associated with Balinese dance performances. The setting by the poolside and their posture suggest they are preparing for a performance rather than a religious pilgrimage or a casual gathering.

Answer: 2",false
1313b8eab411543044b44b2e330ff5b2c9db348468047bc457b4d109644562f5,1,,true
1313b8eab411543044b44b2e330ff5b2c9db348468047bc457b4d109644562f5,2,,false
aa563c2700e58fe7291af169390fb5a0e4ee23fd093a692e994d949d5e887328,0,"The athletes on the podium are prominently displaying the flag of Bahrain. True or False?

The athletes on the podium are prominently displaying the flag of Oman. True or False?

The athletes on the podium are prominently displaying the flag of Qatar. True or False?

Reasoning:
- The flag displayed by the athlete on the second podium is the flag of Bahrain.
- The flag displayed by the athlete on the third podium is the flag of Oman.
- The flag displayed by the athlete on the first podium is the flag of Qatar.

Answer: 1",true
aa563c2700e58fe7291af169390fb5a0e4ee23fd093a692e994d949d5e887328,1,,false
aa563c2700e58fe7291af169390fb5a0e4ee23fd093a692e994d949d5e887328,2,,false
2091623ee84e8a7eb347ea59d71884121b6dce29d94c50994296aa828060aa48,0,"The image shows a modern high school building with the name ""Muriel Williams Battle High School"" prominently displayed on its facade. There is no glass dome structure or historical monument visible in the image.

Answer: 2",false
2091623ee84e8a7eb347ea59d71884121b6dce29d94c50994296aa828060aa48,1,,true
2091623ee84e8a7eb347ea59d71884121b6dce29d94c50994296aa828060aa48,2,,false
271907de2d807f9111bdbe4b8798a49da9756c4a360bdb58ce8abe4bf70dfa8c,0,"To determine which statement is grounded in the image, let's analyze each statement step by step:

1. **Statement 1: People are taking photos of the sea turtle because they are researching the turtle's habitat.**
   - The image shows people taking photos of a sea turtle, but there is no indication that they are conducting research. The presence of tourists and the casual way they are taking pictures suggest they are not engaged in scientific research.

2. **Statement 2: People are taking photos of the sea turtle because they are preparing the turtle for relocation.**
   - There is no evidence in the image that the people are involved in any activity related to relocating the turtle. The scene appears to be a natural setting where the turtle is simply present, and the people are observing and photographing it.

3. **Statement 3: People are taking photos of the sea turtle because they are documenting a rare sighting of a sea turtle.**
   - The image shows a group of people gathered around a sea turtle, which is a notable sighting in a natural environment. The presence of tourists and the act of taking photos suggest that this is a rare sighting, as people are capturing the moment.

Given the analysis, the grounded statement is:

** ||| False.

The image shows people taking photos of a sea turtle, but there is no indication that they are conducting research on the turtle's habitat. The presence of tourists and the act of taking photos suggest that they are observing and documenting the turtle for personal or educational purposes, rather than conducting scientific research. ||| False.

The image shows people taking photos of a sea turtle, but there is no indication that they are preparing the turtle for relocation. The turtle appears to be in its natural habitat, and the people are likely observing and photographing it as a tourist attraction. ||| False.

Reasoning: The image shows people taking photos of a sea turtle, but there is no information provided to suggest that this is a rare sighting. The context does not specify the rarity of the sighting, so it cannot be assumed that it is a rare event.",true
271907de2d807f9111bdbe4b8798a49da9756c4a360bdb58ce8abe4bf70dfa8c,1,,false
271907de2d807f9111bdbe4b8798a49da9756c4a360bdb58ce8abe4bf70dfa8c,2,,false
651d53b9c746a06872cf8305d7f7db62a9256f8c392520ef2588af892955c145,0,"The image shows a collection of books with ornate and traditional bindings, suggesting they are not typical of modern scientific research or casual reading materials. The bindings appear to be of a style that is often associated with religious or scholarly texts, particularly in the Arab world.

1. The likely purpose of the books shown in the image is scientific research and experimentation.
   - This statement is unlikely to be true based on the image. The books have ornate bindings, which are not typical of scientific research materials.

2. The likely purpose of the books shown in the image is religious study and worship.
   - This statement is plausible. The ornate and traditional bindings suggest that these books could be religious texts, which are often bound in such a manner.

3. The likely purpose of the books shown in the image is casual reading and entertainment.
   - This statement is unlikely to be true based on the image. The books have ornate bindings, which are not typical of casual reading materials.

Answer: 2",false
651d53b9c746a06872cf8305d7f7db62a9256f8c392520ef2588af892955c145,1,,true
651d53b9c746a06872cf8305d7f7db62a9256f8c392520ef2588af892955c145,2,,false
0dffdb6536b7ab3e20898d78ad5c33dc1e8442f0f0b5c26cf283e4483dbee61e,0,"The facility shown in the image is likely a medical treatment facility. 

Reasoning:
1. The woman in the image is seated in a green chair with a needle in her arm, connected to a medical device, which suggests she is undergoing some form of medical treatment.
2. The man in the background is also seated in a similar chair, indicating that this is a place where multiple people are receiving medical care.
3. The environment appears to be a clinical setting with medical equipment and chairs designed for patients.

The other two statements are plausible-sounding hallucinations:
- The facility shown in the image is likely a recreational center. This is unlikely because the setting and the presence of medical equipment suggest a medical facility, not a recreational center.
- The facility shown in the image is likely a classroom. This is also unlikely because the setting and the presence of medical equipment suggest a medical facility, not a classroom.

Answer: 1",true
0dffdb6536b7ab3e20898d78ad5c33dc1e8442f0f0b5c26cf283e4483dbee61e,1,,false
0dffdb6536b7ab3e20898d78ad5c33dc1e8442f0f0b5c26cf283e4483dbee61e,2,,false
c3bf14f1fb01ec91bb6ced6b377dc55940c1cac3caa2d70acef68788b2285f62,0,"To determine which statement is grounded in the image, let's analyze each statement:

1. **Statement 1: A numismatist would most likely be responsible for studying and authenticating this type of coin.**
   - A numismatist is a specialist in the study of coins and currency. Given that the image shows a coin, it is plausible that a numismatist would be involved in studying and authenticating it.

2. **Statement 2: A cartographer would most likely be responsible for studying and authenticating this type of coin.**
   - A cartographer is someone who draws maps and charts. While cartography involves geography and mapping, it is not directly related to the study or authentication of coins. Therefore, this statement is unlikely to be true.

3. **Statement 3: A linguist would most likely be responsible for studying and authenticating this type of coin.**
   - A linguist studies languages and their structure. While the text on the coin is in Arabic, linguists typically focus on language rather than numismatics. Therefore, this statement is also unlikely to be true.

Given the analysis, the grounded statement is:

**Answer: 1**",true
c3bf14f1fb01ec91bb6ced6b377dc55940c1cac3caa2d70acef68788b2285f62,1,,false
c3bf14f1fb01ec91bb6ced6b377dc55940c1cac3caa2d70acef68788b2285f62,2,,false
c07f9e90a3144f7c18df49b37dc8202f4a0b984e97edca6e5358fde151ca96ed,0,"The style of clothing seen in the image is most closely associated with South Asia. True or False?

The clothing in the image includes a turban and a traditional outfit with intricate embroidery and patterns, which are characteristic of South Asian attire, particularly worn by men in regions like Pakistan and India.

The style of clothing seen in the image is most closely associated with Northern Europe. True or False?

Northern European clothing typically includes garments like tunics, capes, and hats, which are not present in the image. The style depicted is more consistent with South Asian clothing.

The style of clothing seen in the image is most closely associated with East Africa. True or False?

East African traditional clothing often includes garments like the Shuka (a large, colorful cloth) and the Kikuyu shawl, which are not present in the image. The style depicted is more consistent with South Asian clothing.

Answer: 1",true
c07f9e90a3144f7c18df49b37dc8202f4a0b984e97edca6e5358fde151ca96ed,1,,false
c07f9e90a3144f7c18df49b37dc8202f4a0b984e97edca6e5358fde151ca96ed,2,,false
b10b0c5e8478d9a278699d00bc5b9b97f955e2ba9d794c03b8d313104be1663f,0,"The architectural features and terracotta pots in the image are most likely representative of the Middle East. The style of the building, with its arched windows and terracotta pots, is characteristic of Middle Eastern architecture. The use of terracotta pots is also common in this region, often used for storage and decoration.

The architectural features and terracotta pots in the image are not representative of South America or Scandinavia. South American architecture typically features different materials and styles, such as adobe or thatch-roofed buildings, while Scandinavian architecture often includes elements like timber framing and steeply pitched roofs.

Answer: 1",true
b10b0c5e8478d9a278699d00bc5b9b97f955e2ba9d794c03b8d313104be1663f,1,,false
b10b0c5e8478d9a278699d00bc5b9b97f955e2ba9d794c03b8d313104be1663f,2,,false
8f811e9841e8ea7e2975849f45f870c756596a495102e30f659972eba2c883ec,0,"The image shows a section of an airplane cabin with seating pods that are designed to provide privacy and comfort for travelers. These pods are enclosed with curtains and have a more luxurious appearance compared to standard economy seating.

1. The primary purpose of the seating pods in this airplane cabin is to store luggage during the flight.
   - This statement is False. The pods are designed for seating and privacy, not for storing luggage.

2. The primary purpose of the seating pods in this airplane cabin is to provide privacy and comfort for travelers.
   - This statement is True. The design and layout of the pods, along with the curtains and enclosed spaces, indicate that they are intended to offer privacy and comfort.

3. The primary purpose of the seating pods in this airplane cabin is to serve as entertainment areas for passengers.
   - This statement is False. While the pods may offer some level of comfort, they are primarily designed for seating and privacy, not specifically for entertainment purposes.

Answer: 2",false
8f811e9841e8ea7e2975849f45f870c756596a495102e30f659972eba2c883ec,1,,true
8f811e9841e8ea7e2975849f45f870c756596a495102e30f659972eba2c883ec,2,,false
e467bf0e9c964b55198e3da52b0c8ff7c40cda79c57fcc580cefd22716bdd69c,0,"The image shows ancient stone ruins in a barren, arid landscape, which is characteristic of desert regions. The ruins are not surrounded by lush vegetation, which would be typical of tropical rainforests, nor are they located in an urban city center. Therefore, the statement that ancient stone ruins like the ones in the image are most commonly found in desert regions is the one grounded in the image.

Answer: 3",false
e467bf0e9c964b55198e3da52b0c8ff7c40cda79c57fcc580cefd22716bdd69c,1,,false
e467bf0e9c964b55198e3da52b0c8ff7c40cda79c57fcc580cefd22716bdd69c,2,,true
df32536a386778b3f719be2d6cb7a321d1628b6fa7ca4e2b4d5bb5db8299836c,0,"The image shows terracotta pots, which are typically used for various purposes in many cultures. Let's analyze each statement:

1. **Terracotta pots like those in the image are commonly used to store jewelry and clothing.**
   - This statement is not supported by the image. The pots shown are large and have a design that suggests they are used for storage, but there is no indication that they are specifically used for jewelry and clothing.

2. **Terracotta pots like those in the image are commonly used to store books and papers.**
   - This statement is also not supported by the image. While terracotta pots can be used for storage, they are not typically used for storing books and papers.

3. **Terracotta pots like those in the image are commonly used to store water and grains.**
   - This statement is supported by the image. The pots are large and have a design that suggests they are used for storage, which is consistent with their traditional use for storing water and grains.

Based on the analysis, the grounded statement is:

**Answer: 3**",false
df32536a386778b3f719be2d6cb7a321d1628b6fa7ca4e2b4d5bb5db8299836c,1,,false
df32536a386778b3f719be2d6cb7a321d1628b6fa7ca4e2b4d5bb5db8299836c,2,,true
0cd63bcb00b8bb70a566c04cb7568fa27c19bf70d17e3790e13c9b4bd9e2a500,0,"The image shows a fortress constructed with materials that appear to be mud or stone, as evidenced by the earthy, textured appearance of the walls and the overall structure. The fortress is built into a rocky hillside, which is typical of many desert fortresses in the Arab world. The materials used in its construction are not consistent with wood or concrete, which are less likely to be used in such arid environments due to their susceptibility to weathering and lack of local availability.

Therefore, the statement that is grounded in the image is:

Statement 1: Mud or stone is most likely used in the construction of this desert fortress. True/False?

Answer: 1",true
0cd63bcb00b8bb70a566c04cb7568fa27c19bf70d17e3790e13c9b4bd9e2a500,1,,false
0cd63bcb00b8bb70a566c04cb7568fa27c19bf70d17e3790e13c9b4bd9e2a500,2,,false
e1961f4c6e6dc1cb0dbf374737f16f9742b41afdcad778eb9e987b89cfa1d7c4,0,"The woven basket in the image appears to have a texture and pattern that is characteristic of natural fibers, such as those found in traditional weaving techniques. The colors and the way the material is woven also suggest that it is likely made of natural fibers rather than metal or plastic.

Statement 1: The woven basket in the image is most likely made of natural fibers. True
Statement 2: The woven basket in the image is most likely made of metal. False
Statement 3: The woven basket in the image is most likely made of plastic. False

Answer: 1",true
e1961f4c6e6dc1cb0dbf374737f16f9742b41afdcad778eb9e987b89cfa1d7c4,1,,false
e1961f4c6e6dc1cb0dbf374737f16f9742b41afdcad778eb9e987b89cfa1d7c4,2,,false
8307dff2be6a333f6bed2ffad42585e5803f8f00004919e3ccc1d479794ac7d3,0,"Statement 1: The building shown in the image prominently features slanted roofs. True/False?

Upon examining the image, it is clear that the building does not have slanted roofs. The roof appears to be flat, which is a common architectural feature in many buildings in the Arab world.

Statement 2: The building shown in the image prominently features domes. True/False?

The building does not prominently feature domes. There are no domes visible in the image.

Statement 3: The building shown in the image prominently features arched doorways. True/False?

The building does prominently feature arched doorways. This is evident from the multiple arches visible in the image.

Answer: 3",false
8307dff2be6a333f6bed2ffad42585e5803f8f00004919e3ccc1d479794ac7d3,1,,false
8307dff2be6a333f6bed2ffad42585e5803f8f00004919e3ccc1d479794ac7d3,2,,true
4303f9dc22cbd4d29ac1e39e469b96f907f01132cdfe19d61a05bfc1100c0232,0,"The building in the image appears to be constructed from stone and mud, as evidenced by the visible texture and composition of the materials. The walls are uneven and made of what looks like compacted earth and stones, which are typical of mud-brick constructions found in many parts of the Arab world. The presence of large stones and the overall appearance of the structure support this observation.

Statement 1: The building is primarily made of concrete and steel.
- This statement is not supported by the image. The materials visible do not resemble concrete or steel.

Statement 2: The building is primarily made of stone and mud.
- This statement is supported by the image. The visible texture and composition of the building materials suggest it is made of stone and mud.

Statement 3: The building is primarily made of wood and bricks.
- This statement is not supported by the image. The materials visible do not resemble wood or bricks.

Answer: 2",false
4303f9dc22cbd4d29ac1e39e469b96f907f01132cdfe19d61a05bfc1100c0232,1,,true
4303f9dc22cbd4d29ac1e39e469b96f907f01132cdfe19d61a05bfc1100c0232,2,,false
2e817ed5ccc4785dc4a3a7da426d5ab26d9067d72117c237efca06a6f524a2ab,0,"The image shows two men shaking hands in front of flags, which are typically associated with diplomatic settings. The presence of formal attire, including a traditional robe and a suit, along with the formal handshake, suggests a diplomatic meeting rather than a fashion show or sports award ceremony.

Answer: 1",true
2e817ed5ccc4785dc4a3a7da426d5ab26d9067d72117c237efca06a6f524a2ab,1,,false
2e817ed5ccc4785dc4a3a7da426d5ab26d9067d72117c237efca06a6f524a2ab,2,,false
da2514d67cfd89f8008d79092b00f89b8bc6d9278556761fd9e40bd9ad2f4e57,0,"The dress worn by the person in the image is a traditional embroidered dress with cultural patterns. This statement is grounded in the image as the dress clearly features intricate embroidery and cultural patterns, which are characteristic of traditional attire.

The other two statements are plausible-sounding hallucinations and are not supported by the image:
- Statement 2: The dress is not a modern evening gown with metallic accents. The dress is traditional and does not have metallic accents.
- Statement 3: The dress is not a business suit with minimal decoration. The dress is ornate with elaborate embroidery and cultural patterns.

Answer: 1",true
da2514d67cfd89f8008d79092b00f89b8bc6d9278556761fd9e40bd9ad2f4e57,1,,false
da2514d67cfd89f8008d79092b00f89b8bc6d9278556761fd9e40bd9ad2f4e57,2,,false
47be8b58f25f76e00d3ec008680bcb2cd815608114d170f65c421e423e083478,0,"The image depicts a fort with crenellations on its walls. Crenellations are typically used in fortifications to provide cover for defenders while allowing them to fire upon attackers. Given this context, the primary purpose of crenellations is defense against attacks.

Statement 1: The primary purpose of the crenellations seen on the walls of the fort is decoration. 
- This statement is False. Crenellations are not primarily used for decoration; their primary function is defensive.

Statement 2: The primary purpose of the crenellations seen on the walls of the fort is ventilation.
- This statement is False. Crenellations are not designed for ventilation; their primary function is to provide defensive cover.

Statement 3: The primary purpose of the crenellations seen on the walls of the fort is defense against attacks.
- This statement is True. Crenellations are indeed used for defense, allowing defenders to shoot at attackers while remaining protected.

Answer: 3",false
47be8b58f25f76e00d3ec008680bcb2cd815608114d170f65c421e423e083478,1,,false
47be8b58f25f76e00d3ec008680bcb2cd815608114d170f65c421e423e083478,2,,true
9f9ffdf4de8b9316c6cc2a083e20013b35f1926d28cc5977a02713ff1f25a746,0,"The image shows a person dressed in traditional attire, standing in a place with large windows and ornate columns. The architecture and design elements suggest a historical or religious setting.

1. The image is likely set in a museum.
   - The setting does not resemble a museum. Museums typically have various exhibits and displays, and the environment is usually more open and less focused on a single architectural style.

2. The image is likely set in a church.
   - The presence of large windows with stained glass and ornate columns is characteristic of many churches. The person's attire, which includes a headscarf and traditional clothing, also aligns with what might be worn in a religious setting.

3. The image is likely set in a library.
   - Libraries typically have bookshelves filled with books and a more organized, less ornate interior. The architectural elements and the person's attire do not suggest a library setting.

Answer: 2",false
9f9ffdf4de8b9316c6cc2a083e20013b35f1926d28cc5977a02713ff1f25a746,1,,true
9f9ffdf4de8b9316c6cc2a083e20013b35f1926d28cc5977a02713ff1f25a746,2,,false
b9cf06abcb106a8ad8d31e454df899218a6c014ce018d888e74b5a084dd7fe4a,0,"The image shows individuals using omnidirectional treadmills while wearing VR headsets, indicating that the primary purpose of these treadmills is to allow free movement in virtual reality games. This aligns with Statement 1.

Statement 2 suggests that the primary purpose is to improve physical fitness during gaming. While omnidirectional treadmills can be used for physical fitness, the context of the image, which shows VR headsets, suggests that the primary purpose here is gaming.

Statement 3 suggests that the primary purpose is to serve as a seating area for gamers. The image clearly shows individuals standing and actively using the treadmills, which contradicts this statement.

Therefore, the grounded statement is Statement 1.

Answer: 1",true
b9cf06abcb106a8ad8d31e454df899218a6c014ce018d888e74b5a084dd7fe4a,1,,false
b9cf06abcb106a8ad8d31e454df899218a6c014ce018d888e74b5a084dd7fe4a,2,,false
eb95bcfb2c949a836960baeeeb68d5aee8716f679217cb4a4c83707a45f860d5,0,"The image shows a group of individuals raising rifles and holding a flag, which suggests a context of protest or demonstration rather than a cultural event or sports competition. The individuals are dressed in traditional attire, and the presence of the flag indicates a political or nationalistic context.

Statement 1: The individuals are raising rifles in this image to celebrate a cultural event. False.
Statement 2: The individuals are raising rifles in this image as part of a protest or demonstration. True.
Statement 3: The individuals are raising rifles in this image in preparation for a sports competition. False.

Answer: 2",false
eb95bcfb2c949a836960baeeeb68d5aee8716f679217cb4a4c83707a45f860d5,1,,true
eb95bcfb2c949a836960baeeeb68d5aee8716f679217cb4a4c83707a45f860d5,2,,false
a5ffe93c0ff6398bb717cb1aca18c1e1337876b2789956c80aae3c65d10195ba,0,"The jug in the image has a reddish-brown color, which is characteristic of copper or brass. The surface appears to have a metallic sheen, which is consistent with these materials. The intricate designs and the patina on the surface further support the likelihood that the jug is made of copper or brass.

Statement 1: The primary material used in the jug depicted in the image is copper or brass. True.

Statement 2: The primary material used in the jug depicted in the image is silver. False.

Statement 3: The primary material used in the jug depicted in the image is ceramic. False.

Answer: 1",true
a5ffe93c0ff6398bb717cb1aca18c1e1337876b2789956c80aae3c65d10195ba,1,,false
a5ffe93c0ff6398bb717cb1aca18c1e1337876b2789956c80aae3c65d10195ba,2,,false
122f752d2ca69550fdfa946dab718ed61564539839850c44a57b25dfcdb1ec89,0,"The image shows a cozy and inviting interior space with a large, comfortable sofa, plush cushions, and a fireplace. The ambiance suggests a space designed for relaxation and comfort, typical of a spa or wellness center.

Statement 1: The primary function of this interior space is a relaxation lounge, likely in a spa or wellness center. True
- The presence of a large, comfortable sofa, plush cushions, and a fireplace all contribute to a relaxing environment, which is characteristic of a spa or wellness center.

Statement 2: The primary function of this interior space is a business conference room. False
- There are no elements in the image that suggest a business conference room, such as a table, chairs, or any office-related furniture.

Statement 3: The primary function of this interior space is a formal dining area in a restaurant. False
- The image does not show any dining tables, chairs, or any other elements typically associated with a formal dining area.

Answer: 1",true
122f752d2ca69550fdfa946dab718ed61564539839850c44a57b25dfcdb1ec89,1,,false
122f752d2ca69550fdfa946dab718ed61564539839850c44a57b25dfcdb1ec89,2,,false
f2eb95c464ed84f0c64c2e9f3c5f13b1a5fdb094c2c87b619840fc9a62b9560e,0,"The image shows a blue boat on a beach with a mountainous backdrop. Given the context and the appearance of the boat, it is most plausible that a fisherman would use such a boat for fishing activities.

Statement 1: A mountain guide is most closely associated with the use of the blue boat seen on the beach in this image.
- This statement is False. A mountain guide typically uses different equipment and transportation suited for mountainous terrain, not a boat.

Statement 2: A construction worker is most closely associated with the use of the blue boat seen on the beach in this image.
- This statement is False. Construction workers use tools and machinery for building and construction, not boats.

Statement 3: A fisherman is most closely associated with the use of the blue boat seen on the beach in this image.
- This statement is True. A fisherman would use a boat, especially one that is small and suitable for coastal or inshore fishing.

Answer: 3",false
f2eb95c464ed84f0c64c2e9f3c5f13b1a5fdb094c2c87b619840fc9a62b9560e,1,,false
f2eb95c464ed84f0c64c2e9f3c5f13b1a5fdb094c2c87b619840fc9a62b9560e,2,,true
8dca531dbce3a22a749a7c4946e3f0df308b05db2e9fc2e4a75efd004494abe6,0,"The building depicted in the image has a sign that reads ""OPERA,"" which strongly suggests that it is an opera house. The architectural details, such as the ornate decorations and large windows, are also characteristic of opera houses. 

Statement 1: The building depicted in the image is an opera house. True.

Statement 2: The building depicted in the image is a library. False.

Statement 3: The building depicted in the image is a museum. False.

Answer: 1",true
8dca531dbce3a22a749a7c4946e3f0df308b05db2e9fc2e4a75efd004494abe6,1,,false
8dca531dbce3a22a749a7c4946e3f0df308b05db2e9fc2e4a75efd004494abe6,2,,false
2a423bdeb63cd24df92f76889e8bff6236baa1361f8faf42f36753730bdbaf2b,0,"The person in the image is sitting on the sand, which indicates they are relaxing. The other two statements are not supported by the image.

Answer: 1",true
2a423bdeb63cd24df92f76889e8bff6236baa1361f8faf42f36753730bdbaf2b,1,,false
2a423bdeb63cd24df92f76889e8bff6236baa1361f8faf42f36753730bdbaf2b,2,,false
9d02a19bbe8cc5a6eeff5147df30509b86f1bac44c333d147ee798090b0d24bd,0,"The image shows a cocktail glass with a smoke dome on top, which is visually appealing. The smoke dome is not typically used to enhance flavor or keep the drink cold. Therefore, the primary purpose of the smoke dome is to create a visually appealing presentation.

Answer: 1",true
9d02a19bbe8cc5a6eeff5147df30509b86f1bac44c333d147ee798090b0d24bd,1,,false
9d02a19bbe8cc5a6eeff5147df30509b86f1bac44c333d147ee798090b0d24bd,2,,false
7d2b79d132823b8010464afdc0d8a7db4ea83460a6432f184324b07c8af45ad7,0,"The image shows a landscape with undulating sand dunes, which are characteristic of a desert environment. The sand appears dry and there are no signs of snow or vegetation typical of a tropical rainforest. Therefore, the correct statement is:

Statement 2: The environment shown in the image is a desert with sand dunes. True.

Answer: 2",false
7d2b79d132823b8010464afdc0d8a7db4ea83460a6432f184324b07c8af45ad7,1,,true
7d2b79d132823b8010464afdc0d8a7db4ea83460a6432f184324b07c8af45ad7,2,,false
4f4d81517d7ee2346145f1f9cf07c63be52ebdf94fdf6fcf4565b0932047aaaf,0,"The image shows a person wearing headphones and laughing, with a background that includes the text 'NIGHT WIRE'. The context and the attire of the person suggest that this is a gaming event or show, as the headphones are commonly used in gaming and the setting appears to be a professional environment.

Statement 1: The text 'NIGHT WIRE' in the background most likely indicates a news broadcast.
- This statement is plausible but not directly supported by the image. News broadcasts often use professional settings, but the presence of headphones and the context suggest a gaming event more than a news broadcast.

Statement 2: The text 'NIGHT WIRE' in the background most likely indicates a music concert.
- This statement is less likely to be true. While music concerts can have professional settings, the headphones and the context suggest a gaming environment more than a music concert.

Statement 3: The text 'NIGHT WIRE' in the background most likely indicates a gaming event or show.
- This statement is the most grounded in the image. The person is wearing headphones, which are commonly used in gaming, and the setting appears to be a professional environment, which is typical for gaming events or shows.

Answer: 3",false
4f4d81517d7ee2346145f1f9cf07c63be52ebdf94fdf6fcf4565b0932047aaaf,1,,false
4f4d81517d7ee2346145f1f9cf07c63be52ebdf94fdf6fcf4565b0932047aaaf,2,,true
f5a08c5aa47d9f9c4cad2956c40d84f9c45390f9305a5199f1e279f1942491fc,0,"The garment in the image is primarily black with red and other colorful accents. 

Statement 1: The primary color of the garment displayed in the image is red. (False)
Statement 2: The primary color of the garment displayed in the image is black. (True)
Statement 3: The primary color of the garment displayed in the image is blue. (False)

Answer: 2",false
f5a08c5aa47d9f9c4cad2956c40d84f9c45390f9305a5199f1e279f1942491fc,1,,true
f5a08c5aa47d9f9c4cad2956c40d84f9c45390f9305a5199f1e279f1942491fc,2,,false
9b2ed3bc636fa4782a9c86fe94b9a69969590bea033b217fa2fe7acefb4806f6,0,"The image shows a photograph of the Temple Mount from circa 1898. The photograph prominently features the Dome of the Rock, which is a large, gold-colored dome located at the center of the Temple Mount. The photograph also shows other structures and buildings around the Dome of the Rock, but the Dome itself is clearly visible and stands out due to its size and distinctive shape.

The Church of the Holy Sepulchre and the Western Wall are not prominently visible in the photograph. The Church of the Holy Sepulchre is located nearby but is not the main focus of the image, and the Western Wall is not visible at all.

Therefore, the statement that is grounded in the image is:

Statement 1: True or False: The Dome of the Rock is prominently visible in the Temple Mount photograph from 1898.

Answer: 1",true
9b2ed3bc636fa4782a9c86fe94b9a69969590bea033b217fa2fe7acefb4806f6,1,,false
9b2ed3bc636fa4782a9c86fe94b9a69969590bea033b217fa2fe7acefb4806f6,2,,false
6d63fdf22861f4859527657306e13d4eab0222da2563bda142410d564545dc0c,0,"The building labeled 'QUERCUS' and 'ARP' is a large, multi-story structure with a uniform facade and a prominent signage, which is typical of office or corporate buildings. It does not appear to have the characteristics of a residential apartment complex or a shopping mall.

Answer: 2",false
6d63fdf22861f4859527657306e13d4eab0222da2563bda142410d564545dc0c,1,,true
6d63fdf22861f4859527657306e13d4eab0222da2563bda142410d564545dc0c,2,,false
b8513cdf9719b2e6c83aeceaae1d3dc8f37711fd18d2b58731bca64b2684af57,0,"The image shows a medical procedure being performed on a person who is seated and wearing a mask. The setting appears to be a temporary structure, likely a tent, given the visible fabric and the overall environment. The presence of medical personnel in protective gear and the makeshift nature of the surroundings suggest that this is not a typical pharmacy or hospital room.

Let's analyze each statement:

1. **This medical procedure is likely taking place in a pharmacy.**
   - Pharmacies are typically not equipped to perform medical procedures, especially those requiring sterile environments and medical personnel. The setting in the image does not resemble a pharmacy.

2. **This medical procedure is likely taking place in a hospital room.**
   - While it is possible that this could be a hospital room, the makeshift and temporary nature of the surroundings, along with the visible fabric and structure, suggest that this is not a standard hospital room.

3. **This medical procedure is likely taking place in an emergency tent.**
   - The image shows a temporary structure, and the presence of medical personnel in protective gear indicates that this is a setting where medical procedures are being performed in an emergency situation. This is consistent with the appearance of an emergency tent.

Given the evidence in the image, the most grounded statement is ||| False.

The image shows a medical procedure being performed on a patient, with medical personnel wearing gloves and protective gear. The setting appears to be a medical facility, likely a clinic or hospital, rather than a pharmacy. ||| False.

The image shows a medical procedure taking place in what appears to be a tent or temporary structure, not a hospital room. The presence of a tent and the setting suggest a field hospital or a similar temporary medical facility, rather than a permanent hospital room. ||| True

The image shows a medical procedure being performed on a patient, with medical personnel wearing gloves and protective gear. The setting appears to be an emergency tent, as indicated by the temporary structure and the presence of medical personnel. The context and visual cues suggest that this is an emergency medical situation.",false
b8513cdf9719b2e6c83aeceaae1d3dc8f37711fd18d2b58731bca64b2684af57,1,,false
b8513cdf9719b2e6c83aeceaae1d3dc8f37711fd18d2b58731bca64b2684af57,2,,true
a0b57786384396d5e4cfb122c657477422616c9e0b1613ee153c87157eef95ad,0,"The image shows a bar of soap with Arabic text on it. The text on the soap reads ""نابلس,"" which translates to ""Nablus"" in English. 

To determine which statement is true, we need to consider the traditional ingredients used in making Nablus soap.

1. **Palm oil**: Nablus soap is traditionally made using palm oil. This is a common ingredient in many traditional soaps, including those from the Middle East.

2. **Olive oil**: While olive oil is a common ingredient in many soaps, it is not traditionally used in Nablus soap.

3. **Coconut oil**: Coconut oil is not traditionally used in Nablus soap.

Given this information, the correct statement is:

**Statement 1: Nablus soap is traditionally made using palm oil.**

Answer: 1",true
a0b57786384396d5e4cfb122c657477422616c9e0b1613ee153c87157eef95ad,1,,false
a0b57786384396d5e4cfb122c657477422616c9e0b1613ee153c87157eef95ad,2,,false
63c4fa592916c49b082f5c19fa15aaecf6454485d1578086dcbf07cc3926aaaf,0,"1. **Statement 1: Solid shampoo is not visible in the image. True/False?**
   - The image shows a bottle labeled ""HiBAR. SOLID SHAMPOO."" This indicates that a solid shampoo is indeed visible in the image. Therefore, this statement is false.

2. **Statement 2: Toothpaste is not visible in the image. True/False?**
   - The image does not show any toothpaste products. There are no visible toothpaste tubes or any related items. Therefore, this statement is true.

3. **Statement 3: Wool dryer balls are not visible in the image. True/False?**
   - The image shows a round, orange object that appears to be a wool dryer ball. Therefore, this statement is false.

Answer: 2",false
63c4fa592916c49b082f5c19fa15aaecf6454485d1578086dcbf07cc3926aaaf,1,,true
63c4fa592916c49b082f5c19fa15aaecf6454485d1578086dcbf07cc3926aaaf,2,,false
28e2b8ead0d749ff66a2b5a8a3acccbd1348a5eec5a4e4dd202a3fb4540131f4,0,"The image shows a large ship and a smaller vessel on the water with a bright, low sun in the background. The lighting and position of the sun suggest that it is either early morning or late evening, as the sun is low on the horizon.

1. **Statement 1: True or False: The image depicts morning based on the lighting and position of the sun.**
   - The sun is low on the horizon, which is typical of morning or late evening. However, without additional context, it is not possible to definitively determine whether it is morning or evening.

2. **Statement 2: True or False: The image depicts afternoon based on the lighting and position of the sun.**
   - The sun is low on the horizon, which is not typical of the afternoon when the sun is usually higher in the sky.

3. **Statement 3: True or False: The image depicts sunset based on the lighting and position of the sun.**
   - The low position of the sun and the color of the sky suggest that it is sunset.

Given the low position of the sun and the color of the sky, the most plausible explanation is that the image depicts sunset.

**Answer: 3**",false
28e2b8ead0d749ff66a2b5a8a3acccbd1348a5eec5a4e4dd202a3fb4540131f4,1,,false
28e2b8ead0d749ff66a2b5a8a3acccbd1348a5eec5a4e4dd202a3fb4540131f4,2,,true
dccf8d188975ee269b7598ca8317513f23bb669e2fe67d27738c3417db149f8e,0,"The flag in the background of the image is predominantly red, white, and black, which is characteristic of the flag of Jordan. The red stripe on the left and the black stripe on the right are distinctive features of the Jordanian flag.

The United Arab Emirates flag has horizontal stripes of black, white, and green, which are not present in this image. The Palestine flag has a black stripe on the left and a red stripe on the right, but it does not have the white stripe in the middle, which is present in the flag shown in the image.

Therefore, the correct statement is:

Statement 2: The flag in the background of this image most likely represents Jordan. True or False?

Answer: 2",false
dccf8d188975ee269b7598ca8317513f23bb669e2fe67d27738c3417db149f8e,1,,true
dccf8d188975ee269b7598ca8317513f23bb669e2fe67d27738c3417db149f8e,2,,false
e9ad5a1956dc1ec172cea80a02ec1280943e385d5cd8996ac9d44ba13e344a6d,0,"The image shows a space with multiple gaming setups, including monitors, keyboards, and gaming chairs, along with branding for ""GAME ZONE."" This setup is typical for esports tournaments rather than office meetings or art exhibitions.

Statement 1: The primary purpose of the space shown in the image is conducting office meetings. False
Statement 2: The primary purpose of the space shown in the image is displaying art exhibitions. False
Statement 3: The primary purpose of the space shown in the image is hosting esports tournaments. True

Answer: 3",false
e9ad5a1956dc1ec172cea80a02ec1280943e385d5cd8996ac9d44ba13e344a6d,1,,false
e9ad5a1956dc1ec172cea80a02ec1280943e385d5cd8996ac9d44ba13e344a6d,2,,true
b5dfb06be5f689953b1d6eccfd49dc1b96b2854a5fac03c72a08477790430a96,0,"The image shows a group of students and adults gathered outside a building, waving their hands. The students are wearing uniforms, and the adults are wearing orange and white vests. The presence of the uniforms and the organized nature of the gathering suggest that this is a school-related event.

Statement 1: The gathering shown in the image is a school assembly to promote education and awareness.
- This statement is plausible and grounded in the image. The uniforms and the organized nature of the gathering suggest that this is a school-related event, likely an assembly to promote education and awareness.

Statement 2: The gathering shown in the image is a sports event for students and staff.
- This statement is not grounded in the image. There is no evidence of sports equipment or activities in the image, and the context does not suggest a sports event.

Statement 3: The gathering shown in the image is a protest or demonstration on social issues.
- This statement is not grounded in the image. There is no indication of protest or demonstration in the image, and the context does not suggest a social issue being addressed.

Answer: 1",true
b5dfb06be5f689953b1d6eccfd49dc1b96b2854a5fac03c72a08477790430a96,1,,false
b5dfb06be5f689953b1d6eccfd49dc1b96b2854a5fac03c72a08477790430a96,2,,false
0a8891aa1329a8c55ebfee1b098f47540f40176e23c855d1fb53aa48162d2457,0,"1. **Statement 1: A political rally is likely taking place in this image.**
   - The image shows a large group of people wearing uniforms and red caps, which could indicate a political rally. However, there is no clear evidence of political banners, speeches, or specific political symbols.

2. **Statement 2: A military parade is likely taking place in this image.**
   - The uniforms and red caps worn by the people in the image resemble those of a military or paramilitary organization. The presence of flags and the organized formation of the crowd also support this possibility. 

3. **Statement 3: A Christmas celebration near a religious site is likely taking place in this image.**
   - The image shows a Christmas tree decorated with lights and ornaments, suggesting a Christmas celebration. The presence of a religious site in the background further supports this possibility.

**Reasoning:**
- The image shows a crowd of people in uniforms and red caps, which is more indicative of a military or paramilitary organization than a political rally.
- The presence of a Christmas tree and the religious site in the background strongly suggest a Christmas celebration.
- There is no clear evidence of a political rally or a military parade in the image.

**Answer: ||| True

The image shows a large group of people wearing uniforms and red caps, which are often associated with political or military organizations. The presence of flags and the organized nature of the gathering suggest that this is a political rally. ||| False.

Reasoning: The image shows a group of people wearing red caps and uniforms, which are reminiscent of the Israeli Scouts. They are gathered in a public square with historical buildings in the background. There is no clear indication of a military parade taking place, as the crowd appears to be more of a gathering or celebration rather than a formal military event. ||| True

The image shows a crowd of people wearing red caps and uniforms, which are reminiscent of the Israeli Scouts. They are gathered in a square with a large stone building in the background, which appears to be a religious site. The presence of a Christmas tree decorated with lights and ornaments further supports the idea that a Christmas celebration is taking place near a religious site.",true
0a8891aa1329a8c55ebfee1b098f47540f40176e23c855d1fb53aa48162d2457,1,,false
0a8891aa1329a8c55ebfee1b098f47540f40176e23c855d1fb53aa48162d2457,2,,false
e7ddde6c7e4d5f85cc5b667bdf5cdd07e9f422ad16a7059fe17a12357d705f7e,0,"The image shows a man standing in front of the Israeli flag, which prominently features the Star of David. 

Let's analyze each statement:

1. **The Star of David on the Israeli flag represents Judaism and Jewish identity.**
   - The Star of David is a widely recognized symbol of Judaism and Jewish identity. It is often used in Jewish contexts and is a significant symbol in the Israeli flag.

2. **The Star of David on the Israeli flag symbolizes peace and unity.**
   - While the Star of David does symbolize unity, it is primarily associated with Judaism and Jewish identity rather than peace. The symbol of peace and unity in the Israeli flag is the blue Star of David itself, not the flag itself.

3. **The Star of David on the Israeli flag is a decorative design with no specific meaning.**
   - This statement is incorrect because the Star of David has a specific meaning and is a widely recognized symbol of Judaism and Jewish identity.

Based on the analysis, the grounded statement is:

**Answer: 1**",true
e7ddde6c7e4d5f85cc5b667bdf5cdd07e9f422ad16a7059fe17a12357d705f7e,1,,false
e7ddde6c7e4d5f85cc5b667bdf5cdd07e9f422ad16a7059fe17a12357d705f7e,2,,false
5cd6b2cb0c17580da11f38f22447f4f0841ddc06773b69478e68ed08a000908a,0,"The image shows an outdoor dining setting with a beautiful sunset sky in the background. There are no tall city buildings visible, and there is no presence of sports equipment. The gradient colors of the sunset sky contribute significantly to the ambiance of the setting.

Answer: 2",false
5cd6b2cb0c17580da11f38f22447f4f0841ddc06773b69478e68ed08a000908a,1,,true
5cd6b2cb0c17580da11f38f22447f4f0841ddc06773b69478e68ed08a000908a,2,,false
09fe2909fd5f095ae05fdabd1939beead6ffa8db51157f07e5e9eb37ca4d0fa1,0,"The mural in the background of the image features an abstract and colorful design. True/False?

The mural in the background of the image is indeed abstract and colorful, featuring various shapes and vibrant colors. This makes Statement 2 the grounded statement.

Answer: 2",false
09fe2909fd5f095ae05fdabd1939beead6ffa8db51157f07e5e9eb37ca4d0fa1,1,,true
09fe2909fd5f095ae05fdabd1939beead6ffa8db51157f07e5e9eb37ca4d0fa1,2,,false
4af9a07aff7759bb3bc0ff9ce1eb613b95c1c1a354487622c731ecd4c174eae4,0,"The crucifix in the image appears to be made of wood and metal. The body of the crucifix is wooden, and the figure of Jesus is made of metal. Therefore, Statement 1 is true.

Statement 2 is false because the crucifix does not appear to be made of plastic and glass.
Statement 3 is false because the crucifix does not appear to be made of stone and ceramic.

Answer: 1",true
4af9a07aff7759bb3bc0ff9ce1eb613b95c1c1a354487622c731ecd4c174eae4,1,,false
4af9a07aff7759bb3bc0ff9ce1eb613b95c1c1a354487622c731ecd4c174eae4,2,,false
34e68cb39b33220621fc39a8dbaaae0150262b02de045dab8516c34908a61005,0,"The image shows a scene with several elements that are characteristic of Middle Eastern cities. The architecture, including the mosque with a minaret, the style of the buildings, and the presence of palm trees, are all indicative of a Middle Eastern setting. The script on the building in the background also appears to be Arabic, further supporting this conclusion.

Statement 1: The scene is likely located in a Middle Eastern city. True
Statement 2: The scene is likely located in a European city. False
Statement 3: The scene is likely located in a South American city. False

Answer: 1",true
34e68cb39b33220621fc39a8dbaaae0150262b02de045dab8516c34908a61005,1,,false
34e68cb39b33220621fc39a8dbaaae0150262b02de045dab8516c34908a61005,2,,false
3dc6730a21a436da006081244906771f6a7e58e471fde3349a88ea07150c0ece,0,"The image shows a group of people performing a dance that appears to be Arabic in nature, given the attire and the style of the dance. The text overlay also mentions ""Arabic Dance,"" which supports this observation.

Statement 1: The dance performance shown in the image highlights Arabic dance. True
Statement 2: The dance performance shown in the image highlights Western ballet. False
Statement 3: The dance performance shown in the image highlights Indian classical dance. False

Answer: 1",true
3dc6730a21a436da006081244906771f6a7e58e471fde3349a88ea07150c0ece,1,,false
3dc6730a21a436da006081244906771f6a7e58e471fde3349a88ea07150c0ece,2,,false
7b1c3cfcfb14efc917cb493837052fa06b1297a72a8c1c5220eae5df73312d01,0,"The bouquet held by the person in the image includes orange roses and white flowers. This is evident from the visible orange roses and white flowers in the bouquet.

The bouquet does not include pink carnations and lavender, nor does it include red tulips and yellow daisies. These flowers are not present in the bouquet.

Answer: 1",true
7b1c3cfcfb14efc917cb493837052fa06b1297a72a8c1c5220eae5df73312d01,1,,false
7b1c3cfcfb14efc917cb493837052fa06b1297a72a8c1c5220eae5df73312d01,2,,false
9bc56a33ed0006f7034a9b56be06e58ac8c8ee214611268364fdd10ed7bacd11,0,"The building in the image has a sign that reads ""Old City Pharmacy,"" which directly indicates that it is a pharmacy. The other two statements are plausible-sounding but not supported by the image.

Statement 1: The building with the 'Old City Pharmacy' sign is likely a restaurant. False.
Statement 2: The building with the 'Old City Pharmacy' sign is likely a residential building. False.
Statement 3: The building with the 'Old City Pharmacy' sign is likely a pharmacy. True.

Answer: 3",false
9bc56a33ed0006f7034a9b56be06e58ac8c8ee214611268364fdd10ed7bacd11,1,,false
9bc56a33ed0006f7034a9b56be06e58ac8c8ee214611268364fdd10ed7bacd11,2,,true
d420ebb7925086882bc394b4763871b0039ef1db091adb2e14028b50b1dbc364,0,"The image shows a densely built area with stone walls and domes, which are characteristic of the architecture in the Arab world, particularly in historical sites. The presence of stone walls and domes is consistent with the description of the Cave of the Patriarchs, which is known for its stone architecture and domes.

Statement 1: Stone walls and domes can be observed in the Cave of the Patriarchs in the image. True

Statement 2: Glass panels and steel beams can be observed in the Cave of the Patriarchs in the image. False

Statement 3: Wooden structures and thatched roofs can be observed in the Cave of the Patriarchs in the image. False

Answer: 1",true
d420ebb7925086882bc394b4763871b0039ef1db091adb2e14028b50b1dbc364,1,,false
d420ebb7925086882bc394b4763871b0039ef1db091adb2e14028b50b1dbc364,2,,false
bb2bf3a692d94989c4072f90246e5d9c6bf5f44c8d7f6d3adb869eccaca99b03,0,"The image shows a cabin with a screened porch. The screened porch is typically used to provide an outdoor space free from insects, allowing occupants to enjoy the outdoors without being bothered by bugs. This is a common feature in many homes, especially in areas where insects are prevalent.

Statement 1: The primary purpose of the screened porch visible in the cabin is to act as a decorative feature.
- This statement is not grounded in the image. While the screened porch may have a decorative aspect, it is not the primary purpose.

Statement 2: The primary purpose of the screened porch visible in the cabin is to provide an outdoor space free from insects.
- This statement is grounded in the image. The screened porch is clearly designed to protect the interior from insects, which is its primary function.

Statement 3: The primary purpose of the screened porch visible in the cabin is to serve as storage for tools.
- This statement is not grounded in the image. There is no indication that the screened porch is used for storage.

Answer: 2",false
bb2bf3a692d94989c4072f90246e5d9c6bf5f44c8d7f6d3adb869eccaca99b03,1,,true
bb2bf3a692d94989c4072f90246e5d9c6bf5f44c8d7f6d3adb869eccaca99b03,2,,false
f6934f8de9cb64ff3639e46e8b44b2549754aa674b5671d74f6ddd70e724284f,0,"The image shows a variety of food items that are commonly found in Middle Eastern cuisine. The presence of items such as falafel, tabbouleh, and what appears to be a type of stuffed pastry or dessert, along with the use of pita bread, suggests that the cuisine is Middle Eastern.

Statement 1: True or False: The cuisine represented in the image is most likely Middle Eastern based on the food items shown.
- This statement is grounded in the image. The food items shown are characteristic of Middle Eastern cuisine.

Statement 2: True or False: The cuisine represented in the image is most likely Italian based on the food items shown.
- This statement is a plausible-sounding hallucination. The food items shown do not resemble typical Italian cuisine.

Statement 3: True or False: The cuisine represented in the image is most likely Mexican based on the food items shown.
- This statement is a plausible-sounding hallucination. The food items shown do not resemble typical Mexican cuisine.

Answer: 1",true
f6934f8de9cb64ff3639e46e8b44b2549754aa674b5671d74f6ddd70e724284f,1,,false
f6934f8de9cb64ff3639e46e8b44b2549754aa674b5671d74f6ddd70e724284f,2,,false
36746a766496ac85da822d8954982f261c1efc97bb1d8ec26e723a0b864324dc,0,"The image shows a group of people exploring a rocky formation with stacked stones. The stacked stones appear to be part of a structure, possibly an ancient dwelling or a similar historical site. This makes Statement 3 the grounded statement.

Statement 1: The stacked stones seen in the rocky formation are naturally formed by erosion.
- This statement is False. The stacked stones are not naturally formed by erosion; they are part of a man-made structure.

Statement 2: The stacked stones seen in the rocky formation are a modern art installation.
- This statement is False. The stacked stones are not a modern art installation; they appear to be part of an ancient structure.

Answer: 3",false
36746a766496ac85da822d8954982f261c1efc97bb1d8ec26e723a0b864324dc,1,,false
36746a766496ac85da822d8954982f261c1efc97bb1d8ec26e723a0b864324dc,2,,true
75137521cfa7da02e3c1fbe6781272109c71c2a8b9395aa58094fa8e446fe209,0,"The planter in the image appears to be made of woven natural fibers, as it has a distinct woven texture and pattern. The other two statements about the planter being made of metal or plastic are not supported by the visual evidence in the image.

Answer: 2",false
75137521cfa7da02e3c1fbe6781272109c71c2a8b9395aa58094fa8e446fe209,1,,true
75137521cfa7da02e3c1fbe6781272109c71c2a8b9395aa58094fa8e446fe209,2,,false
3329d973bbe7104e2f633eece86ffd1f2c1b7bb05f4355a9f5a6aa9e3176f191,0,"The handles of the handbag appear to be made from a material that resembles wood. This is evident from the natural, organic look of the handles, which have a texture and color consistent with wooden materials. 

Statement 1: The handles of the handbag are made from metal. This is false because the handles do not have the appearance of metal.

Statement 2: The handles of the handbag are made from wood. This is true because the handles resemble wood in texture and color.

Statement 3: The handles of the handbag are made from plastic. This is false because the handles do not have the appearance of plastic.

Answer: 2",false
3329d973bbe7104e2f633eece86ffd1f2c1b7bb05f4355a9f5a6aa9e3176f191,1,,true
3329d973bbe7104e2f633eece86ffd1f2c1b7bb05f4355a9f5a6aa9e3176f191,2,,false
d29bbbf0c52ccecc47a37cc07cc4ae855f44ff4c612e609f2670a6cbd5afd9b6,0,"The manuscript shown in the image is most likely written in Hebrew.

Reasoning:
1. The script in the image appears to be a form of cursive writing that is characteristic of Hebrew manuscripts.
2. The presence of certain letters and the overall structure of the text align with the Hebrew script.
3. The other two options, Greek and Latin, do not match the script style and structure as closely as Hebrew does.

Answer: 2",false
d29bbbf0c52ccecc47a37cc07cc4ae855f44ff4c612e609f2670a6cbd5afd9b6,1,,true
d29bbbf0c52ccecc47a37cc07cc4ae855f44ff4c612e609f2670a6cbd5afd9b6,2,,false
14e6efea3eac5ff92178bba9dcd00378ffd780cb0445a1a81df7dbef9e667a26,0,"The image shows a landscape with numerous trees that appear to be olive trees, given their shape and the context of the setting. The trees are arranged in rows, which is typical of an olive grove. The presence of these trees in a cultivated agricultural landscape further supports this identification.

Statement 1: The primary type of tree visible in the agricultural landscape of the image is palm trees. False.
- The trees in the image do not resemble palm trees; they have a different shape and structure.

Statement 2: The primary type of tree visible in the agricultural landscape of the image is pine trees. False.
- The trees in the image do not resemble pine trees; they have a different shape and structure.

Statement 3: The primary type of tree visible in the agricultural landscape of the image is olive trees. True.
- The trees in the image resemble olive trees, given their shape and the context of the setting.

Answer: 3",false
14e6efea3eac5ff92178bba9dcd00378ffd780cb0445a1a81df7dbef9e667a26,1,,false
14e6efea3eac5ff92178bba9dcd00378ffd780cb0445a1a81df7dbef9e667a26,2,,true
1335e0592fa2a0a8a3a32a34d205df1a9071db99d9e637734c3732a32d017555,0,"The image shows a fort with a coastal location, featuring a stone wall and a structure that appears to be part of a fortification. The presence of the sea and the fort's design suggest that it was built for defensive purposes, likely to protect against naval attacks.

Statement 1: The fort's location along the coastline was intended to serve as a defensive structure against naval attacks. True
- The fort's coastal location and defensive architecture support this statement.

Statement 2: The fort's location along the coastline was intended to act as a storage facility for trade goods. False
- There is no evidence in the image to suggest that the fort was used for storage purposes.

Statement 3: The fort's location along the coastline was intended to provide a scenic tourist attraction. False
- While the fort may now serve as a tourist attraction, there is no indication in the image that this was its original intent.

Answer: 1",true
1335e0592fa2a0a8a3a32a34d205df1a9071db99d9e637734c3732a32d017555,1,,false
1335e0592fa2a0a8a3a32a34d205df1a9071db99d9e637734c3732a32d017555,2,,false
977cfea717bac9e874cffd295341223d8faae55d66eeefb333ac9c10b621ba23,0,"The image shows a facility with individuals practicing golf swings on artificial turf. The presence of golf clubs and the setup of the practice area strongly indicate that the facility is used for golf practice.

Statement 1: The primary purpose of the facility shown in the image is hosting tennis tournaments. False.
- The image does not show any tennis equipment or setups, and the individuals are practicing golf swings.

Statement 2: The primary purpose of the facility shown in the image is practicing golf swings. True.
- The image clearly shows individuals practicing golf swings on artificial turf.

Statement 3: The primary purpose of the facility shown in the image is playing football matches. False.
- The image does not show any football equipment or setups, and the individuals are practicing golf swings.

Answer: 2",false
977cfea717bac9e874cffd295341223d8faae55d66eeefb333ac9c10b621ba23,1,,true
977cfea717bac9e874cffd295341223d8faae55d66eeefb333ac9c10b621ba23,2,,false
06c36a70dc8535a9316c1cb3a26003c141d02cc0a39a26b52089bc33f1416586,0,"The image shows sand dunes illuminated under a starry sky. Therefore, the primary visual feature of the photograph is sand dunes illuminated under a starry sky.

Statement 1: The primary visual feature of the photograph is sand dunes illuminated under a starry sky. True

Statement 2: The primary visual feature of the photograph is a cityscape with lights. False

Statement 3: The primary visual feature of the photograph is a dense forest at night. False

Answer: 1",true
06c36a70dc8535a9316c1cb3a26003c141d02cc0a39a26b52089bc33f1416586,1,,false
06c36a70dc8535a9316c1cb3a26003c141d02cc0a39a26b52089bc33f1416586,2,,false
5577cc59b56fa5692b2a1e51d2aaee52d73a6550ebfec2d55249a96bb8b3a60b,0,"The dish shown in the image is not Paella, Biryani, or Risotto. 

1. Paella is a Spanish rice dish, typically made with saffron, seafood, and vegetables, and is cooked in a large, shallow pan. The dish in the image does not resemble Paella.
2. Biryani is an Indian rice dish made with basmati rice, spices, and meat or vegetables. The dish in the image does not resemble Biryani.
3. Risotto is an Italian rice dish made with Arborio rice, broth, and various ingredients such as cheese, vegetables, or meat. The dish in the image does not resemble Risotto.

Answer: 3",false
5577cc59b56fa5692b2a1e51d2aaee52d73a6550ebfec2d55249a96bb8b3a60b,1,,false
5577cc59b56fa5692b2a1e51d2aaee52d73a6550ebfec2d55249a96bb8b3a60b,2,,true
e7964d23045b0cd421bcf387c86a8b2b073f553c5492c8fe7ecceff6bd96699e,0,"The image shows a mosque with a large red carpet covering the floor. The carpet is extensive and appears to be the main feature of the prayer area. 

1. **Statement 1: The primary function of the red carpet in the mosque is to reduce noise within the mosque.**
   - This statement is plausible but not directly supported by the image. While it is possible that the red carpet could help reduce noise, the primary function of the carpet in this context is more likely related to its role in defining the prayer area.

2. **Statement 2: The primary function of the red carpet in the mosque is to serve as a prayer area for worshippers.**
   - This statement is directly supported by the image. The red carpet is clearly the designated area for worshippers to perform prayers, as it is the central feature of the mosque's interior.

3. **Statement 3: The primary function of the red carpet in the mosque is to enhance the visual appeal of the mosque.**
   - This statement is plausible but not directly supported by the image. While the red carpet does enhance the visual appeal, its primary function in this context is to serve as a prayer area.

Based on the analysis, the grounded statement is:

**Answer: 2",false
e7964d23045b0cd421bcf387c86a8b2b073f553c5492c8fe7ecceff6bd96699e,1,,true
e7964d23045b0cd421bcf387c86a8b2b073f553c5492c8fe7ecceff6bd96699e,2,,false
87541278eafea5178d69886a36f37e2bef5a9613add380dc054040c7ae0b327f,0,"The image shows a large golden sculpture of a thumb, which is located in an outdoor plaza surrounded by traditional buildings. This confirms Statement 3 as true.

Statement 1 is false because the image does not show a busy street intersection.
Statement 2 is false because the sculpture is not inside a museum setting.

Answer: 3",false
87541278eafea5178d69886a36f37e2bef5a9613add380dc054040c7ae0b327f,1,,false
87541278eafea5178d69886a36f37e2bef5a9613add380dc054040c7ae0b327f,2,,true
58923b56fdd28e58025099068541a8b59b4846ea58bde6b95db925f41fceaa07,0,"The image depicts a lively outdoor setting with people gathered around tables, suggesting that the primary activity is outdoor dining. There are no visible signs of a cultural performance or a market, making the other two statements plausible-sounding hallucinations.

Answer: 1",true
58923b56fdd28e58025099068541a8b59b4846ea58bde6b95db925f41fceaa07,1,,false
58923b56fdd28e58025099068541a8b59b4846ea58bde6b95db925f41fceaa07,2,,false
45b58277ea3e68d85193c0816f5cb484dd20e3896e86a7c43cb0a8d2c75e1682,0,"The image shows a circular platform with a helicopter parked on it. This indicates that the platform is indeed a helicopter landing pad. The other two statements about the platform being a rooftop restaurant or a swimming pool are not supported by the visual evidence in the image.

Answer: 3",false
45b58277ea3e68d85193c0816f5cb484dd20e3896e86a7c43cb0a8d2c75e1682,1,,false
45b58277ea3e68d85193c0816f5cb484dd20e3896e86a7c43cb0a8d2c75e1682,2,,true
cda242553d0ba9f1813b5d1a7e3810d8d0134e4784a4da3d240c426235d9e2d6,0,"The dhow boat in this image is made entirely of wood and showcases traditional craftsmanship. True or False?

Reasoning:
1. The boat has a traditional design with wooden elements, including the hull and the structure of the boat.
2. There are no visible modern engines or advanced technologies on the boat.
3. The boat does not appear to be designed for high-speed racing; it looks more like a leisure or traditional vessel.

Answer: 2",false
cda242553d0ba9f1813b5d1a7e3810d8d0134e4784a4da3d240c426235d9e2d6,1,,true
cda242553d0ba9f1813b5d1a7e3810d8d0134e4784a4da3d240c426235d9e2d6,2,,false
3d398b623d455f0195413a2b961cd229ca06709d31239ac9ed7f4fd4991eef62,0,"The colorful building facades are most likely intended to enhance aesthetic appeal.

Reasoning:
- The facades are bright and vibrant, which is typically done to make the building visually appealing.
- There is no indication in the image that the colors are intended for heat reduction or structural support.

Answer: 1",true
3d398b623d455f0195413a2b961cd229ca06709d31239ac9ed7f4fd4991eef62,1,,false
3d398b623d455f0195413a2b961cd229ca06709d31239ac9ed7f4fd4991eef62,2,,false
7db71561f1dbb62ed2cf6bfaf1d41c49368ef795eebf4f10ce062430b7b9f895,0,"The image shows a group of people on a boat with large sails, which are typical of traditional dhows. The presence of multiple boats and the setting suggest a gathering or event rather than a solitary fishing expedition or leisure boat ride. The sails are fully unfurled, indicating that the boats are actively sailing, which is consistent with a sailing race.

Answer: 3",false
7db71561f1dbb62ed2cf6bfaf1d41c49368ef795eebf4f10ce062430b7b9f895,1,,false
7db71561f1dbb62ed2cf6bfaf1d41c49368ef795eebf4f10ce062430b7b9f895,2,,true
504f1d7203d2b9358ea756410c3aa40b37fa86b10114e337eff7519ed7e80dd9,0,"The image shows a traditional dhow boat floating in the water with a modern city skyline in the background. The dhow is a type of sailing ship that has been historically used for fishing and trading in the Arabian Peninsula and other parts of the world.

1. The primary function of the traditional dhow boat is military operations. False.
2. The primary function of the traditional dhow boat is luxury cruises. False.
3. The primary function of the traditional dhow boat is fishing and trading. True.

Answer: 3",false
504f1d7203d2b9358ea756410c3aa40b37fa86b10114e337eff7519ed7e80dd9,1,,false
504f1d7203d2b9358ea756410c3aa40b37fa86b10114e337eff7519ed7e80dd9,2,,true
5d855e7ffd6a9d99385d14ef078cabd01e2ccccbfc243656bd69b75b841b6be2,0,"The image shows a stadium filled with people, many of whom are wearing traditional attire, suggesting a cultural or national event. The presence of a diverse crowd and the lack of any visible stage or performance equipment makes it unlikely that a music concert is taking place. There are no clear signs of a sports event, such as a field or players. The crowd does not appear to be gathered for a political rally, as such events typically have more organized structures and signs.

Given these observations, the most plausible activity taking place in the stadium is a cultural or national event.

Answer: 2",false
5d855e7ffd6a9d99385d14ef078cabd01e2ccccbfc243656bd69b75b841b6be2,1,,true
5d855e7ffd6a9d99385d14ef078cabd01e2ccccbfc243656bd69b75b841b6be2,2,,false
ecd6cc45aff64746aa989788fbc92b63d54c1575232b30a5d15edfc530cccac3,0,"The image shows a museum exhibit with various objects displayed on pedestals and within glass cases. The objects appear to be ancient artifacts, possibly including scientific instruments, given their shape and design. The exhibit is well-lit and appears to be part of a larger museum space with modern architectural elements.

Statement 1: The primary purpose of the museum exhibit shown in the image is to showcase religious artifacts and scriptures.
- This statement is not supported by the image. The objects displayed do not resemble religious artifacts or scriptures.

Statement 2: The primary purpose of the museum exhibit shown in the image is to exhibit modern art pieces.
- This statement is not supported by the image. The objects displayed do not resemble modern art pieces.

Statement 3: The primary purpose of the museum exhibit shown in the image is to display ancient scientific instruments.
- This statement is supported by the image. The objects displayed resemble ancient scientific instruments.

Answer: 3",false
ecd6cc45aff64746aa989788fbc92b63d54c1575232b30a5d15edfc530cccac3,1,,false
ecd6cc45aff64746aa989788fbc92b63d54c1575232b30a5d15edfc530cccac3,2,,true
5b71bbf20182b6d949477f3614318e05e59d56f1cf91eb1808fd47ec3652cc69,0,"The sculpture in the image is indeed a metallic abstract form that appears to be inspired by Arabic calligraphy. This is evident from the intricate, flowing lines and shapes that resemble traditional Arabic script.

The second statement is false because the sculpture is not a stone statue depicting a historical figure. It is clearly a modern, abstract piece.

The third statement is also false because the sculpture is not a wooden installation shaped like a musical instrument. It is a metallic sculpture, not wooden, and does not resemble a musical instrument.

Answer: 1",true
5b71bbf20182b6d949477f3614318e05e59d56f1cf91eb1808fd47ec3652cc69,1,,false
5b71bbf20182b6d949477f3614318e05e59d56f1cf91eb1808fd47ec3652cc69,2,,false
a93ce30da83648067b73e70527ff9dd5ce4565d94ced5b45b23bb69d5c634f92,0,"The image depicts a marketplace scene with buildings that have distinct architectural features. The buildings have a traditional Middle Eastern stone architecture, characterized by their flat roofs, arched doorways, and the use of stone materials. The presence of a mosque with a minaret further supports the traditional Middle Eastern architectural style.

Statement 1: The most prominent architectural style in this marketplace scene is traditional Middle Eastern stone architecture. True.

Statement 2: The most prominent architectural style in this marketplace scene is Victorian-style architecture. False.

Statement 3: The most prominent architectural style in this marketplace scene is modern glass architecture. False.

Answer: 1",true
a93ce30da83648067b73e70527ff9dd5ce4565d94ced5b45b23bb69d5c634f92,1,,false
a93ce30da83648067b73e70527ff9dd5ce4565d94ced5b45b23bb69d5c634f92,2,,false
515cec218ca2944d0ea49ebdb05d56dd40fe6212fba0008844465f48fa6bfc28,0,"The image shows a metallic sculpture with abstract, intertwined shapes and forms. It does not resemble Arabic calligraphy, African wood carving, or Japanese origami. Therefore, the only grounded statement is:

Answer: 1",true
515cec218ca2944d0ea49ebdb05d56dd40fe6212fba0008844465f48fa6bfc28,1,,false
515cec218ca2944d0ea49ebdb05d56dd40fe6212fba0008844465f48fa6bfc28,2,,false
734044ecb95d9f104b61e778b785049006a35fcc6a8b6b6991db1708a86467a3,0,"The image shows a building with a unique, interlocking disc shape design, which is characteristic of the Guggenheim Museum Bilbao. The Louvre Abu Dhabi and the National Museum of Qatar have different architectural designs and are not known for this specific style.

Statement 1: The Louvre Abu Dhabi is known for its architecture inspired by the desert rose and features interlocking disc shapes.
- This statement is false. The Louvre Abu Dhabi has a different architectural style and is not known for interlocking disc shapes.

Statement 2: The Guggenheim Museum Bilbao is known for its architecture inspired by the desert rose and features interlocking disc shapes.
- This statement is true. The Guggenheim Museum Bilbao is renowned for its unique architecture inspired by the desert rose and features interlocking disc shapes.

Statement 3: The National Museum of Qatar is known for its architecture inspired by the desert rose and features interlocking disc shapes.
- This statement is false. The National Museum of Qatar has a different architectural design and is not known for interlocking disc shapes.

Answer: 2",false
734044ecb95d9f104b61e778b785049006a35fcc6a8b6b6991db1708a86467a3,1,,true
734044ecb95d9f104b61e778b785049006a35fcc6a8b6b6991db1708a86467a3,2,,false
b21820e5ac32afe5d568380b20010b2d2b041f61cddf119d89d413f1d8978072,0,"1. Batman and Superman are prominently featured in the wall art of this gaming cafe.
2. Thor and Hulk are prominently featured in the wall art of this gaming cafe.
3. Spider-Man and Iron Man are prominently featured in the wall art of this gaming cafe.

Upon examining the image, it is clear that the wall art prominently features Spider-Man and Iron Man. Batman and Superman are not present, and neither are Thor and Hulk. Therefore, the only true statement is:

Answer: 3",false
b21820e5ac32afe5d568380b20010b2d2b041f61cddf119d89d413f1d8978072,1,,false
b21820e5ac32afe5d568380b20010b2d2b041f61cddf119d89d413f1d8978072,2,,true
b4e0d22b37c3aa6cda0e692208b111d25f56e11e4ee59e5d5c4cacdb0fae6f07,0,"The image shows a large, white, sedimentary rock formation protruding from a sandy surface. The surrounding area is barren and sandy, indicating a desert environment. There are no signs of a coastal cliff or a forested mountain range.

Statement 1: The image depicts a coastal cliff. False.
Statement 2: The image depicts a forested mountain range. False.
Statement 3: The image depicts a desert with sedimentary rock formations. True.

Answer: 3",false
b4e0d22b37c3aa6cda0e692208b111d25f56e11e4ee59e5d5c4cacdb0fae6f07,1,,false
b4e0d22b37c3aa6cda0e692208b111d25f56e11e4ee59e5d5c4cacdb0fae6f07,2,,true
841801281a0fdfbf869099ad2228e592a62349c4bbdf772b6798e40b9c537f05,0,"The image depicts a logo with the letters ""DAZN"" inside a square. There is no depiction of any sport in the image. Therefore, none of the statements about the sport depicted in the image are true.

Answer: 1",true
841801281a0fdfbf869099ad2228e592a62349c4bbdf772b6798e40b9c537f05,1,,false
841801281a0fdfbf869099ad2228e592a62349c4bbdf772b6798e40b9c537f05,2,,false
1ffddf3a6d0845ef11b4770bdcb950f589b04ccf490152e84c0f31bfe3812f29,0,"The image shows a decorative signboard with Arabic calligraphy, which is a common feature in Islamic architecture. The primary function of such signboards is often to display sacred texts or spiritual messages, which aligns with Statement 1.

Statement 2 suggests that the primary function is to serve as a directional guide for visitors. While signboards can serve this purpose, the specific design and content of this signboard, which includes calligraphy, suggests a more spiritual or religious purpose rather than purely directional.

Statement 3 suggests that the primary function is to indicate the entrance to a marketplace. This is less likely given the religious context implied by the calligraphy.

Therefore, the grounded statement is Statement 1.

Answer: 1",true
1ffddf3a6d0845ef11b4770bdcb950f589b04ccf490152e84c0f31bfe3812f29,1,,false
1ffddf3a6d0845ef11b4770bdcb950f589b04ccf490152e84c0f31bfe3812f29,2,,false
5552ca02fc9726322cb39361e72325e422411e104673ebb616498f137877c551,0,"The image shows ornate lanterns that are illuminated, suggesting they are used for lighting purposes. Given the cultural context and the design of the lanterns, they are most likely associated with Ramadan, a month-long Islamic festival where such lanterns are commonly used during the nightly Taraweeh prayers.

Statement 1: These ornate lanterns are most likely associated with Ramadan. True
Statement 2: These ornate lanterns are most likely associated with Christmas. False
Statement 3: These ornate lanterns are most likely associated with Diwali. False

Answer: 1",true
5552ca02fc9726322cb39361e72325e422411e104673ebb616498f137877c551,1,,false
5552ca02fc9726322cb39361e72325e422411e104673ebb616498f137877c551,2,,false
0ce75b901a6c60bda24eb425e876f020dea77ea2a3ec6b7ae80bd9c78a1f2b46,0,"The building depicted in the image has architectural features that are characteristic of historic monasteries, such as the dome and the arched windows. These elements are not typically found in modern museums or medieval castles. Therefore, the most plausible and grounded statement is:

Statement 2: The building depicted in the image is a historic monastery.

Answer: 2",false
0ce75b901a6c60bda24eb425e876f020dea77ea2a3ec6b7ae80bd9c78a1f2b46,1,,true
0ce75b901a6c60bda24eb425e876f020dea77ea2a3ec6b7ae80bd9c78a1f2b46,2,,false
9305bb3647a16addd7ebc99c808f2f5cef48af4a48775bc885ca23a4e20060ec,0,"The image shows a wooden podium with microphones in the foreground, and a large building with a golden dome in the background. The podium and microphones suggest a setting where speeches or announcements are made, which is common in religious or public speaking contexts.

1. The wooden podium with microphones in the foreground suggests that the space is part of a musical performance setup.
   - This statement is not grounded in the image. The presence of microphones does not necessarily imply a musical performance setup. It could be for speeches, announcements, or other public events.

2. The wooden podium with microphones in the foreground suggests that the space is used for public speeches or religious sermons.
   - This statement is grounded in the image. The presence of a podium and microphones is commonly associated with public speaking events, including religious sermons.

3. The wooden podium with microphones in the foreground suggests that the space is a market stall for selling goods.
   - This statement is not grounded in the image. The presence of a podium and microphones does not suggest a market stall for selling goods.

Answer: 2",false
9305bb3647a16addd7ebc99c808f2f5cef48af4a48775bc885ca23a4e20060ec,1,,true
9305bb3647a16addd7ebc99c808f2f5cef48af4a48775bc885ca23a4e20060ec,2,,false
d390bce021e187e3ea9a54f24b586673cecd31353c60146dcfa76f363b6ffafd,0,"1. Jogging and walking are most likely happening along the paved pathway in the image.
2. Cycling races are most likely happening along the paved pathway in the image.
3. Fishing competitions are most likely happening along the paved pathway in the image.

Reasoning:
- The image shows people walking and jogging along the pathway, which supports Statement 1.
- There is no evidence of cycling races or fishing competitions in the image, which supports Statements 2 and 3 being False.

Answer: 1",true
d390bce021e187e3ea9a54f24b586673cecd31353c60146dcfa76f363b6ffafd,1,,false
d390bce021e187e3ea9a54f24b586673cecd31353c60146dcfa76f363b6ffafd,2,,false
f5923b613425908d1762bee076ba7023a7ef76a7c0b25201f779d99208396a75,0,"The image shows a café with various seating options. Let's analyze each statement:

1. **Statement 1: The café predominantly features metal stools for seating.**
   - The image does not show any metal stools. Instead, it shows chairs and tables, which are not metal stools.

2. **Statement 2: The café predominantly features chairs with colorful patterned upholstery for seating.**
   - The image clearly shows chairs with colorful patterned upholstery. This statement is true.

3. **Statement 3: The café predominantly features wooden benches for seating.**
   - The image does not show any wooden benches. It shows chairs and tables, not wooden benches.

Based on the analysis, the only statement that is grounded in the image is Statement 2.

Answer: 2",false
f5923b613425908d1762bee076ba7023a7ef76a7c0b25201f779d99208396a75,1,,true
f5923b613425908d1762bee076ba7023a7ef76a7c0b25201f779d99208396a75,2,,false
6c5aa79d0797a37eb1eb5b175565bc24a787d8f8f11ade429a6858e524abd640,0,"The image shows a train on a track with a modern station platform. The train appears to be part of an automated train system, as it is on a track with no visible driver or operator. The station has a modern design with glass and metal structures, which is typical of automated train systems.

Statement 1: The image depicts an automated train system. True
Statement 2: The image depicts a cable car system. False
Statement 3: The image depicts an underground subway. False

Answer: 1",true
6c5aa79d0797a37eb1eb5b175565bc24a787d8f8f11ade429a6858e524abd640,1,,false
6c5aa79d0797a37eb1eb5b175565bc24a787d8f8f11ade429a6858e524abd640,2,,false
f33660d26463e55f45c6ec239ec12520a626eb4dd4edc178a5c5bd2eae104ea8,0,"The image shows a traditional wooden dhow docked by the shore. This is evident from the visible structure and design of the boat, which is consistent with traditional dhow designs commonly found in the Arab world.

The other two statements are not supported by the image. There is no visible modern yacht or fishing trawler in the image.

Answer: 1",true
f33660d26463e55f45c6ec239ec12520a626eb4dd4edc178a5c5bd2eae104ea8,1,,false
f33660d26463e55f45c6ec239ec12520a626eb4dd4edc178a5c5bd2eae104ea8,2,,false
f56157039ac4ae1f02bcc670974abb2b7c55861388dd63e331d62211362cc645,0,"The central painting in the gallery is a colorful abstract work featuring stylized human figures and a detailed background. True or False?

The central painting in the gallery is a monochrome landscape with minimal detail. True or False?

The central painting in the gallery is a realistic portrait of a single individual. True or False?

The central painting in the gallery is indeed a colorful abstract work featuring stylized human figures and a detailed background. The other two statements are not supported by the image.

Answer: 1",true
f56157039ac4ae1f02bcc670974abb2b7c55861388dd63e331d62211362cc645,1,,false
f56157039ac4ae1f02bcc670974abb2b7c55861388dd63e331d62211362cc645,2,,false
7414d2cbe73a8c258ec24483aff81cf2141cbd85c092017e8559d9ec1455e9d5,0,"The room in the image has a high ceiling with exposed beams and ductwork, large windows, and a raw, unfinished look. These characteristics are indicative of an industrial-style interior. The presence of concrete floors and minimal decoration also supports this style.

Statement 1: The primary style of the room where the group is gathered is Victorian-style.
- Victorian-style rooms typically feature ornate details, rich colors, and a more elaborate design. The room in the image does not exhibit these characteristics.

Statement 2: The primary style of the room where the group is gathered is minimalist-style.
- Minimalist-style rooms are characterized by simplicity and a lack of clutter. While the room is relatively uncluttered, the exposed industrial elements such as the beams and ductwork are more prominent.

Statement 3: The primary style of the room where the group is gathered is industrial-style.
- The room has exposed beams, ductwork, and a raw, unfinished look, which are typical of industrial-style interiors.

Answer: 3",false
7414d2cbe73a8c258ec24483aff81cf2141cbd85c092017e8559d9ec1455e9d5,1,,false
7414d2cbe73a8c258ec24483aff81cf2141cbd85c092017e8559d9ec1455e9d5,2,,true
1fca5455a9bc0144853d07fbb9bf91c6bd3bf4dcae9ac3f7d169c1eb3ad5d642,0,"The image shows a view from a deck, with a railing and the ocean in the background. This suggests that the perspective is from a boat.

Statement 1: The image most likely depicts a train. False
Statement 2: The image most likely depicts an airplane. False
Statement 3: The image most likely depicts a boat. True

Answer: 3",false
1fca5455a9bc0144853d07fbb9bf91c6bd3bf4dcae9ac3f7d169c1eb3ad5d642,1,,false
1fca5455a9bc0144853d07fbb9bf91c6bd3bf4dcae9ac3f7d169c1eb3ad5d642,2,,true
da01de58b9eb98475e60bbbcc120520e8007cfc6d48004b913a945d86be19f41,0,"The image shows a red carpet in a formal setting, with people walking on it. The red carpet is typically used to guide people in a procession, often in formal or ceremonial events. 

Statement 1: The primary function of the red carpet is to provide a soft surface for walking. 
- This statement is not grounded in the image. The primary function of a red carpet is not to provide a soft surface for walking, but rather to guide people in a procession.

Statement 2: The primary function of the red carpet is to guide people walking in a procession. 
- This statement is grounded in the image. The red carpet is clearly being used to guide people walking in a procession.

Statement 3: The primary function of the red carpet is to add color to the room's decor. 
- This statement is not grounded in the image. While the red carpet does add color to the room's decor, its primary function is to guide people in a procession.

Answer: 2",false
da01de58b9eb98475e60bbbcc120520e8007cfc6d48004b913a945d86be19f41,1,,true
da01de58b9eb98475e60bbbcc120520e8007cfc6d48004b913a945d86be19f41,2,,false
12f9128f8ffc520cfe180ed5a8546145805adfb93d0e4610baa75c9fb2f82f70,0,"The image shows a group of people and camels in what appears to be a desert environment. The camels are equipped with saddles and harnesses, suggesting they are used for transportation and carrying goods. There is no evidence in the image to suggest that camels are used for guarding property or racing in organized sports.

Answer: 3",false
12f9128f8ffc520cfe180ed5a8546145805adfb93d0e4610baa75c9fb2f82f70,1,,false
12f9128f8ffc520cfe180ed5a8546145805adfb93d0e4610baa75c9fb2f82f70,2,,true
bc41823c33193898b0b0661b0b2c9d8475dd17293e79ef40b1b9d2915c321708,0,"The image shows a large gathering of people in a mosque, with a significant number of individuals dressed in white, which is typical attire for the Hajj pilgrimage. The presence of the Kaaba in the center of the image further supports this context. 

Statement 1: True or False: The event depicted in the image is the annual Hajj pilgrimage.
- This statement is grounded in the image. The large number of people dressed in white and the presence of the Kaaba strongly suggest that this is the Hajj pilgrimage.

Statement 2: True or False: The event depicted in the image is a regular Friday prayer gathering.
- This statement is a plausible-sounding hallucination. While Friday prayer gatherings do occur in mosques, the sheer number of people and the specific attire (white clothing) are more indicative of the Hajj pilgrimage.

Statement 3: True or False: The event depicted in the image is the ceremonial replacement of the Kaaba's cloth covering (Kiswa).
- This statement is a plausible-sounding hallucination. The replacement of the Kiswa usually occurs during the Hajj pilgrimage, but the image does not specifically show this event taking place.

Answer: 1",true
bc41823c33193898b0b0661b0b2c9d8475dd17293e79ef40b1b9d2915c321708,1,,false
bc41823c33193898b0b0661b0b2c9d8475dd17293e79ef40b1b9d2915c321708,2,,false
ef6a7c5b7782e4cca6367aa7dae0f6dc1fb210c9d36f9e1cd94933639a48050b,0,"The image depicts an interior space with architectural elements such as arches, columns, and intricate patterns, which are characteristic of a mosque. The presence of these features, along with the overall design and layout, strongly suggest that the primary purpose of this space is to host religious gatherings and prayers.

Statement 1: The primary purpose of the space shown in the image is to serve as a marketplace. False.
- The architectural elements and design do not indicate a marketplace. Instead, they are indicative of a religious space.

Statement 2: The primary purpose of the space shown in the image is to host religious gatherings and prayers. True.
- The architectural elements and design, such as the arches, columns, and intricate patterns, are characteristic of a mosque, which is used for religious gatherings and prayers.

Statement 3: The primary purpose of the space shown in the image is to display art exhibitions. False.
- The design and layout do not suggest an art exhibition space. Instead, they are indicative of a religious space.

Answer: 2",false
ef6a7c5b7782e4cca6367aa7dae0f6dc1fb210c9d36f9e1cd94933639a48050b,1,,true
ef6a7c5b7782e4cca6367aa7dae0f6dc1fb210c9d36f9e1cd94933639a48050b,2,,false
341ba0dbec8b2080e3222ac00c54d32afa3e5f1114fcc0e1348b8b2a71179c3f,0,"The dish in the image includes rice, meat, and a yogurt-based side, which are common elements in Middle Eastern cuisine, particularly in dishes like ""Mansaf"" or ""Machu Picchu."" Given the context and the visual clues, it is most likely not Indian, Japanese, or Italian cuisine.

Answer: 1",true
341ba0dbec8b2080e3222ac00c54d32afa3e5f1114fcc0e1348b8b2a71179c3f,1,,false
341ba0dbec8b2080e3222ac00c54d32afa3e5f1114fcc0e1348b8b2a71179c3f,2,,false
4836a89f12bca1d7053e5ea0408e86e5e6b670eb5ec40e33d6fc678d199f8fbd,0,"The image depicts a structure made of mud-brick and palm trees in the background. 

1. Mud-brick architecture and palm trees are most likely found in South America.
   - False. Mud-brick architecture is more commonly associated with arid regions, such as parts of the Middle East and North Africa, rather than South America.

2. Mud-brick architecture and palm trees are most likely found in the Middle East.
   - True. The architecture and palm trees in the image are consistent with the Middle Eastern region.

3. Mud-brick architecture and palm trees are most likely found in Scandinavia.
   - False. Scandinavia is not known for mud-brick architecture, and palm trees are not native to this region.

Answer: 2",false
4836a89f12bca1d7053e5ea0408e86e5e6b670eb5ec40e33d6fc678d199f8fbd,1,,true
4836a89f12bca1d7053e5ea0408e86e5e6b670eb5ec40e33d6fc678d199f8fbd,2,,false
22ec4a987fcc96e513e9504376b7739a40dd1cfafd92967bc87629d08abf6803,0,"The image shows a large crowd of people performing a ritual around the Kaaba. The Kaaba is the most sacred site in Islam, and the ritual being performed is the Tawaf, which is the circumambulation of the Kaaba. This ritual is performed by Muslims from all over the world during the Hajj pilgrimage and also as part of Umrah.

Statement 1: The ritual being performed around the Kaaba in this image is Salah. False.
- Salah is the Islamic prayer, which is performed five times a day. The image shows people moving around the Kaaba, which is not the typical posture or action associated with Salah.

Statement 2: The ritual being performed around the Kaaba in this image is Tawaf. True.
- The image clearly shows a large number of people performing the Tawaf, which involves walking around the Kaaba seven times in a specific direction.

Statement 3: The ritual being performed around the Kaaba in this image is Zakat. False.
- Zakat is the Islamic system of almsgiving, which involves donating a portion of one's wealth to help those in need. This is not depicted in the image.

Answer: 2",false
22ec4a987fcc96e513e9504376b7739a40dd1cfafd92967bc87629d08abf6803,1,,true
22ec4a987fcc96e513e9504376b7739a40dd1cfafd92967bc87629d08abf6803,2,,false
2206b28c4b0e34d224639b28a8e3a5c28f446eac06e463b0fed095f7b03d6819,0,"The golden ornament in the image appears to be purely decorative and does not serve as a lighting element or provide structural support. However, it does add cultural significance to the arrangement, as it features Arabic calligraphy and traditional motifs.

Answer: 3",false
2206b28c4b0e34d224639b28a8e3a5c28f446eac06e463b0fed095f7b03d6819,1,,false
2206b28c4b0e34d224639b28a8e3a5c28f446eac06e463b0fed095f7b03d6819,2,,true
4f4f5fdeeea2f66c197138e9e675bfead96977069846e12796bdd5a659a50e73,0,"The bracelet of the wristwatch is made of stainless steel.

Answer: 3",false
4f4f5fdeeea2f66c197138e9e675bfead96977069846e12796bdd5a659a50e73,1,,false
4f4f5fdeeea2f66c197138e9e675bfead96977069846e12796bdd5a659a50e73,2,,true
9c38cba22aa3b9b9e4d01b28091f5b5daa657aafd70976f5cbe55abf72b938f1,0,"The image shows a spacious, modern interior with a high ceiling and a series of arches. The presence of escalators and a large, open space are typical of an airport terminal. The design and layout do not resemble a train station or bus station.

Statement 1: The image depicts a train station. False.
Statement 2: The image depicts an airport terminal. True.
Statement 3: The image depicts a bus station. False.

Answer: 2",false
9c38cba22aa3b9b9e4d01b28091f5b5daa657aafd70976f5cbe55abf72b938f1,1,,true
9c38cba22aa3b9b9e4d01b28091f5b5daa657aafd70976f5cbe55abf72b938f1,2,,false
6d65c38313ad5110ff07dc021203ddcdf877c54d169b2595ffea2ce497f1c9db,0,"The dish shown in the image appears to be stuffed dates with pistachios. The dates are halved and filled with pistachios, which is a common preparation in the Arab world. The presence of pistachios and the way the dates are presented supports this conclusion.

Statement 1: The dish shown in the image is chocolate truffles. False.
Statement 2: The dish shown in the image is fruit salad. False.
Statement 3: The dish shown in the image is stuffed dates with pistachios. True.

Answer: 3",false
6d65c38313ad5110ff07dc021203ddcdf877c54d169b2595ffea2ce497f1c9db,1,,false
6d65c38313ad5110ff07dc021203ddcdf877c54d169b2595ffea2ce497f1c9db,2,,true
25183efc69b18c7a1e2e17d60a62784edd12b3b910b5c168d7b271a6f8777c7a,0,"The image shows a large open area surrounded by buildings, which is characteristic of the Haram Nabawi, a site in Medina, Saudi Arabia, that is significant to the Islamic faith. The site is most closely associated with the Hajj pilgrimage.

Statement 1: The site shown in the image is most closely associated with Christian baptism. False.
Statement 2: The site shown in the image is most closely associated with Buddhist meditation. False.
Statement 3: The site shown in the image is most closely associated with the Hajj pilgrimage. True.

Answer: 3",false
25183efc69b18c7a1e2e17d60a62784edd12b3b910b5c168d7b271a6f8777c7a,1,,false
25183efc69b18c7a1e2e17d60a62784edd12b3b910b5c168d7b271a6f8777c7a,2,,true
aac74723d8ae9f8cf08bc13f9e8e9b315f0504a1ca10a1b6f75c01a7502ebd24,0,"The image shows a large crowd of people, many of whom are holding up their hands and cheering. There are also individuals on stage, some of whom are wearing matching outfits. The background features a large screen with the text ""ESPORTS WORLD CUP"" and logos related to esports.

1. The atmosphere in the image is best described as a musical concert.
   - This statement is False. The presence of the ""ESPORTS WORLD CUP"" text and logos, along with the crowd's enthusiastic cheering, strongly suggest that this is an esports championship event, not a musical concert.

2. The atmosphere in the image is best described as an esports championship event.
   - This statement is True. The large screen displaying ""ESPORTS WORLD CUP"" and the logos, along with the crowd's cheering and the stage setup, strongly indicate that this is an esports championship event.

3. The atmosphere in the image is best described as a formal business conference.
   - This statement is False. The image shows a lively and celebratory atmosphere, which is not typical of a formal business conference. The presence of cheering crowds and the esports-related visuals further indicate that this is an esports event, not a business conference. ||| False.

The atmosphere in the image is best described as a sports event, not a musical concert. The presence of a stage, a large crowd, and a group of people in sports uniforms suggests that this is a sports-related event, likely an awards ceremony or a celebration of a sports team's achievement. The stage design and the audience's engagement further support this interpretation. ||| True

The image shows a large crowd of people, many of whom are taking photos and cheering, which is typical of an esports championship event. The stage with the ""ESPORTS WORLD CUP"" sign and the group of people on stage further supports this description. ||| False.

The atmosphere in the image is best described as a formal business conference.",false
aac74723d8ae9f8cf08bc13f9e8e9b315f0504a1ca10a1b6f75c01a7502ebd24,1,,true
aac74723d8ae9f8cf08bc13f9e8e9b315f0504a1ca10a1b6f75c01a7502ebd24,2,,false
76f31011e3230675f33beb2026442f0e94f636bb2b1190410bd6175407571660,0,"The image shows an outdoor farmers market with various fresh produce such as vegetables and fruits displayed on tables. There are no handmade crafts visible, and the setting does not suggest a cultural festival. Therefore, the main purpose of this market is to provide fresh produce to the community.

Answer: 1",true
76f31011e3230675f33beb2026442f0e94f636bb2b1190410bd6175407571660,1,,false
76f31011e3230675f33beb2026442f0e94f636bb2b1190410bd6175407571660,2,,false
387fcb0ab6031124337f598fbd13fd635d4307943f95e2b2be5fff3dc902e917,0,"The image shows a mosque situated near a rocky shoreline, with the sea visible in the foreground. The mosque is built on a rocky outcrop, and there are no visible signs of a forested area. The presence of the sea and rocky shoreline strongly supports Statement 2.

Answer: 2",false
387fcb0ab6031124337f598fbd13fd635d4307943f95e2b2be5fff3dc902e917,1,,true
387fcb0ab6031124337f598fbd13fd635d4307943f95e2b2be5fff3dc902e917,2,,false
9a267c7ae99096c9acb4274c57c78db18d6a51cbb4c3d70db1b03d8edda31f68,0,"The image shows a stage with performers dressed in traditional attire, and there is a large screen displaying text in Arabic. The stage setup and the performers' attire suggest a cultural or traditional event rather than a musical concert or a wedding ceremony. The presence of the text on the screen, which appears to be related to a specific event or celebration, supports the idea that this is a special occasion.

Statement 1: The purpose of the event shown in the image is a musical concert.
- This statement is not grounded in the image. The image does not show musical instruments or a typical concert setup.

Statement 2: The purpose of the event shown in the image is a wedding ceremony.
- This statement is not grounded in the image. There are no indications of a wedding ceremony, such as a bride and groom or wedding decorations.

Statement 3: The purpose of the event shown in the image is a celebration for Saudi National Day.
- This statement is grounded in the image. The text on the screen and the traditional attire of the performers suggest that this event is related to a national celebration, which could be Saudi National Day.

Answer: 3",false
9a267c7ae99096c9acb4274c57c78db18d6a51cbb4c3d70db1b03d8edda31f68,1,,false
9a267c7ae99096c9acb4274c57c78db18d6a51cbb4c3d70db1b03d8edda31f68,2,,true
75a2c118351401499f159f11ce5c1bbdf5fcfdd0d102310b20b9d0ebadeb2391,0,"The image shows a vast tent city with numerous white tents and a large number of people. This setup is characteristic of the Hajj pilgrimage, which takes place annually in Mina, Saudi Arabia. The tents are used as temporary shelters for pilgrims during the Hajj.

Let's analyze each statement:

1. **Statement 1: The tent city is located in Dubai, UAE, and is used for a cultural festival.**
   - This statement is false. The image clearly shows a tent city that is characteristic of the Hajj pilgrimage, not a cultural festival in Dubai.

2. **Statement 2: The tent city is located in Mina, Saudi Arabia, and is used for the Hajj pilgrimage.**
   - This statement is true. The image shows a tent city that is used for the Hajj pilgrimage, which takes place in Mina, Saudi Arabia.

3. **Statement 3: The tent city is located in Cairo, Egypt, and is used for a religious conference.**
   - This statement is false. The image does not show Cairo, Egypt, and the setup is not typical for a religious conference.

Based on the analysis, the grounded statement is:

**Answer: 2",false
75a2c118351401499f159f11ce5c1bbdf5fcfdd0d102310b20b9d0ebadeb2391,1,,true
75a2c118351401499f159f11ce5c1bbdf5fcfdd0d102310b20b9d0ebadeb2391,2,,false
5d77de1efc2f2eb9aa4c3bd9e6941af1ed864ee6410b31ff1c31a63a468456ed,0,"The decorative object in the image appears to be made of wood. This is evident from the visible grain and texture of the material, which is characteristic of wood. The object has a natural, organic appearance that is typical of wooden carvings.

Statement 1: The decorative object in the image is most likely made of plastic. False.
Statement 2: The decorative object in the image is most likely made of wood. True.
Statement 3: The decorative object in the image is most likely made of metal. False.

Answer: 2",false
5d77de1efc2f2eb9aa4c3bd9e6941af1ed864ee6410b31ff1c31a63a468456ed,1,,true
5d77de1efc2f2eb9aa4c3bd9e6941af1ed864ee6410b31ff1c31a63a468456ed,2,,false
920aef92030ba7a8e1376eb97b650eaaabd275eec84160cdef2dd09ac5734508,0,"The mosque depicted in the image is Al-Masjid an-Nabawi in Medina. 

1. The mosque in the image has a distinctive architectural style with multiple minarets and a large courtyard, which is characteristic of Al-Masjid an-Nabawi in Medina.
2. The Blue Mosque in Istanbul is known for its blue tiles and domes, which are not present in the image.
3. The Sheikh Zayed Grand Mosque in Abu Dhabi is known for its modern design and large dome, which are not present in the image.

Answer: 1",true
920aef92030ba7a8e1376eb97b650eaaabd275eec84160cdef2dd09ac5734508,1,,false
920aef92030ba7a8e1376eb97b650eaaabd275eec84160cdef2dd09ac5734508,2,,false
fd1fbb4b8a6c1b03c6e4750901821a04d462b950bd1616fe3ad86c9137f2f8ed,0,"The image shows a fabric with a floral design. On the left side, the fabric is displayed vertically, and on the right side, it is shown draped over a mannequin. The mannequin is wearing the fabric as a skirt. 

- Statement 1: The fabric in the image is primarily styled as a skirt. True.
- Statement 2: The fabric in the image is primarily styled as a tablecloth. False.
- Statement 3: The fabric in the image is primarily styled as a scarf. False.

Answer: 1",true
fd1fbb4b8a6c1b03c6e4750901821a04d462b950bd1616fe3ad86c9137f2f8ed,1,,false
fd1fbb4b8a6c1b03c6e4750901821a04d462b950bd1616fe3ad86c9137f2f8ed,2,,false
fb04c169f4bbdf83350c8ac6cfe3366122f0e2e6430cdfd4f08674e24e461e41,0,"The gold bracelet in the image features floral designs. True or False?

Reasoning:
- The image clearly shows a gold bracelet with intricate designs that resemble flowers and leaves, which are characteristic of floral patterns.

Answer: 3",false
fb04c169f4bbdf83350c8ac6cfe3366122f0e2e6430cdfd4f08674e24e461e41,1,,false
fb04c169f4bbdf83350c8ac6cfe3366122f0e2e6430cdfd4f08674e24e461e41,2,,true
942d84d386db40745cff838d7d493b0ee8dee6460148abec4bf54a2fce00a17d,0,"The equipment shown in the image includes various components such as pressure gauges, hoses, and connectors, which are commonly used in radiator pressure testing. The presence of these specific items strongly suggests that the kit is designed for radiator pressure testing rather than medical diagnostics or plumbing repairs.

Answer: 3",false
942d84d386db40745cff838d7d493b0ee8dee6460148abec4bf54a2fce00a17d,1,,false
942d84d386db40745cff838d7d493b0ee8dee6460148abec4bf54a2fce00a17d,2,,true
cccea5fa9634407807c3e4d32591a2b680025db49e92f1783be16d5891fdd7c0,0,"The image prominently features stone walls with wooden beams. True or False?

The image clearly shows stone walls with wooden beams supporting the roof. This is evident from the visible texture and material of the walls and the wooden beams that are part of the structure.

The image prominently features concrete walls with steel reinforcements. True or False?

There are no visible concrete walls or steel reinforcements in the image. The walls are made of stone, and there are no visible steel reinforcements.

The image prominently features glass walls with metal frames. True or False?

There are no glass walls or metal frames in the image. The walls are made of stone, and there are no glass elements visible.

Answer: 1",true
cccea5fa9634407807c3e4d32591a2b680025db49e92f1783be16d5891fdd7c0,1,,false
cccea5fa9634407807c3e4d32591a2b680025db49e92f1783be16d5891fdd7c0,2,,false
a52f488750324e73ddc1ecf7ba11cc56427c46bda312d3e3ad9eb1a6387ed141,0,"The image shows a man sitting on a red carpet in a desert-like environment with reddish-brown rock formations in the background. He is wearing traditional Middle Eastern attire, including a keffiyeh and a vest. The presence of the keffiyeh and the desert landscape strongly suggest that this scene is set in a desert region in the Middle East.

Statement 1: This scene is most likely set in snowy mountains in Europe.
- This statement is false. The image clearly shows a desert environment, not snowy mountains.

Statement 2: This scene is most likely set in a tropical rainforest in South America.
- This statement is false. The image shows a desert landscape, not a tropical rainforest.

Statement 3: This scene is most likely set in a desert region in the Middle East.
- This statement is true. The man's attire and the desert environment strongly suggest a Middle Eastern setting.

Answer: 3",false
a52f488750324e73ddc1ecf7ba11cc56427c46bda312d3e3ad9eb1a6387ed141,1,,false
a52f488750324e73ddc1ecf7ba11cc56427c46bda312d3e3ad9eb1a6387ed141,2,,true
4546038c51400534317edba9e80c46d890f1d160b259db81aa95d244ee2eb2c5,0,"The image shows a group of people gathered around a display that includes historical swords and photographs. The display prominently features swords and images of historical figures, which aligns with the description in Statement 2.

Statement 1: The people are observing natural history fossils in the museum. False.
Statement 2: The people are observing a collection of historical swords and photographs in the museum. True.
Statement 3: The people are observing modern art paintings in the museum. False.

Answer: 2",false
4546038c51400534317edba9e80c46d890f1d160b259db81aa95d244ee2eb2c5,1,,true
4546038c51400534317edba9e80c46d890f1d160b259db81aa95d244ee2eb2c5,2,,false
7d086f02e50b795bd9959ef8410cfe219d96f1a781432b14fb49b0e5bab43987,0,"The outfit in the image prominently features floral design embroidery. True or False?

Reasoning:
- The image shows a woman wearing a traditional outfit with intricate embroidery.
- The embroidery on the outfit includes various floral designs, such as flowers and leaves, which are clearly visible.
- There are no prominent geometric or abstract motifs in the embroidery.

Answer: 2",false
7d086f02e50b795bd9959ef8410cfe219d96f1a781432b14fb49b0e5bab43987,1,,true
7d086f02e50b795bd9959ef8410cfe219d96f1a781432b14fb49b0e5bab43987,2,,false
38433f2ef250a6689b515dc31e39f992fdeb5d60b575488bfea9612461e5f705,0,"The dish prominently featured in the image appears to be stuffed with a filling and wrapped in a thin, light-colored dough, which is characteristic of stuffed bell peppers. The presence of lemon and parsley garnish further supports this identification.

Statement 1: The dish featured prominently in the image is stuffed bell peppers. True or false?

The dish in the image does not resemble stuffed bell peppers. It appears to be a type of stuffed pastry or wrap, not bell peppers.

Statement 2: The dish featured prominently in the image is crispy spring rolls. True or false?

The dish in the image does not resemble spring rolls. It appears to be a type of stuffed pastry or wrap, not spring rolls.

Statement 3: The dish featured prominently in the image is grilled chicken skewers. True or false?

The dish in the image does not resemble grilled chicken skewers. It appears to be a type of stuffed pastry or wrap, not skewers.

Answer: 1",true
38433f2ef250a6689b515dc31e39f992fdeb5d60b575488bfea9612461e5f705,1,,false
38433f2ef250a6689b515dc31e39f992fdeb5d60b575488bfea9612461e5f705,2,,false
91ba16b5ee2facf6086b8f44268ef89a0283d3e5c2fa9706522ac3df6a817290,0,"The image shows a building with a prominent decorative lattice structure on the facade, which is clearly visible. The glass dome and rooftop garden are not visible in the image.

Answer: 2",false
91ba16b5ee2facf6086b8f44268ef89a0283d3e5c2fa9706522ac3df6a817290,1,,true
91ba16b5ee2facf6086b8f44268ef89a0283d3e5c2fa9706522ac3df6a817290,2,,false
8d8752a06a54b4d752df6282643655cae228264545b639e143e0bd837207a20a,0,"The image shows a market stall with a variety of dried fruits and nuts, indicating that they are commonly sold in markets. 

1. Statement 1: Dried fruits and nuts are commonly sold in markets because they require refrigeration at all times.
   - This statement is False. Dried fruits and nuts do not require refrigeration at all times. They are typically sold in markets because they have a long shelf life and are easy to transport.

2. Statement 2: Dried fruits and nuts are commonly sold in markets because they have a long shelf life and are easy to transport.
   - This statement is True. The image shows a market stall with a variety of dried fruits and nuts, indicating that they are commonly sold in markets because they have a long shelf life and are easy to transport.

3. Statement 3: Dried fruits and nuts are commonly sold in markets because they are only used during special festivals.
   - This statement is False. While dried fruits and nuts may be used during special festivals, they are not exclusively sold for this purpose. They are commonly sold in markets for everyday consumption.

Answer: 2",false
8d8752a06a54b4d752df6282643655cae228264545b639e143e0bd837207a20a,1,,true
8d8752a06a54b4d752df6282643655cae228264545b639e143e0bd837207a20a,2,,false
65982bc2a0553f7635aec12e75c2cc4564bf363d5fb861500125892df2eee95c,0,"The image shows palm trees and dry vegetation, which are typical of regions with warm and dry climates. The presence of these elements suggests that the climate of this area is likely warm and dry.

Statement 1: The presence of palm trees and dry vegetation in the image suggests that the climate of this area is cold and snowy. False.
Statement 2: The presence of palm trees and dry vegetation in the image suggests that the climate of this area is tropical and humid. False.
Statement 3: The presence of palm trees and dry vegetation in the image suggests that the climate of this area is warm and dry. True.

Answer: 3",false
65982bc2a0553f7635aec12e75c2cc4564bf363d5fb861500125892df2eee95c,1,,false
65982bc2a0553f7635aec12e75c2cc4564bf363d5fb861500125892df2eee95c,2,,true
ce5ee8bd5d19df0355145536f7d248ff095c30426fcb7a785dcd09e6e591047c,0,"The image shows a wrestling match with sandy terrain, indicating that the match is likely set in an outdoor sandy arena. The wrestlers are on a surface that appears to be sand, which is consistent with outdoor wrestling arenas.

The second statement suggests that the wrestling match is set in an indoor gymnasium. However, the image clearly shows an outdoor setting with sand, not an indoor gymnasium.

The third statement suggests that the wrestling match is set on concrete pavement. The image shows a sandy surface, not concrete pavement.

Therefore, the grounded statement is the first one.

Answer: 1",true
ce5ee8bd5d19df0355145536f7d248ff095c30426fcb7a785dcd09e6e591047c,1,,false
ce5ee8bd5d19df0355145536f7d248ff095c30426fcb7a785dcd09e6e591047c,2,,false
9fa0356604435740b33ca6f657dcdc97f25596aa6f1868d6d353a37e573ede62,0,"The image shows a group of people riding camels in a desert environment. 

1. The event depicted in the image is a ceremonial procession.
   - The image does not provide any clear indication that this is a ceremonial procession. The riders appear to be dressed in everyday clothing, and there is no indication of a formal event or celebration.

2. The event depicted in the image is a camel racing competition.
   - The image does not show any signs of a racing competition. The riders are not in a competitive setting, and there are no markings or structures that would indicate a race.

3. The event depicted in the image shows a regular day in the desert.
   - The image shows a group of people riding camels in a desert environment, which is a common activity in many desert regions. There is no indication that this is an extraordinary event.

Answer: 3",false
9fa0356604435740b33ca6f657dcdc97f25596aa6f1868d6d353a37e573ede62,1,,false
9fa0356604435740b33ca6f657dcdc97f25596aa6f1868d6d353a37e573ede62,2,,true
ec047ea17a31f8211da18782a6ac4405763eba5c693308ed8d44b6e47565ddfd,0,"The image shows a large gathering of people in a square, with a prominent display of a flag that is the Palestinian flag. There are no visible signs or indications that the gathering is related to transportation issues or a cultural festival. Therefore, the primary focus of the gathering is displaying the Palestinian flag.

Answer: 3",false
ec047ea17a31f8211da18782a6ac4405763eba5c693308ed8d44b6e47565ddfd,1,,false
ec047ea17a31f8211da18782a6ac4405763eba5c693308ed8d44b6e47565ddfd,2,,true
c14b317ae06fb7e4e22fd6011c4e896b9c5eedb0c967fdf2865908bf5ebc9ee5,0,"The image shows a ceramic dish with intricate and colorful designs. The designs appear to be highly detailed and have a handcrafted look, which is typical of traditional ceramic art.

1. Statement 1: True or False: The designs on this ceramic dish were most likely created using embossing.
   - Embossing involves pressing a design into a material, which often results in a raised design. The designs in the image do not appear to be raised or embossed; they are flat and detailed.

2. Statement 2: True or False: The designs on this ceramic dish were most likely created using hand-painting.
   - The intricate and colorful designs, along with the detailed patterns, suggest that they were likely created using hand-painting techniques. Hand-painting allows for the level of detail and variation in color that is visible in the image.

3. Statement 3: True or False: The designs on this ceramic dish were most likely created using machine printing.
   - Machine printing typically results in uniform and repetitive designs. The designs in the image are highly detailed and unique, which is not characteristic of machine printing.

Based on the analysis, the grounded statement is:

Answer: 2",false
c14b317ae06fb7e4e22fd6011c4e896b9c5eedb0c967fdf2865908bf5ebc9ee5,1,,true
c14b317ae06fb7e4e22fd6011c4e896b9c5eedb0c967fdf2865908bf5ebc9ee5,2,,false
a948ef0275f5de455a887613e3342466f92f9da11f2bf2bb0871ea1d39868fcc,0,"The image shows a religious site with green-domed buildings surrounded by numerous graves. 

1. The graves surrounding the green-domed buildings are part of a cemetery associated with the religious site.
   - This statement is plausible and could be true, as the graves are located around the religious buildings, suggesting they are part of a cemetery associated with the site.

2. The graves surrounding the green-domed buildings are decorative features of the landscape.
   - This statement is unlikely to be true, as the graves are not aesthetically arranged or designed to be decorative features. They appear to be actual burial plots.

3. The graves surrounding the green-domed buildings are unused burial plots awaiting future use.
   - This statement is also unlikely to be true, as the graves are not marked as unused or awaiting future use. They appear to be actual graves with headstones.

Answer: 1",true
a948ef0275f5de455a887613e3342466f92f9da11f2bf2bb0871ea1d39868fcc,1,,false
a948ef0275f5de455a887613e3342466f92f9da11f2bf2bb0871ea1d39868fcc,2,,false
b3898428f17dbc016a708ae929613d8e9125734e7fada409d2d8e2fcbe319129,0,"1. Statement 1: True or False: A shoreline with people and a boat can be seen in the background of the image.
   - The image shows a shoreline with people and a boat in the background. This statement is true.

2. Statement 2: True or False: A forest with wildlife can be seen in the background of the image.
   - The image does not show a forest or wildlife. This statement is false.

3. Statement 3: True or False: A desert landscape can be seen in the background of the image.
   - The image does not show a desert landscape. This statement is false.

Answer: 1",true
b3898428f17dbc016a708ae929613d8e9125734e7fada409d2d8e2fcbe319129,1,,false
b3898428f17dbc016a708ae929613d8e9125734e7fada409d2d8e2fcbe319129,2,,false
fe5a007551a94df8a5c2ce4ea508668f37450192ecc2c0fcf934f6ceba2061d8,0,"The image depicts a desert landscape with a person walking alongside two camels. The background features adobe-style buildings, which are commonly used in arid regions for their ability to keep interiors cool and to provide protection from the harsh environment.

Let's analyze each statement:

1. **Statement 1: The adobe-style buildings in the background are most likely used for storage for goods.**
   - Adobe-style buildings are often used for storage due to their thick walls, which can protect stored goods from the harsh climate. This is a plausible use for such buildings in a desert setting.

2. **Statement 2: The adobe-style buildings in the background are most likely used for residential housing.**
   - While adobe buildings can be used for residential purposes, the context of the image suggests a more utilitarian use, such as storage, rather than living quarters.

3. **Statement 3: The adobe-style buildings in the background are most likely used as a modern shopping mall.**
   - Adobe-style buildings are not typically used for modern commercial purposes like shopping malls. They are more suited to traditional uses such as storage or residential housing.

Given the context and appearance of the buildings, the most grounded statement is:

**Answer: 1**",true
fe5a007551a94df8a5c2ce4ea508668f37450192ecc2c0fcf934f6ceba2061d8,1,,false
fe5a007551a94df8a5c2ce4ea508668f37450192ecc2c0fcf934f6ceba2061d8,2,,false
b3ee6f299203a214f949dc79fe28f4f4faa3073d707da583caf770db2dc7b921,0,"The image shows sheets of dried bark or fiber material. Let's analyze each statement:

1. **Statement 1:** These sheets of dried bark or fiber material could be associated with boat construction in water transport.
   - **Analysis:** Dried bark or fiber materials can be used in boat construction, especially in traditional methods where natural materials are utilized. The sheets in the image appear to be flat and flexible, which could be used in constructing boats.

2. **Statement 2:** These sheets of dried bark or fiber material could be associated with fishing nets in water transport.
   - **Analysis:** While dried bark or fiber materials can be used in various applications, they are not typically used directly in the construction of fishing nets. Fishing nets are usually made from synthetic materials or natural fibers like cotton or jute, not dried bark or fiber.

3. **Statement 3:** These sheets of dried bark or fiber material could be associated with buoys in water transport.
   - **Analysis:** Buoys are typically made from materials like plastic, rubber, or metal, not dried bark or fiber. These materials are not suitable for buoy construction due to their lack of buoyancy and durability.

Based on the analysis, the grounded statement ||| True

The sheets of dried bark or fiber material in the image resemble materials that could be used in boat construction, particularly in water transport. These materials are often used for their buoyancy and strength, making them suitable for boat building. ||| False.

The sheets of dried bark or fiber material in the image do not appear to be associated with fishing nets or water transport. The sheets are simply pieces of dried bark or fiber, and there is no clear indication of their use or context related to fishing or water transport. ||| False.

The sheets of dried bark or fiber material in the image do not appear to be associated with buoys in water transport. The sheets are flat and rectangular, which is not typical for buoys, which are usually cylindrical or spherical and designed to float on water.",true
b3ee6f299203a214f949dc79fe28f4f4faa3073d707da583caf770db2dc7b921,1,,false
b3ee6f299203a214f949dc79fe28f4f4faa3073d707da583caf770db2dc7b921,2,,false
f89f089a55f3629d84f841e93d319656eac7fb024677013d813d9d0538a36300,0,"The image shows a river with rocky terrain and dry hills surrounding it. There is no dense forest with lush greenery, nor are there snow-covered mountains. Therefore, the only statement that is grounded in the image is Statement 2.

Answer: 2",false
f89f089a55f3629d84f841e93d319656eac7fb024677013d813d9d0538a36300,1,,true
f89f089a55f3629d84f841e93d319656eac7fb024677013d813d9d0538a36300,2,,false
66ccd26487e0649344ce1f939c1f3c6cab41f31a02879cf65c895edfa4966685,0,"The barrier shown in the background of the image is a glass barrier that separates the ice rink from the spectators. This barrier serves multiple purposes, including protecting spectators from the puck and displaying advertisements.

1. **Statement 1: The primary function of the barrier shown in the background of the image is to display advertisements.**
   - This statement is not entirely true because the primary function of the barrier is to protect spectators from the puck, not just to display advertisements.

2. **Statement 2: The primary function of the barrier shown in the background of the image is both to protect spectators from the puck and to display advertisements.**
   - This statement is true because the barrier serves both functions. It protects spectators from the puck and also displays advertisements.

3. **Statement 3: The primary function of the barrier shown in the background of the image is to protect spectators from the puck.**
   - This statement is true because the primary function of the barrier is to protect spectators from the puck.

Answer: 2",false
66ccd26487e0649344ce1f939c1f3c6cab41f31a02879cf65c895edfa4966685,1,,true
66ccd26487e0649344ce1f939c1f3c6cab41f31a02879cf65c895edfa4966685,2,,false
84a50fc71eca5fd72072011f57e6a998e1cf2842586e03b8cc1ee62ff85712fc,0,"The image shows a landscape with pyramids, which are known to be associated with ancient Egypt. The presence of these pyramids in the image strongly suggests that the location is Egypt, as pyramids are a distinctive feature of the ancient Egyptian civilization.

Let's analyze each statement:

1. **The pyramids shown in the image are located in Morocco.**
   - This statement is unlikely to be true because Morocco is not known for having pyramids. Morocco's historical and cultural landmarks are different from those found in Egypt.

2. **The pyramids shown in the image are located in Egypt.**
   - This statement is the most plausible and grounded in the image. The pyramids in the image resemble the famous pyramids of Giza, which are located in Egypt.

3. **The pyramids shown in the image are located in Sudan.**
   - While Sudan does have ancient pyramids, they are not as well-known as those in Egypt. The pyramids in the image do not strongly resemble the pyramids found in Sudan.

Based on the analysis, the grounded statement is:

**Answer: 2**",false
84a50fc71eca5fd72072011f57e6a998e1cf2842586e03b8cc1ee62ff85712fc,1,,true
84a50fc71eca5fd72072011f57e6a998e1cf2842586e03b8cc1ee62ff85712fc,2,,false
13c74d20a3b76608ef277bc7c80dbd8a4ba6d3d2c07a37e8e56a92a03f2a110e,0,"The image shows a group of people in an inflatable boat being guided through flooded streets by individuals wearing uniforms and safety vests. The context of the image, with people being assisted through the water and the presence of uniformed individuals, suggests that the inflatable boat is being used for rescue operations during floods.

Statement 1: The primary purpose of the inflatable boat shown in the image is recreational boating in urban areas.
- This statement is not grounded in the image. The context of the image does not suggest recreational boating; instead, it shows a rescue operation.

Statement 2: The primary purpose of the inflatable boat shown in the image is fishing in flooded areas.
- This statement is also not grounded in the image. The image does not show any fishing activities; it shows a rescue operation.

Statement 3: The primary purpose of the inflatable boat shown in the image is rescue operations during floods.
- This statement is grounded in the image. The context of the image, with people being assisted through the water and the presence of uniformed individuals, suggests that the inflatable boat is being used for rescue operations during floods.

Answer: 3",false
13c74d20a3b76608ef277bc7c80dbd8a4ba6d3d2c07a37e8e56a92a03f2a110e,1,,false
13c74d20a3b76608ef277bc7c80dbd8a4ba6d3d2c07a37e8e56a92a03f2a110e,2,,true
68290e9fbd73c198beef550c3590494594b55824662534cbf1057ac4b89997c1,0,"The buildings lining the street in this image most prominently feature half-timbered (Tudor-style) architecture.

Reasoning:
1. The buildings have a distinct half-timbered appearance, characterized by the exposed wooden framework and filled-in spaces.
2. The image does not show modern glass and steel architecture, nor does it show brutalist concrete architecture.

Answer: 3",false
68290e9fbd73c198beef550c3590494594b55824662534cbf1057ac4b89997c1,1,,false
68290e9fbd73c198beef550c3590494594b55824662534cbf1057ac4b89997c1,2,,true
d906c249a76d86d8198ebe5124774aa4a71e475fd6d7eedbb301943fdbdcbfda,0,"1. Statement 1: True or False: Clouds and the sky are typically visible from an airplane window during flight.
   - This statement is true. The image shows a view from an airplane window, with clouds and the sky clearly visible.

2. Statement 2: True or False: The interior of the airplane wing is typically visible from an airplane window during flight.
   - This statement is false. The interior of the airplane wing is not typically visible from an airplane window during flight.

3. Statement 3: True or False: A view of the ground and cities below is typically visible from an airplane window during flight.
   - This statement is false. The image shows a view from an airplane window, but it does not show the ground or cities below.

Answer: 1",true
d906c249a76d86d8198ebe5124774aa4a71e475fd6d7eedbb301943fdbdcbfda,1,,false
d906c249a76d86d8198ebe5124774aa4a71e475fd6d7eedbb301943fdbdcbfda,2,,false
5fa4904dab3408f157947154434998f56341b61c550045900582cab249b02c6d,0,"1. The image shows a light-skinned hand with no visible tattoos.
2. The image shows a light-skinned hand with no visible bracelet.
3. The image shows a light-skinned hand with a prominent diamond ring on the ring finger.

Answer: 3",false
5fa4904dab3408f157947154434998f56341b61c550045900582cab249b02c6d,1,,false
5fa4904dab3408f157947154434998f56341b61c550045900582cab249b02c6d,2,,true
263ea61e67545788e3ab77e4b4cf9e48b16bb763d977bc99beb8563c92597bb7,0,"The image shows a catalytic converter, which is typically made from materials that can withstand high temperatures and are effective in reducing emissions. 

1. **Statement 1: Catalytic converters are commonly constructed from titanium.**
   - Titanium is a strong and lightweight metal, but it is not commonly used for catalytic converters due to its high cost and the fact that other materials are more suitable for this application.

2. **Statement 2: Catalytic converters are commonly constructed from aluminum.**
   - Aluminum is a lightweight and cost-effective material that can withstand high temperatures. It is commonly used in catalytic converters due to its durability and ability to reduce emissions effectively.

3. **Statement 3: Catalytic converters are commonly constructed from steel.**
   - Steel is a strong and durable material, but it is not commonly used for catalytic converters because it is heavier and less effective in reducing emissions compared to aluminum.

Based on the analysis, the grounded statement is Statement 2.

Answer: 2",false
263ea61e67545788e3ab77e4b4cf9e48b16bb763d977bc99beb8563c92597bb7,1,,true
263ea61e67545788e3ab77e4b4cf9e48b16bb763d977bc99beb8563c92597bb7,2,,false
0b768a050a37d0b2c7414ff81ddf4e6c26e7fffa0d484b0e0e2fdaac8c68df0b,0,"The image shows a group of people, including a man, a woman, and a young girl, gathered outdoors near a building. The man and the woman are smiling and appear to be in a celebratory mood, with the woman holding a bouquet of flowers. The young girl is also smiling and seems to be enjoying the moment.

Let's analyze each statement:

1. **This gathering outdoors near a building could be a casual family outing.**
   - The image shows a group of people who appear to be happy and relaxed, which is typical of a casual family outing. The presence of a young girl and the overall joyful atmosphere support this statement.

2. **This gathering outdoors near a building could be a business meeting.**
   - While it is possible that this gathering could be a business meeting, the image does not provide any clear indicators of a business setting, such as documents, laptops, or formal business attire. The people are dressed casually, and there are no visible business-related items.

3. **This gathering outdoors near a building could be a religious ceremony.**
   - There are no clear signs in the image that suggest a religious ceremony, such as religious attire, symbols, or a specific setting. The people are dressed in ||| False.

Reasoning: The image shows a group of people, including a man, a woman, and a young girl, posing together with a bouquet of flowers. The presence of a bouquet and the formal attire of the individuals suggest that this is not a casual family outing but rather a more formal or celebratory event. ||| False.

Reasoning: The image shows a group of people, including a woman holding a bouquet of flowers, which suggests a celebratory or social event rather than a business meeting. The presence of a child and the festive flowers indicate a more personal or informal gathering. ||| False.

The image shows a group of people, including a man, a woman, and a young girl, standing outdoors near a building. They are all smiling and appear to be in a celebratory mood, with the woman holding a bouquet of flowers. There is no clear indication of a religious ceremony taking place, such as specific attire, religious symbols, or a religious setting. The presence of flowers and the smiles suggest a more festive or social occasion rather than a religious ceremony.",true
0b768a050a37d0b2c7414ff81ddf4e6c26e7fffa0d484b0e0e2fdaac8c68df0b,1,,false
0b768a050a37d0b2c7414ff81ddf4e6c26e7fffa0d484b0e0e2fdaac8c68df0b,2,,false
48ca5f9679df64f81542f072909075f9e89a0136bf28d009e9de8f7c464ecdd2,0,"The airplane shown in the image is a commercial airliner, which is typically used for passenger travel. The design and markings on the aircraft, including the airline's branding and the presence of windows along the fuselage, are indicative of a passenger aircraft. 

The second statement, suggesting the airplane is used for cargo transport, is not supported by the image. The design and structure of the aircraft, including the presence of windows and the overall shape, are characteristic of passenger planes rather than cargo planes.

The third statement, suggesting the airplane is used for military operations, is also not supported by the image. The aircraft's design and markings do not indicate military use. Commercial airliners are generally not used for military purposes unless modified for specific missions.

Therefore, the grounded statement is:

Answer: 1",true
48ca5f9679df64f81542f072909075f9e89a0136bf28d009e9de8f7c464ecdd2,1,,false
48ca5f9679df64f81542f072909075f9e89a0136bf28d009e9de8f7c464ecdd2,2,,false
274ce81b15c1748da00a56ff68068135e66f521eda4df71db2b876396ae2dc94,0,"The structure depicted in the image is a historical minaret or fortification. 

The image shows a tall, narrow tower with a pointed top and a balcony, which are characteristic features of a minaret or fortification. The design and architectural elements, such as the battlements and the overall shape, are consistent with historical structures found in the Arab world.

The other two statements are plausible-sounding hallucinations and are therefore false. The structure is not a modern skyscraper, as it lacks the height and modern design elements typically associated with skyscrapers. Additionally, it is not a lighthouse, as lighthouses are typically cylindrical and have a lantern room at the top, which is not present in this structure.

Answer: 2",false
274ce81b15c1748da00a56ff68068135e66f521eda4df71db2b876396ae2dc94,1,,true
274ce81b15c1748da00a56ff68068135e66f521eda4df71db2b876396ae2dc94,2,,false
d76285f3c1ed4022b169ed928d1fb2b2aa55c78c086e5941836b217b1590e589,0,"The statue in the image appears to be made of a material that looks like bronze, given its dark, reddish-brown color and the patina that is typical of bronze artifacts. The surface has a greenish patina, which is characteristic of bronze that has oxidized over time.

Statement 1: The ancient statue is made of bronze. True or False?
- The statue appears to be made of bronze, as indicated by its color and patina.

Statement 2: The ancient statue is made of marble. True or False?
- The statue does not appear to be made of marble, as marble typically has a more uniform, white or gray color and does not exhibit the reddish-brown patina seen here.

Statement 3: The ancient statue is made of wood. True or False?
- The statue does not appear to be made of wood, as wood would not have the reddish-brown patina and would likely show more organic textures and colors.

Answer: 1",true
d76285f3c1ed4022b169ed928d1fb2b2aa55c78c086e5941836b217b1590e589,1,,false
d76285f3c1ed4022b169ed928d1fb2b2aa55c78c086e5941836b217b1590e589,2,,false
fd5aced68ebf575fa1eba6542764fcfaf2bf59488d0d438c7ef740a5a810fa66,0,"The image depicts a scene with various structures, including what appear to be traditional huts and makeshift shelters. There are no modern apartment buildings visible in the image. The ground is littered with debris, and the overall setting suggests a rural or impoverished area.

1. Statement 1: Tent shelters are predominantly visible in the image.
   - This statement is not entirely accurate as the image shows traditional huts and makeshift shelters, not predominantly tent shelters.

2. Statement 2: Modern apartment buildings are predominantly visible in the image.
   - This statement is false because there are no modern apartment buildings visible in the image.

3. Statement 3: Traditional huts are predominantly visible in the image.
   - This statement is true as the image shows several traditional huts and makeshift shelters.

Answer: 3",false
fd5aced68ebf575fa1eba6542764fcfaf2bf59488d0d438c7ef740a5a810fa66,1,,false
fd5aced68ebf575fa1eba6542764fcfaf2bf59488d0d438c7ef740a5a810fa66,2,,true
59abf574ec92cadecdbfb126c36763759a06e75d9c8a72bda5080d2bee98d126,0,"The image depicts a group of individuals dressed in traditional attire, including turbans and flowing garments. The presence of musical instruments and the dynamic poses suggest a performance rather than a military parade. The attire and the setting do not align with a military parade, making Statement 1 False.

The attire and the act of whirling are characteristic of a Sufi whirling ceremony, where participants spin in a circle while playing music and chanting. This aligns with the visual elements in the image, making Statement 2 True.

The attire and the setting do not suggest a traditional wedding dance, making Statement 3 False.

Answer: 2",false
59abf574ec92cadecdbfb126c36763759a06e75d9c8a72bda5080d2bee98d126,1,,true
59abf574ec92cadecdbfb126c36763759a06e75d9c8a72bda5080d2bee98d126,2,,false
e409e79d6f7a916177ddbb3392c84e50e814a36912bc0e907758be43263fce1d,0,"Statement 1: The purple pot has a design resembling a household object. True or False?

Reasoning: The purple pot has a design that resembles a household object, specifically a stack of two cylindrical objects, which could be interpreted as a household item.

Statement 2: The green pot has a design resembling a household object. True or False?

Reasoning: The green pot does not have a design that resembles a household object. It appears to be a plain, cylindrical pot.

Statement 3: The white pot has a design resembling a household object. True or False?

Reasoning: The white pot does not have a design that resembles a household object. It appears to be a plain, cylindrical pot.

Answer: 1",true
e409e79d6f7a916177ddbb3392c84e50e814a36912bc0e907758be43263fce1d,1,,false
e409e79d6f7a916177ddbb3392c84e50e814a36912bc0e907758be43263fce1d,2,,false
8b68eac5b2fc888e20f3e37588a4d7be5016805de0c84a1c5b34e70c41b752ee,0,"The image shows a festive scene with decorations such as lights, a large ornament, and a Ferris wheel, which are typical of a holiday festival. There are no business conference or sports event elements visible.

Answer: 2",false
8b68eac5b2fc888e20f3e37588a4d7be5016805de0c84a1c5b34e70c41b752ee,1,,true
8b68eac5b2fc888e20f3e37588a4d7be5016805de0c84a1c5b34e70c41b752ee,2,,false
299318da3baaf4c5b12d108fc5f21635c1db075a227042aaae53dca5a0173128,0,"The image shows a large gathering of people around a mosque, which is a common setting for religious ceremonies. The presence of a dome and the attire of the people, which includes traditional Islamic clothing, supports this interpretation.

Statement 1: The event depicted in the image is a political rally in a city.
- This statement is not grounded in the image. The setting and attire suggest a religious gathering rather than a political rally.

Statement 2: The event depicted in the image is a religious ceremony near a mosque.
- This statement is grounded in the image. The presence of a mosque and the crowd's attire indicate a religious ceremony.

Statement 3: The event depicted in the image is a music festival in a park.
- This statement is not grounded in the image. The setting and context suggest a religious gathering rather than a music festival.

Answer: 2",false
299318da3baaf4c5b12d108fc5f21635c1db075a227042aaae53dca5a0173128,1,,true
299318da3baaf4c5b12d108fc5f21635c1db075a227042aaae53dca5a0173128,2,,false
5c7ab4ab377c60ef8fadb34d212098f9ce730f10ae01b6f4ae11a6a4ccd47eb8,0,"The artifact in the image appears to be primarily made of gold, as evidenced by its golden color and the intricate gold detailing on the base and the central figure. The other two statements, which suggest that the artifact is primarily made of wood or silver, are not supported by the visual evidence in the image.

Answer: 1",true
5c7ab4ab377c60ef8fadb34d212098f9ce730f10ae01b6f4ae11a6a4ccd47eb8,1,,false
5c7ab4ab377c60ef8fadb34d212098f9ce730f10ae01b6f4ae11a6a4ccd47eb8,2,,false
44aa94694c6dee820cddd87766c92fb7b509c42064871fea2fb885f59a979dc8,0,"1. Warner Bros is mentioned on the labels of the film reels in the image. True/False?
   - The labels on the film reels do not mention Warner Bros. This statement is False.

2. Universal Pictures is mentioned on the labels of the film reels in the image. True/False?
   - The labels on the film reels do not mention Universal Pictures. This statement is False.

3. Paramount Oxford Films is mentioned on the labels of the film reels in the image. True/False?
   - The labels on the film reels clearly mention ""Paramount Oxford Films."" This statement is True.

Answer: 3",false
44aa94694c6dee820cddd87766c92fb7b509c42064871fea2fb885f59a979dc8,1,,false
44aa94694c6dee820cddd87766c92fb7b509c42064871fea2fb885f59a979dc8,2,,true
0465396f13330c509dd7b8bea6ba23ae51b3350bb409e3fc06484c80bfa38ddf,0,"The people in the image are wearing traditional clothing. True or False?

The people in the image are wearing traditional clothing. They are holding flags and wearing garments that are characteristic of traditional attire, such as the headscarves and the specific styles of clothing.

The people in the image are wearing formal business attire. True or False?

The people in the image are not wearing formal business attire. They are wearing traditional clothing and casual clothing, not formal business attire.

The people in the image are wearing casual clothing. True or False?

The people in the image are not wearing casual clothing. They are wearing traditional clothing and formal business attire, not casual clothing.

Answer: 1",true
0465396f13330c509dd7b8bea6ba23ae51b3350bb409e3fc06484c80bfa38ddf,1,,false
0465396f13330c509dd7b8bea6ba23ae51b3350bb409e3fc06484c80bfa38ddf,2,,false
f2c8265a06afd99374ef169e7f5486a439ace5ba812b871b2b5fb666343afed0,0,"The soap bars shown in the image are likely intended for personal hygiene.

Reasoning:
1. The image shows soap bars with Arabic text, which is commonly used for personal hygiene products in many cultures.
2. The texture and appearance of the soap suggest it is designed for cleaning and personal use, not for cooking or decorative purposes.

Answer: 3",false
f2c8265a06afd99374ef169e7f5486a439ace5ba812b871b2b5fb666343afed0,1,,false
f2c8265a06afd99374ef169e7f5486a439ace5ba812b871b2b5fb666343afed0,2,,true
c6f3d6b43f545109a9b4afd16a519a4b7bcfe3da07669fd8913dcc6f5a37dc2f,0,"The image shows a scene with significant destruction and debris, including a large hole in the ground and scattered rubble. The presence of individuals in casual clothing and the overall desolate environment suggest a setting that is not typical of a recreational park or a construction site. Instead, the image strongly resembles an area that has been affected by conflict or war, characterized by the destruction and the makeshift nature of the surroundings.

Statement 1: The image is likely set in a recreational park. False.
Statement 2: The image is likely set in a construction site. False.
Statement 3: The image is likely set in a war-affected area. True.

Answer: 3",false
c6f3d6b43f545109a9b4afd16a519a4b7bcfe3da07669fd8913dcc6f5a37dc2f,1,,false
c6f3d6b43f545109a9b4afd16a519a4b7bcfe3da07669fd8913dcc6f5a37dc2f,2,,true
5d8d448de9ba55be2a0343ddbd72e50ab7598a228170e85e96af4b6f055e309e,0,"The image shows two people standing near a window, dressed in white robes, which are commonly associated with hotel bathrobes. The room appears to be a hotel room, given the presence of a table, chairs, and a sofa, which are typical furnishings in a hotel room. There is no evidence of cooking or preparing for a formal event, and no beverage or relaxation setup is visible.

Answer: 2",false
5d8d448de9ba55be2a0343ddbd72e50ab7598a228170e85e96af4b6f055e309e,1,,true
5d8d448de9ba55be2a0343ddbd72e50ab7598a228170e85e96af4b6f055e309e,2,,false
f1febbc3342d1e75730effa090ad15f07a831e23903347b46ad357376885c5af,0,"The image depicts a courtyard with arches and columns, which is a common architectural feature in many traditional Arab buildings. The presence of benches and tables suggests that the space is designed for social gatherings and relaxation. There are no visible signs of a marketplace or religious rituals, making the other two statements less likely to be true.

Answer: 3",false
f1febbc3342d1e75730effa090ad15f07a831e23903347b46ad357376885c5af,1,,false
f1febbc3342d1e75730effa090ad15f07a831e23903347b46ad357376885c5af,2,,true
88e6ab4466b163edc28f32f6041caeab81fd11eb6c942204fdaa0fd3b8faf518,0,"The garnish visible on the meat in the image is parsley.

Answer: 3",false
88e6ab4466b163edc28f32f6041caeab81fd11eb6c942204fdaa0fd3b8faf518,1,,false
88e6ab4466b163edc28f32f6041caeab81fd11eb6c942204fdaa0fd3b8faf518,2,,true
7534655fa310f33caf1fec5fac55e2d6212dc97c95403143b3b7d759e2696f5c,0,"The knife in the image has a design and shape that is commonly associated with Japanese knives used for cutting sushi or sashimi. The blade is sharp and thin, which is ideal for slicing delicate foods like sushi and sashimi. The handle is ergonomically designed for precision cutting, which is typical for knives used in Japanese cuisine.

Statement 1: The primary purpose of the knife shown in the image is cutting sushi or sashimi. True.

Statement 2: The primary purpose of the knife shown in the image is carving wood. False. The knife's design is not suitable for carving wood.

Statement 3: The primary purpose of the knife shown in the image is peeling fruits. False. The knife's design is not suitable for peeling fruits.

Answer: 1",true
7534655fa310f33caf1fec5fac55e2d6212dc97c95403143b3b7d759e2696f5c,1,,false
7534655fa310f33caf1fec5fac55e2d6212dc97c95403143b3b7d759e2696f5c,2,,false
7e26097b385f2f17d8145e92c38cf7396b0925aa0df363eafb87856217faabf1,0,"The image shows a tiered serving tray with various food items such as pastries, sandwiches, and fruits, as well as a teapot and a cup of tea. 

1. **Statement 1: The main purpose of the tiered serving tray is to store food for later use.**
   - This statement is not grounded in the image. The tray is not primarily used for storing food for later use but rather for serving and displaying food items.

2. **Statement 2: The main purpose of the tiered serving tray is to organize and display a variety of food items.**
   - This statement is grounded in the image. The tray is used to organize and display a variety of food items such as pastries, sandwiches, and fruits.

3. **Statement 3: The main purpose of the tiered serving tray is to serve drinks like tea and coffee.**
   - This statement is not grounded in the image. While the tray does include a teapot and a cup of tea, it is not primarily used for serving drinks but rather for serving food.

Answer: 2",false
7e26097b385f2f17d8145e92c38cf7396b0925aa0df363eafb87856217faabf1,1,,true
7e26097b385f2f17d8145e92c38cf7396b0925aa0df363eafb87856217faabf1,2,,false
99f5956ed157c88bbf27967fdfc67c62db84115a3e9cd7c40541f73808ae7ea9,0,"The image shows a plate of pastries that resemble baklava, which is a sweet pastry made with layers of dough. This supports Statement 1 as true.

Statement 2 claims that baklava is a savory dish made with meat, which is incorrect. Baklava is traditionally a sweet pastry made with layers of phyllo dough, nuts, and honey syrup.

Statement 3 claims that baklava is a beverage served cold, which is also incorrect. Baklava is a dessert pastry, not a beverage.

Therefore, the grounded statement is Statement 1.

Answer: 1",true
99f5956ed157c88bbf27967fdfc67c62db84115a3e9cd7c40541f73808ae7ea9,1,,false
99f5956ed157c88bbf27967fdfc67c62db84115a3e9cd7c40541f73808ae7ea9,2,,false
7be81522c0fd20352dede1739fccc3f0038195701e040e02a489a51f79696a7a,0,"The image depicts an ancient temple prominently visible in the foreground. The other two statements are not supported by the image.

Answer: 2",false
7be81522c0fd20352dede1739fccc3f0038195701e040e02a489a51f79696a7a,1,,true
7be81522c0fd20352dede1739fccc3f0038195701e040e02a489a51f79696a7a,2,,false
ecb9ccd3bb7c6f5b9b1db6b64215266ce53454994fc0eeee58eb38b0544814ce,0,"The image shows two individuals standing in front of a wall with artworks. One person is pointing at a painting, and the other is looking at it attentively. This setting is typical of an art gallery where guided discussions or casual conversations about art might take place.

Statement 1: The interaction captured in the image is likely a business meeting unrelated to art.
- This statement is unlikely to be true because the setting appears to be an art gallery, and the individuals are interacting with artworks.

Statement 2: The interaction captured in the image is likely a guided discussion in an art gallery.
- This statement is plausible because the individuals are pointing and looking at the artworks, which is consistent with a guided discussion in an art gallery.

Statement 3: The interaction captured in the image is likely a casual conversation about art.
- This statement is also plausible because the individuals seem to be engaged in a conversation about the artworks, which is consistent with a casual conversation about art.

Answer: 2",false
ecb9ccd3bb7c6f5b9b1db6b64215266ce53454994fc0eeee58eb38b0544814ce,1,,true
ecb9ccd3bb7c6f5b9b1db6b64215266ce53454994fc0eeee58eb38b0544814ce,2,,false
0f29a91e74f160a1bac71a5110edf53f0632fe375267c1309cc8685c4b89d190,0,"The backdrop of this live music performance is a colorful abstract design.

Answer: 3",false
0f29a91e74f160a1bac71a5110edf53f0632fe375267c1309cc8685c4b89d190,1,,false
0f29a91e74f160a1bac71a5110edf53f0632fe375267c1309cc8685c4b89d190,2,,true
30fbfeabbf4b626fa01df4865c81318371d7314cc7ac88e6b923840609842b20,0,"1. One of the women is holding a walking stick and a yellow fruit in the image.
2. One of the women is holding a handbag and sunglasses in the image.
3. One of the women is holding a book and a pen in the image.

Upon examining the image, it is clear that the first statement is accurate. One of the women is indeed holding a walking stick and a yellow fruit. The other two statements are not supported by the image.

Answer: 1",true
30fbfeabbf4b626fa01df4865c81318371d7314cc7ac88e6b923840609842b20,1,,false
30fbfeabbf4b626fa01df4865c81318371d7314cc7ac88e6b923840609842b20,2,,false
bb121876b7c492e69fb6cd30ceb8c541c6f472dfefbf0c19fd66021acb249c75,0,"The image shows an inflatable raft, which is typically used for activities such as rafting in rivers. 

Statement 1: Inflatable rafts are most commonly associated with rafting in rivers. True
This statement is grounded in the image, as the object depicted is an inflatable raft, commonly used for rafting in rivers.

Statement 2: Inflatable rafts are most commonly associated with camping in forests. False
This statement is a plausible-sounding hallucination. While inflatable rafts can be used in various outdoor activities, they are not primarily associated with camping in forests.

Statement 3: Inflatable rafts are most commonly associated with cycling on trails. False
This statement is a plausible-sounding hallucination. Inflatable rafts are not typically associated with cycling on trails.

Answer: 1",true
bb121876b7c492e69fb6cd30ceb8c541c6f472dfefbf0c19fd66021acb249c75,1,,false
bb121876b7c492e69fb6cd30ceb8c541c6f472dfefbf0c19fd66021acb249c75,2,,false
6b1dfe10acffbe3859c8a7df921192b6e28fd5a338a9075037ec901693dbd442,0,"The attire in the image is elaborate and ornate, featuring a tiara, earrings, and a dress adorned with numerous jewels. This type of attire is typically associated with formal and ceremonial events rather than casual gatherings or sports competitions.

1. The attire is not casual; it is highly ornate and formal, which makes Statement 1 False.
2. The attire is consistent with what might be worn in a cultural pageant or ceremony, making Statement 2 True.
3. The attire is not typical for a sports competition, making Statement 3 False.

Answer: 2",false
6b1dfe10acffbe3859c8a7df921192b6e28fd5a338a9075037ec901693dbd442,1,,true
6b1dfe10acffbe3859c8a7df921192b6e28fd5a338a9075037ec901693dbd442,2,,false
771cb41f03463edbad116e5210de0f877e6b003254d860013e1b74e764923176,0,"1. Star anise is prominently visible in the image.
2. Turmeric is prominently visible in the image.
3. Nutmeg is prominently visible in the image.

Reasoning:
- The image shows star anise prominently in the top left corner.
- Turmeric is not visible in the image.
- Nutmeg is not prominently visible in the image.

Answer: 1",true
771cb41f03463edbad116e5210de0f877e6b003254d860013e1b74e764923176,1,,false
771cb41f03463edbad116e5210de0f877e6b003254d860013e1b74e764923176,2,,false
cce67cb8e44284ec2c87ba45243dfd7edac0c5af37b3daf5d55245db75b04855,0,"The image shows two men sitting inside an aircraft, with a view of a cityscape and fields visible through the open window. 

- Statement 1: A dense forest is visible through the open window of the aircraft.
  - This statement is False. The image shows a cityscape and fields, not a dense forest.

- Statement 2: A mountain covered in snow is visible through the open window of the aircraft.
  - This statement is False. The image shows a cityscape and fields, not a mountain covered in snow.

- Statement 3: A cityscape with buildings and fields is visible through the open window of the aircraft.
  - This statement is True. The image clearly shows a cityscape with buildings and fields visible through the open window.

Answer: 3",false
cce67cb8e44284ec2c87ba45243dfd7edac0c5af37b3daf5d55245db75b04855,1,,false
cce67cb8e44284ec2c87ba45243dfd7edac0c5af37b3daf5d55245db75b04855,2,,true
ed96ad0245b6e371b6dacaad038462ab6872e9fdb448245bd72bc23334eff389,0,"The image shows a sword with a golden guard on the hilt. 

1. The purpose of the golden guard on the sword's hilt is to protect the user's hand.
   - The golden guard is positioned in a way that it would cover the hand when gripping the sword, suggesting its purpose is to protect the user's hand.

2. The purpose of the golden guard on the sword's hilt is to add decorative appeal.
   - The golden guard is indeed decorative, but it also serves a functional purpose, which is to protect the hand.

3. The purpose of the golden guard on the sword's hilt is to enhance the sword's grip.
   - The golden guard does not appear to be designed to enhance grip, as it is positioned to cover the hand rather than provide additional friction.

Based on the analysis, the grounded statement is Statement 1.

Answer: 1",true
ed96ad0245b6e371b6dacaad038462ab6872e9fdb448245bd72bc23334eff389,1,,false
ed96ad0245b6e371b6dacaad038462ab6872e9fdb448245bd72bc23334eff389,2,,false
387ffb27766cf5f78df00db2bc351eb83fb87d630f856d49f5f5b369a4951d9d,0,"The image shows a dish with a thick, reddish-orange sauce. The sauce appears to be a type of stew or curry, which is common in many cuisines from the Arab world.

1. **Statement 1: The likely base ingredient of the sauce shown in the image is spinach.**
   - Spinach is a green leafy vegetable and would not give a reddish-orange color to the sauce. This statement is False.

2. **Statement 2: The likely base ingredient of the sauce shown in the image is potatoes.**
   - Potatoes are starchy and would not typically result in a reddish-orange sauce. This statement is False.

3. **Statement 3: The likely base ingredient of the sauce shown in the image is tomatoes.**
   - Tomatoes are a common base ingredient for many sauces and stews, especially those with a reddish-orange hue. This statement is True.

Answer: 3",false
387ffb27766cf5f78df00db2bc351eb83fb87d630f856d49f5f5b369a4951d9d,1,,false
387ffb27766cf5f78df00db2bc351eb83fb87d630f856d49f5f5b369a4951d9d,2,,true
1e375fdab80f3aff0bf1dc6823e8673e20a8f1fc2f13de4a07a73e4c0cdd6123,0,"The image shows a mosque with a red carpeted floor. The carpet is laid out in a specific pattern, which is typical in many mosques to indicate the walking paths for worshippers. This is a common practice in Islamic architecture to guide the flow of movement within the mosque.

Statement 1: The primary purpose of the red carpeted flooring in the mosque is to indicate walking paths within the mosque.
- This statement is grounded in the image. The red carpeted flooring is laid out in a way that clearly indicates the paths for walking, which is a common practice in mosques.

Statement 2: The primary purpose of the red carpeted flooring in the mosque is to enhance the aesthetic appeal.
- This statement is plausible but not directly supported by the image. While the carpet does enhance the aesthetic appeal, the primary purpose, as indicated by the layout, is to guide the walking paths.

Statement 3: The primary purpose of the red carpeted flooring in the mosque is to provide a comfortable area for prayer.
- This statement is not directly supported by the image. The carpet does provide a comfortable surface for prayer, but the primary purpose, as indicated by the layout, is to guide the walking paths.

Answer: 1",true
1e375fdab80f3aff0bf1dc6823e8673e20a8f1fc2f13de4a07a73e4c0cdd6123,1,,false
1e375fdab80f3aff0bf1dc6823e8673e20a8f1fc2f13de4a07a73e4c0cdd6123,2,,false
650b79bc852d15a8ed261efee1f069e8e62d2ebbf238ff5441fd1b6a8c37f0d7,0,"The image depicts a group of people gathered in what appears to be a church or religious building, given the presence of religious icons and a chandelier. The people are dressed casually and are posing for a group photo, which suggests a gathering rather than a concert or religious ceremony.

Statement 1: A public concert is likely taking place in this image.
- This statement is False. There is no evidence of musical instruments, stage setup, or any indication of a concert taking place.

Statement 2: A casual family gathering is likely taking place in this image.
- This statement is True. The people are dressed casually and are posing for a group photo, which is typical of a family gathering.

Statement 3: A religious ceremony is likely taking place in this image.
- This statement is False. There is no indication of a religious ceremony, such as liturgical vestments, altar setup, or an officiant.

Answer: 2",false
650b79bc852d15a8ed261efee1f069e8e62d2ebbf238ff5441fd1b6a8c37f0d7,1,,true
650b79bc852d15a8ed261efee1f069e8e62d2ebbf238ff5441fd1b6a8c37f0d7,2,,false
5db6cad7921e474ccd99d4e323448661e14f4a0074a5d6e2454b5dec8dffb148,0,"The image depicts an interior space with stained glass windows, intricate wall designs, and a modern lighting fixture. 

1. Modern lighting fixtures are most commonly associated with historic religious or ceremonial buildings.
   - This statement is False. Modern lighting fixtures are not commonly associated with historic religious or ceremonial buildings. These buildings typically feature traditional lighting fixtures or natural light sources.

2. Minimalist wall designs are most commonly associated with historic religious or ceremonial buildings.
   - This statement is False. Historic religious or ceremonial buildings often feature elaborate and ornate wall designs, not minimalist ones.

3. Stained glass windows are most commonly associated with historic religious or ceremonial buildings.
   - This statement is True. Stained glass windows are a common feature in many historic religious and ceremonial buildings, often used to create colorful and symbolic imagery.

Answer: 3",false
5db6cad7921e474ccd99d4e323448661e14f4a0074a5d6e2454b5dec8dffb148,1,,false
5db6cad7921e474ccd99d4e323448661e14f4a0074a5d6e2454b5dec8dffb148,2,,true
079b44aa003d91a4750bf588997c349f4559e447d685e228828466c13b1c83c4,0,"The image shows an MSI PRO B650-P WIFI motherboard. Let's analyze each statement:

1. **Statement 1: The PCIe slots on the MSI PRO B650-P WIFI motherboard are used to connect a graphics card.**
   - True. The image clearly shows multiple PCIe slots, which are typically used to connect a graphics card.

2. **Statement 2: The RAM slots on the MSI PRO B650-P WIFI motherboard are used to connect a graphics card.**
   - False. RAM slots are used to connect RAM modules, not graphics cards. The image shows RAM slots on the motherboard, but they are not used for graphics cards.

3. **Statement 3: The CPU socket on the MSI PRO B650-P WIFI motherboard is used to connect a graphics card.**
   - False. The CPU socket is used to connect the CPU, not a graphics card. The image shows the CPU socket, but it is not used for graphics cards.

Answer: 1",true
079b44aa003d91a4750bf588997c349f4559e447d685e228828466c13b1c83c4,1,,false
079b44aa003d91a4750bf588997c349f4559e447d685e228828466c13b1c83c4,2,,false
a465fc107292268f87998a24099cebc69a7cc72fbb81e1cf929de8224cddf84f,0,"The terrain visible in the image is a dense forest with a winding river. True or False?

The image shows a dense forest with a winding river cutting through it. The presence of trees and the river clearly indicates that this is not a snow-covered mountain range or a desert with sand dunes.

Answer: 2",false
a465fc107292268f87998a24099cebc69a7cc72fbb81e1cf929de8224cddf84f,1,,true
a465fc107292268f87998a24099cebc69a7cc72fbb81e1cf929de8224cddf84f,2,,false
ba6e1b34f5ebced19b14226f24707fdae20495a7ec7578703a22a730c3c06129,0,"The primary artistic feature of the vase shown in the image is not geometric patterns, floral designs, or Arabic calligraphy. Instead, the vase features abstract, swirling patterns in various colors, which do not fit the categories of geometric patterns, floral designs, or Arabic calligraphy.

Answer: 1",true
ba6e1b34f5ebced19b14226f24707fdae20495a7ec7578703a22a730c3c06129,1,,false
ba6e1b34f5ebced19b14226f24707fdae20495a7ec7578703a22a730c3c06129,2,,false
80f7b29ccb95ea3f418f4ed2dcfe0a3ba1b92e5c6476e10a35ed7abe37198b4c,0,"The planks seen in the image are primarily made of wood. The planks have a natural, weathered appearance typical of wooden structures, and the texture and coloration are consistent with wood rather than metal or concrete.

Answer: 2",false
80f7b29ccb95ea3f418f4ed2dcfe0a3ba1b92e5c6476e10a35ed7abe37198b4c,1,,true
80f7b29ccb95ea3f418f4ed2dcfe0a3ba1b92e5c6476e10a35ed7abe37198b4c,2,,false
238af5eb02ce94bed135d5f86a2b558e3a3321ff167b92266d4b73980963abd1,0,"The image shows a building with a tall, narrow tower-like structure, which is characteristic of a minaret. This is a common feature in mosques, especially in the Arab world. The presence of this minaret is the primary architectural feature that identifies the building as a mosque.

The stained glass windows and dome are not visible in the image. Therefore, these features cannot be used to identify the building as a mosque.

Answer: 2",false
238af5eb02ce94bed135d5f86a2b558e3a3321ff167b92266d4b73980963abd1,1,,true
238af5eb02ce94bed135d5f86a2b558e3a3321ff167b92266d4b73980963abd1,2,,false
a064afe4d91592794db98b42ea0d3da7196e9cd851120cc597237a3f0a9ec64e,0,"The person in the foreground is wearing a suit and tie.

Answer: 2",false
a064afe4d91592794db98b42ea0d3da7196e9cd851120cc597237a3f0a9ec64e,1,,true
a064afe4d91592794db98b42ea0d3da7196e9cd851120cc597237a3f0a9ec64e,2,,false
3d6ea02d0bf9c2208be26755ed7f4335f2005818b56c86b9b3c657a129656177,0,"The perfume bottle in the image appears to be made of glass, as indicated by its transparent and reflective surface. The bottle has a clear, smooth texture that is characteristic of glass. Additionally, the cap and the spray nozzle are also made of glass, which is consistent with the overall design of the bottle.

Statement 1: The primary material used for the perfume bottle is plastic. This statement is False because the bottle appears to be made of glass, not plastic.

Statement 2: The primary material used for the perfume bottle is metal. This statement is False because the bottle does not have the metallic appearance or texture that would indicate it is made of metal.

Statement 3: The primary material used for the perfume bottle is glass. This statement is True because the bottle and its components have the characteristics of glass.

Answer: 3",false
3d6ea02d0bf9c2208be26755ed7f4335f2005818b56c86b9b3c657a129656177,1,,false
3d6ea02d0bf9c2208be26755ed7f4335f2005818b56c86b9b3c657a129656177,2,,true
3eda30fdbe11ba0909a858b6b04adfefad8a2adec44b7eae7351880aa8a213e2,0,"The image shows a variety of ceramic dishes and plates with intricate designs. The patterns and colors are characteristic of traditional Middle Eastern ceramics, which often feature geometric and floral motifs in vibrant colors like blue, red, and yellow.

1. **Statement 1: These ceramic designs are most likely associated with Scandinavia.**
   - **Reasoning:** Scandinavian ceramics typically feature simpler, more minimalist designs with a focus on functionality. The designs in the image are more elaborate and colorful, which is not typical of Scandinavian ceramics.
   - **Conclusion:** False

2. **Statement 2: These ceramic designs are most likely associated with South America.**
   - **Reasoning:** South American ceramics often have distinct indigenous designs and motifs, which are not represented in the image. The designs in the image are more consistent with Middle Eastern patterns.
   - **Conclusion:** False

3. **Statement 3: These ceramic designs are most likely associated with the Middle East.**
   - **Reasoning:** The intricate geometric and floral patterns, along with the vibrant color palette, are characteristic of Middle Eastern ceramics. The designs in the image align closely with this style.
   - **Conclusion ||| False.

The ceramic designs in the image are most likely associated with Turkey, specifically the region of Anatolia, known for its intricate and colorful ceramic art. The patterns and motifs are characteristic of Turkish ceramics, which often feature geometric shapes, floral designs, and vibrant colors. Scandinavian ceramics typically have a different style, often with simpler, more minimalist designs and a focus on functionality. ||| False.

The ceramic designs in the image are most likely associated with Turkey, specifically the traditional Turkish ceramics known for their intricate patterns and vibrant colors. These designs are not typically associated with South America. ||| True

The ceramic designs in the image are most likely associated with the Middle East due to the intricate geometric and floral patterns, which are characteristic of traditional Middle Eastern ceramics. The use of vibrant colors and the specific motifs, such as the star and floral designs, are commonly found in Middle Eastern pottery.",false
3eda30fdbe11ba0909a858b6b04adfefad8a2adec44b7eae7351880aa8a213e2,1,,false
3eda30fdbe11ba0909a858b6b04adfefad8a2adec44b7eae7351880aa8a213e2,2,,true
106824cd08ab3b282400f810cc46cff5cb54cdebc018da59108aead987d75acc,0,"The image shows a coastal scene with a beach, ocean, and a man fishing. The background features buildings and palm trees, which are typical of a coastal cityscape. There is no dense forest or snow-covered mountains visible in the image.

Answer: 2",false
106824cd08ab3b282400f810cc46cff5cb54cdebc018da59108aead987d75acc,1,,true
106824cd08ab3b282400f810cc46cff5cb54cdebc018da59108aead987d75acc,2,,false
45f1d29bde1395fa551654b534247c56f69451cf2840e9742d6cc381328c6966,0,"The image shows a 3D printer labeled 'Element HT' by Mosaic. The printer has a 3D model inside it, indicating that it is used for printing 3D models and components. The other two statements about scanning objects for 3D modeling and laser cutting materials are not supported by the image.

Answer: 3",false
45f1d29bde1395fa551654b534247c56f69451cf2840e9742d6cc381328c6966,1,,false
45f1d29bde1395fa551654b534247c56f69451cf2840e9742d6cc381328c6966,2,,true
bbb54f88a29dfd702fae41149abe7239c45ac0e1d917167991085b92b8a3a30c,0,"The coffee or tea pot in the image appears to have a metallic sheen and a patina that is characteristic of brass. The pot's color and texture are consistent with brass, which is often used for traditional tea and coffee pots in many cultures, including those in the Arab world.

Statement 1: The coffee or tea pot in the image is made of ceramic. False.
Statement 2: The coffee or tea pot in the image is made of brass. True.
Statement 3: The coffee or tea pot in the image is made of plastic. False.

Answer: 2",false
bbb54f88a29dfd702fae41149abe7239c45ac0e1d917167991085b92b8a3a30c,1,,true
bbb54f88a29dfd702fae41149abe7239c45ac0e1d917167991085b92b8a3a30c,2,,false
214422d5123b2a44b808910dc560ba8f1b5458c76e5bb622f8a3ba6f3743d676,0,"The image shows a traditional woven carpet with intricate floral and geometric patterns. This supports Statement 1, making it true.

Statement 2 is false because the image clearly shows a carpet with detailed patterns, not plain solid colors.

Statement 3 is also false because the image depicts a handmade carpet with a varied texture, not a machine-made uniform texture.

Answer: 1",true
214422d5123b2a44b808910dc560ba8f1b5458c76e5bb622f8a3ba6f3743d676,1,,false
214422d5123b2a44b808910dc560ba8f1b5458c76e5bb622f8a3ba6f3743d676,2,,false
c02610de1d09da503098fdcd3090016041914ee14f0a80eb0d0819f77f367484,0,"The image depicts a traditional bathhouse with a central water fountain. The primary function of such a fountain in a bathhouse is typically to facilitate water flow for bathing rituals. This is evident from the context of the image, which shows a bathhouse setting with multiple bathing areas surrounding the central fountain.

Statement 1: The primary function of the central water fountain in this traditional bathhouse is facilitating water flow for bathing rituals. True.

Statement 2: The primary function of the central water fountain in this traditional bathhouse is a cooling system for the room. False. While a water fountain can help cool a room, it is not the primary function in this context.

Statement 3: The primary function of the central water fountain in this traditional bathhouse is decoration and aesthetic appeal. False. The primary function is clearly bathing rituals, not decoration.

Answer: 1",true
c02610de1d09da503098fdcd3090016041914ee14f0a80eb0d0819f77f367484,1,,false
c02610de1d09da503098fdcd3090016041914ee14f0a80eb0d0819f77f367484,2,,false
12a869a7570ab1075d15fbacd4e5d7c3935c0111aaeb3f1b296b94c896db1461,0,"The image shows a variety of pottery items, including plates, bowls, and vases, which are displayed in an outdoor market setting. The pottery has distinct patterns and designs that are commonly associated with North African artistry.

1. **Pottery and tagines are most commonly associated with South America.**
   - This statement is False. The pottery in the image does not have the typical characteristics of South American pottery, which often includes different patterns and designs.

2. **Pottery and tagines are most commonly associated with North Africa.**
   - This statement is True. The pottery in the image has designs and patterns that are typical of North African ceramics, which often feature intricate geometric and floral motifs.

3. **Pottery and tagines are most commonly associated with East Asia.**
   - This statement is False. The pottery in the image does not have the typical characteristics of East Asian pottery, which often includes different patterns and designs.

Answer: 2",false
12a869a7570ab1075d15fbacd4e5d7c3935c0111aaeb3f1b296b94c896db1461,1,,true
12a869a7570ab1075d15fbacd4e5d7c3935c0111aaeb3f1b296b94c896db1461,2,,false
c5ebd6929d038278d0eb47abb519e262a0150207ef87807622a6ceff70fa7473,0,"The image shows a variety of seafood laid out on ice. The ice is used to keep the seafood fresh by maintaining a cold temperature, which is a common practice in seafood markets to prevent spoilage and ensure the quality of the fish.

Statement 1: The purpose of the ice used in this seafood market display is to separate different types of seafood.
- This statement is not supported by the image. The ice is not used to separate different types of seafood; it is used to keep the seafood fresh.

Statement 2: The purpose of the ice used in this seafood market display is to keep the seafood fresh by maintaining a cold temperature.
- This statement is supported by the image. The ice is clearly used to keep the seafood fresh.

Statement 3: The purpose of the ice used in this seafood market display is to enhance the visual appeal of the seafood.
- This statement is not supported by the image. The ice is not used to enhance the visual appeal of the seafood; it is used for preservation purposes.

Answer: 2",false
c5ebd6929d038278d0eb47abb519e262a0150207ef87807622a6ceff70fa7473,1,,true
c5ebd6929d038278d0eb47abb519e262a0150207ef87807622a6ceff70fa7473,2,,false
49bbcd7b5f7f5284b11a8414e2c76f45dcd0ff0a226039465d929d197cb93acc,0,"The image shows a game board with pieces arranged on it, and there is a tray below the board containing additional pieces. This suggests that the tray is used to store additional game pieces.

Statement 1: The tray located below the board in the game setup is used to keep score during the game. False.
Statement 2: The tray located below the board in the game setup is used to hold cards used in the game. False.
Statement 3: The tray located below the board in the game setup is used to store additional game pieces. True.

Answer: 3",false
49bbcd7b5f7f5284b11a8414e2c76f45dcd0ff0a226039465d929d197cb93acc,1,,false
49bbcd7b5f7f5284b11a8414e2c76f45dcd0ff0a226039465d929d197cb93acc,2,,true
33ddac1970af793d54f682990f452180bbf53ea7f746552d3ad44cb40b6371df,0,"The person in the image is harvesting from a tree that has small, round, green fruits. These fruits resemble olives, which are typically harvested from olive trees. The leaves of the tree also appear to be consistent with those of an olive tree. 

Statement 1: The person is harvesting from an apple tree.
- This statement is false because the fruits on the tree do not resemble apples.

Statement 2: The person is harvesting from a pine tree.
- This statement is false because pine trees do not produce small, round, green fruits like the ones shown in the image.

Statement 3: The person is harvesting from an olive tree.
- This statement is true because the fruits and leaves in the image are consistent with those of an olive tree.

Answer: 3",false
33ddac1970af793d54f682990f452180bbf53ea7f746552d3ad44cb40b6371df,1,,false
33ddac1970af793d54f682990f452180bbf53ea7f746552d3ad44cb40b6371df,2,,true
424770d9da193d9b9504b073f82ddace04282d8b214bdbb4d5726a18f8fdafa3,0,"The image shows various colorful cords and ribbons, including some that appear to be made from paper cords coated with lacquer. This supports the idea that mizuhiki knots can be made from paper cords coated with lacquer.

Statement 1: Mizuhiki knots are typically made from metal wires. False.
Statement 2: Mizuhiki knots are typically made from silk threads. False.
Statement 3: Mizuhiki knots are typically made from paper cords coated with lacquer. True.

Answer: 3",false
424770d9da193d9b9504b073f82ddace04282d8b214bdbb4d5726a18f8fdafa3,1,,false
424770d9da193d9b9504b073f82ddace04282d8b214bdbb4d5726a18f8fdafa3,2,,true
3fb2687fe64d445e1c3aa8b10985fd3de0ebc9ae7cdfe72f1028ee6d1a5484b2,0,"1. Banana leaves are used to wrap some of the food items on the table.
2. Plastic wrap is used to wrap some of the food items on the table.
3. Paper is used to wrap some of the food items on the table.

Upon examining the image, we can see that there are green leafy wrappers, which appear to be banana leaves, wrapped around some of the food items on the table. This confirms that banana leaves are indeed used for wrapping some of the food items.

The other two statements are not supported by the image. There is no visible plastic wrap or paper used for wrapping the food items.

Answer: 1",true
3fb2687fe64d445e1c3aa8b10985fd3de0ebc9ae7cdfe72f1028ee6d1a5484b2,1,,false
3fb2687fe64d445e1c3aa8b10985fd3de0ebc9ae7cdfe72f1028ee6d1a5484b2,2,,false
404b766629a3705101c65132bd0abf07c31d98e9fddbf19b592bde126ea7610f,0,"The image shows a scene with whitewashed walls, bougainvillea flowers, and a lantern on the wall. 

1. Whitewashed walls are the most indicative feature of traditional Mediterranean architecture.
   - This statement is grounded in the image. The walls in the image are indeed whitewashed, which is a common feature in traditional Mediterranean architecture.

2. Bougainvillea flowers are the most indicative feature of traditional Mediterranean architecture.
   - This statement is a plausible-sounding hallucination. While bougainvillea flowers are present in the image, they are not the most indicative feature of traditional Mediterranean architecture. The whitewashed walls are more characteristic.

3. Lantern on the wall is the most indicative feature of traditional Mediterranean architecture.
   - This statement is a plausible-sounding hallucination. While the lantern is present in the image, it is not the most indicative feature of traditional Mediterranean architecture. The whitewashed walls are more characteristic.

Answer: 1",true
404b766629a3705101c65132bd0abf07c31d98e9fddbf19b592bde126ea7610f,1,,false
404b766629a3705101c65132bd0abf07c31d98e9fddbf19b592bde126ea7610f,2,,false
3519d655a5dde66db10907b74b75bde5e909f474d9cbca3dbd1a15cb68c76288,0,"The door in the image has a distinct design with a yellow color and black and white stripes, which is characteristic of traditional Moroccan architecture. This style is commonly found in North Africa, particularly in Morocco.

Statement 1: True or False: Doors like the one shown in the image are most likely to be found in Scandinavia.
- This statement is False. The design of the door is not typical of Scandinavian architecture, which often features simpler, more minimalist designs.

Statement 2: True or False: Doors like the one shown in the image are most likely to be found in North Africa.
- This statement is True. The door's design is characteristic of North African architecture, particularly Moroccan.

Statement 3: True or False: Doors like the one shown in the image are most likely to be found in East Asia.
- This statement is False. The design of the door is not typical of East Asian architecture, which often features different styles and materials.

Answer: 2",false
3519d655a5dde66db10907b74b75bde5e909f474d9cbca3dbd1a15cb68c76288,1,,true
3519d655a5dde66db10907b74b75bde5e909f474d9cbca3dbd1a15cb68c76288,2,,false
0fb9a8a97ea2dfcbb0fcce5f4488f2fa8abdf21bb6bc75283e7f97c01b9b66b6,0,"The image shows a seating area with a sofa, armchairs, and a coffee table, which suggests a space designed for relaxation and conversation. There are no elements in the image that indicate the area is intended for formal meetings or dining activities.

Answer: 3",false
0fb9a8a97ea2dfcbb0fcce5f4488f2fa8abdf21bb6bc75283e7f97c01b9b66b6,1,,false
0fb9a8a97ea2dfcbb0fcce5f4488f2fa8abdf21bb6bc75283e7f97c01b9b66b6,2,,true
f7f56b45534156e03fc10cdfe69d7c4b1b2b45c58cb56f68d3d4a284fb7b145f,0,"The image shows a large crowd gathered in front of a stage with large screens displaying the word ""SOLIDAYS"" and a prominent archway with the text ""IN LOVE WE TRUST."" The atmosphere suggests a concert or festival, as indicated by the stage setup, large screens, and the presence of a crowd holding up phones to capture the moment. There are no signs of a political rally or sports competition, such as banners, flags, or a structured seating arrangement typical of such events.

Answer: 1",true
f7f56b45534156e03fc10cdfe69d7c4b1b2b45c58cb56f68d3d4a284fb7b145f,1,,false
f7f56b45534156e03fc10cdfe69d7c4b1b2b45c58cb56f68d3d4a284fb7b145f,2,,false
4fe28cdc58cfbe33a4024c2aee0ba742acea7bcf9e4245b40960e4fd69be7b67,0,"The image depicts a structure that appears to be an ancient or historical cave dwelling. The walls are made of clay and have several openings that resemble doorways or windows. Given this context, let's analyze each statement:

1. **Visitors might engage in swimming in a natural pool at this location.**
   - The image does not show any natural pool or water body. The structure is built into a cliff, and there is no indication of a pool or water source within the visible area. Therefore, this statement is False.

2. **Visitors might engage in exploring historical cave dwellings at this location.**
   - The structure in the image is clearly a cave dwelling, with its clay walls and openings. This makes it a plausible activity for visitors to explore historical cave dwellings. Therefore, this statement is True.

3. **Visitors might engage in rock climbing on steep cliffs at this location.**
   - While the structure is built into a cliff, there is no visible evidence of rock climbing equipment or routes. The image does not show any climbing gear or ropes, and the openings are too small to be used for climbing. Therefore, this statement is False.

Based on the analysis, the grounded statement is:

**Answer: 2**",false
4fe28cdc58cfbe33a4024c2aee0ba742acea7bcf9e4245b40960e4fd69be7b67,1,,true
4fe28cdc58cfbe33a4024c2aee0ba742acea7bcf9e4245b40960e4fd69be7b67,2,,false
1d47b6141d53c78abce499898b664663b1fd3c10e01c05b4ce3b82266b18e642,0,"The shoes in the image are ornate and decorated with intricate designs and embellishments, which are characteristic of traditional dance and ceremonial footwear in many cultures, particularly in the Arab world. These shoes are not designed for modern sports or casual hiking, as they are more decorative and ceremonial in nature.

Answer: 3",false
1d47b6141d53c78abce499898b664663b1fd3c10e01c05b4ce3b82266b18e642,1,,false
1d47b6141d53c78abce499898b664663b1fd3c10e01c05b4ce3b82266b18e642,2,,true
37f7b94248166fea9127c41ac9c7bee8d26a16425aed729411ad19305c6f263f,0,"The slippers in the image have a texture and appearance that resemble leather, which is a common material for such footwear. The sheen and the way the material bends suggest it is not rubber or canvas. 

Statement 1: These slippers are primarily made of rubber. False.
Statement 2: These slippers are primarily made of leather. True.
Statement 3: These slippers are primarily made of canvas. False.

Answer: 2",false
37f7b94248166fea9127c41ac9c7bee8d26a16425aed729411ad19305c6f263f,1,,true
37f7b94248166fea9127c41ac9c7bee8d26a16425aed729411ad19305c6f263f,2,,false
504dbd0d6bf8f6d87738e6ff5a7b6cae458336471b03b9cc86223f2069b75f68,0,"The image shows a garment with a decorative embroidery along the hem. The embroidery appears to be made with small, shiny elements that reflect light, suggesting they are likely made with silver thread or similar reflective material. The embroidery does not have the matte finish or opaque appearance that would be expected if it were made with painted designs or plastic beads.

Answer: 2",false
504dbd0d6bf8f6d87738e6ff5a7b6cae458336471b03b9cc86223f2069b75f68,1,,true
504dbd0d6bf8f6d87738e6ff5a7b6cae458336471b03b9cc86223f2069b75f68,2,,false
0a285737f7f27e70b7c3c81c40ba8fd78ce7384538c258ba1bbc31105d8988db,0,"The pots in the image appear to be made of clay. They have a textured, porous appearance typical of clay pots. The coloration and the way they are stacked also suggest they are made of clay.

The pots do not appear to be made of plastic or metal. Plastic pots typically have a smoother finish and are often more uniform in color, while metal pots usually have a shiny surface and are more reflective.

Therefore, the grounded statement is:

Answer: 1",true
0a285737f7f27e70b7c3c81c40ba8fd78ce7384538c258ba1bbc31105d8988db,1,,false
0a285737f7f27e70b7c3c81c40ba8fd78ce7384538c258ba1bbc31105d8988db,2,,false
eb1718ddcb71fb01c2b5545faa38059882e2bc8e799930b322626add66d70d29,0,"The building shown in the image features arches and columns, which are characteristic of Roman architecture. The style and construction techniques visible in the image align with Roman engineering and architectural practices. Therefore, the most likely answer is:

Answer: 1",true
eb1718ddcb71fb01c2b5545faa38059882e2bc8e799930b322626add66d70d29,1,,false
eb1718ddcb71fb01c2b5545faa38059882e2bc8e799930b322626add66d70d29,2,,false
dbd176fc1e508bb0a295782fdf9c4af8429e1413f576e97b9f926042c563d2de,0,"- The person standing in the image is handing food or an item to another person.
- The person standing in the image is cleaning the table.
- The person standing in the image is decorating the room.

Reasoning:
1. The person standing is holding a plate and appears to be in the process of handing it to someone else, which supports the statement.
2. There is no evidence of cleaning activities such as wiping or scrubbing, which makes this statement false.
3. There is no indication of decorating activities such as arranging or placing decorations, which makes this statement false.

Answer: 1",true
dbd176fc1e508bb0a295782fdf9c4af8429e1413f576e97b9f926042c563d2de,1,,false
dbd176fc1e508bb0a295782fdf9c4af8429e1413f576e97b9f926042c563d2de,2,,false
549d84a492d4e11f192ac9827a50c0efff8bc6cbe5fe5ae9f14041792e4b6b3c,0,"The image shows a house surrounded by lush greenery and a swimming pool. There is no visible wind turbine, rainwater harvesting system, or solar panel roof in the image. Therefore, the only statement that is grounded in the image is:

Answer: 2",false
549d84a492d4e11f192ac9827a50c0efff8bc6cbe5fe5ae9f14041792e4b6b3c,1,,true
549d84a492d4e11f192ac9827a50c0efff8bc6cbe5fe5ae9f14041792e4b6b3c,2,,false
5b85575b7b8c38fe4eee44bf3e0c0d5664f7127abb6052507d21cc45f47f7bfc,0,"The plaque in the image clearly states, ""Presented to Plaque to Reality For passing 100 followers."" This indicates that the plaque is meant to recognize surpassing 100 followers on Twitch. 

The other two statements are not supported by the information provided in the image. There is no mention of a gaming tournament victory or the launch of a new Twitch channel.

Answer: 1",true
5b85575b7b8c38fe4eee44bf3e0c0d5664f7127abb6052507d21cc45f47f7bfc,1,,false
5b85575b7b8c38fe4eee44bf3e0c0d5664f7127abb6052507d21cc45f47f7bfc,2,,false
1f62f1c5f5c9a4053ae7bb3862f74f12c0edb04d8b280b51fd3e74ba73c64c1a,0,"The image shows a sailboat with bamboo poles prominently displayed. These poles are not merely decorative; they are part of the fishing equipment used in the region. The bamboo poles are likely used as gaffs, which are traditional fishing tools used to spear fish. Given the context of the image and the traditional fishing methods in the Arab world, it is clear that these bamboo poles serve a functional purpose related to fishing.

Statement 1: The primary purpose of the bamboo poles seen on the sailboat in the image is for decoration. False.
Statement 2: The primary purpose of the bamboo poles seen on the sailboat in the image is as fishing equipment. True.
Statement 3: The primary purpose of the bamboo poles seen on the sailboat in the image is as building material. False.

Answer: 2",false
1f62f1c5f5c9a4053ae7bb3862f74f12c0edb04d8b280b51fd3e74ba73c64c1a,1,,true
1f62f1c5f5c9a4053ae7bb3862f74f12c0edb04d8b280b51fd3e74ba73c64c1a,2,,false
35a297a52f9c13232cf6907d7e69a315d8a2c7a8d6c317e1e1d565e66ee91f98,0,"The image depicts a rugged, mountainous landscape with a winding road. This type of terrain is typically associated with hiking and trekking, as it provides challenging and scenic trails for outdoor enthusiasts. The absence of urban structures or beach elements further supports this association.

Statement 1: This landscape is most likely associated with hiking and trekking. True
Statement 2: This landscape is most likely associated with urban sightseeing. False
Statement 3: This landscape is most likely associated with beach volleyball. False

Answer: 1",true
35a297a52f9c13232cf6907d7e69a315d8a2c7a8d6c317e1e1d565e66ee91f98,1,,false
35a297a52f9c13232cf6907d7e69a315d8a2c7a8d6c317e1e1d565e66ee91f98,2,,false
e93c50ae85dec9791199529623c2664847037791438ed02292a4d3e0e8ba2197,0,"The kitchen's design includes a large marble island.

Statement 1: The kitchen's design includes bright neon lighting.
- The image shows modern lighting fixtures, but they are not bright neon lighting. This statement is False.

Statement 2: The kitchen's design includes a traditional wood-burning stove.
- The image shows a sleek, modern kitchen with no traditional wood-burning stove. This statement is False.

Statement 3: The kitchen's design includes a large marble island.
- The image clearly shows a large marble island in the center of the kitchen. This statement is True.

Answer: 3",false
e93c50ae85dec9791199529623c2664847037791438ed02292a4d3e0e8ba2197,1,,false
e93c50ae85dec9791199529623c2664847037791438ed02292a4d3e0e8ba2197,2,,true
5e0b25eba9adfbe4ba5f4a86fbb24cbbb03a2433f78f4f912cb992c27be6537c,0,"To determine which statement is grounded in the image, let's analyze each statement step by step:

1. **Statement 1: A stonemason would have been most essential for constructing a structure like the one shown in the image.**
   - The structure in the image appears to be made of stone, which would require the skills of a stonemason to cut, shape, and fit the stones together. This statement is plausible and grounded in the image.

2. **Statement 2: A fisherman would have been most essential for constructing a structure like the one shown in the image.**
   - Fishing is an activity related to water bodies and catching fish. It does not involve the construction of stone structures. This statement is not grounded in the image.

3. **Statement 3: A tailor would have been most essential for constructing a structure like the one shown in the image.**
   - Tailoring involves sewing and making clothes. It does not involve the construction of stone structures. This statement is not grounded in the image.

Based on the analysis, the statement that is grounded in the image is Statement 1.

**Answer: 1**",true
5e0b25eba9adfbe4ba5f4a86fbb24cbbb03a2433f78f4f912cb992c27be6537c,1,,false
5e0b25eba9adfbe4ba5f4a86fbb24cbbb03a2433f78f4f912cb992c27be6537c,2,,false
e099270ecc445de55efc5d639f4f4b150bfe53d9dd53b604d431bbc94340a7d3,0,"The door knockers in the image appear to have a dark, metallic finish, suggesting they are likely made of metal. The texture and sheen visible in the image are consistent with metal rather than wood or plastic.

Answer: 3",false
e099270ecc445de55efc5d639f4f4b150bfe53d9dd53b604d431bbc94340a7d3,1,,false
e099270ecc445de55efc5d639f4f4b150bfe53d9dd53b604d431bbc94340a7d3,2,,true
ae6511d92613ad951406a15da4413388c3fef2e5db18da4611559ce6827a202d,0,"The image shows a broken ceramic bowl with intricate designs, displayed in a museum setting. 

1. The likely purpose of displaying a broken ceramic bowl in a museum is to demonstrate the fragility of ancient artifacts.
   - This statement is plausible but not directly supported by the image. The bowl's condition (broken) does suggest fragility, but the primary purpose of display is not explicitly shown to be demonstrating fragility.

2. The likely purpose of displaying a broken ceramic bowl in a museum is to highlight modern ceramic production methods.
   - This statement is not supported by the image. The bowl appears to be ancient, and there is no indication that modern production methods are being highlighted.

3. The likely purpose of displaying a broken ceramic bowl in a museum is to showcase artistic techniques and cultural heritage.
   - This statement is supported by the image. The intricate designs and craftsmanship of the bowl indicate that it is an artifact of cultural significance, likely showcasing artistic techniques and heritage.

Answer: 3",false
ae6511d92613ad951406a15da4413388c3fef2e5db18da4611559ce6827a202d,1,,false
ae6511d92613ad951406a15da4413388c3fef2e5db18da4611559ce6827a202d,2,,true
ed010ca0146ddd1e58700cded2aafa7cffe020262988ed648301b27b4e1aabe7,0,"The image shows a structure with wooden and reed boats in various stages of construction. The boats are not yet completed and are still being assembled. This indicates that the primary purpose of the structure is to construct traditional wooden and reed boats.

Statement 1: The primary purpose of the structure shown in the image is to construct a traditional wooden and reed boat. True.

Statement 2: The primary purpose of the structure shown in the image is to serve as a storage facility. False.

Statement 3: The primary purpose of the structure shown in the image is to display a completed boat. False.

Answer: 1",true
ed010ca0146ddd1e58700cded2aafa7cffe020262988ed648301b27b4e1aabe7,1,,false
ed010ca0146ddd1e58700cded2aafa7cffe020262988ed648301b27b4e1aabe7,2,,false
53de31ab04ca9d558cf3c09eda884d13f680c7adaf145aef3263b906a2c75d6c,0,"The image shows a gym with large windows that provide a view of the ocean. The ocean view is clear and serene, with no signs of a cityscape or dense forest. 

Statement 1: The view from the gym’s windows is a bustling cityscape.
- This statement is false because the view is of the ocean, not a cityscape.

Statement 2: The view from the gym’s windows is a dense forest.
- This statement is false because the view is of the ocean, not a dense forest.

Statement 3: The view from the gym’s windows is a serene ocean view.
- This statement is true because the view is indeed of the ocean.

Answer: 3",false
53de31ab04ca9d558cf3c09eda884d13f680c7adaf145aef3263b906a2c75d6c,1,,false
53de31ab04ca9d558cf3c09eda884d13f680c7adaf145aef3263b906a2c75d6c,2,,true
6c1fa79aab9a2ab4029dc6734f43f5c51b4d58bbad0ea28be48d3216d938c74f,0,"The image shows a building with exposed walls, columns, and a dirt floor, which suggests that it is not currently in use. The walls are partially painted and there are visible signs of wear and tear. 

1. The most likely reason for the abandoned appearance of this building is that it is undergoing renovations.
   - This statement is plausible but not directly supported by the image. There are no visible signs of ongoing construction or renovation activities such as scaffolding, construction materials, or workers.

2. The most likely reason for the abandoned appearance of this building is that it has been neglected over time.
   - This statement is supported by the image. The exposed walls, dirt floor, and signs of wear and tear indicate that the building has not been maintained or used for some time.

3. The most likely reason for the abandoned appearance of this building is that it was destroyed by a natural disaster.
   - This statement is not supported by the image. There are no visible signs of destruction such as collapsed walls, broken windows, or debris.

Answer: 2",false
6c1fa79aab9a2ab4029dc6734f43f5c51b4d58bbad0ea28be48d3216d938c74f,1,,true
6c1fa79aab9a2ab4029dc6734f43f5c51b4d58bbad0ea28be48d3216d938c74f,2,,false
4e83f315358b21ea9e90f468e0d63cbc8b9d0618d2f1bf99f36026c894b9c38e,0,"The image shows a luxury yacht with a flag flying at the top. The flag appears to be the flag of the United Arab Emirates, identifiable by its distinct colors and emblem.

Statement 1: The luxury yacht is flying the United States flag.
- The flag in the image does not match the United States flag.

Statement 2: The luxury yacht is flying the United Kingdom flag.
- The flag in the image does not match the United Kingdom flag.

Statement 3: The luxury yacht is flying the United Arab Emirates flag.
- The flag in the image matches the United Arab Emirates flag.

Answer: 3",false
4e83f315358b21ea9e90f468e0d63cbc8b9d0618d2f1bf99f36026c894b9c38e,1,,false
4e83f315358b21ea9e90f468e0d63cbc8b9d0618d2f1bf99f36026c894b9c38e,2,,true
3fd8238f7db7be40be6b81f28f58c8ca9f36216915fbedefb8e6f5613ce37da1,0,"The image shows a person working on a professional video camera setup, which is typically used in film production or live broadcasts. The presence of multiple individuals and equipment in the background further supports the idea that this is a professional setting. 

Statement 1: This scene is likely a live broadcast of a news event.
- This statement is plausible but not directly supported by the image alone. The equipment and setup suggest a professional environment, but it does not explicitly indicate a live broadcast of a news event.

Statement 2: This scene is likely behind-the-scenes work on a film production.
- This statement is grounded in the image. The person is working on a professional video camera setup, which is commonly used in film production. The presence of other individuals and equipment in the background further supports this.

Statement 3: This scene is likely a photography workshop.
- This statement is not supported by the image. The equipment and setup are more indicative of video production rather than photography.

Answer: 2",false
3fd8238f7db7be40be6b81f28f58c8ca9f36216915fbedefb8e6f5613ce37da1,1,,true
3fd8238f7db7be40be6b81f28f58c8ca9f36216915fbedefb8e6f5613ce37da1,2,,false
2c68884ea3c7a303cf1a08aaf3d5cf0d3095dabc9c14e53e07bf0b1c47834bc1,0,"The image shows a bustling street scene with people browsing through various shops, particularly gold jewelry stores. The presence of gold jewelry shops and people examining the items suggests that the primary activity is shopping for gold jewelry.

The other two statements are not supported by the image:
- There is no evidence of a religious service taking place.
- There is no indication of a dining area or restaurant.

Therefore, the grounded statement is:

Answer: 2",false
2c68884ea3c7a303cf1a08aaf3d5cf0d3095dabc9c14e53e07bf0b1c47834bc1,1,,true
2c68884ea3c7a303cf1a08aaf3d5cf0d3095dabc9c14e53e07bf0b1c47834bc1,2,,false
bad7ef5856db6a56bcfe36712ee7fa308cf59f2ba29508c39af230ec4b3a45cd,0,"1. A white SUV is shown performing dune bashing in the image.
2. A motorcycle is shown performing dune bashing in the image.
3. A red quad bike is shown performing dune bashing in the image.

The image shows a white SUV performing dune bashing, which corresponds to Statement 1. Statements 2 and 3 are not supported by the image.

Answer: 1",true
bad7ef5856db6a56bcfe36712ee7fa308cf59f2ba29508c39af230ec4b3a45cd,1,,false
bad7ef5856db6a56bcfe36712ee7fa308cf59f2ba29508c39af230ec4b3a45cd,2,,false
c86cd34b9d73a70a489fc9cb0b9b6234cf1d3a7c74a890d47c3ac62bd79a60fe,0,"1. Graffiti and murals are prominently displayed on the building in the image.
2. Abstract installations are prominently displayed on the building in the image.
3. Classical sculptures are prominently displayed on the building in the image.

The image shows a building with a large mural and various smaller graffiti pieces. There are no abstract installations or classical sculptures visible in the image.

Answer: 1",true
c86cd34b9d73a70a489fc9cb0b9b6234cf1d3a7c74a890d47c3ac62bd79a60fe,1,,false
c86cd34b9d73a70a489fc9cb0b9b6234cf1d3a7c74a890d47c3ac62bd79a60fe,2,,false
0f4ef05f0f58e55ac526863c82441f624b753eb1fdc99400d5bba76c044621c4,0,"The image shows a cup of coffee with a design on its surface. Let's analyze each statement:

1. **Foam sculpture**: This involves creating sculptures out of foam, which is not visible in the image. The design on the coffee surface appears to be more fluid and artistic, not sculptural.

2. **Chocolate engraving**: This involves carving or engraving designs into chocolate, which is not present in the image. The design on the coffee surface is not made of chocolate but rather appears to be a latte art design.

3. **Latte art**: This involves creating artistic designs on the surface of a coffee beverage, typically using the foam and milk. The design on the coffee surface in the image is consistent with latte art, featuring swirls and patterns.

Given the analysis, the statement that is grounded in the image is Statement 3.

Answer: 3",false
0f4ef05f0f58e55ac526863c82441f624b753eb1fdc99400d5bba76c044621c4,1,,false
0f4ef05f0f58e55ac526863c82441f624b753eb1fdc99400d5bba76c044621c4,2,,true
276ca05162a836bfd41240af0a226f87d7eec84f79f077878a40875e8df11121,0,"The flooring material in the image appears to be gravel, as it is visible and distinct from the other materials mentioned in the statements. The gravel is laid out in a patterned manner, covering the entire floor area of the restroom setup.

The flooring material is not wood, as there is no visible wood or wooden texture in the image. Similarly, the flooring material is not concrete, as there is no concrete texture or appearance in the image.

Therefore, the correct statement is:

Answer: 1",true
276ca05162a836bfd41240af0a226f87d7eec84f79f077878a40875e8df11121,1,,false
276ca05162a836bfd41240af0a226f87d7eec84f79f077878a40875e8df11121,2,,false
fe4571223477f601ce47a604e7c272089ed35699808b0fe22b517b9c1f85df10,0,"The image shows a person holding a cup, which is a common gesture associated with drinking tea. The other activities mentioned in the statements are not depicted in the image.

Answer: 2",false
fe4571223477f601ce47a604e7c272089ed35699808b0fe22b517b9c1f85df10,1,,true
fe4571223477f601ce47a604e7c272089ed35699808b0fe22b517b9c1f85df10,2,,false
6796508f971840ad76ea31a9619944474032c4e45061e6dad9bdf5ee9f0d7add,0,"The main decorative feature of these earrings is a rose-shaped ornament.

Answer: 2",false
6796508f971840ad76ea31a9619944474032c4e45061e6dad9bdf5ee9f0d7add,1,,true
6796508f971840ad76ea31a9619944474032c4e45061e6dad9bdf5ee9f0d7add,2,,false
71b799d84743d07dfb6ea951a87bd9f292a65305e2e66fa2ee2e7bd0633150a6,0,"The image shows a woman holding a ceramic pot, which is traditionally used in Ethiopian coffee ceremonies. The other two items mentioned in the statements (Jebena and woven basket) are not visible in the image.

Statement 1: A ceramic pot is traditionally used to brew coffee during Ethiopian coffee ceremonies. True
Statement 2: A Jebena (clay pot) is traditionally used to brew coffee during Ethiopian coffee ceremonies. False
Statement 3: A woven basket is traditionally used to brew coffee during Ethiopian coffee ceremonies. False

Answer: 1",true
71b799d84743d07dfb6ea951a87bd9f292a65305e2e66fa2ee2e7bd0633150a6,1,,false
71b799d84743d07dfb6ea951a87bd9f292a65305e2e66fa2ee2e7bd0633150a6,2,,false
a560f068e6f71b9233bd56bbe0554c48a68918495fb647cb4755d5d45a3bf7ef,0,"The image shows a woven basket filled with popcorn placed on a table with a coffee cup and a teapot. This setting suggests a coffee ceremony, which is a traditional practice in many Arab countries where guests are served coffee and tea. The presence of the popcorn in the basket, along with the coffee cup and teapot, supports the idea that popcorn is served as a snack during these ceremonies.

Statement 1: The woven basket filled with popcorn is a traditional snack served during coffee ceremonies in this cultural context.
- This statement is grounded in the image and is true.

Statement 2: The woven basket filled with popcorn is used for storing grains in this cultural context.
- There is no evidence in the image to suggest that the basket is used for storing grains. This statement is a plausible-sounding hallucination and is false.

Statement 3: The woven basket filled with popcorn serves as a decorative item in this cultural context.
- While the basket is visually appealing, there is no indication in the image that it is primarily used as a decorative item. This statement is also a plausible-sounding hallucination and is false.

Answer: 1",true
a560f068e6f71b9233bd56bbe0554c48a68918495fb647cb4755d5d45a3bf7ef,1,,false
a560f068e6f71b9233bd56bbe0554c48a68918495fb647cb4755d5d45a3bf7ef,2,,false
cc9e93aba049559b12e404575e46fd0a12a6ab5e984ccdd28a0e2c90b3160594,0,"The image shows an outdoor seating area with tables and chairs arranged in a manner typical for a restaurant or café. There are plates, glasses, and cutlery set on the tables, indicating that it is prepared for dining. The presence of a bar area with shelves and bottles further supports the idea that this is a place for serving food and drinks, which is consistent with a restaurant or café setting.

The other two statements are less likely to be true based on the image:
- Statement 2: The outdoor seating area shown in the image is likely intended to be a public waiting area. This is unlikely because the setup is designed for dining, not waiting.
- Statement 3: The outdoor seating area shown in the image is likely intended to be a private workspace. This is also unlikely because the setup is designed for dining, not working.

Answer: 1",true
cc9e93aba049559b12e404575e46fd0a12a6ab5e984ccdd28a0e2c90b3160594,1,,false
cc9e93aba049559b12e404575e46fd0a12a6ab5e984ccdd28a0e2c90b3160594,2,,false
4049075e2fa9b793d1b719b61b136101e093822e4847b385aa3082558d9cda31,0,"The image shows a waterfront with traditional cargo boats, which suggests an urban waterfront setting. There are no luxury yachts or rural fishing village characteristics visible.

Answer: 1",true
4049075e2fa9b793d1b719b61b136101e093822e4847b385aa3082558d9cda31,1,,false
4049075e2fa9b793d1b719b61b136101e093822e4847b385aa3082558d9cda31,2,,false
314de5409f0efa4ca05ddd95c57a2b53e4ab431b1b56ea617144fc4ecd6cc8c4,0,"The image shows a person wearing an abaya with decorative details on the sleeves. Let's analyze each statement:

1. The decorative detail on the sleeves of the abaya is intricate embroidery with a zigzag pattern.
   - The sleeves of the abaya have a pattern that appears to be embroidered with a zigzag design. This statement seems to be true based on the visual evidence.

2. The decorative detail on the sleeves of the abaya consists of rows of metallic studs.
   - The sleeves do not show any metallic studs. This statement appears to be false.

3. The decorative detail on the sleeves of the abaya is a colorful floral print.
   - The sleeves do not have a colorful floral print. This statement appears to be false.

Answer: 1",true
314de5409f0efa4ca05ddd95c57a2b53e4ab431b1b56ea617144fc4ecd6cc8c4,1,,false
314de5409f0efa4ca05ddd95c57a2b53e4ab431b1b56ea617144fc4ecd6cc8c4,2,,false
6f3712a0349b19c0a36060255ed64485cbb0605271ed1a5fd0242f86ddf73ac3,0,"The image shows a rocky desert landscape with a modern building structure. The sky is clear with a beautiful sunset, and there are no signs of a cityscape or dense forest. 

Statement 1: The image depicts a bustling cityscape. False.
Statement 2: The image depicts a dense forest. False.
Statement 3: The image depicts a rocky desert landscape. True.

Answer: 3",false
6f3712a0349b19c0a36060255ed64485cbb0605271ed1a5fd0242f86ddf73ac3,1,,false
6f3712a0349b19c0a36060255ed64485cbb0605271ed1a5fd0242f86ddf73ac3,2,,true
a5be37dcc7d22446033ae6d44c906357a1c6bd304177fcc72f43d3f1ac0d1dbf,0,"The image shows a large, open space with multiple levels, escalators, and a variety of shops and restaurants, which are common features of an airport terminal. The presence of a security checkpoint and the overall layout further support this conclusion.

The image does not show any features typically associated with a train station, such as train tracks or platforms.

The image also does not show any features typically associated with a shopping mall, such as a variety of retail stores or a more enclosed space.

Therefore, the grounded statement is:

Answer: 1",true
a5be37dcc7d22446033ae6d44c906357a1c6bd304177fcc72f43d3f1ac0d1dbf,1,,false
a5be37dcc7d22446033ae6d44c906357a1c6bd304177fcc72f43d3f1ac0d1dbf,2,,false
75a851e7f088240f2ec431a12e2102aef5f15f1271cd703a267ffb1c5505bb25,0,"The image depicts a playground with various structures designed for children to play on, such as slides, climbing areas, and a bridge. There are no indications that the playground is intended for showcasing treehouse architecture or hosting formal educational classes. The primary purpose of the playground is to provide children with a space for physical activity and play.

Answer: 3",false
75a851e7f088240f2ec431a12e2102aef5f15f1271cd703a267ffb1c5505bb25,1,,false
75a851e7f088240f2ec431a12e2102aef5f15f1271cd703a267ffb1c5505bb25,2,,true
87a46cd8272e0a1e40ed5e0470f41906c1aa7e9d8e132329f57eba1f09be641b,0,"The image shows a remote control with various buttons, including volume control, navigation buttons, and a microphone symbol. There is no visible camera or touchscreen pad on the remote control.

Statement 1: The remote control has a built-in camera for user convenience. True/False?
- The remote control does not have a visible camera. This statement is False.

Statement 2: The remote control has a touchscreen pad for user convenience. True/False?
- The remote control does not have a visible touchscreen pad. This statement is False.

Statement 3: The remote control has a voice control microphone for user convenience. True/False?
- The remote control has a microphone symbol, indicating that it has a voice control microphone. This statement is True.

Answer: 3",false
87a46cd8272e0a1e40ed5e0470f41906c1aa7e9d8e132329f57eba1f09be641b,1,,false
87a46cd8272e0a1e40ed5e0470f41906c1aa7e9d8e132329f57eba1f09be641b,2,,true
9536bd4d54aff75a74936cc21d09624ca985156c6d102ac29462270cb46272dd,0,"I have carefully examined the image. 

Statement 1: Cars and motorcycles are visible on the road adjacent to the bridge in the image.
- This statement is true. There are cars and motorcycles visible on the road adjacent to the bridge.

Statement 2: Trucks and rickshaws are visible on the road adjacent to the bridge in the image.
- This statement is false. There are no trucks or rickshaws visible on the road adjacent to the bridge.

Statement 3: Buses and bicycles are visible on the road adjacent to the bridge in the image.
- This statement is false. There are no buses or bicycles visible on the road adjacent to the bridge.

Answer: 1",true
9536bd4d54aff75a74936cc21d09624ca985156c6d102ac29462270cb46272dd,1,,false
9536bd4d54aff75a74936cc21d09624ca985156c6d102ac29462270cb46272dd,2,,false
a0e2fc3c80445f026eefb61d66728620db517bc22b6143d9a7924d612d1b6390,0,"The image shows a large gathering with tents and shaded areas. These tents and shaded areas are likely intended to provide shelter for attendees, as they are positioned in a way that offers protection from the sun and elements. 

The other two statements are plausible but not directly supported by the image:
- Statement 1: The tents and shaded areas are likely intended to act as barriers for crowd control. This is plausible but not explicitly shown in the image.
- Statement 3: The tents and shaded areas are likely intended to serve as storage for equipment. This is also plausible but not directly supported by the image.

Therefore, the grounded statement is:

Answer: 2",false
a0e2fc3c80445f026eefb61d66728620db517bc22b6143d9a7924d612d1b6390,1,,true
a0e2fc3c80445f026eefb61d66728620db517bc22b6143d9a7924d612d1b6390,2,,false
b2b9ef681ce6c35ad4cc85c0d7d4e657d4abd0e57dae98b2f4878253b7158ad5,0,"The image shows a large, well-developed waterfront entertainment complex with various structures, including what appears to be a large amphitheater or performance venue, which suggests that it is designed for hosting music concerts and cultural events. There are no visible signs of industrial manufacturing or agricultural exhibitions within the complex.

Answer: 1",true
b2b9ef681ce6c35ad4cc85c0d7d4e657d4abd0e57dae98b2f4878253b7158ad5,1,,false
b2b9ef681ce6c35ad4cc85c0d7d4e657d4abd0e57dae98b2f4878253b7158ad5,2,,false
39b7d268b68e9626001a1df4ee22be2b12459fcd3d63d3b47383c9df0cf7ada7,0,"The image depicts a mountainous terrain with rocky paths. There is no dense forest or large lake visible in the image. Therefore, the most prominent feature of the landscape is the mountainous terrain with rocky paths.

Answer: 3",false
39b7d268b68e9626001a1df4ee22be2b12459fcd3d63d3b47383c9df0cf7ada7,1,,false
39b7d268b68e9626001a1df4ee22be2b12459fcd3d63d3b47383c9df0cf7ada7,2,,true
9d34c3854b5628e154175147e18ff8f45d3872f1306584d9cdb7b32f861d2e7e,0,"The image shows a chair with an attached tablet or screen holder. The holder is designed to securely hold a tablet or screen, as indicated by its shape and the presence of a stand that supports the device. 

Statement 1: The primary purpose of the attached tablet or screen holder on the chair is for storing items.
- This statement is not grounded in the image. The holder is not designed for general storage but specifically for holding a tablet or screen.

Statement 2: The primary purpose of the attached tablet or screen holder on the chair is for mounting a tablet or screen.
- This statement is grounded in the image. The holder is clearly designed to support and hold a tablet or screen, making it suitable for mounting these devices.

Statement 3: The primary purpose of the attached tablet or screen holder on the chair is for holding books.
- This statement is not grounded in the image. The holder is not designed for holding books but specifically for tablets or screens.

Answer: 2",false
9d34c3854b5628e154175147e18ff8f45d3872f1306584d9cdb7b32f861d2e7e,1,,true
9d34c3854b5628e154175147e18ff8f45d3872f1306584d9cdb7b32f861d2e7e,2,,false
e8cc526d6512d38707477f17b0c82571896a69a7dafccd8056053b8a0f46d55a,0,"The image shows an Emirates aircraft parked on the tarmac with a hangar in the background. 

Statement 1: The purpose of the hangar visible in the background of the image is passenger boarding and luggage handling.
- This statement is plausible but not directly supported by the image. The hangar is likely used for various purposes, including maintenance and storage, rather than specifically for passenger boarding and luggage handling.

Statement 2: The purpose of the hangar visible in the background of the image is fueling and refueling operations.
- This statement is plausible but not directly supported by the image. The hangar is likely used for various purposes, including maintenance and storage, rather than specifically for fueling and refueling operations.

Statement 3: The purpose of the hangar visible in the background of the image is aircraft maintenance and storage.
- This statement is directly supported by the image. The hangar is typically used for aircraft maintenance and storage, which is a common function of such facilities.

Answer: 3",false
e8cc526d6512d38707477f17b0c82571896a69a7dafccd8056053b8a0f46d55a,1,,false
e8cc526d6512d38707477f17b0c82571896a69a7dafccd8056053b8a0f46d55a,2,,true
51248863107d2ae1286de2a6cc7976b0e128687d802e84cc455dc0ebd5be5846,0,"The image shows a modern architectural structure with a large, curved roof and a series of vertical elements. The design and structure suggest it is a public transport station, possibly a metro or train station, given the large open spaces and the presence of what appears to be a platform area below.

Statement 1: The image depicts a shopping mall.
- This statement is plausible but not grounded in the image. The design does not strongly resemble a shopping mall, which typically has more enclosed spaces and a different architectural style.

Statement 2: The image depicts a public transport station.
- This statement is grounded in the image. The large open spaces, the curved roof, and the platform area below are characteristic of a public transport station.

Statement 3: The image depicts a sports arena.
- This statement is plausible but not grounded in the image. The design does not strongly resemble a sports arena, which typically has a different architectural style and more enclosed spaces.

Answer: 2",false
51248863107d2ae1286de2a6cc7976b0e128687d802e84cc455dc0ebd5be5846,1,,true
51248863107d2ae1286de2a6cc7976b0e128687d802e84cc455dc0ebd5be5846,2,,false
7b9efe2dc7166ebf5030f64e25dbf1a3eb6aa205148b7a71ce1c9fd5f40cbf12,0,"The woman in the image is wearing a diamond necklace and earrings that complement her off-shoulder gown. The other two statements about a golden tiara and a pearl bracelet are not supported by the image.

Answer: 2",false
7b9efe2dc7166ebf5030f64e25dbf1a3eb6aa205148b7a71ce1c9fd5f40cbf12,1,,true
7b9efe2dc7166ebf5030f64e25dbf1a3eb6aa205148b7a71ce1c9fd5f40cbf12,2,,false
04a302964121ce4f994855a7f023ae250b197b5c92a4c31208cb9cdba5ec63f5,0,"The image shows a city with tall, mud-brick buildings, which is characteristic of Shibam, Yemen. This city is indeed known for its unique architecture and is often referred to as 'the Manhattan of the desert' due to its tall, densely packed mud-brick buildings.

Statement 1: Shibam, Yemen is known for its tall mud-brick buildings and is often called 'the Manhattan of the desert'.
- This statement is grounded in the image and is true.

Statement 2: Petra, Jordan is known for its tall mud-brick buildings and is often called 'the Manhattan of the desert'.
- This statement is not grounded in the image and is false. Petra is known for its ancient rock-cut architecture, not tall mud-brick buildings.

Statement 3: Marrakech, Morocco is known for its tall mud-brick buildings and is often called 'the Manhattan of the desert'.
- This statement is not grounded in the image and is false. Marrakech is known for its adobe and stucco buildings, not tall mud-brick buildings.

Answer: 1",true
04a302964121ce4f994855a7f023ae250b197b5c92a4c31208cb9cdba5ec63f5,1,,false
04a302964121ce4f994855a7f023ae250b197b5c92a4c31208cb9cdba5ec63f5,2,,false
553a6cd77c99de8117314b86da7593e883b3840bb8e0bcd6bfb43993306a3f3b,0,"The jewelry pieces in the image exhibit a variety of materials, including what appears to be gold, silver, and other metals, as well as gemstones and crystals. Given the visual cues and the common materials used in jewelry, it is reasonable to conclude that the pieces are most likely made of gold or silver.

Statement 1: The jewelry pieces shown in the image are most likely made of gold or silver. True

Statement 2: The jewelry pieces shown in the image are most likely made of wood. False

Statement 3: The jewelry pieces shown in the image are most likely made of plastic. False

Answer: 1",true
553a6cd77c99de8117314b86da7593e883b3840bb8e0bcd6bfb43993306a3f3b,1,,false
553a6cd77c99de8117314b86da7593e883b3840bb8e0bcd6bfb43993306a3f3b,2,,false
41196790624ab64625f7bbfe54e1f2070ba1563d29e01dfca310c06433583819,0,"The image shows flatbread being cooked in what appears to be a tandoor oven. The flatbread is placed directly on the inner walls of the oven, which are made of clay or another heat-retaining material. This method of cooking involves placing the flatbread directly on the walls of the oven, allowing it to cook evenly and absorb the heat.

Let's analyze each statement:

1. **The flatbread is cooked in a tandoor oven by placing it on a metal tray.**
   - This statement is false. The image clearly shows the flatbread being placed directly on the walls of the oven, not on a metal tray.

2. **The flatbread is cooked in a tandoor oven by sticking it to the inner walls of the oven.**
   - This statement is true. The flatbread is indeed placed directly on the inner walls of the tandoor oven, as shown in the image.

3. **The flatbread is cooked in a tandoor oven by hanging it over the embers.**
   - This statement is false. The flatbread is not hanging over embers; it is placed directly on the walls of the oven.

Based on the analysis, the grounded statement is:

**Answer: 2**",false
41196790624ab64625f7bbfe54e1f2070ba1563d29e01dfca310c06433583819,1,,true
41196790624ab64625f7bbfe54e1f2070ba1563d29e01dfca310c06433583819,2,,false
1099904c5507cce4eb186a99fea128fc2d8598569282ff3e284f8167d995e5d1,0,"The image shows a protest scene with banners that include both Arabic and English text. The English text is clearly visible on the banners, indicating that the protesters are using both languages.

Statement 1: The banners in the protest scene use Arabic only. False.
Statement 2: The banners in the protest scene use both Arabic and English. True.
Statement 3: The banners in the protest scene use English only. False.

Answer: 2",false
1099904c5507cce4eb186a99fea128fc2d8598569282ff3e284f8167d995e5d1,1,,true
1099904c5507cce4eb186a99fea128fc2d8598569282ff3e284f8167d995e5d1,2,,false
9c86485026d1447e8fe90eb1eecd8a39ed49ee2afe2dbd46264d079539346f53,0,"The person in the image is wearing a garment that drapes around the body, which is characteristic of a saree. The fabric and the way it is worn around the body are consistent with traditional Indian attire, specifically a saree. 

The other two statements are not supported by the image. There is no indication that the person is wearing a jumpsuit or a western dress. 

Answer: 1",true
9c86485026d1447e8fe90eb1eecd8a39ed49ee2afe2dbd46264d079539346f53,1,,false
9c86485026d1447e8fe90eb1eecd8a39ed49ee2afe2dbd46264d079539346f53,2,,false
13dbcf13256c8e043086960b248e9e55a849754f5adb53f1db5d92f9a814bfa8,0,"The image shows a desert city with a prominent mountain in the background. The vegetation in the image includes green trees and plants, which are not cacti, palm trees, or coniferous trees. 

- Statement 1: Cacti are the most prominent type of vegetation in the desert city shown in the image. False.
- Statement 2: Palm groves are the most prominent type of vegetation in the desert city shown in the image. True.
- Statement 3: Coniferous trees are the most prominent type of vegetation in the desert city shown in the image. False.

Answer: 2",false
13dbcf13256c8e043086960b248e9e55a849754f5adb53f1db5d92f9a814bfa8,1,,true
13dbcf13256c8e043086960b248e9e55a849754f5adb53f1db5d92f9a814bfa8,2,,false
16eb892e1fc9842e741e9ff23db91d63aad59105580550847c1755bef2e5c88a,0,"The stone structure shown in the image is likely a religious shrine.

Reasoning:
1. The stone structure has an ornate, carved stone plaque with Arabic script, which is common in religious or culturally significant buildings.
2. The structure is small and enclosed, which is typical for a shrine or a place of worship rather than a public restroom or storage shed.
3. The presence of a small window with metal grills is more indicative of a place meant for reverence or protection rather than storage or a restroom.

Answer: 2",false
16eb892e1fc9842e741e9ff23db91d63aad59105580550847c1755bef2e5c88a,1,,true
16eb892e1fc9842e741e9ff23db91d63aad59105580550847c1755bef2e5c88a,2,,false
fc324da285b2ba6ef2d060e5457354b9f9cdff9b12b9bb75caf5f8ece6c91872,0,"1. Statement 1: A modern skyscraper is visible in the background of the image of Sana'a's old city. True or False?

   - The image shows a densely packed old city with traditional architecture. There is no visible modern skyscraper in the background.

2. Statement 2: A large fountain is visible in the background of the image of Sana'a's old city. True or False?

   - The image shows traditional buildings and a minaret, but there is no visible large fountain in the background.

3. Statement 3: A tall minaret is visible in the background of the image of Sana'a's old city. True or False?

   - The image shows a tall minaret in the background of the old city.

Answer: 3",false
fc324da285b2ba6ef2d060e5457354b9f9cdff9b12b9bb75caf5f8ece6c91872,1,,false
fc324da285b2ba6ef2d060e5457354b9f9cdff9b12b9bb75caf5f8ece6c91872,2,,true
abcb70ab989e66a71691a711384c113a526606b8c86e200618b940ace8938986,0,"The heart-shaped pomegranate arrangement on the dish is likely intended to symbolize love or affection.

Answer: 2",false
abcb70ab989e66a71691a711384c113a526606b8c86e200618b940ace8938986,1,,true
abcb70ab989e66a71691a711384c113a526606b8c86e200618b940ace8938986,2,,false
65657b50c0e81220c8d34551ca026cfd885f00c11c4ceac46e71c238c0487088,0,"The image depicts a sailboat docked near a stone wall, which appears to be part of a harbor or coastal settlement. The sailboat has a large sail, which is typical of traditional sailing vessels used for various purposes, including trade, transport, and fishing.

1. **Statement 1: The likely purpose of the sailboat shown in the image is recreational sailing.**
   - This statement is plausible but not directly supported by the image. The sailboat could be used for recreational purposes, but there is no clear indication of this in the image.

2. **Statement 2: The likely purpose of the sailboat shown in the image is trade and transport.**
   - This statement is plausible. The sailboat's design and the harbor setting suggest it could be used for trade and transport, as these types of vessels were commonly used historically for these purposes.

3. **Statement 3: The likely purpose of the sailboat shown in the image is fishing.**
   - This statement is plausible. The sailboat's design and the harbor setting suggest it could be used for fishing, as these types of vessels were commonly used historically for fishing.

Given the evidence in the image, the most grounded statement is Statement 2.

Answer: 2",false
65657b50c0e81220c8d34551ca026cfd885f00c11c4ceac46e71c238c0487088,1,,true
65657b50c0e81220c8d34551ca026cfd885f00c11c4ceac46e71c238c0487088,2,,false
45e84558b7516b965d829fbce5d9af8ce5537a0942921f5761399dc720766ccd,0,"The image depicts an interior space with intricate architectural details and a chandelier, which appears to be a mosque. Several individuals are seen sitting on the floor, some reading books and others in prayer positions. 

Let's analyze each statement:

1. **Statement 1: The people in the image are primarily engaged in shopping for groceries.**
   - This statement is not grounded in the image. The people are not shown shopping for groceries. They are either reading or praying.

2. **Statement 2: The people in the image are primarily engaged in cooking food.**
   - This statement is also not grounded in the image. There is no evidence of cooking food in the image. The people are either reading or praying.

3. **Statement 3: The people in the image are primarily engaged in reading or praying.**
   - This statement is grounded in the image. Several individuals are shown reading books and others are in prayer positions, which aligns with the activities typically associated with a mosque.

Therefore, the grounded statement is Statement 3.

Answer: 3",false
45e84558b7516b965d829fbce5d9af8ce5537a0942921f5761399dc720766ccd,1,,false
45e84558b7516b965d829fbce5d9af8ce5537a0942921f5761399dc720766ccd,2,,true
1909baf0ee4ad1d65da952bf4a15717c92b8d8c0c9ac08f4393aae62dbcc19cd,0,"The metallic wall decoration with Arabic calligraphy is a representation of Islamic spirituality and religious beliefs.

Answer: 3",false
1909baf0ee4ad1d65da952bf4a15717c92b8d8c0c9ac08f4393aae62dbcc19cd,1,,false
1909baf0ee4ad1d65da952bf4a15717c92b8d8c0c9ac08f4393aae62dbcc19cd,2,,true
16e3115706dd6ea1b988a32082a6239cff37220a1271ced8dee3e869905d8628,0,"The image shows a wall with a depiction of the Yemeni flag. The flag consists of three horizontal stripes: red on top, white in the middle, and black at the bottom. 

Statement 1: The colors visible on the depiction of the Yemeni flag painted on the wall are red, white, and black. 
- This statement is true because the image clearly shows the red, white, and black stripes of the Yemeni flag.

Statement 2: The colors visible on the depiction of the Yemeni flag painted on the wall are red, green, and white.
- This statement is false because the image does not show any green color on the flag.

Statement 3: The colors visible on the depiction of the Yemeni flag painted on the wall are red, white, and blue.
- This statement is false because the image does not show any blue color on the flag.

Answer: 1",true
16e3115706dd6ea1b988a32082a6239cff37220a1271ced8dee3e869905d8628,1,,false
16e3115706dd6ea1b988a32082a6239cff37220a1271ced8dee3e869905d8628,2,,false
9073331a0b96d59c4c1ec77d29dea75f215e8fb2960de5c1bfdddc4a492f95f7,0,"The wall of the building appears to have a rough, textured surface that is characteristic of earthen materials, such as adobe or mud brick. This observation supports Statement 1 as being true.

Statement 2 suggests that the wall is made of concrete, which is less likely given the texture and appearance of the wall in the image. Concrete walls typically have a smoother finish compared to the textured surface seen here.

Statement 3 suggests that the wall is made of brick, which is also less likely given the texture and appearance of the wall in the image. Brick walls often have a more uniform and smooth appearance compared to the textured surface seen here.

Therefore, the grounded statement is Statement 1.

Answer: 1",true
9073331a0b96d59c4c1ec77d29dea75f215e8fb2960de5c1bfdddc4a492f95f7,1,,false
9073331a0b96d59c4c1ec77d29dea75f215e8fb2960de5c1bfdddc4a492f95f7,2,,false
c72f7409b70775e1a274cfe6f8a01f11835001fbda3246159c4fb598f3f174a8,0,"The ruins shown in the image are most likely constructed from mud-brick.

Reasoning:
1. The color and texture of the ruins resemble mud-brick constructions, which are common in arid regions.
2. The image shows a structure that is typical of mud-brick buildings, which are often found in the Arab world.
3. Stone and wood constructions are less likely given the appearance and the environmental context.

Answer: 3",false
c72f7409b70775e1a274cfe6f8a01f11835001fbda3246159c4fb598f3f174a8,1,,false
c72f7409b70775e1a274cfe6f8a01f11835001fbda3246159c4fb598f3f174a8,2,,true
04e5d2fbb37c6dafec3acc8770b94bc04c48454037ec4c9f6de0f35c0c7fdbdc,0,"The architecture in the image is most likely from the Middle East. True/False?

The architecture in the image features elements such as arched windows, intricate stone carvings, and a specific style of brickwork that are characteristic of Middle Eastern architecture. These elements are not typically found in South America or Scandinavia.

Answer: 2",false
04e5d2fbb37c6dafec3acc8770b94bc04c48454037ec4c9f6de0f35c0c7fdbdc,1,,true
04e5d2fbb37c6dafec3acc8770b94bc04c48454037ec4c9f6de0f35c0c7fdbdc,2,,false
b2c3e57908dcbb83589238925eac6ca33f702982acbd2d2b4f0d128b0c8cbdcc,0,"1. The image shows a library with various sections, including one labeled 'Adult Fiction'. The shelves in this section are filled with books, indicating that it is indeed a section for adult fiction novels.
2. The image does not show any section labeled 'Adult Fiction' that contains children's picture books. The books on the shelves in the 'Adult Fiction' section are too large and thick to be picture books.
3. The image does not show any section labeled 'Adult Fiction' that contains academic textbooks. The books on the shelves in the 'Adult Fiction' section are too large and thick to be textbooks.

Answer: 1",true
b2c3e57908dcbb83589238925eac6ca33f702982acbd2d2b4f0d128b0c8cbdcc,1,,false
b2c3e57908dcbb83589238925eac6ca33f702982acbd2d2b4f0d128b0c8cbdcc,2,,false
982a494c2bfc1e66707f3940fd7ff31784345152e648d894f74e223620c6d056,0,"The image shows a person applying henna to their arm using a brush. This directly supports Statement 2: ""A brush is commonly used to create intricate henna designs.""

Statement 1: ""A henna cone is commonly used to create intricate henna designs."" This statement is not supported by the image, as a henna cone is not visible and is not typically used for intricate designs.

Statement 3: ""A stencil is commonly used to create intricate henna designs."" This statement is also not supported by the image, as there is no indication of a stencil being used.

Therefore, the grounded statement is Statement 2.

Answer: 2",false
982a494c2bfc1e66707f3940fd7ff31784345152e648d894f74e223620c6d056,1,,true
982a494c2bfc1e66707f3940fd7ff31784345152e648d894f74e223620c6d056,2,,false
8093aecc225e620a1e003d82d29572668de7a611fc982f07fdbdd1c3418e319e,0,"The image depicts a bustling outdoor market with numerous people engaged in various activities. There are stalls with goods such as fruits and vegetables, and people are seen carrying bags and browsing the market. The presence of these elements strongly suggests that the primary activity is people shopping at an outdoor market.

Statement 1: The primary activity taking place in this image is a political rally in a crowded area.
- This statement is not grounded in the image. There is no indication of a political rally, such as banners, speeches, or a crowd gathered around a central figure.

Statement 2: The primary activity taking place in this image is a festival celebration in a town square.
- This statement is not grounded in the image. There are no decorations, festive elements, or indications of a celebration such as music or dancing.

Statement 3: The primary activity taking place in this image is people shopping at an outdoor market.
- This statement is grounded in the image. The presence of stalls, goods, and people engaged in shopping activities strongly supports this statement.

Answer: 3",false
8093aecc225e620a1e003d82d29572668de7a611fc982f07fdbdd1c3418e319e,1,,false
8093aecc225e620a1e003d82d29572668de7a611fc982f07fdbdd1c3418e319e,2,,true
0483d6c865edb18b34d5d32569aff12f8b1cfbee49f248e0ae04fd7a35bffb5d,0,"The textile shown in the image has a texture that appears to be coarse and fibrous, which is characteristic of wool. Wool typically has a more pronounced and uneven texture compared to silk and cotton, which tend to have smoother and more uniform textures.

Statement 1: The textile shown in the image is most likely made of wool. True.
Statement 2: The textile shown in the image is most likely made of silk. False.
Statement 3: The textile shown in the image is most likely made of cotton. False.

Answer: 1",true
0483d6c865edb18b34d5d32569aff12f8b1cfbee49f248e0ae04fd7a35bffb5d,1,,false
0483d6c865edb18b34d5d32569aff12f8b1cfbee49f248e0ae04fd7a35bffb5d,2,,false
82005322351179e1b9c8d00cd7f163e15cbbde726ea798171337097d810cd72c,0,"1. Hot chocolate and coffee are served alongside the dishes on the table. True or False?
   - The image shows a cup of coffee with a saucer and a cup of hot chocolate with a saucer. This statement is true.

2. Juice and soda are served alongside the dishes on the table. True or False?
   - There is no visible evidence of juice or soda in the image. This statement is false.

3. Tea and lemonade are served alongside the dishes on the table. True or False?
   - There is no visible evidence of tea or lemonade in the image. This statement is false.

Answer: 1",true
82005322351179e1b9c8d00cd7f163e15cbbde726ea798171337097d810cd72c,1,,false
82005322351179e1b9c8d00cd7f163e15cbbde726ea798171337097d810cd72c,2,,false
b511168fad505346d7edcc2a10cc4d11dccfed0d0f882606a5dc90ea21875207,0,"The wooden stand in the image appears to be designed to hold the ceramic cups, as it is positioned directly underneath them and provides a stable base. The cups are placed symmetrically on the stand, which supports their weight and prevents them from tipping over.

The other two statements are plausible but not directly supported by the image:
- Statement 1: The wooden stand is likely used to serve as a cutting board. This is not supported by the image, as the stand is not flat enough to serve as a cutting board.
- Statement 3: The wooden stand is likely used to function as a decorative tray. While the stand could potentially be used as a decorative tray, this is not explicitly indicated by the image.

Therefore, the grounded statement is:

Answer: 2",false
b511168fad505346d7edcc2a10cc4d11dccfed0d0f882606a5dc90ea21875207,1,,true
b511168fad505346d7edcc2a10cc4d11dccfed0d0f882606a5dc90ea21875207,2,,false
11ab083a167f8ab37dac9ef1355ef9e00dac9e695d40ed9a24c08bdce2ca11f8,0,"The image shows a group of people gathered in a formal setting with a banner that includes text and logos, suggesting an official or professional event. The presence of individuals in formal attire, including suits and traditional clothing, indicates a formal occasion. The backdrop and the attire of the individuals suggest that this is not a private family celebration or a sports award ceremony.

Statement 1: The primary purpose of the gathering shown in the image is a healthcare and well-being conference involving officials and dignitaries.
- This statement is plausible as the formal setting and the presence of dignitaries suggest a professional event, possibly related to healthcare or well-being.

Statement 2: The primary purpose of the gathering shown in the image is a private family celebration.
- This statement is unlikely because the setting and attire do not suggest a private family event.

Statement 3: The primary purpose of the gathering shown in the image is a sports award ceremony.
- This statement is unlikely because the setting and attire do not suggest a sports-related event.

Answer: 1",true
11ab083a167f8ab37dac9ef1355ef9e00dac9e695d40ed9a24c08bdce2ca11f8,1,,false
11ab083a167f8ab37dac9ef1355ef9e00dac9e695d40ed9a24c08bdce2ca11f8,2,,false
4a55716215e2652cd7555c3a251876120e77b2b3152774486056580d9af23a55,0,"The image depicts a basketball game. The players are wearing basketball uniforms, and the court is marked for basketball. The ball is in the air, and the players are in positions typical of a basketball game.

Statement 1: False. The primary activity is not a tennis match. The players and the court are not indicative of a tennis match.

Statement 2: True. The primary activity is a basketball game. The players are wearing basketball uniforms, and the court is marked for basketball.

Statement 3: False. The primary activity is not a volleyball match. The players and the court are not indicative of a volleyball match.

Answer: 2",false
4a55716215e2652cd7555c3a251876120e77b2b3152774486056580d9af23a55,1,,true
4a55716215e2652cd7555c3a251876120e77b2b3152774486056580d9af23a55,2,,false
c004200a314e34687369e6850faa3f3a50f584226b5c2c88715090a02480e65e,0,"The image shows a village surrounded by mountains with various types of vegetation. The vegetation appears to be primarily composed of palm trees, which are common in arid and semi-arid regions. The presence of palm trees is consistent with the landscape depicted in the image.

Pine trees and cactus plants are less likely to be the primary vegetation in this region, as the terrain and climate suggest a more arid environment, which is more conducive to palm trees.

Therefore, the correct statement is:

Statement 3: The primary type of vegetation visible near the village in the image is palm trees. True or False?

Answer: 3",false
c004200a314e34687369e6850faa3f3a50f584226b5c2c88715090a02480e65e,1,,false
c004200a314e34687369e6850faa3f3a50f584226b5c2c88715090a02480e65e,2,,true
31eac3d38e1dd3fb357103699b69c7f737dae921a15065e5fadadb9689d51e72,0,"The kettle in the image has a copper-like appearance, suggesting it is primarily made of copper. The other two materials mentioned (steel and aluminum) do not match the visual characteristics of the kettle.

Answer: 2",false
31eac3d38e1dd3fb357103699b69c7f737dae921a15065e5fadadb9689d51e72,1,,true
31eac3d38e1dd3fb357103699b69c7f737dae921a15065e5fadadb9689d51e72,2,,false
f2b1cfc324bc9574216fe703f42f0ac653d83b8c8e2b6ec52d486e54cdba045f,0,"The image shows a person engaged in an activity that involves a fishing rod and a reel, which are typical tools for fly fishing. The person is standing in a natural outdoor setting, which is consistent with the environment where fly fishing is commonly practiced. There are no signs of ice or deep-sea fishing equipment, such as specialized gear or a boat, which would be indicative of ice fishing or deep-sea fishing.

Therefore, the statement that the image depicts fly fishing is true.

Answer: 1",true
f2b1cfc324bc9574216fe703f42f0ac653d83b8c8e2b6ec52d486e54cdba045f,1,,false
f2b1cfc324bc9574216fe703f42f0ac653d83b8c8e2b6ec52d486e54cdba045f,2,,false
323b0439f1ef36d65f21b5927916a99106da00859e5b829f98262fc0b939916c,0,"The image shows a street market stall with various baskets and bags displayed. The background features white buildings with a rustic appearance, which suggests a more traditional or older urban setting rather than a modern or tropical beachside town.

1. The street market stall is likely located in a rustic urban setting with white buildings based on the architectural style in the background.
   - This statement is grounded in the image. The buildings in the background are white and have a rustic appearance, which supports this statement.

2. The street market stall is likely located in a modern urban city based on the architectural style in the background.
   - This statement is not grounded in the image. The buildings in the background do not have a modern appearance; they look more traditional and rustic.

3. The street market stall is likely located in a tropical beachside town based on the architectural style in the background.
   - This statement is not grounded in the image. The buildings do not have any features that suggest a tropical beachside town.

Answer: 1",true
323b0439f1ef36d65f21b5927916a99106da00859e5b829f98262fc0b939916c,1,,false
323b0439f1ef36d65f21b5927916a99106da00859e5b829f98262fc0b939916c,2,,false
e09c919bb6830ca2b9bec74e2830910f51c4a05d2aec41154de263677eea0029,0,"The structure depicted in the image is a historical tomb or monument.

Reasoning:
1. The structure has a dome and arches, which are common architectural elements in historical tombs and monuments.
2. The presence of people around the structure suggests it is a place of interest, likely a historical site.
3. The design does not resemble a public transportation hub or a modern government building.

Answer: 3",false
e09c919bb6830ca2b9bec74e2830910f51c4a05d2aec41154de263677eea0029,1,,false
e09c919bb6830ca2b9bec74e2830910f51c4a05d2aec41154de263677eea0029,2,,true
