id,statement_index,prediction
4a405ef6efd45ecb3c95e0f151ec5c9632a750bdfb2aec7376d23081d10de6a0,0,true
4a405ef6efd45ecb3c95e0f151ec5c9632a750bdfb2aec7376d23081d10de6a0,1,false
4a405ef6efd45ecb3c95e0f151ec5c9632a750bdfb2aec7376d23081d10de6a0,2,false
13ae79659406e02a8fac9d3fda7c6e885309896e37063821a4ad752ded1aade8,0,false
13ae79659406e02a8fac9d3fda7c6e885309896e37063821a4ad752ded1aade8,1,true
13ae79659406e02a8fac9d3fda7c6e885309896e37063821a4ad752ded1aade8,2,false
bb92a2d3ffcbe76f71f2e25a32b73d640f9a5fdf056c38649c34f7e64efdc79d,0,false
bb92a2d3ffcbe76f71f2e25a32b73d640f9a5fdf056c38649c34f7e64efdc79d,1,false
bb92a2d3ffcbe76f71f2e25a32b73d640f9a5fdf056c38649c34f7e64efdc79d,2,true
713071513c4185bcea4902fbd42b2442b4782e16db6d86152870a0a94578b333,0,false
713071513c4185bcea4902fbd42b2442b4782e16db6d86152870a0a94578b333,1,true
713071513c4185bcea4902fbd42b2442b4782e16db6d86152870a0a94578b333,2,false
8b101e437b7df29f411bb0ff01614a5ff24aa3dc92c86023a984b2eadc7a8247,0,false
8b101e437b7df29f411bb0ff01614a5ff24aa3dc92c86023a984b2eadc7a8247,1,true
8b101e437b7df29f411bb0ff01614a5ff24aa3dc92c86023a984b2eadc7a8247,2,false
76a18c69615ea39a7d53ab4f548f7928fc36f7a90d77bea01598f3b3bba8b0f3,0,false
76a18c69615ea39a7d53ab4f548f7928fc36f7a90d77bea01598f3b3bba8b0f3,1,true
76a18c69615ea39a7d53ab4f548f7928fc36f7a90d77bea01598f3b3bba8b0f3,2,false
544eed2f1447ca7d6bbde58c4e1131445185081f8342d6ddc7d5ced9b06f3fb2,0,true
544eed2f1447ca7d6bbde58c4e1131445185081f8342d6ddc7d5ced9b06f3fb2,1,false
544eed2f1447ca7d6bbde58c4e1131445185081f8342d6ddc7d5ced9b06f3fb2,2,false
196013ef1e222a627b32cca61c3358b7e5106b986e04155d5f8bc67d4c0a372b,0,false
196013ef1e222a627b32cca61c3358b7e5106b986e04155d5f8bc67d4c0a372b,1,true
196013ef1e222a627b32cca61c3358b7e5106b986e04155d5f8bc67d4c0a372b,2,false
1409ee6e6c954540dd6dbc4d09f0cbe9dcf572e7a63bfd7fbfe6fb5053f88075,0,false
1409ee6e6c954540dd6dbc4d09f0cbe9dcf572e7a63bfd7fbfe6fb5053f88075,1,false
1409ee6e6c954540dd6dbc4d09f0cbe9dcf572e7a63bfd7fbfe6fb5053f88075,2,true
779ba0a1eab76d3f6d679c50c1337679b658aa9641808baef5543fd809553ace,0,false
779ba0a1eab76d3f6d679c50c1337679b658aa9641808baef5543fd809553ace,1,false
779ba0a1eab76d3f6d679c50c1337679b658aa9641808baef5543fd809553ace,2,true
739e96b07a4eb2f6c611f968bdb0eb421e70048ef28cabed6bbea18c2807f959,0,true
739e96b07a4eb2f6c611f968bdb0eb421e70048ef28cabed6bbea18c2807f959,1,false
739e96b07a4eb2f6c611f968bdb0eb421e70048ef28cabed6bbea18c2807f959,2,false
58196a9b05f73da69fde512357484c7533c014bdba78a62a8d15c2ab664309e2,0,true
58196a9b05f73da69fde512357484c7533c014bdba78a62a8d15c2ab664309e2,1,false
58196a9b05f73da69fde512357484c7533c014bdba78a62a8d15c2ab664309e2,2,false
11c6bed0421f3ee815d13ec1d8a0d2e7959ea1e880813805c0fb0d324806c98a,0,true
11c6bed0421f3ee815d13ec1d8a0d2e7959ea1e880813805c0fb0d324806c98a,1,false
11c6bed0421f3ee815d13ec1d8a0d2e7959ea1e880813805c0fb0d324806c98a,2,false
de83ae79c688e0fed1b80600bf43a4490fff359c8ae9bfd08c7d1d570ad923f0,0,false
de83ae79c688e0fed1b80600bf43a4490fff359c8ae9bfd08c7d1d570ad923f0,1,true
de83ae79c688e0fed1b80600bf43a4490fff359c8ae9bfd08c7d1d570ad923f0,2,false
3788f23076387245d925f7c04a0c910638ca0d010e0d72d89d43ea171bb87497,0,false
3788f23076387245d925f7c04a0c910638ca0d010e0d72d89d43ea171bb87497,1,false
3788f23076387245d925f7c04a0c910638ca0d010e0d72d89d43ea171bb87497,2,true
b5976ad85b4d4fc500721de2ee36e63007f8a565760b081f59f74929505caee0,0,false
b5976ad85b4d4fc500721de2ee36e63007f8a565760b081f59f74929505caee0,1,false
b5976ad85b4d4fc500721de2ee36e63007f8a565760b081f59f74929505caee0,2,true
4b51b5243376f306c4162c3bfeeb2a5304443f158943a99805920886a36f41a7,0,false
4b51b5243376f306c4162c3bfeeb2a5304443f158943a99805920886a36f41a7,1,true
4b51b5243376f306c4162c3bfeeb2a5304443f158943a99805920886a36f41a7,2,false
2fc3ffa1d99bd384f4bab78808043f0961745aa05e1e99b2f53eaadd5ec066a1,0,false
2fc3ffa1d99bd384f4bab78808043f0961745aa05e1e99b2f53eaadd5ec066a1,1,true
2fc3ffa1d99bd384f4bab78808043f0961745aa05e1e99b2f53eaadd5ec066a1,2,false
5ef5b970dd73bf2ccdc0ec7c44b9140069f3cd8e4ae6b34005dd4a51b74d6295,0,false
5ef5b970dd73bf2ccdc0ec7c44b9140069f3cd8e4ae6b34005dd4a51b74d6295,1,false
5ef5b970dd73bf2ccdc0ec7c44b9140069f3cd8e4ae6b34005dd4a51b74d6295,2,true
11b42e032a7f83a3fa0a4574362cfd5b7c4c37daa28039cc4fca7a160046e69d,0,false
11b42e032a7f83a3fa0a4574362cfd5b7c4c37daa28039cc4fca7a160046e69d,1,true
11b42e032a7f83a3fa0a4574362cfd5b7c4c37daa28039cc4fca7a160046e69d,2,false
751e3be9300a1a89b25a97293216b0497d4046c735171efa21339e6f10fa0071,0,false
751e3be9300a1a89b25a97293216b0497d4046c735171efa21339e6f10fa0071,1,true
751e3be9300a1a89b25a97293216b0497d4046c735171efa21339e6f10fa0071,2,false
2502615d5444b0b7faa697b8d73ad938eee037f7ea11097e7a101ac3db0cdfb0,0,true
2502615d5444b0b7faa697b8d73ad938eee037f7ea11097e7a101ac3db0cdfb0,1,false
2502615d5444b0b7faa697b8d73ad938eee037f7ea11097e7a101ac3db0cdfb0,2,false
53df432051b336576586194f78b8db6cbf62c9e60e2ac7ebf11e88596eafbf69,0,false
53df432051b336576586194f78b8db6cbf62c9e60e2ac7ebf11e88596eafbf69,1,false
53df432051b336576586194f78b8db6cbf62c9e60e2ac7ebf11e88596eafbf69,2,true
abf0fb0d3022d86ecfa9e7dfa85f179785a21bac018e1e14b354c5eeb54646aa,0,true
abf0fb0d3022d86ecfa9e7dfa85f179785a21bac018e1e14b354c5eeb54646aa,1,false
abf0fb0d3022d86ecfa9e7dfa85f179785a21bac018e1e14b354c5eeb54646aa,2,false
1e0508cc9ff0516564ffa769f4e1b5bc555ae138ae03b0626188104bf9a15997,0,true
1e0508cc9ff0516564ffa769f4e1b5bc555ae138ae03b0626188104bf9a15997,1,false
1e0508cc9ff0516564ffa769f4e1b5bc555ae138ae03b0626188104bf9a15997,2,false
cad7667d6bc7191efefa105c38bb431a645ad8fb8f490ea5ed372083cfddfe3f,0,true
cad7667d6bc7191efefa105c38bb431a645ad8fb8f490ea5ed372083cfddfe3f,1,false
cad7667d6bc7191efefa105c38bb431a645ad8fb8f490ea5ed372083cfddfe3f,2,false
013e336120f10ff4d704655e959187f992e4414a77fba13a274c05ff2336e205,0,false
013e336120f10ff4d704655e959187f992e4414a77fba13a274c05ff2336e205,1,true
013e336120f10ff4d704655e959187f992e4414a77fba13a274c05ff2336e205,2,false
b888f10a338b9dc3ebe8a26bcfaa1da70d94919f8653a0e1f334b16b76d42e83,0,true
b888f10a338b9dc3ebe8a26bcfaa1da70d94919f8653a0e1f334b16b76d42e83,1,false
b888f10a338b9dc3ebe8a26bcfaa1da70d94919f8653a0e1f334b16b76d42e83,2,false
695f5aacdbd215aeca6e3926fb2bd0646cc93b18a11a3de35b8350b8dab7a20b,0,false
695f5aacdbd215aeca6e3926fb2bd0646cc93b18a11a3de35b8350b8dab7a20b,1,true
695f5aacdbd215aeca6e3926fb2bd0646cc93b18a11a3de35b8350b8dab7a20b,2,false
4e8ca791045dc175f086ea5fbd6c6d78daefbfd733483fe1da3cc2a4aaaba04a,0,true
4e8ca791045dc175f086ea5fbd6c6d78daefbfd733483fe1da3cc2a4aaaba04a,1,false
4e8ca791045dc175f086ea5fbd6c6d78daefbfd733483fe1da3cc2a4aaaba04a,2,false
67635542e05efee4481de497ff5368da79008fd6fbb724bbb5d2bfb6964708c9,0,false
67635542e05efee4481de497ff5368da79008fd6fbb724bbb5d2bfb6964708c9,1,false
67635542e05efee4481de497ff5368da79008fd6fbb724bbb5d2bfb6964708c9,2,true
3cf02a3ef24d29ff75eb3e54566dd52b3546c4822e08e416b7386a93fcf4d738,0,true
3cf02a3ef24d29ff75eb3e54566dd52b3546c4822e08e416b7386a93fcf4d738,1,false
3cf02a3ef24d29ff75eb3e54566dd52b3546c4822e08e416b7386a93fcf4d738,2,false
a8c7313124dd1390f8063c63e121c92c93073e983bb2dc5266b815758045d42a,0,false
a8c7313124dd1390f8063c63e121c92c93073e983bb2dc5266b815758045d42a,1,false
a8c7313124dd1390f8063c63e121c92c93073e983bb2dc5266b815758045d42a,2,true
aeb244afabdec7bee6a3c9772205ac81f03b3030da0d6edc92a740b986cf518e,0,true
aeb244afabdec7bee6a3c9772205ac81f03b3030da0d6edc92a740b986cf518e,1,false
aeb244afabdec7bee6a3c9772205ac81f03b3030da0d6edc92a740b986cf518e,2,false
702e6981393f306e4cd3f55133bbc4796ffa7964e1e6b188632e3fbc37153e06,0,false
702e6981393f306e4cd3f55133bbc4796ffa7964e1e6b188632e3fbc37153e06,1,false
702e6981393f306e4cd3f55133bbc4796ffa7964e1e6b188632e3fbc37153e06,2,true
f622af57c90e5c4bff30832d46aa986e18e0b49d0c711a787a133a662e50bff1,0,false
f622af57c90e5c4bff30832d46aa986e18e0b49d0c711a787a133a662e50bff1,1,false
f622af57c90e5c4bff30832d46aa986e18e0b49d0c711a787a133a662e50bff1,2,true
4bba4710b7f964672c8fbda5cd93ae47c5f85ae141d4a47dedff3e9b22a9464f,0,true
4bba4710b7f964672c8fbda5cd93ae47c5f85ae141d4a47dedff3e9b22a9464f,1,false
4bba4710b7f964672c8fbda5cd93ae47c5f85ae141d4a47dedff3e9b22a9464f,2,false
3908111782ea8bf39cbc191af43c8f000426610ae0597289242576b86551ac96,0,true
3908111782ea8bf39cbc191af43c8f000426610ae0597289242576b86551ac96,1,false
3908111782ea8bf39cbc191af43c8f000426610ae0597289242576b86551ac96,2,false
059079119a346544785a3b1f69e5e715dab07f2d02ec4a47d204df22d3f6aac6,0,false
059079119a346544785a3b1f69e5e715dab07f2d02ec4a47d204df22d3f6aac6,1,false
059079119a346544785a3b1f69e5e715dab07f2d02ec4a47d204df22d3f6aac6,2,true
6e73dcdad7858455254be98ed7366048f79ba9774b2019d1246487d60476178f,0,false
6e73dcdad7858455254be98ed7366048f79ba9774b2019d1246487d60476178f,1,false
6e73dcdad7858455254be98ed7366048f79ba9774b2019d1246487d60476178f,2,true
3112c95f6e9c5cb7c00d74d743f63dddf47d2f959d734f2ab7d30d029075e435,0,true
3112c95f6e9c5cb7c00d74d743f63dddf47d2f959d734f2ab7d30d029075e435,1,false
3112c95f6e9c5cb7c00d74d743f63dddf47d2f959d734f2ab7d30d029075e435,2,false
abe751bb82c9d52d016c3aa885082338b05c53e68dfd2f48a0c6456596171554,0,true
abe751bb82c9d52d016c3aa885082338b05c53e68dfd2f48a0c6456596171554,1,false
abe751bb82c9d52d016c3aa885082338b05c53e68dfd2f48a0c6456596171554,2,false
07c0c76ff3a0d676c9d77ae0ac191d6b2e0a5452d8cf2197c2c858fa02833168,0,true
07c0c76ff3a0d676c9d77ae0ac191d6b2e0a5452d8cf2197c2c858fa02833168,1,false
07c0c76ff3a0d676c9d77ae0ac191d6b2e0a5452d8cf2197c2c858fa02833168,2,false
f7c71a389f1549ee02ef07b95e7cb3674c605e0b42fad61e6e286a3f9a49555a,0,false
f7c71a389f1549ee02ef07b95e7cb3674c605e0b42fad61e6e286a3f9a49555a,1,true
f7c71a389f1549ee02ef07b95e7cb3674c605e0b42fad61e6e286a3f9a49555a,2,false
34abbdcb6ce7758b731a3742894853a924f1facabcba25a26e1e3cef0fee4e0a,0,false
34abbdcb6ce7758b731a3742894853a924f1facabcba25a26e1e3cef0fee4e0a,1,true
34abbdcb6ce7758b731a3742894853a924f1facabcba25a26e1e3cef0fee4e0a,2,false
6cb5cc68a5733cd79dd8ef221a0e99d9e6902e1182c6fc655c05bfa533c54dfd,0,false
6cb5cc68a5733cd79dd8ef221a0e99d9e6902e1182c6fc655c05bfa533c54dfd,1,true
6cb5cc68a5733cd79dd8ef221a0e99d9e6902e1182c6fc655c05bfa533c54dfd,2,false
29f77b007f843f915ad1b88e9f3562cae0d366f69af13cccefbbb75051b9edbe,0,false
29f77b007f843f915ad1b88e9f3562cae0d366f69af13cccefbbb75051b9edbe,1,true
29f77b007f843f915ad1b88e9f3562cae0d366f69af13cccefbbb75051b9edbe,2,false
ac988ad7d555c02cec2982124697dab6fb98ffc5533efd95d9faa4d238883265,0,false
ac988ad7d555c02cec2982124697dab6fb98ffc5533efd95d9faa4d238883265,1,true
ac988ad7d555c02cec2982124697dab6fb98ffc5533efd95d9faa4d238883265,2,false
9a9d0d68b0ea372ffd133f2c18622ce9bb4d3fe3a048c7fdba85f1bea96fdf7a,0,false
9a9d0d68b0ea372ffd133f2c18622ce9bb4d3fe3a048c7fdba85f1bea96fdf7a,1,false
9a9d0d68b0ea372ffd133f2c18622ce9bb4d3fe3a048c7fdba85f1bea96fdf7a,2,true
b4b6a52a6d9505d4e7e91850b4209a6641b24ec9dcf96ee59149264ae5a6aadc,0,false
b4b6a52a6d9505d4e7e91850b4209a6641b24ec9dcf96ee59149264ae5a6aadc,1,true
b4b6a52a6d9505d4e7e91850b4209a6641b24ec9dcf96ee59149264ae5a6aadc,2,false
8679ff99590d8f5dda956c773e9a9aab9e85d9dd93711d63d3b8a1f07e83ca93,0,true
8679ff99590d8f5dda956c773e9a9aab9e85d9dd93711d63d3b8a1f07e83ca93,1,false
8679ff99590d8f5dda956c773e9a9aab9e85d9dd93711d63d3b8a1f07e83ca93,2,false
089a5605db8992e36f68810b5b69391c2e6668e56ef60a2552c6289d72d91a63,0,true
089a5605db8992e36f68810b5b69391c2e6668e56ef60a2552c6289d72d91a63,1,false
089a5605db8992e36f68810b5b69391c2e6668e56ef60a2552c6289d72d91a63,2,false
bf498bb589f81ee47a23a7a837a0c8abbbfde8533f8c7cc4fd49b23859e1c449,0,false
bf498bb589f81ee47a23a7a837a0c8abbbfde8533f8c7cc4fd49b23859e1c449,1,false
bf498bb589f81ee47a23a7a837a0c8abbbfde8533f8c7cc4fd49b23859e1c449,2,true
8a7ab15f4e1aa0f5dbc1f4bdd76ffa6ff8c9f52b0caa82dc3f32c0d3d5645ec1,0,true
8a7ab15f4e1aa0f5dbc1f4bdd76ffa6ff8c9f52b0caa82dc3f32c0d3d5645ec1,1,false
8a7ab15f4e1aa0f5dbc1f4bdd76ffa6ff8c9f52b0caa82dc3f32c0d3d5645ec1,2,false
bc3b2a205e2d0c286f2119ae1efa0e41df1c7ce6dcbe7c6adf58dd04e82c8916,0,true
bc3b2a205e2d0c286f2119ae1efa0e41df1c7ce6dcbe7c6adf58dd04e82c8916,1,false
bc3b2a205e2d0c286f2119ae1efa0e41df1c7ce6dcbe7c6adf58dd04e82c8916,2,false
cb0c12e693a8d15853ebaaad0ee80d12c62472cc7b032e626c758de195d23c56,0,false
cb0c12e693a8d15853ebaaad0ee80d12c62472cc7b032e626c758de195d23c56,1,false
cb0c12e693a8d15853ebaaad0ee80d12c62472cc7b032e626c758de195d23c56,2,true
f7fc4877a7cab55838462844876fb8ef6e32117b18e03251482502252d9abe97,0,false
f7fc4877a7cab55838462844876fb8ef6e32117b18e03251482502252d9abe97,1,true
f7fc4877a7cab55838462844876fb8ef6e32117b18e03251482502252d9abe97,2,false
93186b379386d14f54c367114d3287ed863680faeac1d77ea372c67ea2d29942,0,true
93186b379386d14f54c367114d3287ed863680faeac1d77ea372c67ea2d29942,1,false
93186b379386d14f54c367114d3287ed863680faeac1d77ea372c67ea2d29942,2,false
947450698543d2abacb11fbacce22370496d8a7e55f629d5d8dd818663dc757b,0,false
947450698543d2abacb11fbacce22370496d8a7e55f629d5d8dd818663dc757b,1,true
947450698543d2abacb11fbacce22370496d8a7e55f629d5d8dd818663dc757b,2,false
b45082c9bb88c6fe958ef437bf162f2cb6ece8f057986523bb658c52ffc9f532,0,false
b45082c9bb88c6fe958ef437bf162f2cb6ece8f057986523bb658c52ffc9f532,1,true
b45082c9bb88c6fe958ef437bf162f2cb6ece8f057986523bb658c52ffc9f532,2,false
876d248ea5d65630295f031d1f9d213bf6637dfce235bc7f91eb66dca9099be1,0,false
876d248ea5d65630295f031d1f9d213bf6637dfce235bc7f91eb66dca9099be1,1,false
876d248ea5d65630295f031d1f9d213bf6637dfce235bc7f91eb66dca9099be1,2,true
648608a75e895a75a5d9e7fb6fd482e7b18d79e977dae40e0d5999e59fc0cc84,0,false
648608a75e895a75a5d9e7fb6fd482e7b18d79e977dae40e0d5999e59fc0cc84,1,true
648608a75e895a75a5d9e7fb6fd482e7b18d79e977dae40e0d5999e59fc0cc84,2,false
ef890e99f9ccf3ce120fd1733407e82ff5b1cfef9145a342e54ed6243b0b80b0,0,false
ef890e99f9ccf3ce120fd1733407e82ff5b1cfef9145a342e54ed6243b0b80b0,1,true
ef890e99f9ccf3ce120fd1733407e82ff5b1cfef9145a342e54ed6243b0b80b0,2,false
ccd04b4eed24209b334d1243af8319ec1d2c362a7f57acab82f2857d37b8336e,0,false
ccd04b4eed24209b334d1243af8319ec1d2c362a7f57acab82f2857d37b8336e,1,false
ccd04b4eed24209b334d1243af8319ec1d2c362a7f57acab82f2857d37b8336e,2,true
4a281570062b5b914ab7526e00f1d242f54a3db532322e6947ca2cd5e56c1a75,0,false
4a281570062b5b914ab7526e00f1d242f54a3db532322e6947ca2cd5e56c1a75,1,true
4a281570062b5b914ab7526e00f1d242f54a3db532322e6947ca2cd5e56c1a75,2,false
0f597e3b2db49ca229b919b40dcdb8cda8ce5d3d2a88f9e3af8b205e615bc0e9,0,true
0f597e3b2db49ca229b919b40dcdb8cda8ce5d3d2a88f9e3af8b205e615bc0e9,1,false
0f597e3b2db49ca229b919b40dcdb8cda8ce5d3d2a88f9e3af8b205e615bc0e9,2,false
6109e6b409151a77ef77229236f67329c223b48451154dd003404607cbb5ebe4,0,false
6109e6b409151a77ef77229236f67329c223b48451154dd003404607cbb5ebe4,1,false
6109e6b409151a77ef77229236f67329c223b48451154dd003404607cbb5ebe4,2,true
46e3e47c842d6498489c4c516ccab9cee082765be9de9f246860cd5623646e4d,0,false
46e3e47c842d6498489c4c516ccab9cee082765be9de9f246860cd5623646e4d,1,true
46e3e47c842d6498489c4c516ccab9cee082765be9de9f246860cd5623646e4d,2,false
43bdc6e79f22c4ad461982e1a01f38e623e605cf894e7a5d20f8ad2567867cbc,0,false
43bdc6e79f22c4ad461982e1a01f38e623e605cf894e7a5d20f8ad2567867cbc,1,true
43bdc6e79f22c4ad461982e1a01f38e623e605cf894e7a5d20f8ad2567867cbc,2,false
2641c912076fce9a6678b849787b301754b58cb098dc43de5c0c2cbdd4717f4d,0,true
2641c912076fce9a6678b849787b301754b58cb098dc43de5c0c2cbdd4717f4d,1,false
2641c912076fce9a6678b849787b301754b58cb098dc43de5c0c2cbdd4717f4d,2,false
dd3e165be23c91d632e76e265e8fe06a1e8ebf25162a520e42375bec43b1ae34,0,true
dd3e165be23c91d632e76e265e8fe06a1e8ebf25162a520e42375bec43b1ae34,1,false
dd3e165be23c91d632e76e265e8fe06a1e8ebf25162a520e42375bec43b1ae34,2,false
05a2c7bc745aa03de4b64ffb8e30d6353ba8d3c3aa12aa6d0f90338aa8c2224d,0,true
05a2c7bc745aa03de4b64ffb8e30d6353ba8d3c3aa12aa6d0f90338aa8c2224d,1,false
05a2c7bc745aa03de4b64ffb8e30d6353ba8d3c3aa12aa6d0f90338aa8c2224d,2,false
717e637f23e835a972b2f02fdfc093b16c5b3c28fce8a304f3f1cf756744f670,0,true
717e637f23e835a972b2f02fdfc093b16c5b3c28fce8a304f3f1cf756744f670,1,false
717e637f23e835a972b2f02fdfc093b16c5b3c28fce8a304f3f1cf756744f670,2,false
69d615821f54cbeedf03d99b2e4c03946de9b30ac7c07af376c990932054b019,0,false
69d615821f54cbeedf03d99b2e4c03946de9b30ac7c07af376c990932054b019,1,false
69d615821f54cbeedf03d99b2e4c03946de9b30ac7c07af376c990932054b019,2,true
a99ac74f3de4eb0e76180cac8f58d631f3158273e5568a8f27511bf1cf78fadd,0,false
a99ac74f3de4eb0e76180cac8f58d631f3158273e5568a8f27511bf1cf78fadd,1,true
a99ac74f3de4eb0e76180cac8f58d631f3158273e5568a8f27511bf1cf78fadd,2,false
d1a5f1215066c4b4a2fc1ec3edb193b9c9173355bd57391406cec5086fbaa69c,0,false
d1a5f1215066c4b4a2fc1ec3edb193b9c9173355bd57391406cec5086fbaa69c,1,true
d1a5f1215066c4b4a2fc1ec3edb193b9c9173355bd57391406cec5086fbaa69c,2,false
9f937355c4e0af701702898273666c0329f544c01a05648c36ea4256a8b15b1d,0,true
9f937355c4e0af701702898273666c0329f544c01a05648c36ea4256a8b15b1d,1,false
9f937355c4e0af701702898273666c0329f544c01a05648c36ea4256a8b15b1d,2,false
8a9324113755653b3c995c9b0ea85d8fbad55e8656ab793e303d79e57e9aa62a,0,true
8a9324113755653b3c995c9b0ea85d8fbad55e8656ab793e303d79e57e9aa62a,1,false
8a9324113755653b3c995c9b0ea85d8fbad55e8656ab793e303d79e57e9aa62a,2,false
f4e5aa08824b38053d3f3e8c7206ee8dc13d53a80e278f1721dfa2a335c436d3,0,false
f4e5aa08824b38053d3f3e8c7206ee8dc13d53a80e278f1721dfa2a335c436d3,1,false
f4e5aa08824b38053d3f3e8c7206ee8dc13d53a80e278f1721dfa2a335c436d3,2,true
165c02ce9421a91cf9645e67899829ee83155bdab80bfeb063d04bf905467cd5,0,false
165c02ce9421a91cf9645e67899829ee83155bdab80bfeb063d04bf905467cd5,1,true
165c02ce9421a91cf9645e67899829ee83155bdab80bfeb063d04bf905467cd5,2,false
6e511c3e297a00c9cf8debca46117c910b5b39edc9e8bba429db843f71ffe01a,0,true
6e511c3e297a00c9cf8debca46117c910b5b39edc9e8bba429db843f71ffe01a,1,false
6e511c3e297a00c9cf8debca46117c910b5b39edc9e8bba429db843f71ffe01a,2,false
292eb109c15c723d73d587a25daa881a8da764ff3598571d9ea0898d6c3a1ce5,0,false
292eb109c15c723d73d587a25daa881a8da764ff3598571d9ea0898d6c3a1ce5,1,true
292eb109c15c723d73d587a25daa881a8da764ff3598571d9ea0898d6c3a1ce5,2,false
d8167e72b8fd938a69a40c949e79583af30e8da0430631c00fa94c4aa57df754,0,true
d8167e72b8fd938a69a40c949e79583af30e8da0430631c00fa94c4aa57df754,1,false
d8167e72b8fd938a69a40c949e79583af30e8da0430631c00fa94c4aa57df754,2,false
300f21d47bf14613748da079a1fa4a1c0e8164ac1e09d2649db7764cf3af69ca,0,true
300f21d47bf14613748da079a1fa4a1c0e8164ac1e09d2649db7764cf3af69ca,1,false
300f21d47bf14613748da079a1fa4a1c0e8164ac1e09d2649db7764cf3af69ca,2,false
51795aad87138b86f41f5b43b2a453543db3652a0b856f073b767bf6794a1c48,0,true
51795aad87138b86f41f5b43b2a453543db3652a0b856f073b767bf6794a1c48,1,false
51795aad87138b86f41f5b43b2a453543db3652a0b856f073b767bf6794a1c48,2,false
14b88657d23795f803e224b07521688df4c6c69864b26d2beae2ead664c773e3,0,true
14b88657d23795f803e224b07521688df4c6c69864b26d2beae2ead664c773e3,1,false
14b88657d23795f803e224b07521688df4c6c69864b26d2beae2ead664c773e3,2,false
40e767ed14bafffd9aa12e21bfa4fc0ba7f15ffebaab51383efa2e14714cf414,0,false
40e767ed14bafffd9aa12e21bfa4fc0ba7f15ffebaab51383efa2e14714cf414,1,false
40e767ed14bafffd9aa12e21bfa4fc0ba7f15ffebaab51383efa2e14714cf414,2,true
4bc9a6a150ab522aa6eeae12b090323e85dd86fca79cc545b26da930d704d8f5,0,true
4bc9a6a150ab522aa6eeae12b090323e85dd86fca79cc545b26da930d704d8f5,1,false
4bc9a6a150ab522aa6eeae12b090323e85dd86fca79cc545b26da930d704d8f5,2,false
19d7ddf624a37436354323e9a92d145090816489d4d683577dc06bedba6fabb5,0,false
19d7ddf624a37436354323e9a92d145090816489d4d683577dc06bedba6fabb5,1,true
19d7ddf624a37436354323e9a92d145090816489d4d683577dc06bedba6fabb5,2,false
d1cc43111ac747f84a89a2ba98c69c5128a9ad9fda6515e4778646373bbd764c,0,false
d1cc43111ac747f84a89a2ba98c69c5128a9ad9fda6515e4778646373bbd764c,1,false
d1cc43111ac747f84a89a2ba98c69c5128a9ad9fda6515e4778646373bbd764c,2,true
4ba06cbd2c2311b125b4d415788a4bf2176daa70543cc750f3d4c2876b8ea800,0,true
4ba06cbd2c2311b125b4d415788a4bf2176daa70543cc750f3d4c2876b8ea800,1,false
4ba06cbd2c2311b125b4d415788a4bf2176daa70543cc750f3d4c2876b8ea800,2,false
1db0478b440cd979b44c4c086efab2dee86d09f0565cde9be5a245816baaf60f,0,false
1db0478b440cd979b44c4c086efab2dee86d09f0565cde9be5a245816baaf60f,1,false
1db0478b440cd979b44c4c086efab2dee86d09f0565cde9be5a245816baaf60f,2,true
780053123073d87d9344f219b0ee4c8fe6db8e4c757ecc0395ff0b520f2853d4,0,true
780053123073d87d9344f219b0ee4c8fe6db8e4c757ecc0395ff0b520f2853d4,1,false
780053123073d87d9344f219b0ee4c8fe6db8e4c757ecc0395ff0b520f2853d4,2,false
aaf79dff1659a4d5c828137d85da868f1278917e998bfde6b3cd582c95531baa,0,false
aaf79dff1659a4d5c828137d85da868f1278917e998bfde6b3cd582c95531baa,1,false
aaf79dff1659a4d5c828137d85da868f1278917e998bfde6b3cd582c95531baa,2,true
f1cc9d43962430744683c9c2131650bdb49beec65efda46fe47a84d1611ceefa,0,false
f1cc9d43962430744683c9c2131650bdb49beec65efda46fe47a84d1611ceefa,1,false
f1cc9d43962430744683c9c2131650bdb49beec65efda46fe47a84d1611ceefa,2,true
a96c6457c0943063f328a1d2368dbfd0160e5eeb4fd18052c1d2f2c6e23b9f1c,0,false
a96c6457c0943063f328a1d2368dbfd0160e5eeb4fd18052c1d2f2c6e23b9f1c,1,true
a96c6457c0943063f328a1d2368dbfd0160e5eeb4fd18052c1d2f2c6e23b9f1c,2,false
75a5abc8b23bbe79d325c05dcc745e770a58325cc15d866b0fb6c70bcc3ce4a8,0,false
75a5abc8b23bbe79d325c05dcc745e770a58325cc15d866b0fb6c70bcc3ce4a8,1,true
75a5abc8b23bbe79d325c05dcc745e770a58325cc15d866b0fb6c70bcc3ce4a8,2,false
852c9fec50f3f22a295d047ea5f6bea1a7785a35cc29d09f71ad2d81adb98d50,0,false
852c9fec50f3f22a295d047ea5f6bea1a7785a35cc29d09f71ad2d81adb98d50,1,true
852c9fec50f3f22a295d047ea5f6bea1a7785a35cc29d09f71ad2d81adb98d50,2,false
f7155155b15bc084434fdc67f32d7d9213cd9f0ed93ad3953158848788fb0a6f,0,true
f7155155b15bc084434fdc67f32d7d9213cd9f0ed93ad3953158848788fb0a6f,1,false
f7155155b15bc084434fdc67f32d7d9213cd9f0ed93ad3953158848788fb0a6f,2,false
0e12bfab1779ac015774c57936ef79c59ff7a3162fae0947856e8393ac35176a,0,true
0e12bfab1779ac015774c57936ef79c59ff7a3162fae0947856e8393ac35176a,1,false
0e12bfab1779ac015774c57936ef79c59ff7a3162fae0947856e8393ac35176a,2,false
e85633a47859ce17f93d1db1b0d3c81d59e4c2060524620b7a5bbf96803475b8,0,false
e85633a47859ce17f93d1db1b0d3c81d59e4c2060524620b7a5bbf96803475b8,1,false
e85633a47859ce17f93d1db1b0d3c81d59e4c2060524620b7a5bbf96803475b8,2,true
838014dbe59319f3d81501d9d53f02fb3c45f734e9cc495faf4520e128cb4935,0,false
838014dbe59319f3d81501d9d53f02fb3c45f734e9cc495faf4520e128cb4935,1,true
838014dbe59319f3d81501d9d53f02fb3c45f734e9cc495faf4520e128cb4935,2,false
8bb5a63ad62ab74f334397e4bcc74624f5e09ae2977bd9f12397ee40ec0f14dd,0,true
8bb5a63ad62ab74f334397e4bcc74624f5e09ae2977bd9f12397ee40ec0f14dd,1,false
8bb5a63ad62ab74f334397e4bcc74624f5e09ae2977bd9f12397ee40ec0f14dd,2,false
5dc93fcac9d29c663296b940baad37793f3be447c77e94c6f8b2ca465d4693e5,0,true
5dc93fcac9d29c663296b940baad37793f3be447c77e94c6f8b2ca465d4693e5,1,false
5dc93fcac9d29c663296b940baad37793f3be447c77e94c6f8b2ca465d4693e5,2,false
3f2dd306f9b3aef7e8cea394a4a2377ab218d15b49b703dc6d33c1a6cdde4d2a,0,true
3f2dd306f9b3aef7e8cea394a4a2377ab218d15b49b703dc6d33c1a6cdde4d2a,1,false
3f2dd306f9b3aef7e8cea394a4a2377ab218d15b49b703dc6d33c1a6cdde4d2a,2,false
a130e91eaf48e2a0cdba34b5a01464d1386c4801980f8a30189a9eaec079f7c7,0,true
a130e91eaf48e2a0cdba34b5a01464d1386c4801980f8a30189a9eaec079f7c7,1,false
a130e91eaf48e2a0cdba34b5a01464d1386c4801980f8a30189a9eaec079f7c7,2,false
483a3fb5386d0b0d0c9013ae893bc481e4cc58428badff05a0c7645f6b5d0718,0,false
483a3fb5386d0b0d0c9013ae893bc481e4cc58428badff05a0c7645f6b5d0718,1,false
483a3fb5386d0b0d0c9013ae893bc481e4cc58428badff05a0c7645f6b5d0718,2,true
599c1df7d54c7dd0eec119840edfa58c512c73b21fb5f0037e0b082f0f0f66b5,0,false
599c1df7d54c7dd0eec119840edfa58c512c73b21fb5f0037e0b082f0f0f66b5,1,true
599c1df7d54c7dd0eec119840edfa58c512c73b21fb5f0037e0b082f0f0f66b5,2,false
80059aea5406da1b2bbe540126b257757dbf9a83881ebb82558579686a535fa2,0,true
80059aea5406da1b2bbe540126b257757dbf9a83881ebb82558579686a535fa2,1,false
80059aea5406da1b2bbe540126b257757dbf9a83881ebb82558579686a535fa2,2,false
763e48e44d18abf62bf5156e389324245dea270c5cd3288c1fc18090df7334fa,0,false
763e48e44d18abf62bf5156e389324245dea270c5cd3288c1fc18090df7334fa,1,false
763e48e44d18abf62bf5156e389324245dea270c5cd3288c1fc18090df7334fa,2,true
db48668651d206b93444505313676e8a084a2cee0469857d15da1db66b23a8a7,0,true
db48668651d206b93444505313676e8a084a2cee0469857d15da1db66b23a8a7,1,false
db48668651d206b93444505313676e8a084a2cee0469857d15da1db66b23a8a7,2,false
11b26f8f10c8913d7a0295918a5b121a48cdc3abfd733d24b80c197c4a0ba679,0,false
11b26f8f10c8913d7a0295918a5b121a48cdc3abfd733d24b80c197c4a0ba679,1,true
11b26f8f10c8913d7a0295918a5b121a48cdc3abfd733d24b80c197c4a0ba679,2,false
b321e4a5d421e2a2b264e102a72e92c10a7ffc32bbef5588782953d9ccfb8173,0,true
b321e4a5d421e2a2b264e102a72e92c10a7ffc32bbef5588782953d9ccfb8173,1,false
b321e4a5d421e2a2b264e102a72e92c10a7ffc32bbef5588782953d9ccfb8173,2,false
886a46e813ceb32674d9919e867480bf76b1ce00e13552f39398b260bed443bb,0,true
886a46e813ceb32674d9919e867480bf76b1ce00e13552f39398b260bed443bb,1,false
886a46e813ceb32674d9919e867480bf76b1ce00e13552f39398b260bed443bb,2,false
60139339ecbad6596145e41ca00d9f56b38295976b8c2332d070745fde5a34dc,0,false
60139339ecbad6596145e41ca00d9f56b38295976b8c2332d070745fde5a34dc,1,false
60139339ecbad6596145e41ca00d9f56b38295976b8c2332d070745fde5a34dc,2,true
b444fa512f2691941af1d471dbe3168759ec5c81f9791f55e47621c5b24d72a5,0,false
b444fa512f2691941af1d471dbe3168759ec5c81f9791f55e47621c5b24d72a5,1,true
b444fa512f2691941af1d471dbe3168759ec5c81f9791f55e47621c5b24d72a5,2,false
6678cc2b4f4fa84361b890270147063b50fda7472ae66eb330ab7ada83228a76,0,true
6678cc2b4f4fa84361b890270147063b50fda7472ae66eb330ab7ada83228a76,1,false
6678cc2b4f4fa84361b890270147063b50fda7472ae66eb330ab7ada83228a76,2,false
f2da168e0c1c2e1ff7be005aa7c19fbf99e5b414ef1f4e242017205c518bb6ed,0,false
f2da168e0c1c2e1ff7be005aa7c19fbf99e5b414ef1f4e242017205c518bb6ed,1,true
f2da168e0c1c2e1ff7be005aa7c19fbf99e5b414ef1f4e242017205c518bb6ed,2,false
99c828f29014a2416778fe27350ed8fd6a32f6e330ce0e5f064e398c36681f5c,0,false
99c828f29014a2416778fe27350ed8fd6a32f6e330ce0e5f064e398c36681f5c,1,true
99c828f29014a2416778fe27350ed8fd6a32f6e330ce0e5f064e398c36681f5c,2,false
2478faf22a2e02ea504c31a497fe6714dabe8bba16e44c01d2baefc16e54e665,0,false
2478faf22a2e02ea504c31a497fe6714dabe8bba16e44c01d2baefc16e54e665,1,true
2478faf22a2e02ea504c31a497fe6714dabe8bba16e44c01d2baefc16e54e665,2,false
a81d7e873f73904055d6c99981b24d44239a5094db4c520e1448db307746e8f4,0,true
a81d7e873f73904055d6c99981b24d44239a5094db4c520e1448db307746e8f4,1,false
a81d7e873f73904055d6c99981b24d44239a5094db4c520e1448db307746e8f4,2,false
97d600172cf26658392ccdc3dd3a334889c5f06c3170b10139277cc4f910ac27,0,false
97d600172cf26658392ccdc3dd3a334889c5f06c3170b10139277cc4f910ac27,1,true
97d600172cf26658392ccdc3dd3a334889c5f06c3170b10139277cc4f910ac27,2,false
9c8dafff937c3a9669b91e2faf6b0dc618b3eebaea22d5e57d4780dc3cfa0f71,0,false
9c8dafff937c3a9669b91e2faf6b0dc618b3eebaea22d5e57d4780dc3cfa0f71,1,false
9c8dafff937c3a9669b91e2faf6b0dc618b3eebaea22d5e57d4780dc3cfa0f71,2,true
39221a68a199474e770e6a1708206acf286548f6848bb0eb2b5e648ee21cb637,0,false
39221a68a199474e770e6a1708206acf286548f6848bb0eb2b5e648ee21cb637,1,true
39221a68a199474e770e6a1708206acf286548f6848bb0eb2b5e648ee21cb637,2,false
5ddad1e4b3783c135c7944b92ca2cfa24333b6acfe9e73ef0d558c36250569eb,0,false
5ddad1e4b3783c135c7944b92ca2cfa24333b6acfe9e73ef0d558c36250569eb,1,false
5ddad1e4b3783c135c7944b92ca2cfa24333b6acfe9e73ef0d558c36250569eb,2,true
14ea135f5635a392b34ef7054beede35990fcfa10779350261336a746080a1a9,0,false
14ea135f5635a392b34ef7054beede35990fcfa10779350261336a746080a1a9,1,false
14ea135f5635a392b34ef7054beede35990fcfa10779350261336a746080a1a9,2,true
e0dcaf44a4b072eb924d6845bdb1cd386537e35833c57147f4bd9475d57f0ea4,0,true
e0dcaf44a4b072eb924d6845bdb1cd386537e35833c57147f4bd9475d57f0ea4,1,false
e0dcaf44a4b072eb924d6845bdb1cd386537e35833c57147f4bd9475d57f0ea4,2,false
723dbaa59453de015664eded120dc63cd7d1fe83eaf51edca234900a4d8046ed,0,true
723dbaa59453de015664eded120dc63cd7d1fe83eaf51edca234900a4d8046ed,1,false
723dbaa59453de015664eded120dc63cd7d1fe83eaf51edca234900a4d8046ed,2,false
6a11e0527d97034106931d201a6ee3c6c498ca0765f6786f4230cf52e21304c5,0,false
6a11e0527d97034106931d201a6ee3c6c498ca0765f6786f4230cf52e21304c5,1,true
6a11e0527d97034106931d201a6ee3c6c498ca0765f6786f4230cf52e21304c5,2,false
2dd648315765df72c2bba9c49b56e6e54943c2a4ca0426bb4f50a71256d46f3c,0,false
2dd648315765df72c2bba9c49b56e6e54943c2a4ca0426bb4f50a71256d46f3c,1,false
2dd648315765df72c2bba9c49b56e6e54943c2a4ca0426bb4f50a71256d46f3c,2,true
7d5790952f9b7e5d652d061b74c4486e1d5fd2371f3182c9f93bc96977afdf5a,0,false
7d5790952f9b7e5d652d061b74c4486e1d5fd2371f3182c9f93bc96977afdf5a,1,true
7d5790952f9b7e5d652d061b74c4486e1d5fd2371f3182c9f93bc96977afdf5a,2,false
865bf3965e91946a2496bd71a26ec9f5f6b9ab7e2f7905a16c61dbbb7beb17aa,0,true
865bf3965e91946a2496bd71a26ec9f5f6b9ab7e2f7905a16c61dbbb7beb17aa,1,false
865bf3965e91946a2496bd71a26ec9f5f6b9ab7e2f7905a16c61dbbb7beb17aa,2,false
5383c7d5171bb8ee6c7e2c38cf789a99f7ad65ff85793dcf1c2f86caef538ce7,0,true
5383c7d5171bb8ee6c7e2c38cf789a99f7ad65ff85793dcf1c2f86caef538ce7,1,false
5383c7d5171bb8ee6c7e2c38cf789a99f7ad65ff85793dcf1c2f86caef538ce7,2,false
078bf2c93ce3e9e4ca4d99e6ad46e4b56d4c267cae7fbf6099212044e490a760,0,false
078bf2c93ce3e9e4ca4d99e6ad46e4b56d4c267cae7fbf6099212044e490a760,1,true
078bf2c93ce3e9e4ca4d99e6ad46e4b56d4c267cae7fbf6099212044e490a760,2,false
1ff926fb7baf5fb07fa74101c65e12c6869170d655152c98660580c164afd81c,0,true
1ff926fb7baf5fb07fa74101c65e12c6869170d655152c98660580c164afd81c,1,false
1ff926fb7baf5fb07fa74101c65e12c6869170d655152c98660580c164afd81c,2,false
581b890e5bf53779c8314c1baf8e77e6ae936b2cd923c00d775da08e366a66be,0,true
581b890e5bf53779c8314c1baf8e77e6ae936b2cd923c00d775da08e366a66be,1,false
581b890e5bf53779c8314c1baf8e77e6ae936b2cd923c00d775da08e366a66be,2,false
3430a7a8dcf317951dc53bd33319be87e3d34d6572d0c88d677494048f67af68,0,false
3430a7a8dcf317951dc53bd33319be87e3d34d6572d0c88d677494048f67af68,1,true
3430a7a8dcf317951dc53bd33319be87e3d34d6572d0c88d677494048f67af68,2,false
1d672cec293df15215512ed39d47957ebb52d98dbfd0b9ef200ce7edc118bfd9,0,false
1d672cec293df15215512ed39d47957ebb52d98dbfd0b9ef200ce7edc118bfd9,1,false
1d672cec293df15215512ed39d47957ebb52d98dbfd0b9ef200ce7edc118bfd9,2,true
c63b99a9f5e0c6a6a91a700bc145fc40319aa835f26c5e676dc0b519702901d3,0,false
c63b99a9f5e0c6a6a91a700bc145fc40319aa835f26c5e676dc0b519702901d3,1,false
c63b99a9f5e0c6a6a91a700bc145fc40319aa835f26c5e676dc0b519702901d3,2,true
1553888fa609c963e84923d0e893232f34d61ff53ba5cb700fbe3cbb3389bd37,0,false
1553888fa609c963e84923d0e893232f34d61ff53ba5cb700fbe3cbb3389bd37,1,false
1553888fa609c963e84923d0e893232f34d61ff53ba5cb700fbe3cbb3389bd37,2,true
60f4762bb23c530d0a7506effc4f7dfb545e644fb555a0479663d41d814fff38,0,false
60f4762bb23c530d0a7506effc4f7dfb545e644fb555a0479663d41d814fff38,1,false
60f4762bb23c530d0a7506effc4f7dfb545e644fb555a0479663d41d814fff38,2,true
2710e89575bf629122f2df7ce4f97911510867f23da0dbbc69245ba054ce00d4,0,true
2710e89575bf629122f2df7ce4f97911510867f23da0dbbc69245ba054ce00d4,1,false
2710e89575bf629122f2df7ce4f97911510867f23da0dbbc69245ba054ce00d4,2,false
be735b0de833dc67908dcf75a03e5914ef948df3c9d2e17bd895ef6a1bd349ed,0,false
be735b0de833dc67908dcf75a03e5914ef948df3c9d2e17bd895ef6a1bd349ed,1,true
be735b0de833dc67908dcf75a03e5914ef948df3c9d2e17bd895ef6a1bd349ed,2,false
f927621d5c5b13b49c288546224c0d9ec921d437bcdf72ff1818b38deaef60f3,0,true
f927621d5c5b13b49c288546224c0d9ec921d437bcdf72ff1818b38deaef60f3,1,false
f927621d5c5b13b49c288546224c0d9ec921d437bcdf72ff1818b38deaef60f3,2,false
b3073559e2df9ff3bb60f4f7f2ecb2a6cf38ea039f83e762de51e2bbf85a31aa,0,false
b3073559e2df9ff3bb60f4f7f2ecb2a6cf38ea039f83e762de51e2bbf85a31aa,1,false
b3073559e2df9ff3bb60f4f7f2ecb2a6cf38ea039f83e762de51e2bbf85a31aa,2,true
68096e5c1538c4d0473a8c826c6f40cc3761f1a404ccd9d4e3d8725ddfc05d31,0,true
68096e5c1538c4d0473a8c826c6f40cc3761f1a404ccd9d4e3d8725ddfc05d31,1,false
68096e5c1538c4d0473a8c826c6f40cc3761f1a404ccd9d4e3d8725ddfc05d31,2,false
db0f7dbd4e3753e73d25d6449324e875cfec0bfbbcb49f4653b13f2a9030c8ab,0,true
db0f7dbd4e3753e73d25d6449324e875cfec0bfbbcb49f4653b13f2a9030c8ab,1,false
db0f7dbd4e3753e73d25d6449324e875cfec0bfbbcb49f4653b13f2a9030c8ab,2,false
c1f302e299ac197aaf22bc635ffd05754b02a97c183759862fe19dcec5a12b89,0,true
c1f302e299ac197aaf22bc635ffd05754b02a97c183759862fe19dcec5a12b89,1,false
c1f302e299ac197aaf22bc635ffd05754b02a97c183759862fe19dcec5a12b89,2,false
1fd9bdcb50e987d4a4ce77ad2a4e90ecb1a87613bd6bdfa69619449cb7317f62,0,true
1fd9bdcb50e987d4a4ce77ad2a4e90ecb1a87613bd6bdfa69619449cb7317f62,1,false
1fd9bdcb50e987d4a4ce77ad2a4e90ecb1a87613bd6bdfa69619449cb7317f62,2,false
2761a27630d7733e5fdc221af6c6a776333ece8d6f312ea763ac037b4a7144af,0,true
2761a27630d7733e5fdc221af6c6a776333ece8d6f312ea763ac037b4a7144af,1,false
2761a27630d7733e5fdc221af6c6a776333ece8d6f312ea763ac037b4a7144af,2,false
77489b5adb0b512be5fec0b15e860d09673eb25164c732c59d1b7be9eb161d92,0,true
77489b5adb0b512be5fec0b15e860d09673eb25164c732c59d1b7be9eb161d92,1,false
77489b5adb0b512be5fec0b15e860d09673eb25164c732c59d1b7be9eb161d92,2,false
96ef2ac9efc684854993254f4bb8b445281f11cbd81f4541d4cd4c1d75d3e8ba,0,false
96ef2ac9efc684854993254f4bb8b445281f11cbd81f4541d4cd4c1d75d3e8ba,1,true
96ef2ac9efc684854993254f4bb8b445281f11cbd81f4541d4cd4c1d75d3e8ba,2,false
13dd4a2eb7d8f688d619e887fb4455cb4cbdae08b29cfccfa1f91c2df6ac9c05,0,false
13dd4a2eb7d8f688d619e887fb4455cb4cbdae08b29cfccfa1f91c2df6ac9c05,1,true
13dd4a2eb7d8f688d619e887fb4455cb4cbdae08b29cfccfa1f91c2df6ac9c05,2,false
60fe7c4c7479ed6376b744d438f5ce518b656252d0776750b3a3935c755ae83d,0,true
60fe7c4c7479ed6376b744d438f5ce518b656252d0776750b3a3935c755ae83d,1,false
60fe7c4c7479ed6376b744d438f5ce518b656252d0776750b3a3935c755ae83d,2,false
1105f28293ea062c43509b0b4e35e79640cdb49d5e4bd8246bf332cd102fcd1f,0,true
1105f28293ea062c43509b0b4e35e79640cdb49d5e4bd8246bf332cd102fcd1f,1,false
1105f28293ea062c43509b0b4e35e79640cdb49d5e4bd8246bf332cd102fcd1f,2,false
01258d2a56463432755beebbe29c84ec3209fada59824884714321e0ab6bb769,0,false
01258d2a56463432755beebbe29c84ec3209fada59824884714321e0ab6bb769,1,false
01258d2a56463432755beebbe29c84ec3209fada59824884714321e0ab6bb769,2,true
198da4d7b09fbebd2e1d955e54724c57560d87f1b6a6d3fda51a5a7b10501a6b,0,true
198da4d7b09fbebd2e1d955e54724c57560d87f1b6a6d3fda51a5a7b10501a6b,1,false
198da4d7b09fbebd2e1d955e54724c57560d87f1b6a6d3fda51a5a7b10501a6b,2,false
f14d0f220eea222f59772e164e43c7dd0dc52d200a3af6210c08ea838492f265,0,false
f14d0f220eea222f59772e164e43c7dd0dc52d200a3af6210c08ea838492f265,1,false
f14d0f220eea222f59772e164e43c7dd0dc52d200a3af6210c08ea838492f265,2,true
7647f4baeb16e6c014fcb84e4eade66422b8b3a59f49ccd98b99603501602693,0,false
7647f4baeb16e6c014fcb84e4eade66422b8b3a59f49ccd98b99603501602693,1,false
7647f4baeb16e6c014fcb84e4eade66422b8b3a59f49ccd98b99603501602693,2,true
9bc0e849911df5da2ae9ca7f6079fda179741982d87b9702c1460c8e0eb2cbbe,0,true
9bc0e849911df5da2ae9ca7f6079fda179741982d87b9702c1460c8e0eb2cbbe,1,false
9bc0e849911df5da2ae9ca7f6079fda179741982d87b9702c1460c8e0eb2cbbe,2,false
a8894dc8442136d33dee594aace5f79091f02916fa9767d14f3f465974d27f2f,0,false
a8894dc8442136d33dee594aace5f79091f02916fa9767d14f3f465974d27f2f,1,false
a8894dc8442136d33dee594aace5f79091f02916fa9767d14f3f465974d27f2f,2,true
95f39b2ce7c835b47c3a6c4b4b5d4441fb218c7264116f05a309ae65c0d1a0eb,0,false
95f39b2ce7c835b47c3a6c4b4b5d4441fb218c7264116f05a309ae65c0d1a0eb,1,true
95f39b2ce7c835b47c3a6c4b4b5d4441fb218c7264116f05a309ae65c0d1a0eb,2,false
3c4ee1de4ec051f3864b94c37abe578100f7472c0cbbd4a87ca3d4f877d0cd35,0,true
3c4ee1de4ec051f3864b94c37abe578100f7472c0cbbd4a87ca3d4f877d0cd35,1,false
3c4ee1de4ec051f3864b94c37abe578100f7472c0cbbd4a87ca3d4f877d0cd35,2,false
8db37699061ed9e510c93c0e02e977f0093f79b474ed8a973eb80ce14c487c68,0,true
8db37699061ed9e510c93c0e02e977f0093f79b474ed8a973eb80ce14c487c68,1,false
8db37699061ed9e510c93c0e02e977f0093f79b474ed8a973eb80ce14c487c68,2,false
b7e957c7bc736e0b6024aa89757c0d9e8d32da6b0269e1d38933aceac10371b2,0,true
b7e957c7bc736e0b6024aa89757c0d9e8d32da6b0269e1d38933aceac10371b2,1,false
b7e957c7bc736e0b6024aa89757c0d9e8d32da6b0269e1d38933aceac10371b2,2,false
dd8e425002148b44867fcea742aa3c708b04fa89c154d69ff98373d1dc0ed89a,0,false
dd8e425002148b44867fcea742aa3c708b04fa89c154d69ff98373d1dc0ed89a,1,true
dd8e425002148b44867fcea742aa3c708b04fa89c154d69ff98373d1dc0ed89a,2,false
535a3c169fee3129753c0dddbd6936108498467a334e0a6c4082f101c520ef3b,0,false
535a3c169fee3129753c0dddbd6936108498467a334e0a6c4082f101c520ef3b,1,false
535a3c169fee3129753c0dddbd6936108498467a334e0a6c4082f101c520ef3b,2,true
cb0e0b4bab63fd10c6cff808ab3f4da79d7c61fda07e784f2ae7ce53ea335c51,0,false
cb0e0b4bab63fd10c6cff808ab3f4da79d7c61fda07e784f2ae7ce53ea335c51,1,false
cb0e0b4bab63fd10c6cff808ab3f4da79d7c61fda07e784f2ae7ce53ea335c51,2,true
9eb041cccd716f3a9fbf2e312cd6a369d7939e404aff89af4913891920587cfe,0,false
9eb041cccd716f3a9fbf2e312cd6a369d7939e404aff89af4913891920587cfe,1,false
9eb041cccd716f3a9fbf2e312cd6a369d7939e404aff89af4913891920587cfe,2,true
31b156939afb18bbf17a2e1a0129ad13b7d2ec0e0ce3b653a03a6a6d60237424,0,false
31b156939afb18bbf17a2e1a0129ad13b7d2ec0e0ce3b653a03a6a6d60237424,1,false
31b156939afb18bbf17a2e1a0129ad13b7d2ec0e0ce3b653a03a6a6d60237424,2,true
4f4a876a360631d1e10f2de293ec7e076a1b0e39ccb6320c3417fc89418eee41,0,true
4f4a876a360631d1e10f2de293ec7e076a1b0e39ccb6320c3417fc89418eee41,1,false
4f4a876a360631d1e10f2de293ec7e076a1b0e39ccb6320c3417fc89418eee41,2,false
a3850ae59daf00b758952533c355dffb3a6a29319ba68cfc2280c4473e6fceab,0,false
a3850ae59daf00b758952533c355dffb3a6a29319ba68cfc2280c4473e6fceab,1,false
a3850ae59daf00b758952533c355dffb3a6a29319ba68cfc2280c4473e6fceab,2,true
89ec874176ef8ece732800a5e7798943643341ee3fd31ab41d8d9859bf35a3de,0,false
89ec874176ef8ece732800a5e7798943643341ee3fd31ab41d8d9859bf35a3de,1,true
89ec874176ef8ece732800a5e7798943643341ee3fd31ab41d8d9859bf35a3de,2,false
3f33df7e9d81785adc538e5df8b32c0dfdd12c5aa316dcfb2ed3b63dc6d91d8b,0,false
3f33df7e9d81785adc538e5df8b32c0dfdd12c5aa316dcfb2ed3b63dc6d91d8b,1,true
3f33df7e9d81785adc538e5df8b32c0dfdd12c5aa316dcfb2ed3b63dc6d91d8b,2,false
075552fa4353bc4185fc48b37e9bdf8ab8f0aa03af229c0e51934f0f988b675e,0,true
075552fa4353bc4185fc48b37e9bdf8ab8f0aa03af229c0e51934f0f988b675e,1,false
075552fa4353bc4185fc48b37e9bdf8ab8f0aa03af229c0e51934f0f988b675e,2,false
4d225cb5230dd3523182bd4145dd04b989a38bc48b66110865f6cdc78c3dac42,0,true
4d225cb5230dd3523182bd4145dd04b989a38bc48b66110865f6cdc78c3dac42,1,false
4d225cb5230dd3523182bd4145dd04b989a38bc48b66110865f6cdc78c3dac42,2,false
4c426e557e77d5c5fd982fa19f8a1346ec9c0c70e8498eba3ebef7ac90f6a84f,0,false
4c426e557e77d5c5fd982fa19f8a1346ec9c0c70e8498eba3ebef7ac90f6a84f,1,false
4c426e557e77d5c5fd982fa19f8a1346ec9c0c70e8498eba3ebef7ac90f6a84f,2,true
ddf930e6a3056ea81c3b289acff024dc84a12117367b327aba65c164220e227c,0,false
ddf930e6a3056ea81c3b289acff024dc84a12117367b327aba65c164220e227c,1,false
ddf930e6a3056ea81c3b289acff024dc84a12117367b327aba65c164220e227c,2,true
f1e7e8bbae659808cc705725c3f292e812e2a03659ecd0aee665d3f86702f07d,0,true
f1e7e8bbae659808cc705725c3f292e812e2a03659ecd0aee665d3f86702f07d,1,false
f1e7e8bbae659808cc705725c3f292e812e2a03659ecd0aee665d3f86702f07d,2,false
f520b5dba643ea37419297040601c1ba6c3d00b869ec1dbc108d8859a40e5053,0,true
f520b5dba643ea37419297040601c1ba6c3d00b869ec1dbc108d8859a40e5053,1,false
f520b5dba643ea37419297040601c1ba6c3d00b869ec1dbc108d8859a40e5053,2,false
e244df13e2c1333c517324ebdb098096c4351cbb1483a7fb62fd9bf3d3f12e75,0,false
e244df13e2c1333c517324ebdb098096c4351cbb1483a7fb62fd9bf3d3f12e75,1,true
e244df13e2c1333c517324ebdb098096c4351cbb1483a7fb62fd9bf3d3f12e75,2,false
1dd5c05d85fb886c1067469e3eaf46d66dcf21c4d4edbb3477ae2e6a6227e914,0,true
1dd5c05d85fb886c1067469e3eaf46d66dcf21c4d4edbb3477ae2e6a6227e914,1,false
1dd5c05d85fb886c1067469e3eaf46d66dcf21c4d4edbb3477ae2e6a6227e914,2,false
2112ef5ab5e005dd8c3ec90f7ff0ef86f67eae8c1899f8cdbc0df2a23b3cf608,0,false
2112ef5ab5e005dd8c3ec90f7ff0ef86f67eae8c1899f8cdbc0df2a23b3cf608,1,false
2112ef5ab5e005dd8c3ec90f7ff0ef86f67eae8c1899f8cdbc0df2a23b3cf608,2,true
4ea12bb87fa337157fd4937831af868165f09ad51c6fed97641de36c89aabfcf,0,false
4ea12bb87fa337157fd4937831af868165f09ad51c6fed97641de36c89aabfcf,1,true
4ea12bb87fa337157fd4937831af868165f09ad51c6fed97641de36c89aabfcf,2,false
30c973c0b62de73f82d6495c7d19d7f39d69a4adec8bf2fee1e09be961f167fa,0,true
30c973c0b62de73f82d6495c7d19d7f39d69a4adec8bf2fee1e09be961f167fa,1,false
30c973c0b62de73f82d6495c7d19d7f39d69a4adec8bf2fee1e09be961f167fa,2,false
06fa8634af3ae49249522234fed14c0ca2f8c46fb4fa20629bff80b8dc22b9af,0,false
06fa8634af3ae49249522234fed14c0ca2f8c46fb4fa20629bff80b8dc22b9af,1,false
06fa8634af3ae49249522234fed14c0ca2f8c46fb4fa20629bff80b8dc22b9af,2,true
8766f8498f0fe8ba9d3179ff0db8ff247d93391cf53f7038e5382d5355aab641,0,true
8766f8498f0fe8ba9d3179ff0db8ff247d93391cf53f7038e5382d5355aab641,1,false
8766f8498f0fe8ba9d3179ff0db8ff247d93391cf53f7038e5382d5355aab641,2,false
c5843b21b3e5573318bc850857c299433fc42a03d28bb7f12d6150007e662991,0,true
c5843b21b3e5573318bc850857c299433fc42a03d28bb7f12d6150007e662991,1,false
c5843b21b3e5573318bc850857c299433fc42a03d28bb7f12d6150007e662991,2,false
53974430aeae49fbe6612859aabf9d50f2c62c24cdbf7b328366b46c65fea22b,0,false
53974430aeae49fbe6612859aabf9d50f2c62c24cdbf7b328366b46c65fea22b,1,true
53974430aeae49fbe6612859aabf9d50f2c62c24cdbf7b328366b46c65fea22b,2,false
c392c0fa1461df37112717b6163607787e19c35dc3fbb77c30833b525ad04984,0,true
c392c0fa1461df37112717b6163607787e19c35dc3fbb77c30833b525ad04984,1,false
c392c0fa1461df37112717b6163607787e19c35dc3fbb77c30833b525ad04984,2,false
8803df4d7cfe6ecf8d41db944a5b2ab5354f1f07921940b727646d1305ab6081,0,true
8803df4d7cfe6ecf8d41db944a5b2ab5354f1f07921940b727646d1305ab6081,1,false
8803df4d7cfe6ecf8d41db944a5b2ab5354f1f07921940b727646d1305ab6081,2,false
4aa5976a22ef3d364bde004a085e61c861be84c583284eaa77781da170ea295c,0,false
4aa5976a22ef3d364bde004a085e61c861be84c583284eaa77781da170ea295c,1,true
4aa5976a22ef3d364bde004a085e61c861be84c583284eaa77781da170ea295c,2,false
359b13f5a5827699661c26e470d6e5371f1eb0c0f12e2a7d8e56c0721385aed6,0,false
359b13f5a5827699661c26e470d6e5371f1eb0c0f12e2a7d8e56c0721385aed6,1,true
359b13f5a5827699661c26e470d6e5371f1eb0c0f12e2a7d8e56c0721385aed6,2,false
3eb7981d8dfcbdb9fa5072c684e0c2b842dbf0af30c4ab96cb9527dda41fb3d0,0,true
3eb7981d8dfcbdb9fa5072c684e0c2b842dbf0af30c4ab96cb9527dda41fb3d0,1,false
3eb7981d8dfcbdb9fa5072c684e0c2b842dbf0af30c4ab96cb9527dda41fb3d0,2,false
2429d7633a43d75c70a265efc58f2430f09b23b2c778250e6e5f6c27d5769ec2,0,true
2429d7633a43d75c70a265efc58f2430f09b23b2c778250e6e5f6c27d5769ec2,1,false
2429d7633a43d75c70a265efc58f2430f09b23b2c778250e6e5f6c27d5769ec2,2,false
f908e41c06719397cb1b962af687fa3a72e4bda9596b73d4f78b17935e0cb3ee,0,true
f908e41c06719397cb1b962af687fa3a72e4bda9596b73d4f78b17935e0cb3ee,1,false
f908e41c06719397cb1b962af687fa3a72e4bda9596b73d4f78b17935e0cb3ee,2,false
b2a394d7b9ccf87b52ec1174ca4653eb7813e2eab9808738da02938fba2509d9,0,true
b2a394d7b9ccf87b52ec1174ca4653eb7813e2eab9808738da02938fba2509d9,1,false
b2a394d7b9ccf87b52ec1174ca4653eb7813e2eab9808738da02938fba2509d9,2,false
70a0d334a1e7ad658f1f996a355feb3201315b3bd854b1e923fbf5c5da530047,0,false
70a0d334a1e7ad658f1f996a355feb3201315b3bd854b1e923fbf5c5da530047,1,true
70a0d334a1e7ad658f1f996a355feb3201315b3bd854b1e923fbf5c5da530047,2,false
a6a564bb97152812be5ee51c79b47cc5593b0c5d8f4d75faef3d7623803f6432,0,true
a6a564bb97152812be5ee51c79b47cc5593b0c5d8f4d75faef3d7623803f6432,1,false
a6a564bb97152812be5ee51c79b47cc5593b0c5d8f4d75faef3d7623803f6432,2,false
1312c2e538b5d04b6e47e4f42691662b33dfc7c64365398beb713e4b8958a0a0,0,false
1312c2e538b5d04b6e47e4f42691662b33dfc7c64365398beb713e4b8958a0a0,1,false
1312c2e538b5d04b6e47e4f42691662b33dfc7c64365398beb713e4b8958a0a0,2,true
e25b867fb358e971f6bb18a7bd2d522b6e1a6691685d30e285f46250b9295e43,0,true
e25b867fb358e971f6bb18a7bd2d522b6e1a6691685d30e285f46250b9295e43,1,false
e25b867fb358e971f6bb18a7bd2d522b6e1a6691685d30e285f46250b9295e43,2,false
85d68476578555e7b9378633a7ffa3abdb7603a6a4f74e5d961cba4333299f80,0,true
85d68476578555e7b9378633a7ffa3abdb7603a6a4f74e5d961cba4333299f80,1,false
85d68476578555e7b9378633a7ffa3abdb7603a6a4f74e5d961cba4333299f80,2,false
d2fd6358ce8f06c37c0e9184d6783b9ee124ca5d0c30384985484832f01eee60,0,true
d2fd6358ce8f06c37c0e9184d6783b9ee124ca5d0c30384985484832f01eee60,1,false
d2fd6358ce8f06c37c0e9184d6783b9ee124ca5d0c30384985484832f01eee60,2,false
f0983ca55d6e47bc2ce80d329dc3fbf056c91e7d02fa0eebf27139b9d4e23abd,0,false
f0983ca55d6e47bc2ce80d329dc3fbf056c91e7d02fa0eebf27139b9d4e23abd,1,true
f0983ca55d6e47bc2ce80d329dc3fbf056c91e7d02fa0eebf27139b9d4e23abd,2,false
bbcfcf24127c48136546f2f5ac2355966aeee1c050e6cc06e1caf9ef0faf39f9,0,false
bbcfcf24127c48136546f2f5ac2355966aeee1c050e6cc06e1caf9ef0faf39f9,1,true
bbcfcf24127c48136546f2f5ac2355966aeee1c050e6cc06e1caf9ef0faf39f9,2,false
44f81fdd608f53ceeef572deee93dcf0b9297a4c1672182b7e9d88f5447c9a33,0,false
44f81fdd608f53ceeef572deee93dcf0b9297a4c1672182b7e9d88f5447c9a33,1,false
44f81fdd608f53ceeef572deee93dcf0b9297a4c1672182b7e9d88f5447c9a33,2,true
b9c0f062bf5edf9d0e7f77b66581f9a3ed36f6c2a74c53a7e2b34b7aae9abc8b,0,true
b9c0f062bf5edf9d0e7f77b66581f9a3ed36f6c2a74c53a7e2b34b7aae9abc8b,1,false
b9c0f062bf5edf9d0e7f77b66581f9a3ed36f6c2a74c53a7e2b34b7aae9abc8b,2,false
2237d361acf633b928547156484857e14c266d95527cbf14e7573d05381d3dd9,0,false
2237d361acf633b928547156484857e14c266d95527cbf14e7573d05381d3dd9,1,false
2237d361acf633b928547156484857e14c266d95527cbf14e7573d05381d3dd9,2,true
f1ecb625b739619f137648c65ea8124f377a41f157b9cf6ee0695b68eacb70f0,0,true
f1ecb625b739619f137648c65ea8124f377a41f157b9cf6ee0695b68eacb70f0,1,false
f1ecb625b739619f137648c65ea8124f377a41f157b9cf6ee0695b68eacb70f0,2,false
73f2ad66ee8da3bd122ac251905ef51d725bb5fa0f594d02b8945473cb3be878,0,false
73f2ad66ee8da3bd122ac251905ef51d725bb5fa0f594d02b8945473cb3be878,1,false
73f2ad66ee8da3bd122ac251905ef51d725bb5fa0f594d02b8945473cb3be878,2,true
cbe345131ce372c3bf84340379cd48312f120df5ee7dff63237c9b5aaf92e7e4,0,true
cbe345131ce372c3bf84340379cd48312f120df5ee7dff63237c9b5aaf92e7e4,1,false
cbe345131ce372c3bf84340379cd48312f120df5ee7dff63237c9b5aaf92e7e4,2,false
ac5bbede5c5c3a9f771f26666ae723a86d3eb951ab4bd9bcf5e73bf2324f22ea,0,false
ac5bbede5c5c3a9f771f26666ae723a86d3eb951ab4bd9bcf5e73bf2324f22ea,1,true
ac5bbede5c5c3a9f771f26666ae723a86d3eb951ab4bd9bcf5e73bf2324f22ea,2,false
762fae7ec7cfb4bd9bf0da9174ce622a8c0cbcd47b6df865899b20f2c395e2d6,0,false
762fae7ec7cfb4bd9bf0da9174ce622a8c0cbcd47b6df865899b20f2c395e2d6,1,false
762fae7ec7cfb4bd9bf0da9174ce622a8c0cbcd47b6df865899b20f2c395e2d6,2,true
21d007505cd510364eac0ae1bc5d9266bf773839cbe44360af8a39c56d6d780d,0,true
21d007505cd510364eac0ae1bc5d9266bf773839cbe44360af8a39c56d6d780d,1,false
21d007505cd510364eac0ae1bc5d9266bf773839cbe44360af8a39c56d6d780d,2,false
79f8c5f7e8303067834ed9a64321ff73e1e98adee77b9e358050b83c79c07b35,0,true
79f8c5f7e8303067834ed9a64321ff73e1e98adee77b9e358050b83c79c07b35,1,false
79f8c5f7e8303067834ed9a64321ff73e1e98adee77b9e358050b83c79c07b35,2,false
c49e93772ad5691f7fbcfde3642da5d1af3c0149c509b6e4cefc8254480b9bcf,0,false
c49e93772ad5691f7fbcfde3642da5d1af3c0149c509b6e4cefc8254480b9bcf,1,true
c49e93772ad5691f7fbcfde3642da5d1af3c0149c509b6e4cefc8254480b9bcf,2,false
ee0375f053b498f78ae385363c8a9688e33a50b0cf5753c2c837f13d57c8b32c,0,false
ee0375f053b498f78ae385363c8a9688e33a50b0cf5753c2c837f13d57c8b32c,1,true
ee0375f053b498f78ae385363c8a9688e33a50b0cf5753c2c837f13d57c8b32c,2,false
75ebcdba045340cae48fd65ba5190918b1540a07a91e3b8dc1c3b049bd0eef1a,0,false
75ebcdba045340cae48fd65ba5190918b1540a07a91e3b8dc1c3b049bd0eef1a,1,true
75ebcdba045340cae48fd65ba5190918b1540a07a91e3b8dc1c3b049bd0eef1a,2,false
c8ad1055fb072f04cfc0cf70d070159713b4bad650fdd733a0f7192891f582f4,0,true
c8ad1055fb072f04cfc0cf70d070159713b4bad650fdd733a0f7192891f582f4,1,false
c8ad1055fb072f04cfc0cf70d070159713b4bad650fdd733a0f7192891f582f4,2,false
8ec40edc0a367bd255640c4bf8b35c48f64e633fe4cc5720203280f7a3785851,0,false
8ec40edc0a367bd255640c4bf8b35c48f64e633fe4cc5720203280f7a3785851,1,true
8ec40edc0a367bd255640c4bf8b35c48f64e633fe4cc5720203280f7a3785851,2,false
525ac67c625bf68584d514cf16d62c4f9dc40e2cf5fee708af0468e8206a4ce6,0,true
525ac67c625bf68584d514cf16d62c4f9dc40e2cf5fee708af0468e8206a4ce6,1,false
525ac67c625bf68584d514cf16d62c4f9dc40e2cf5fee708af0468e8206a4ce6,2,false
06c4d028326a80be2fc9194c8a011f1ffbc8a5339dd8ad6efc115b75558a065c,0,true
06c4d028326a80be2fc9194c8a011f1ffbc8a5339dd8ad6efc115b75558a065c,1,false
06c4d028326a80be2fc9194c8a011f1ffbc8a5339dd8ad6efc115b75558a065c,2,false
af8296b141b8634111d663f7025a23677fc206dc53fd6b6b217d583a91226153,0,false
af8296b141b8634111d663f7025a23677fc206dc53fd6b6b217d583a91226153,1,true
af8296b141b8634111d663f7025a23677fc206dc53fd6b6b217d583a91226153,2,false
cad4ae9c3ce549d60b8d6f7c34004c505a510cf4dd2a0487a36d0292188ddda4,0,true
cad4ae9c3ce549d60b8d6f7c34004c505a510cf4dd2a0487a36d0292188ddda4,1,false
cad4ae9c3ce549d60b8d6f7c34004c505a510cf4dd2a0487a36d0292188ddda4,2,false
58f4eeaeeb112ddff84fc300a93e22d2a3bc19817229aced03dd7042bcb5ed57,0,false
58f4eeaeeb112ddff84fc300a93e22d2a3bc19817229aced03dd7042bcb5ed57,1,true
58f4eeaeeb112ddff84fc300a93e22d2a3bc19817229aced03dd7042bcb5ed57,2,false
f0dc550f15039ad01f7d2e1a15f7695e7773a1e4798a49fc1212edee4b888623,0,true
f0dc550f15039ad01f7d2e1a15f7695e7773a1e4798a49fc1212edee4b888623,1,false
f0dc550f15039ad01f7d2e1a15f7695e7773a1e4798a49fc1212edee4b888623,2,false
a0fce574f62e4033f83702bf3fd14b7e49e3bfcbca2bb4f8396effb76b4d7813,0,false
a0fce574f62e4033f83702bf3fd14b7e49e3bfcbca2bb4f8396effb76b4d7813,1,true
a0fce574f62e4033f83702bf3fd14b7e49e3bfcbca2bb4f8396effb76b4d7813,2,false
7163f380a34702aefcde0a8b8c50f14d7d13db71252c5392385929d1c9486160,0,false
7163f380a34702aefcde0a8b8c50f14d7d13db71252c5392385929d1c9486160,1,true
7163f380a34702aefcde0a8b8c50f14d7d13db71252c5392385929d1c9486160,2,false
961b2b703f86e2340d6cac523547222590f75de31c0e649f37a933e25dab2f0d,0,false
961b2b703f86e2340d6cac523547222590f75de31c0e649f37a933e25dab2f0d,1,true
961b2b703f86e2340d6cac523547222590f75de31c0e649f37a933e25dab2f0d,2,false
dc21aba7a38babd7c8af96a01588bcf9ca6d651bf99312545e1d397601814038,0,false
dc21aba7a38babd7c8af96a01588bcf9ca6d651bf99312545e1d397601814038,1,false
dc21aba7a38babd7c8af96a01588bcf9ca6d651bf99312545e1d397601814038,2,true
6ec9f5c08bc999a670195f2017a4e4679f68f00e88888dc9bce892c8503639b5,0,false
6ec9f5c08bc999a670195f2017a4e4679f68f00e88888dc9bce892c8503639b5,1,false
6ec9f5c08bc999a670195f2017a4e4679f68f00e88888dc9bce892c8503639b5,2,true
10007383715c872394de52dbd8198fef488c96710c405e6af31a77acec548434,0,false
10007383715c872394de52dbd8198fef488c96710c405e6af31a77acec548434,1,false
10007383715c872394de52dbd8198fef488c96710c405e6af31a77acec548434,2,true
3424fd5f5b4ca6393cc35d168105f93cafd923c549766057335187a63f40b512,0,true
3424fd5f5b4ca6393cc35d168105f93cafd923c549766057335187a63f40b512,1,false
3424fd5f5b4ca6393cc35d168105f93cafd923c549766057335187a63f40b512,2,false
efac7c6b7a493636d491725b5932c44afcd9362bf97b73d7031fdcb01b04ec46,0,true
efac7c6b7a493636d491725b5932c44afcd9362bf97b73d7031fdcb01b04ec46,1,false
efac7c6b7a493636d491725b5932c44afcd9362bf97b73d7031fdcb01b04ec46,2,false
e3adcf7b55b5140d907cec0c3214790d1a2e55e5ac511af2a35dee477e1cd6f5,0,true
e3adcf7b55b5140d907cec0c3214790d1a2e55e5ac511af2a35dee477e1cd6f5,1,false
e3adcf7b55b5140d907cec0c3214790d1a2e55e5ac511af2a35dee477e1cd6f5,2,false
714f224e387dd3dd9f2efcfc5468595f5963b723f27f027a92fe1f53dc86bd3e,0,false
714f224e387dd3dd9f2efcfc5468595f5963b723f27f027a92fe1f53dc86bd3e,1,true
714f224e387dd3dd9f2efcfc5468595f5963b723f27f027a92fe1f53dc86bd3e,2,false
5a7adce8881fe008c8eb182ddf1d92ac710a59d2d640c959158746bb09cc32f4,0,false
5a7adce8881fe008c8eb182ddf1d92ac710a59d2d640c959158746bb09cc32f4,1,false
5a7adce8881fe008c8eb182ddf1d92ac710a59d2d640c959158746bb09cc32f4,2,true
eee45f424db73e831571e65dda8eda0c70ede50f96b1426ff144bc0144a11a02,0,false
eee45f424db73e831571e65dda8eda0c70ede50f96b1426ff144bc0144a11a02,1,true
eee45f424db73e831571e65dda8eda0c70ede50f96b1426ff144bc0144a11a02,2,false
ffa201a119862e9c9dc68d5b23a29f3937bfaf9e62e74332b78408d0f723b632,0,false
ffa201a119862e9c9dc68d5b23a29f3937bfaf9e62e74332b78408d0f723b632,1,false
ffa201a119862e9c9dc68d5b23a29f3937bfaf9e62e74332b78408d0f723b632,2,true
ea331132e9eb56be7b3072fba33abd3b07ac7628e29a1c7da9cb7cef1dbc5256,0,true
ea331132e9eb56be7b3072fba33abd3b07ac7628e29a1c7da9cb7cef1dbc5256,1,false
ea331132e9eb56be7b3072fba33abd3b07ac7628e29a1c7da9cb7cef1dbc5256,2,false
f14ab340a439961cfd50b6ca92083d6f823d9ae8422b04688319bf4e50126038,0,true
f14ab340a439961cfd50b6ca92083d6f823d9ae8422b04688319bf4e50126038,1,false
f14ab340a439961cfd50b6ca92083d6f823d9ae8422b04688319bf4e50126038,2,false
8982840973f4e6523d9f44ac9b930be68a0dfc3906a88826d4fdca2c6a9395d8,0,false
8982840973f4e6523d9f44ac9b930be68a0dfc3906a88826d4fdca2c6a9395d8,1,false
8982840973f4e6523d9f44ac9b930be68a0dfc3906a88826d4fdca2c6a9395d8,2,true
8c34c25a03b3fa91c4a4fde2a777ec4c9c093dac32988918bd63115d943cd07a,0,false
8c34c25a03b3fa91c4a4fde2a777ec4c9c093dac32988918bd63115d943cd07a,1,false
8c34c25a03b3fa91c4a4fde2a777ec4c9c093dac32988918bd63115d943cd07a,2,true
cc03d58a38464c8e0d33d24b26affd71b535e1dbacdaef534c101192744c400f,0,false
cc03d58a38464c8e0d33d24b26affd71b535e1dbacdaef534c101192744c400f,1,true
cc03d58a38464c8e0d33d24b26affd71b535e1dbacdaef534c101192744c400f,2,false
1a4fb501b49d3a48d4b9ee158ba459b06d7a827677e9ea366155d45e517a5b3a,0,false
1a4fb501b49d3a48d4b9ee158ba459b06d7a827677e9ea366155d45e517a5b3a,1,false
1a4fb501b49d3a48d4b9ee158ba459b06d7a827677e9ea366155d45e517a5b3a,2,true
cbd20ed578c760c734df7bbafa56b2c4c00609edc6d600097fe9bcf0ad27331c,0,false
cbd20ed578c760c734df7bbafa56b2c4c00609edc6d600097fe9bcf0ad27331c,1,false
cbd20ed578c760c734df7bbafa56b2c4c00609edc6d600097fe9bcf0ad27331c,2,true
a3f39cb15d21b0f8862c41d4d6afdbaa5c168b2e3bf86f6328c7245e90a7f410,0,false
a3f39cb15d21b0f8862c41d4d6afdbaa5c168b2e3bf86f6328c7245e90a7f410,1,false
a3f39cb15d21b0f8862c41d4d6afdbaa5c168b2e3bf86f6328c7245e90a7f410,2,true
fd3b7b3bdc39078f608ce58edf2b1ad56b35082fb375acb2e6f994a1149d7d58,0,false
fd3b7b3bdc39078f608ce58edf2b1ad56b35082fb375acb2e6f994a1149d7d58,1,false
fd3b7b3bdc39078f608ce58edf2b1ad56b35082fb375acb2e6f994a1149d7d58,2,true
5a568032be6b495a51d9a04490f6176e778c157e4c07ae9e5cf1cf98d90082b5,0,true
5a568032be6b495a51d9a04490f6176e778c157e4c07ae9e5cf1cf98d90082b5,1,false
5a568032be6b495a51d9a04490f6176e778c157e4c07ae9e5cf1cf98d90082b5,2,false
5991607e103af8b783c9eb34611236a77300d8743302443123d9ea095330b853,0,false
5991607e103af8b783c9eb34611236a77300d8743302443123d9ea095330b853,1,false
5991607e103af8b783c9eb34611236a77300d8743302443123d9ea095330b853,2,true
7799b503e5517bf0866211e51c535a112d435faf2ede1143a48e142ae2a48b12,0,false
7799b503e5517bf0866211e51c535a112d435faf2ede1143a48e142ae2a48b12,1,false
7799b503e5517bf0866211e51c535a112d435faf2ede1143a48e142ae2a48b12,2,true
84c90a07fbeba4c323634c5bab1ef276ef8eb99bf63aeccfedbf70fd3eebbcde,0,false
84c90a07fbeba4c323634c5bab1ef276ef8eb99bf63aeccfedbf70fd3eebbcde,1,false
84c90a07fbeba4c323634c5bab1ef276ef8eb99bf63aeccfedbf70fd3eebbcde,2,true
5ee857d9c96818880e4830d7743b1f0e13f020566afc1af3f3b4a505887d8940,0,false
5ee857d9c96818880e4830d7743b1f0e13f020566afc1af3f3b4a505887d8940,1,true
5ee857d9c96818880e4830d7743b1f0e13f020566afc1af3f3b4a505887d8940,2,false
7bae9549e2cfccaf2a84b0b7c2392a77f4320fda7d80864fa2c4986e433e47cc,0,false
7bae9549e2cfccaf2a84b0b7c2392a77f4320fda7d80864fa2c4986e433e47cc,1,false
7bae9549e2cfccaf2a84b0b7c2392a77f4320fda7d80864fa2c4986e433e47cc,2,true
cbed5e0735cbd9e2b740d1c0a697fd644ce1d1649d0dbf7cf9c75597f43f93ff,0,true
cbed5e0735cbd9e2b740d1c0a697fd644ce1d1649d0dbf7cf9c75597f43f93ff,1,false
cbed5e0735cbd9e2b740d1c0a697fd644ce1d1649d0dbf7cf9c75597f43f93ff,2,false
4cdfb738eca538ab4465ec7605b7a1b4c1bcd603f6ec54856ad27370aae5ec8b,0,true
4cdfb738eca538ab4465ec7605b7a1b4c1bcd603f6ec54856ad27370aae5ec8b,1,false
4cdfb738eca538ab4465ec7605b7a1b4c1bcd603f6ec54856ad27370aae5ec8b,2,false
c7f148b67592894e14b87003fba7cb7ef780551d3cbbd37195fdc9003ed0db5b,0,false
c7f148b67592894e14b87003fba7cb7ef780551d3cbbd37195fdc9003ed0db5b,1,true
c7f148b67592894e14b87003fba7cb7ef780551d3cbbd37195fdc9003ed0db5b,2,false
85082c64ce121232d8e641a3f62a766c77c41a3122c0a2bbc6ae55f494699a91,0,true
85082c64ce121232d8e641a3f62a766c77c41a3122c0a2bbc6ae55f494699a91,1,false
85082c64ce121232d8e641a3f62a766c77c41a3122c0a2bbc6ae55f494699a91,2,false
a412c97547075c394221808f90f74178464030289b9bd7a8ab1274ed73a17114,0,false
a412c97547075c394221808f90f74178464030289b9bd7a8ab1274ed73a17114,1,true
a412c97547075c394221808f90f74178464030289b9bd7a8ab1274ed73a17114,2,false
3ff4d55f21d1bdb429a60b17003f88aa8ede51053d7c65acb45c571f902f1bbb,0,false
3ff4d55f21d1bdb429a60b17003f88aa8ede51053d7c65acb45c571f902f1bbb,1,false
3ff4d55f21d1bdb429a60b17003f88aa8ede51053d7c65acb45c571f902f1bbb,2,true
3c794e2ce509dc060e977ab959a9f4815b8a04294c9c631e38547e3b3f7a9dde,0,false
3c794e2ce509dc060e977ab959a9f4815b8a04294c9c631e38547e3b3f7a9dde,1,false
3c794e2ce509dc060e977ab959a9f4815b8a04294c9c631e38547e3b3f7a9dde,2,true
1eb14d9077f2bf4c07d54f3645d6f917528b056bc5dfab450f98a52702c6451e,0,true
1eb14d9077f2bf4c07d54f3645d6f917528b056bc5dfab450f98a52702c6451e,1,false
1eb14d9077f2bf4c07d54f3645d6f917528b056bc5dfab450f98a52702c6451e,2,false
af1262cca5bb940c5b13ca58a247d4b3e0ff2ecc67e5df5cdf10176e0c5ddd6b,0,false
af1262cca5bb940c5b13ca58a247d4b3e0ff2ecc67e5df5cdf10176e0c5ddd6b,1,false
af1262cca5bb940c5b13ca58a247d4b3e0ff2ecc67e5df5cdf10176e0c5ddd6b,2,true
b4c5fdbb461fda32f543bb8a4805a830c150078befe9ed03893fd697001d02f1,0,false
b4c5fdbb461fda32f543bb8a4805a830c150078befe9ed03893fd697001d02f1,1,false
b4c5fdbb461fda32f543bb8a4805a830c150078befe9ed03893fd697001d02f1,2,true
507d7b1a838c2d7d8835b21be0fbefafc49202b620354bccfbc4bd658bf42d66,0,false
507d7b1a838c2d7d8835b21be0fbefafc49202b620354bccfbc4bd658bf42d66,1,true
507d7b1a838c2d7d8835b21be0fbefafc49202b620354bccfbc4bd658bf42d66,2,false
d124d94db9bfdedb7deadf1ab52be71c14a67d91db5108f9cfdf307667d89d64,0,false
d124d94db9bfdedb7deadf1ab52be71c14a67d91db5108f9cfdf307667d89d64,1,true
d124d94db9bfdedb7deadf1ab52be71c14a67d91db5108f9cfdf307667d89d64,2,false
426f876e14e6b1bb265660078202667ea006d8fa40fc5435fe138943c7f027e9,0,true
426f876e14e6b1bb265660078202667ea006d8fa40fc5435fe138943c7f027e9,1,false
426f876e14e6b1bb265660078202667ea006d8fa40fc5435fe138943c7f027e9,2,false
bdb5f79cca22c1ead8b21a49bc1c7be9ada51357d99dca6579e46f0fa84e8fad,0,false
bdb5f79cca22c1ead8b21a49bc1c7be9ada51357d99dca6579e46f0fa84e8fad,1,false
bdb5f79cca22c1ead8b21a49bc1c7be9ada51357d99dca6579e46f0fa84e8fad,2,true
6f924607bb1a17dc0aba7fc5c66ccaf15e8aa34879e9739d484a76bccf76c563,0,false
6f924607bb1a17dc0aba7fc5c66ccaf15e8aa34879e9739d484a76bccf76c563,1,false
6f924607bb1a17dc0aba7fc5c66ccaf15e8aa34879e9739d484a76bccf76c563,2,true
284a76c2f86a03ae9cfd80644d243b680b4d00671a4c87b2a8677d57362d1092,0,false
284a76c2f86a03ae9cfd80644d243b680b4d00671a4c87b2a8677d57362d1092,1,false
284a76c2f86a03ae9cfd80644d243b680b4d00671a4c87b2a8677d57362d1092,2,true
d85b420ae6bc205ef8f39dd0877d5378cadde637eb38221899c39a3bd7d5224e,0,false
d85b420ae6bc205ef8f39dd0877d5378cadde637eb38221899c39a3bd7d5224e,1,false
d85b420ae6bc205ef8f39dd0877d5378cadde637eb38221899c39a3bd7d5224e,2,true
0298d37c7563c4b8d499a6b1386b63403c4bb0b824e3bb120baa9807d2055601,0,false
0298d37c7563c4b8d499a6b1386b63403c4bb0b824e3bb120baa9807d2055601,1,false
0298d37c7563c4b8d499a6b1386b63403c4bb0b824e3bb120baa9807d2055601,2,true
5ec8bab68a83d9e12ed030ba6c9d6a2bc37f07465724d7d294940b5b6759b5cb,0,true
5ec8bab68a83d9e12ed030ba6c9d6a2bc37f07465724d7d294940b5b6759b5cb,1,false
5ec8bab68a83d9e12ed030ba6c9d6a2bc37f07465724d7d294940b5b6759b5cb,2,false
4cc66debbafac55b8b3337dee81f5b732b29da0f7f0a8d7bf32342a082054ae8,0,true
4cc66debbafac55b8b3337dee81f5b732b29da0f7f0a8d7bf32342a082054ae8,1,false
4cc66debbafac55b8b3337dee81f5b732b29da0f7f0a8d7bf32342a082054ae8,2,false
3c8cf133a0358cb52700ad945f4ee13384afbb65c63256a5c104e6ee328d8717,0,false
3c8cf133a0358cb52700ad945f4ee13384afbb65c63256a5c104e6ee328d8717,1,false
3c8cf133a0358cb52700ad945f4ee13384afbb65c63256a5c104e6ee328d8717,2,true
7f036b600ce55f9618e64d05bb350a25965bb18052b005eee78034f20a70a688,0,true
7f036b600ce55f9618e64d05bb350a25965bb18052b005eee78034f20a70a688,1,false
7f036b600ce55f9618e64d05bb350a25965bb18052b005eee78034f20a70a688,2,false
7251f399880cdd5afcfa17d467a33e446a8addb33e3505dbde87b4e884e2c2d4,0,false
7251f399880cdd5afcfa17d467a33e446a8addb33e3505dbde87b4e884e2c2d4,1,false
7251f399880cdd5afcfa17d467a33e446a8addb33e3505dbde87b4e884e2c2d4,2,true
c9eeb265fca47d4cc69dd9b1b8e1f1324591c1dc8314e79b9cf37493112845ab,0,false
c9eeb265fca47d4cc69dd9b1b8e1f1324591c1dc8314e79b9cf37493112845ab,1,true
c9eeb265fca47d4cc69dd9b1b8e1f1324591c1dc8314e79b9cf37493112845ab,2,false
0f4c7c933b0f9ff1421680598648f27fcaa42160ffe12e4cd25e9915f6b80120,0,false
0f4c7c933b0f9ff1421680598648f27fcaa42160ffe12e4cd25e9915f6b80120,1,true
0f4c7c933b0f9ff1421680598648f27fcaa42160ffe12e4cd25e9915f6b80120,2,false
2f1ae32db9842a48dbddcde53d6fc130cddbc49af7cf707c5c9e210aff1afafb,0,true
2f1ae32db9842a48dbddcde53d6fc130cddbc49af7cf707c5c9e210aff1afafb,1,false
2f1ae32db9842a48dbddcde53d6fc130cddbc49af7cf707c5c9e210aff1afafb,2,false
2a523a1e74d836145a46845c11ee49e198bacaa0fc2863fd5c99eca8b89b393c,0,false
2a523a1e74d836145a46845c11ee49e198bacaa0fc2863fd5c99eca8b89b393c,1,false
2a523a1e74d836145a46845c11ee49e198bacaa0fc2863fd5c99eca8b89b393c,2,true
f98b6e3aa1ef49d86e2339721bb8024429a8919585b1746ca149958847e741a9,0,false
f98b6e3aa1ef49d86e2339721bb8024429a8919585b1746ca149958847e741a9,1,true
f98b6e3aa1ef49d86e2339721bb8024429a8919585b1746ca149958847e741a9,2,false
477582a210bc5adaebaf12226277adc0abbdca658a6189f411f54738e146fdae,0,false
477582a210bc5adaebaf12226277adc0abbdca658a6189f411f54738e146fdae,1,false
477582a210bc5adaebaf12226277adc0abbdca658a6189f411f54738e146fdae,2,true
5945fd76115e4d47ce1544864d741dfd7d51a2b55dccc73d7fb7c3f91bf624e2,0,false
5945fd76115e4d47ce1544864d741dfd7d51a2b55dccc73d7fb7c3f91bf624e2,1,false
5945fd76115e4d47ce1544864d741dfd7d51a2b55dccc73d7fb7c3f91bf624e2,2,true
5e0e399deb7df26c3e49cb121169069a3f23555e90d1ab976ff2ca07d4897a91,0,true
5e0e399deb7df26c3e49cb121169069a3f23555e90d1ab976ff2ca07d4897a91,1,false
5e0e399deb7df26c3e49cb121169069a3f23555e90d1ab976ff2ca07d4897a91,2,false
e759d617459f9067b3a7a72ba66749d24b97d1f11a0d19051bebd2cb1f52b8f2,0,true
e759d617459f9067b3a7a72ba66749d24b97d1f11a0d19051bebd2cb1f52b8f2,1,false
e759d617459f9067b3a7a72ba66749d24b97d1f11a0d19051bebd2cb1f52b8f2,2,false
35f1ca43201c140cba4de79c0fbbdb0f84cf1ae87a7ce0955e3e0f290ce9c26d,0,true
35f1ca43201c140cba4de79c0fbbdb0f84cf1ae87a7ce0955e3e0f290ce9c26d,1,false
35f1ca43201c140cba4de79c0fbbdb0f84cf1ae87a7ce0955e3e0f290ce9c26d,2,false
2db7c7393b559c8116a03748f1433b34f9a1d85835dc1d1f421276a1484d05f1,0,false
2db7c7393b559c8116a03748f1433b34f9a1d85835dc1d1f421276a1484d05f1,1,true
2db7c7393b559c8116a03748f1433b34f9a1d85835dc1d1f421276a1484d05f1,2,false
9a19de197ccd3da4ca6abf6391f0dfa0de1c13de639fa2da78b151699a905871,0,true
9a19de197ccd3da4ca6abf6391f0dfa0de1c13de639fa2da78b151699a905871,1,false
9a19de197ccd3da4ca6abf6391f0dfa0de1c13de639fa2da78b151699a905871,2,false
6738dd54371884f7c44e5702d2000d3dad2e478fa1fcfbb00e35cfbc1dad4bfc,0,false
6738dd54371884f7c44e5702d2000d3dad2e478fa1fcfbb00e35cfbc1dad4bfc,1,false
6738dd54371884f7c44e5702d2000d3dad2e478fa1fcfbb00e35cfbc1dad4bfc,2,true
ca7599e17c05c1d565c28069d9134c8b1349d377511a792adaa02d48e85f36ba,0,false
ca7599e17c05c1d565c28069d9134c8b1349d377511a792adaa02d48e85f36ba,1,true
ca7599e17c05c1d565c28069d9134c8b1349d377511a792adaa02d48e85f36ba,2,false
35231686fc9c3054ac21428b4f6e1dce67477c3ddf5cca95695aa2b7be8a23f6,0,false
35231686fc9c3054ac21428b4f6e1dce67477c3ddf5cca95695aa2b7be8a23f6,1,true
35231686fc9c3054ac21428b4f6e1dce67477c3ddf5cca95695aa2b7be8a23f6,2,false
6fb67a141db52c37f7d341326dcd06fbce3d0a7a43b842a508a7753198918bb6,0,false
6fb67a141db52c37f7d341326dcd06fbce3d0a7a43b842a508a7753198918bb6,1,true
6fb67a141db52c37f7d341326dcd06fbce3d0a7a43b842a508a7753198918bb6,2,false
77b85820e63c3278286e2502bbbe17a87a6b95418e773c82ec3f49d1ac6b554e,0,false
77b85820e63c3278286e2502bbbe17a87a6b95418e773c82ec3f49d1ac6b554e,1,true
77b85820e63c3278286e2502bbbe17a87a6b95418e773c82ec3f49d1ac6b554e,2,false
342fa67f331dcad63433ac5df51ee813a8ec5c2d28c16ea4a7865389165e5c65,0,false
342fa67f331dcad63433ac5df51ee813a8ec5c2d28c16ea4a7865389165e5c65,1,true
342fa67f331dcad63433ac5df51ee813a8ec5c2d28c16ea4a7865389165e5c65,2,false
28c5f59717dd8631328351cc5aa0101c82988a5ab820bb18c9c43f7dee4de75c,0,false
28c5f59717dd8631328351cc5aa0101c82988a5ab820bb18c9c43f7dee4de75c,1,false
28c5f59717dd8631328351cc5aa0101c82988a5ab820bb18c9c43f7dee4de75c,2,true
52bf83567f90b3b9c0b5cb46b470ebb2b0e7289d09c6c9422a98eac72920fafb,0,false
52bf83567f90b3b9c0b5cb46b470ebb2b0e7289d09c6c9422a98eac72920fafb,1,false
52bf83567f90b3b9c0b5cb46b470ebb2b0e7289d09c6c9422a98eac72920fafb,2,true
8a1278dced7f9e3bf99eabf2a1faa5d9f7ac787c4a3088fbd90ca9bb4d519fba,0,true
8a1278dced7f9e3bf99eabf2a1faa5d9f7ac787c4a3088fbd90ca9bb4d519fba,1,false
8a1278dced7f9e3bf99eabf2a1faa5d9f7ac787c4a3088fbd90ca9bb4d519fba,2,false
ac14fdd70539f1fc2b0a3d0dd7ada53874b06af50f90ee1b6a232db0f36d3500,0,false
ac14fdd70539f1fc2b0a3d0dd7ada53874b06af50f90ee1b6a232db0f36d3500,1,true
ac14fdd70539f1fc2b0a3d0dd7ada53874b06af50f90ee1b6a232db0f36d3500,2,false
f9c7f97040a9c02a5481ffef2b60b8289da9f0bfab0a869cd81b392401dbc0e9,0,false
f9c7f97040a9c02a5481ffef2b60b8289da9f0bfab0a869cd81b392401dbc0e9,1,true
f9c7f97040a9c02a5481ffef2b60b8289da9f0bfab0a869cd81b392401dbc0e9,2,false
e2369371fbaf968eb39701065b4c09ae0a2e462a16574a2809424dd950de9759,0,false
e2369371fbaf968eb39701065b4c09ae0a2e462a16574a2809424dd950de9759,1,true
e2369371fbaf968eb39701065b4c09ae0a2e462a16574a2809424dd950de9759,2,false
fd56ac2d6f9a8fbe7fa13196cac0396ae2100137494ce1f1b7cb49e6139ee25e,0,false
fd56ac2d6f9a8fbe7fa13196cac0396ae2100137494ce1f1b7cb49e6139ee25e,1,true
fd56ac2d6f9a8fbe7fa13196cac0396ae2100137494ce1f1b7cb49e6139ee25e,2,false
9597071e7dae5c279c07899aad685af725185d420f33fce198a69c5c27f51896,0,true
9597071e7dae5c279c07899aad685af725185d420f33fce198a69c5c27f51896,1,false
9597071e7dae5c279c07899aad685af725185d420f33fce198a69c5c27f51896,2,false
20635a3fbe2cd4e6afe6460aeff037a7efa9df03f3faf25343b90bf392e10d85,0,true
20635a3fbe2cd4e6afe6460aeff037a7efa9df03f3faf25343b90bf392e10d85,1,false
20635a3fbe2cd4e6afe6460aeff037a7efa9df03f3faf25343b90bf392e10d85,2,false
e5a2fe6c0e7fb77bc51ee53851be7e183296d3760ee31af588c9174f205803a5,0,true
e5a2fe6c0e7fb77bc51ee53851be7e183296d3760ee31af588c9174f205803a5,1,false
e5a2fe6c0e7fb77bc51ee53851be7e183296d3760ee31af588c9174f205803a5,2,false
78068357fd943567d1e503c210627afc0d2b080404f6822110c8925ecd3ce423,0,false
78068357fd943567d1e503c210627afc0d2b080404f6822110c8925ecd3ce423,1,false
78068357fd943567d1e503c210627afc0d2b080404f6822110c8925ecd3ce423,2,true
8d85f29f7d68d221dc27b8deb26b6c96a17f46db3c88deb6be815d67cb0f4570,0,false
8d85f29f7d68d221dc27b8deb26b6c96a17f46db3c88deb6be815d67cb0f4570,1,true
8d85f29f7d68d221dc27b8deb26b6c96a17f46db3c88deb6be815d67cb0f4570,2,false
976844f1daa390b93c8e94bd8fde6325e96a628979d80545afeca54c1a9cdcb4,0,false
976844f1daa390b93c8e94bd8fde6325e96a628979d80545afeca54c1a9cdcb4,1,false
976844f1daa390b93c8e94bd8fde6325e96a628979d80545afeca54c1a9cdcb4,2,true
a5546de63f0f97a46dac7f06d181d01fb1ca433b5315751d1c3119ecbd48214c,0,true
a5546de63f0f97a46dac7f06d181d01fb1ca433b5315751d1c3119ecbd48214c,1,false
a5546de63f0f97a46dac7f06d181d01fb1ca433b5315751d1c3119ecbd48214c,2,false
42832446157898767efbaaa56b71cc9eb186f38f8989c28df7a6d29b9e998efc,0,false
42832446157898767efbaaa56b71cc9eb186f38f8989c28df7a6d29b9e998efc,1,true
42832446157898767efbaaa56b71cc9eb186f38f8989c28df7a6d29b9e998efc,2,false
4b2b2fe536f4746ff98ef83be0b3f873a85a049557dd92417ef5d01f2bb9419f,0,false
4b2b2fe536f4746ff98ef83be0b3f873a85a049557dd92417ef5d01f2bb9419f,1,true
4b2b2fe536f4746ff98ef83be0b3f873a85a049557dd92417ef5d01f2bb9419f,2,false
1c7b3bb155b8b65dc3ffe614895ade2f1343a0d8d687445ba2f9cb18a52878f5,0,false
1c7b3bb155b8b65dc3ffe614895ade2f1343a0d8d687445ba2f9cb18a52878f5,1,true
1c7b3bb155b8b65dc3ffe614895ade2f1343a0d8d687445ba2f9cb18a52878f5,2,false
bdcc3366b8c7a4bed94dc23a02673e482d98fe5c38011af0308524b3184e8d41,0,true
bdcc3366b8c7a4bed94dc23a02673e482d98fe5c38011af0308524b3184e8d41,1,false
bdcc3366b8c7a4bed94dc23a02673e482d98fe5c38011af0308524b3184e8d41,2,false
c69c08958c95bc772e649843d8add45e0935d72f35ec21ff661151b30ba84d04,0,true
c69c08958c95bc772e649843d8add45e0935d72f35ec21ff661151b30ba84d04,1,false
c69c08958c95bc772e649843d8add45e0935d72f35ec21ff661151b30ba84d04,2,false
6173f511282d1039b475145b5deeb8483242552bd9eddeb491e8878dc3032ab3,0,true
6173f511282d1039b475145b5deeb8483242552bd9eddeb491e8878dc3032ab3,1,false
6173f511282d1039b475145b5deeb8483242552bd9eddeb491e8878dc3032ab3,2,false
f79726dc66beb0db82b6067e72b34c4426eff526f631be021456eeb6081d2ee6,0,false
f79726dc66beb0db82b6067e72b34c4426eff526f631be021456eeb6081d2ee6,1,true
f79726dc66beb0db82b6067e72b34c4426eff526f631be021456eeb6081d2ee6,2,false
b86f53e458887bf010069e97e4e13301008b193b088eca52b3b91c56c242becf,0,false
b86f53e458887bf010069e97e4e13301008b193b088eca52b3b91c56c242becf,1,false
b86f53e458887bf010069e97e4e13301008b193b088eca52b3b91c56c242becf,2,true
fbea989c5695b34229e48465c068049584e860ce55ffed46f5f30fa7ddb7c85c,0,false
fbea989c5695b34229e48465c068049584e860ce55ffed46f5f30fa7ddb7c85c,1,false
fbea989c5695b34229e48465c068049584e860ce55ffed46f5f30fa7ddb7c85c,2,true
d052d13cb475853e43d63300ceed7e1ca41a305492bcc53e904166171c276361,0,true
d052d13cb475853e43d63300ceed7e1ca41a305492bcc53e904166171c276361,1,false
d052d13cb475853e43d63300ceed7e1ca41a305492bcc53e904166171c276361,2,false
3f945d825ac62114c4ff78c75f942ae3e88ab0c6d3401f0059af27d6b057b89f,0,false
3f945d825ac62114c4ff78c75f942ae3e88ab0c6d3401f0059af27d6b057b89f,1,false
3f945d825ac62114c4ff78c75f942ae3e88ab0c6d3401f0059af27d6b057b89f,2,true
4ea6ffd38831044c9212ef066a4261e3436ccf74db15702676f0c5cfdffd9fae,0,true
4ea6ffd38831044c9212ef066a4261e3436ccf74db15702676f0c5cfdffd9fae,1,false
4ea6ffd38831044c9212ef066a4261e3436ccf74db15702676f0c5cfdffd9fae,2,false
32eca75814868d93bf27659aa53066204da8eacb7fd70b5bc56f4bc5700d3f48,0,false
32eca75814868d93bf27659aa53066204da8eacb7fd70b5bc56f4bc5700d3f48,1,false
32eca75814868d93bf27659aa53066204da8eacb7fd70b5bc56f4bc5700d3f48,2,true
31592b9641331b1499eb12ce2e8690f04fa31859181353797815455e665b0d2b,0,false
31592b9641331b1499eb12ce2e8690f04fa31859181353797815455e665b0d2b,1,false
31592b9641331b1499eb12ce2e8690f04fa31859181353797815455e665b0d2b,2,true
b2aa5fa6be601a91a63e2144e1cac84b058c16ade6ea7fd73accf04c82f63890,0,false
b2aa5fa6be601a91a63e2144e1cac84b058c16ade6ea7fd73accf04c82f63890,1,true
b2aa5fa6be601a91a63e2144e1cac84b058c16ade6ea7fd73accf04c82f63890,2,false
6358c8213988c95bf89776d6c44d0287aae5a3ea89b4af79d974a1680399dc26,0,true
6358c8213988c95bf89776d6c44d0287aae5a3ea89b4af79d974a1680399dc26,1,false
6358c8213988c95bf89776d6c44d0287aae5a3ea89b4af79d974a1680399dc26,2,false
d041d4c4223a1b609427d91025a4d9ed51f10312e33b19c8633f2bf0fab03d6e,0,false
d041d4c4223a1b609427d91025a4d9ed51f10312e33b19c8633f2bf0fab03d6e,1,false
d041d4c4223a1b609427d91025a4d9ed51f10312e33b19c8633f2bf0fab03d6e,2,true
0b7459f2b45fd2b29ec168a2744b14fd01619ca5387dc8789c8080abebfdc38f,0,true
0b7459f2b45fd2b29ec168a2744b14fd01619ca5387dc8789c8080abebfdc38f,1,false
0b7459f2b45fd2b29ec168a2744b14fd01619ca5387dc8789c8080abebfdc38f,2,false
962be2d75c3fd6fb40e3694ef2ce76d9d49b03657c2d92edc23d3267cc15f690,0,true
962be2d75c3fd6fb40e3694ef2ce76d9d49b03657c2d92edc23d3267cc15f690,1,false
962be2d75c3fd6fb40e3694ef2ce76d9d49b03657c2d92edc23d3267cc15f690,2,false
033a25f25c1f75feefff0f3326cc3ecf5bfcef451c1294b554857513c27d0100,0,true
033a25f25c1f75feefff0f3326cc3ecf5bfcef451c1294b554857513c27d0100,1,false
033a25f25c1f75feefff0f3326cc3ecf5bfcef451c1294b554857513c27d0100,2,false
4b93b735907087bc64c4c6b0c048f39f037b15dd0ddda208a0fd287aacd06027,0,true
4b93b735907087bc64c4c6b0c048f39f037b15dd0ddda208a0fd287aacd06027,1,false
4b93b735907087bc64c4c6b0c048f39f037b15dd0ddda208a0fd287aacd06027,2,false
4811a157669af3cf2165250b370e2de45bb301ae313b9039a607d0b61624ddd3,0,false
4811a157669af3cf2165250b370e2de45bb301ae313b9039a607d0b61624ddd3,1,true
4811a157669af3cf2165250b370e2de45bb301ae313b9039a607d0b61624ddd3,2,false
760c207441c7439c31164ed646216569f8034b7b921da8df44120d98931a78d5,0,false
760c207441c7439c31164ed646216569f8034b7b921da8df44120d98931a78d5,1,false
760c207441c7439c31164ed646216569f8034b7b921da8df44120d98931a78d5,2,true
5baad1b5908fae8e2734143a071e912d5f92f2c74cbff5fbe169dac11adb72e4,0,false
5baad1b5908fae8e2734143a071e912d5f92f2c74cbff5fbe169dac11adb72e4,1,true
5baad1b5908fae8e2734143a071e912d5f92f2c74cbff5fbe169dac11adb72e4,2,false
0428dac3ad0681731f5df6c38df80df59f76760e586d5bb0db6353d192a1cd3f,0,false
0428dac3ad0681731f5df6c38df80df59f76760e586d5bb0db6353d192a1cd3f,1,false
0428dac3ad0681731f5df6c38df80df59f76760e586d5bb0db6353d192a1cd3f,2,true
b45af664ff1e4fef2600ba75c725d4a641a62e7230056851761ce3764817aa1b,0,true
b45af664ff1e4fef2600ba75c725d4a641a62e7230056851761ce3764817aa1b,1,false
b45af664ff1e4fef2600ba75c725d4a641a62e7230056851761ce3764817aa1b,2,false
cb7ac76428676281e8e2866ec7d2270c499c1f763ae82d73ea3dc77cb2d0ff70,0,false
cb7ac76428676281e8e2866ec7d2270c499c1f763ae82d73ea3dc77cb2d0ff70,1,false
cb7ac76428676281e8e2866ec7d2270c499c1f763ae82d73ea3dc77cb2d0ff70,2,true
f0f662cbe6c22e6c461e7fb4b06f12071dfbd124140986586566568ef7ea28e4,0,true
f0f662cbe6c22e6c461e7fb4b06f12071dfbd124140986586566568ef7ea28e4,1,false
f0f662cbe6c22e6c461e7fb4b06f12071dfbd124140986586566568ef7ea28e4,2,false
9e7fffc68793a4d1208c009a264233406f24eb8220ee574e9152f6fb33dd2444,0,true
9e7fffc68793a4d1208c009a264233406f24eb8220ee574e9152f6fb33dd2444,1,false
9e7fffc68793a4d1208c009a264233406f24eb8220ee574e9152f6fb33dd2444,2,false
022d4741d399a262501044179d299a6479a821def2e3751d88365c2de131301a,0,true
022d4741d399a262501044179d299a6479a821def2e3751d88365c2de131301a,1,false
022d4741d399a262501044179d299a6479a821def2e3751d88365c2de131301a,2,false
8e80f902541974eaed85d881c3a559f3f3cf89f05b48a0442275b9de42b53347,0,true
8e80f902541974eaed85d881c3a559f3f3cf89f05b48a0442275b9de42b53347,1,false
8e80f902541974eaed85d881c3a559f3f3cf89f05b48a0442275b9de42b53347,2,false
144ee220c0aec6fae31d17608e479af9eef424b74e73050c8de1899ff22dcd68,0,true
144ee220c0aec6fae31d17608e479af9eef424b74e73050c8de1899ff22dcd68,1,false
144ee220c0aec6fae31d17608e479af9eef424b74e73050c8de1899ff22dcd68,2,false
0cf02d33b4283aabe1dd0e717681080ddb133d3f78c5d642d033a1db34cfef0f,0,true
0cf02d33b4283aabe1dd0e717681080ddb133d3f78c5d642d033a1db34cfef0f,1,false
0cf02d33b4283aabe1dd0e717681080ddb133d3f78c5d642d033a1db34cfef0f,2,false
39f06a95d432e602b75996c670b436f848dacfa2799e5babc771846dc462faa8,0,false
39f06a95d432e602b75996c670b436f848dacfa2799e5babc771846dc462faa8,1,true
39f06a95d432e602b75996c670b436f848dacfa2799e5babc771846dc462faa8,2,false
57e6f4117a12809cc02e6a9a08856edea7698a7352703c28d7fc59029f50687e,0,false
57e6f4117a12809cc02e6a9a08856edea7698a7352703c28d7fc59029f50687e,1,true
57e6f4117a12809cc02e6a9a08856edea7698a7352703c28d7fc59029f50687e,2,false
c30b4e907319096f6f0a0b7037631e5428692fbc8afb322f5e7ec32cf44fe998,0,false
c30b4e907319096f6f0a0b7037631e5428692fbc8afb322f5e7ec32cf44fe998,1,true
c30b4e907319096f6f0a0b7037631e5428692fbc8afb322f5e7ec32cf44fe998,2,false
c3cadf283ee78515c2286c79c3cc2fefc60f303c63168337b7129ddcf0b5bafc,0,false
c3cadf283ee78515c2286c79c3cc2fefc60f303c63168337b7129ddcf0b5bafc,1,true
c3cadf283ee78515c2286c79c3cc2fefc60f303c63168337b7129ddcf0b5bafc,2,false
71e660a1d9ed1c6b0c2447f8675b6cfb031786dfa46229c55679601d62a82af1,0,true
71e660a1d9ed1c6b0c2447f8675b6cfb031786dfa46229c55679601d62a82af1,1,false
71e660a1d9ed1c6b0c2447f8675b6cfb031786dfa46229c55679601d62a82af1,2,false
c9fc7de96b915d5787106324329be85fc7b061b1214afeab1f43fc31e9b0f663,0,false
c9fc7de96b915d5787106324329be85fc7b061b1214afeab1f43fc31e9b0f663,1,false
c9fc7de96b915d5787106324329be85fc7b061b1214afeab1f43fc31e9b0f663,2,true
a4cb56e81592908ce147ee29c8d3191a6758c3a3b8c9a8635d4f3582f9f9371d,0,false
a4cb56e81592908ce147ee29c8d3191a6758c3a3b8c9a8635d4f3582f9f9371d,1,false
a4cb56e81592908ce147ee29c8d3191a6758c3a3b8c9a8635d4f3582f9f9371d,2,true
aa8d433ffcd408cdfcdeb534d68fe1b20c8bf102ee7f70c392c989d52a881190,0,true
aa8d433ffcd408cdfcdeb534d68fe1b20c8bf102ee7f70c392c989d52a881190,1,false
aa8d433ffcd408cdfcdeb534d68fe1b20c8bf102ee7f70c392c989d52a881190,2,false
a7859e07399b59eccaff4f5b421d4460510ca5d339c4b93af797a1f6dcbc81a9,0,false
a7859e07399b59eccaff4f5b421d4460510ca5d339c4b93af797a1f6dcbc81a9,1,false
a7859e07399b59eccaff4f5b421d4460510ca5d339c4b93af797a1f6dcbc81a9,2,true
cd36ca6f6c49773fe3f064d1ef6cdd953746508d53f013806f5926dd97efdd80,0,false
cd36ca6f6c49773fe3f064d1ef6cdd953746508d53f013806f5926dd97efdd80,1,false
cd36ca6f6c49773fe3f064d1ef6cdd953746508d53f013806f5926dd97efdd80,2,true
d71aa418485f908f402142decad939a1df72f8467c070866f93a1ce54f2f49f2,0,false
d71aa418485f908f402142decad939a1df72f8467c070866f93a1ce54f2f49f2,1,false
d71aa418485f908f402142decad939a1df72f8467c070866f93a1ce54f2f49f2,2,true
6259824e6e2b475a07449cf238159fe22faa5ee36656d7fb0a920dd8dd4e1cfd,0,true
6259824e6e2b475a07449cf238159fe22faa5ee36656d7fb0a920dd8dd4e1cfd,1,false
6259824e6e2b475a07449cf238159fe22faa5ee36656d7fb0a920dd8dd4e1cfd,2,false
e16526abbaca30e5260af70250ac8a9d713dae1b56824e00f38db3d43367bc91,0,true
e16526abbaca30e5260af70250ac8a9d713dae1b56824e00f38db3d43367bc91,1,false
e16526abbaca30e5260af70250ac8a9d713dae1b56824e00f38db3d43367bc91,2,false
1f2f65ddfc19dde1944f4af90e86b4a2069444d05ea5636c0dc3661ce0f9230f,0,true
1f2f65ddfc19dde1944f4af90e86b4a2069444d05ea5636c0dc3661ce0f9230f,1,false
1f2f65ddfc19dde1944f4af90e86b4a2069444d05ea5636c0dc3661ce0f9230f,2,false
dfe272f1141de43efb542a593e167ced96e4e6120bcfa181a7c213b48b55dad9,0,false
dfe272f1141de43efb542a593e167ced96e4e6120bcfa181a7c213b48b55dad9,1,false
dfe272f1141de43efb542a593e167ced96e4e6120bcfa181a7c213b48b55dad9,2,true
3ecc75506a23975b3c3c9c55507a5cd6459b4852fcdd3d14f63b942a4d3ff25d,0,true
3ecc75506a23975b3c3c9c55507a5cd6459b4852fcdd3d14f63b942a4d3ff25d,1,false
3ecc75506a23975b3c3c9c55507a5cd6459b4852fcdd3d14f63b942a4d3ff25d,2,false
5cf264ff0abe77d2e9627f4a2e95147f051888a7e853ad177d7603f5156d494e,0,true
5cf264ff0abe77d2e9627f4a2e95147f051888a7e853ad177d7603f5156d494e,1,false
5cf264ff0abe77d2e9627f4a2e95147f051888a7e853ad177d7603f5156d494e,2,false
0b04f2a4e4685e1e5e39bfe793b09c82e3d2540993f107e586a7190dd7a5861a,0,false
0b04f2a4e4685e1e5e39bfe793b09c82e3d2540993f107e586a7190dd7a5861a,1,false
0b04f2a4e4685e1e5e39bfe793b09c82e3d2540993f107e586a7190dd7a5861a,2,true
dc6cd53b063260863be8a72e94295863d264fdee85b52c44afddd51ac4f5c261,0,false
dc6cd53b063260863be8a72e94295863d264fdee85b52c44afddd51ac4f5c261,1,true
dc6cd53b063260863be8a72e94295863d264fdee85b52c44afddd51ac4f5c261,2,false
9d6cf716db44bbfc86748df24ed9d97efa1a8b62443c196ad99352a0fc168e38,0,false
9d6cf716db44bbfc86748df24ed9d97efa1a8b62443c196ad99352a0fc168e38,1,false
9d6cf716db44bbfc86748df24ed9d97efa1a8b62443c196ad99352a0fc168e38,2,true
b975fcad31fd592db7c6c3c760e1f5efe0e7ae932767019735f7bbf625ff87c2,0,false
b975fcad31fd592db7c6c3c760e1f5efe0e7ae932767019735f7bbf625ff87c2,1,false
b975fcad31fd592db7c6c3c760e1f5efe0e7ae932767019735f7bbf625ff87c2,2,true
0f29dbaa25dac223a456e8be3b6be2a2454427a2ba5f28b98a278a96379d6c00,0,true
0f29dbaa25dac223a456e8be3b6be2a2454427a2ba5f28b98a278a96379d6c00,1,false
0f29dbaa25dac223a456e8be3b6be2a2454427a2ba5f28b98a278a96379d6c00,2,false
c9550765e711b77b2f93c736228146e2342a5a05255304685dff309f804ddd8a,0,false
c9550765e711b77b2f93c736228146e2342a5a05255304685dff309f804ddd8a,1,true
c9550765e711b77b2f93c736228146e2342a5a05255304685dff309f804ddd8a,2,false
6b5728c6cb1ba7405e643fdba3f94d3430155d4788747c7bc5c94e9aa686db0d,0,false
6b5728c6cb1ba7405e643fdba3f94d3430155d4788747c7bc5c94e9aa686db0d,1,false
6b5728c6cb1ba7405e643fdba3f94d3430155d4788747c7bc5c94e9aa686db0d,2,true
3d9b67cd6c71e0375f2219b2084aaea632cc9d3ee7a6baf40ec6ca1a8da6d423,0,true
3d9b67cd6c71e0375f2219b2084aaea632cc9d3ee7a6baf40ec6ca1a8da6d423,1,false
3d9b67cd6c71e0375f2219b2084aaea632cc9d3ee7a6baf40ec6ca1a8da6d423,2,false
6fd9a4b0d621fefa001eb45322c83bc674f2dfc4525dc4ae27bf0363cf54fb40,0,false
6fd9a4b0d621fefa001eb45322c83bc674f2dfc4525dc4ae27bf0363cf54fb40,1,true
6fd9a4b0d621fefa001eb45322c83bc674f2dfc4525dc4ae27bf0363cf54fb40,2,false
ee0a75130ac9e6226b6c24bd17087105f4a71fb4e6d1628f565a3932f1fb76e3,0,false
ee0a75130ac9e6226b6c24bd17087105f4a71fb4e6d1628f565a3932f1fb76e3,1,false
ee0a75130ac9e6226b6c24bd17087105f4a71fb4e6d1628f565a3932f1fb76e3,2,true
cc34af4552152464b90fd9e8c8593f817eb86b7f784c225fbc3ab5ffa9d7a8c1,0,false
cc34af4552152464b90fd9e8c8593f817eb86b7f784c225fbc3ab5ffa9d7a8c1,1,false
cc34af4552152464b90fd9e8c8593f817eb86b7f784c225fbc3ab5ffa9d7a8c1,2,true
01311cfe8a9febcdf7fd30a632c068eb742bb4b42d22640895488edbc0cb6c03,0,false
01311cfe8a9febcdf7fd30a632c068eb742bb4b42d22640895488edbc0cb6c03,1,false
01311cfe8a9febcdf7fd30a632c068eb742bb4b42d22640895488edbc0cb6c03,2,true
58b7291337c6824c73a1e70ed236b85de4ac191c1780778872f8aae97c3ca563,0,true
58b7291337c6824c73a1e70ed236b85de4ac191c1780778872f8aae97c3ca563,1,false
58b7291337c6824c73a1e70ed236b85de4ac191c1780778872f8aae97c3ca563,2,false
7bf8b50d90ad42625477c20cc3a13095ee67fe7bd684ff5808ebc2a44d44ad9d,0,false
7bf8b50d90ad42625477c20cc3a13095ee67fe7bd684ff5808ebc2a44d44ad9d,1,true
7bf8b50d90ad42625477c20cc3a13095ee67fe7bd684ff5808ebc2a44d44ad9d,2,false
7a6c5c250a39ee5613e83e99d1ec2c4bffde33ba9f561150dfbf3432f7f8c00c,0,true
7a6c5c250a39ee5613e83e99d1ec2c4bffde33ba9f561150dfbf3432f7f8c00c,1,false
7a6c5c250a39ee5613e83e99d1ec2c4bffde33ba9f561150dfbf3432f7f8c00c,2,false
86cc53d2a420fc66be11ec7e3a924b6ee8aa8a2bb5e9150687fd4ef41b4844a2,0,true
86cc53d2a420fc66be11ec7e3a924b6ee8aa8a2bb5e9150687fd4ef41b4844a2,1,false
86cc53d2a420fc66be11ec7e3a924b6ee8aa8a2bb5e9150687fd4ef41b4844a2,2,false
e5b5343a9de912b896527ae8789a5a79021528130c69ddb53a3ca9ffc2438da4,0,false
e5b5343a9de912b896527ae8789a5a79021528130c69ddb53a3ca9ffc2438da4,1,false
e5b5343a9de912b896527ae8789a5a79021528130c69ddb53a3ca9ffc2438da4,2,true
dcd40ebd4d271db3c6ca54b89d7353ff9af387b2242255fc9e9b9a4f7cabfd0c,0,true
dcd40ebd4d271db3c6ca54b89d7353ff9af387b2242255fc9e9b9a4f7cabfd0c,1,false
dcd40ebd4d271db3c6ca54b89d7353ff9af387b2242255fc9e9b9a4f7cabfd0c,2,false
e09229f76d6371776bcf24670def2e118a4219650117799a03c184fd809a9bbd,0,false
e09229f76d6371776bcf24670def2e118a4219650117799a03c184fd809a9bbd,1,false
e09229f76d6371776bcf24670def2e118a4219650117799a03c184fd809a9bbd,2,true
5824d68023897fcf0d18ce9d19212ddc1e53d97e39bd77fc7bdf12ce1616b09e,0,false
5824d68023897fcf0d18ce9d19212ddc1e53d97e39bd77fc7bdf12ce1616b09e,1,false
5824d68023897fcf0d18ce9d19212ddc1e53d97e39bd77fc7bdf12ce1616b09e,2,true
bcf8f99d3dd7bf875e71ddd62839704a8d4128bb331b88a347b4d9b59bbff95d,0,true
bcf8f99d3dd7bf875e71ddd62839704a8d4128bb331b88a347b4d9b59bbff95d,1,false
bcf8f99d3dd7bf875e71ddd62839704a8d4128bb331b88a347b4d9b59bbff95d,2,false
b5e2278cebc448d72e734c751b60cb5cb025ac4240ad785440244edb871b2b09,0,false
b5e2278cebc448d72e734c751b60cb5cb025ac4240ad785440244edb871b2b09,1,true
b5e2278cebc448d72e734c751b60cb5cb025ac4240ad785440244edb871b2b09,2,false
a647f52934aa046612ef5cdd3a24b972628d060d387121e613ea91ca0231c062,0,false
a647f52934aa046612ef5cdd3a24b972628d060d387121e613ea91ca0231c062,1,true
a647f52934aa046612ef5cdd3a24b972628d060d387121e613ea91ca0231c062,2,false
134ead4017585806964ddf2c71d2be1dfcaa92dc6a7540bf52e1d3ff10a43d1d,0,false
134ead4017585806964ddf2c71d2be1dfcaa92dc6a7540bf52e1d3ff10a43d1d,1,false
134ead4017585806964ddf2c71d2be1dfcaa92dc6a7540bf52e1d3ff10a43d1d,2,true
93751ed3a4334944a420100338319d373c54db6bdb90e540c1ff6154568580d1,0,false
93751ed3a4334944a420100338319d373c54db6bdb90e540c1ff6154568580d1,1,true
93751ed3a4334944a420100338319d373c54db6bdb90e540c1ff6154568580d1,2,false
37e98a718513903d4d2aa5be75399b8f44fb0b829c1f20fb2ed69a8da7ae085e,0,true
37e98a718513903d4d2aa5be75399b8f44fb0b829c1f20fb2ed69a8da7ae085e,1,false
37e98a718513903d4d2aa5be75399b8f44fb0b829c1f20fb2ed69a8da7ae085e,2,false
f9ad8144557427fe65158248e5696b9f940833c5e882b634d0ecd61ba4e2326f,0,false
f9ad8144557427fe65158248e5696b9f940833c5e882b634d0ecd61ba4e2326f,1,true
f9ad8144557427fe65158248e5696b9f940833c5e882b634d0ecd61ba4e2326f,2,false
c5137515d57052c6484c9137e1cde99e5fa44b5687662ca03df9c10167c8c0b1,0,false
c5137515d57052c6484c9137e1cde99e5fa44b5687662ca03df9c10167c8c0b1,1,false
c5137515d57052c6484c9137e1cde99e5fa44b5687662ca03df9c10167c8c0b1,2,true
0d62a55a6a005115b17a00e43c590c8fb8e66c9643df3e193b995012a74cfe90,0,false
0d62a55a6a005115b17a00e43c590c8fb8e66c9643df3e193b995012a74cfe90,1,false
0d62a55a6a005115b17a00e43c590c8fb8e66c9643df3e193b995012a74cfe90,2,true
0e7b09b2f19917d1178b4934eebaaf5ddeefc7646302a6f996c0359d2898cab5,0,false
0e7b09b2f19917d1178b4934eebaaf5ddeefc7646302a6f996c0359d2898cab5,1,false
0e7b09b2f19917d1178b4934eebaaf5ddeefc7646302a6f996c0359d2898cab5,2,true
b42aacc3de10d5568ef87ae18583732bf01faff683b3182e4bfa7e2b8aee9f1c,0,true
b42aacc3de10d5568ef87ae18583732bf01faff683b3182e4bfa7e2b8aee9f1c,1,false
b42aacc3de10d5568ef87ae18583732bf01faff683b3182e4bfa7e2b8aee9f1c,2,false
b54dc923cf3ba434adb865c139eca3092275f6410a92c0cbf2e452621655e11c,0,true
b54dc923cf3ba434adb865c139eca3092275f6410a92c0cbf2e452621655e11c,1,false
b54dc923cf3ba434adb865c139eca3092275f6410a92c0cbf2e452621655e11c,2,false
918b8e17365bc648a3ec1d37e4497afc855dcf05698b9494c23478234645e753,0,false
918b8e17365bc648a3ec1d37e4497afc855dcf05698b9494c23478234645e753,1,true
918b8e17365bc648a3ec1d37e4497afc855dcf05698b9494c23478234645e753,2,false
54b3bd08c56540448df9c3dc912b22e2a2e0ce66fa04eb7048f808e43607adf5,0,true
54b3bd08c56540448df9c3dc912b22e2a2e0ce66fa04eb7048f808e43607adf5,1,false
54b3bd08c56540448df9c3dc912b22e2a2e0ce66fa04eb7048f808e43607adf5,2,false
895191548d59309d39dfa31bf58d07251c8ea22b6a14d3766d04e0b956492617,0,false
895191548d59309d39dfa31bf58d07251c8ea22b6a14d3766d04e0b956492617,1,true
895191548d59309d39dfa31bf58d07251c8ea22b6a14d3766d04e0b956492617,2,false
a25ca329801ed85d4b799f91300e8c71a0b33966c493fe3efcd1373959603c40,0,false
a25ca329801ed85d4b799f91300e8c71a0b33966c493fe3efcd1373959603c40,1,false
a25ca329801ed85d4b799f91300e8c71a0b33966c493fe3efcd1373959603c40,2,true
a05f514eb1dd201abba0a91196ec69478311b177fcae9ea294f02d926ce9ecbc,0,false
a05f514eb1dd201abba0a91196ec69478311b177fcae9ea294f02d926ce9ecbc,1,false
a05f514eb1dd201abba0a91196ec69478311b177fcae9ea294f02d926ce9ecbc,2,true
50bff499e42eeaef9c1a01f8efebef3a49a15bead421d6694a84665962a9a8b2,0,true
50bff499e42eeaef9c1a01f8efebef3a49a15bead421d6694a84665962a9a8b2,1,false
50bff499e42eeaef9c1a01f8efebef3a49a15bead421d6694a84665962a9a8b2,2,false
30c7cd168147c06312f747c7f5fb3e16bd2823bd3c703a751c5184fd4e06c798,0,false
30c7cd168147c06312f747c7f5fb3e16bd2823bd3c703a751c5184fd4e06c798,1,true
30c7cd168147c06312f747c7f5fb3e16bd2823bd3c703a751c5184fd4e06c798,2,false
a119b88587f40e7acae91de97a379f5139bb82309933f46ecc0dfe349be0db0d,0,false
a119b88587f40e7acae91de97a379f5139bb82309933f46ecc0dfe349be0db0d,1,true
a119b88587f40e7acae91de97a379f5139bb82309933f46ecc0dfe349be0db0d,2,false
f0c52bb9e745d3ce59dc4b9c45cea075dec9fb4020607c455602c29d7efa1a52,0,false
f0c52bb9e745d3ce59dc4b9c45cea075dec9fb4020607c455602c29d7efa1a52,1,false
f0c52bb9e745d3ce59dc4b9c45cea075dec9fb4020607c455602c29d7efa1a52,2,true
a6a8deb06d2cb3d000b9be94bf5af281e6ec7568bd31714cad9ddb15c0fcfa10,0,false
a6a8deb06d2cb3d000b9be94bf5af281e6ec7568bd31714cad9ddb15c0fcfa10,1,true
a6a8deb06d2cb3d000b9be94bf5af281e6ec7568bd31714cad9ddb15c0fcfa10,2,false
26396b0c3f7b82f64f3ef47872b5066f3e603515ad9ddac4db81b6f8c10b1c20,0,false
26396b0c3f7b82f64f3ef47872b5066f3e603515ad9ddac4db81b6f8c10b1c20,1,false
26396b0c3f7b82f64f3ef47872b5066f3e603515ad9ddac4db81b6f8c10b1c20,2,true
1062a17c57428d2a7230237c2855a481eea202c5c0a735ef624b8a79dc78bddb,0,false
1062a17c57428d2a7230237c2855a481eea202c5c0a735ef624b8a79dc78bddb,1,false
1062a17c57428d2a7230237c2855a481eea202c5c0a735ef624b8a79dc78bddb,2,true
1a02f04b8c5ba4624c1f334f3f7c639282b0472c3ff8394a37ae8604cd481ed4,0,false
1a02f04b8c5ba4624c1f334f3f7c639282b0472c3ff8394a37ae8604cd481ed4,1,false
1a02f04b8c5ba4624c1f334f3f7c639282b0472c3ff8394a37ae8604cd481ed4,2,true
a36fad53181ec62a8a7b54e6ed91b4f85e7a2086b7bec5c392379152643ce09f,0,true
a36fad53181ec62a8a7b54e6ed91b4f85e7a2086b7bec5c392379152643ce09f,1,false
a36fad53181ec62a8a7b54e6ed91b4f85e7a2086b7bec5c392379152643ce09f,2,false
88912533473b6ea49d201dd8da1ad98a71793ad689cb7e8c4398a594d564f959,0,false
88912533473b6ea49d201dd8da1ad98a71793ad689cb7e8c4398a594d564f959,1,true
88912533473b6ea49d201dd8da1ad98a71793ad689cb7e8c4398a594d564f959,2,false
678cdc61e3aef4f586eee8d8c91448ee174c9a34d82238a7eee99284d3218398,0,false
678cdc61e3aef4f586eee8d8c91448ee174c9a34d82238a7eee99284d3218398,1,true
678cdc61e3aef4f586eee8d8c91448ee174c9a34d82238a7eee99284d3218398,2,false
3842c96a3690eebf7f0d930a908b10856af38d094515e4b17d3875b7f3a9307c,0,false
3842c96a3690eebf7f0d930a908b10856af38d094515e4b17d3875b7f3a9307c,1,false
3842c96a3690eebf7f0d930a908b10856af38d094515e4b17d3875b7f3a9307c,2,true
9d1a4c7e01336cecddc6f19b9fd3aa465e90f5028f9ab4b71d164d1ec4fb0945,0,false
9d1a4c7e01336cecddc6f19b9fd3aa465e90f5028f9ab4b71d164d1ec4fb0945,1,true
9d1a4c7e01336cecddc6f19b9fd3aa465e90f5028f9ab4b71d164d1ec4fb0945,2,false
4f7c336b379d1d255b81779043d2c8221378cadffb88b2c551f074b0111fb8d0,0,false
4f7c336b379d1d255b81779043d2c8221378cadffb88b2c551f074b0111fb8d0,1,true
4f7c336b379d1d255b81779043d2c8221378cadffb88b2c551f074b0111fb8d0,2,false
c84bd64b88afc92759e56229c8f8d8ee4293f8569eb1395dab31f4121f806c63,0,false
c84bd64b88afc92759e56229c8f8d8ee4293f8569eb1395dab31f4121f806c63,1,true
c84bd64b88afc92759e56229c8f8d8ee4293f8569eb1395dab31f4121f806c63,2,false
62eab9b758767668c5fce803a4b65ed24a724220a903df868490d56c292e74cc,0,true
62eab9b758767668c5fce803a4b65ed24a724220a903df868490d56c292e74cc,1,false
62eab9b758767668c5fce803a4b65ed24a724220a903df868490d56c292e74cc,2,false
641681f82fc8630a48e175cecb6bb5b8cfc729d4ddcb9a703e3819bc5e5f063a,0,false
641681f82fc8630a48e175cecb6bb5b8cfc729d4ddcb9a703e3819bc5e5f063a,1,false
641681f82fc8630a48e175cecb6bb5b8cfc729d4ddcb9a703e3819bc5e5f063a,2,true
281a22ac6ac0f3c059f5c12b07ced515932442a789a54484877ebcf22c73b587,0,false
281a22ac6ac0f3c059f5c12b07ced515932442a789a54484877ebcf22c73b587,1,false
281a22ac6ac0f3c059f5c12b07ced515932442a789a54484877ebcf22c73b587,2,true
482f17bf896663be16a5b1e7bd298792ffdfc1c31157711b2570c37e2744ed1f,0,false
482f17bf896663be16a5b1e7bd298792ffdfc1c31157711b2570c37e2744ed1f,1,true
482f17bf896663be16a5b1e7bd298792ffdfc1c31157711b2570c37e2744ed1f,2,false
b6a0d11471da7510495a173358d57cdd4cf730637ddc18c8f2767944e4f327c6,0,false
b6a0d11471da7510495a173358d57cdd4cf730637ddc18c8f2767944e4f327c6,1,true
b6a0d11471da7510495a173358d57cdd4cf730637ddc18c8f2767944e4f327c6,2,false
dbc5508e0d162f1bb4b8ef105c15026e7c8e9fa33def27e40416d81a1de1d307,0,false
dbc5508e0d162f1bb4b8ef105c15026e7c8e9fa33def27e40416d81a1de1d307,1,true
dbc5508e0d162f1bb4b8ef105c15026e7c8e9fa33def27e40416d81a1de1d307,2,false
72b042526a339d598286d8fcbec8185e42c3b9d0a9211c95bbce3aa19c962b0d,0,false
72b042526a339d598286d8fcbec8185e42c3b9d0a9211c95bbce3aa19c962b0d,1,true
72b042526a339d598286d8fcbec8185e42c3b9d0a9211c95bbce3aa19c962b0d,2,false
a66c16a11064e492f3942d81e4b783ac96064bfeaaa34bc3fa54c8edee6ee514,0,false
a66c16a11064e492f3942d81e4b783ac96064bfeaaa34bc3fa54c8edee6ee514,1,true
a66c16a11064e492f3942d81e4b783ac96064bfeaaa34bc3fa54c8edee6ee514,2,false
16c3014f48b1860d1b9e1e6baadcd0efc8b49862ea48da276861e820afde2466,0,false
16c3014f48b1860d1b9e1e6baadcd0efc8b49862ea48da276861e820afde2466,1,false
16c3014f48b1860d1b9e1e6baadcd0efc8b49862ea48da276861e820afde2466,2,true
8e364d4243022b658338c8848e851bc35416926283470bc498ececfd9802baf2,0,false
8e364d4243022b658338c8848e851bc35416926283470bc498ececfd9802baf2,1,true
8e364d4243022b658338c8848e851bc35416926283470bc498ececfd9802baf2,2,false
ea4ea6678f953e7e6e1d277485f0ace4cb02d96e0fa0916e7defbec8cfdef4af,0,true
ea4ea6678f953e7e6e1d277485f0ace4cb02d96e0fa0916e7defbec8cfdef4af,1,false
ea4ea6678f953e7e6e1d277485f0ace4cb02d96e0fa0916e7defbec8cfdef4af,2,false
ad4671bb944648a8b6f417e8305c8975b98a5581438675a311432c170774fb40,0,false
ad4671bb944648a8b6f417e8305c8975b98a5581438675a311432c170774fb40,1,true
ad4671bb944648a8b6f417e8305c8975b98a5581438675a311432c170774fb40,2,false
6894f784df11beb93b7fe08c75b343c8a3341c8a3ae4a19473430daa14b796e5,0,true
6894f784df11beb93b7fe08c75b343c8a3341c8a3ae4a19473430daa14b796e5,1,false
6894f784df11beb93b7fe08c75b343c8a3341c8a3ae4a19473430daa14b796e5,2,false
05ea6e564ce5696d8aad7f12eac4877a3ce543e9dc6dcb91c7f7a8e2fcda04ac,0,false
05ea6e564ce5696d8aad7f12eac4877a3ce543e9dc6dcb91c7f7a8e2fcda04ac,1,false
05ea6e564ce5696d8aad7f12eac4877a3ce543e9dc6dcb91c7f7a8e2fcda04ac,2,true
a8bcf6d0019f53975ee375bd70206ec5867aa80b6b6e3cab6704c1807bfff686,0,true
a8bcf6d0019f53975ee375bd70206ec5867aa80b6b6e3cab6704c1807bfff686,1,false
a8bcf6d0019f53975ee375bd70206ec5867aa80b6b6e3cab6704c1807bfff686,2,false
d36768f24d8d109e8e2917cafd41f4c25c6f001327be7128b8eb561ca01e16c6,0,false
d36768f24d8d109e8e2917cafd41f4c25c6f001327be7128b8eb561ca01e16c6,1,false
d36768f24d8d109e8e2917cafd41f4c25c6f001327be7128b8eb561ca01e16c6,2,true
e3cefe1a6056a221a7c3f85de399901cef3091460dbfda0b212d40662a4d66ba,0,true
e3cefe1a6056a221a7c3f85de399901cef3091460dbfda0b212d40662a4d66ba,1,false
e3cefe1a6056a221a7c3f85de399901cef3091460dbfda0b212d40662a4d66ba,2,false
d2b5e027b6f9dfbef46adf58e487e6201d9272e41e1e221cc6f1817e516580ef,0,true
d2b5e027b6f9dfbef46adf58e487e6201d9272e41e1e221cc6f1817e516580ef,1,false
d2b5e027b6f9dfbef46adf58e487e6201d9272e41e1e221cc6f1817e516580ef,2,false
2f421321ac5c3436e1588ef4c2632b7860ee0bb16e6d02756bdd6d9a077124d8,0,false
2f421321ac5c3436e1588ef4c2632b7860ee0bb16e6d02756bdd6d9a077124d8,1,true
2f421321ac5c3436e1588ef4c2632b7860ee0bb16e6d02756bdd6d9a077124d8,2,false
8b6a4aa167e3d3b8cd286180b4b086e718862cbb3d8de7e24fc40b6d8a841b52,0,true
8b6a4aa167e3d3b8cd286180b4b086e718862cbb3d8de7e24fc40b6d8a841b52,1,false
8b6a4aa167e3d3b8cd286180b4b086e718862cbb3d8de7e24fc40b6d8a841b52,2,false
2991cb292dc62b2554c14feda26e115e6ef8de20a0bfb79b59f11ddb045c4988,0,true
2991cb292dc62b2554c14feda26e115e6ef8de20a0bfb79b59f11ddb045c4988,1,false
2991cb292dc62b2554c14feda26e115e6ef8de20a0bfb79b59f11ddb045c4988,2,false
ca428d6a0231601f74efc50505dad60c82ecbbe7644ab2ac025df2136e56da95,0,false
ca428d6a0231601f74efc50505dad60c82ecbbe7644ab2ac025df2136e56da95,1,true
ca428d6a0231601f74efc50505dad60c82ecbbe7644ab2ac025df2136e56da95,2,false
885399317364c9033157f64730e71762f3c1a96823891a8461f7124cebcea400,0,false
885399317364c9033157f64730e71762f3c1a96823891a8461f7124cebcea400,1,true
885399317364c9033157f64730e71762f3c1a96823891a8461f7124cebcea400,2,false
b7aff9c5f41a24a35f001b32b38a106e83769ae7ccca451512dbb90f3a7e2760,0,false
b7aff9c5f41a24a35f001b32b38a106e83769ae7ccca451512dbb90f3a7e2760,1,true
b7aff9c5f41a24a35f001b32b38a106e83769ae7ccca451512dbb90f3a7e2760,2,false
271ff2e13f050b387e5e4b6f5b008e7561b017161e057dc3579dba26c0ebfcd5,0,false
271ff2e13f050b387e5e4b6f5b008e7561b017161e057dc3579dba26c0ebfcd5,1,true
271ff2e13f050b387e5e4b6f5b008e7561b017161e057dc3579dba26c0ebfcd5,2,false
36a78bfcdbbee7ccabddab25c66de5c39962598adc196114021902fe00c2f94a,0,false
36a78bfcdbbee7ccabddab25c66de5c39962598adc196114021902fe00c2f94a,1,true
36a78bfcdbbee7ccabddab25c66de5c39962598adc196114021902fe00c2f94a,2,false
ce412a0d03ef47212de1b951f00a6456e63a1b982d0d90a77f3a5bdb4a0ff0b3,0,false
ce412a0d03ef47212de1b951f00a6456e63a1b982d0d90a77f3a5bdb4a0ff0b3,1,true
ce412a0d03ef47212de1b951f00a6456e63a1b982d0d90a77f3a5bdb4a0ff0b3,2,false
41e9f7425b2a803f65de6fe69408ba35b818ccffe2685f1982191846668d4cd5,0,false
41e9f7425b2a803f65de6fe69408ba35b818ccffe2685f1982191846668d4cd5,1,true
41e9f7425b2a803f65de6fe69408ba35b818ccffe2685f1982191846668d4cd5,2,false
648cda9f668be9353320e827eab08afd7503fc2dbbccaf23e5351649b0fb4936,0,false
648cda9f668be9353320e827eab08afd7503fc2dbbccaf23e5351649b0fb4936,1,false
648cda9f668be9353320e827eab08afd7503fc2dbbccaf23e5351649b0fb4936,2,true
5e558f509eb9e7cee47a51077946ffb05393330b13f2e21fdbc4836dac5af5cd,0,false
5e558f509eb9e7cee47a51077946ffb05393330b13f2e21fdbc4836dac5af5cd,1,true
5e558f509eb9e7cee47a51077946ffb05393330b13f2e21fdbc4836dac5af5cd,2,false
864f830bca8499a0996f7c0f0332fe09471fa07ac52069d39ad680a85ec77bbb,0,true
864f830bca8499a0996f7c0f0332fe09471fa07ac52069d39ad680a85ec77bbb,1,false
864f830bca8499a0996f7c0f0332fe09471fa07ac52069d39ad680a85ec77bbb,2,false
cf1adc111b4761b45ba5f88a9ecea231b08eee8efe3ae01e118d8a57684970b6,0,false
cf1adc111b4761b45ba5f88a9ecea231b08eee8efe3ae01e118d8a57684970b6,1,false
cf1adc111b4761b45ba5f88a9ecea231b08eee8efe3ae01e118d8a57684970b6,2,true
a823023f5ae0f8d3204dc413c3c8446530781d699013a7ecf5128f174236d19f,0,false
a823023f5ae0f8d3204dc413c3c8446530781d699013a7ecf5128f174236d19f,1,true
a823023f5ae0f8d3204dc413c3c8446530781d699013a7ecf5128f174236d19f,2,false
f367a775b1976e270d93554d77e785d566856b0b3a366b71cafacd05b0037c89,0,false
f367a775b1976e270d93554d77e785d566856b0b3a366b71cafacd05b0037c89,1,true
f367a775b1976e270d93554d77e785d566856b0b3a366b71cafacd05b0037c89,2,false
ade3d84b3236c7df64745b35d81fd96acf87e1c08a5f293904dda9dede744c1d,0,true
ade3d84b3236c7df64745b35d81fd96acf87e1c08a5f293904dda9dede744c1d,1,false
ade3d84b3236c7df64745b35d81fd96acf87e1c08a5f293904dda9dede744c1d,2,false
8148c168a669ba1e25f660ddd35219865dd66b18ac59d9f2afc974fd057086b8,0,true
8148c168a669ba1e25f660ddd35219865dd66b18ac59d9f2afc974fd057086b8,1,false
8148c168a669ba1e25f660ddd35219865dd66b18ac59d9f2afc974fd057086b8,2,false
bb56326c033888627586b65d293b62d270bc01b3265588292187d48f2032c39e,0,true
bb56326c033888627586b65d293b62d270bc01b3265588292187d48f2032c39e,1,false
bb56326c033888627586b65d293b62d270bc01b3265588292187d48f2032c39e,2,false
37269e5ca3e393e65cb872566967f36075ae0a84a3e2af87001437930b96ca86,0,true
37269e5ca3e393e65cb872566967f36075ae0a84a3e2af87001437930b96ca86,1,false
37269e5ca3e393e65cb872566967f36075ae0a84a3e2af87001437930b96ca86,2,false
f13b6e53372bb1b7a581ccf574b1511effeb4416798868c6e928b5bbc9c82f1c,0,false
f13b6e53372bb1b7a581ccf574b1511effeb4416798868c6e928b5bbc9c82f1c,1,true
f13b6e53372bb1b7a581ccf574b1511effeb4416798868c6e928b5bbc9c82f1c,2,false
7faa5bdd929946ebbb60fe7ebbddc47a3987d1bf7c548f6f9367cb7d94b9b442,0,false
7faa5bdd929946ebbb60fe7ebbddc47a3987d1bf7c548f6f9367cb7d94b9b442,1,true
7faa5bdd929946ebbb60fe7ebbddc47a3987d1bf7c548f6f9367cb7d94b9b442,2,false
1df568d7b3eaec735bd7a10b4a3d7c88244c7b7050578c75f6b4e764fef0c227,0,false
1df568d7b3eaec735bd7a10b4a3d7c88244c7b7050578c75f6b4e764fef0c227,1,false
1df568d7b3eaec735bd7a10b4a3d7c88244c7b7050578c75f6b4e764fef0c227,2,true
564c02b2171ea391719ff45b9955c87bc8b9358348452a21f24bb45d04fd26f3,0,true
564c02b2171ea391719ff45b9955c87bc8b9358348452a21f24bb45d04fd26f3,1,false
564c02b2171ea391719ff45b9955c87bc8b9358348452a21f24bb45d04fd26f3,2,false
66cdcc5cb5f872a87ff41c3fd29cd771fa4bf047ea290d07612e6987fb0d209c,0,false
66cdcc5cb5f872a87ff41c3fd29cd771fa4bf047ea290d07612e6987fb0d209c,1,false
66cdcc5cb5f872a87ff41c3fd29cd771fa4bf047ea290d07612e6987fb0d209c,2,true
bdeefa634bdadcfc41508ed92f5b6bc77097e1eeae3f5fa684dac15e0d2cd8f3,0,true
bdeefa634bdadcfc41508ed92f5b6bc77097e1eeae3f5fa684dac15e0d2cd8f3,1,false
bdeefa634bdadcfc41508ed92f5b6bc77097e1eeae3f5fa684dac15e0d2cd8f3,2,false
e3936a6c8d8cb161513b6f7c3ef971d45dcbc698fc9c652be673a4fd8e75d89c,0,false
e3936a6c8d8cb161513b6f7c3ef971d45dcbc698fc9c652be673a4fd8e75d89c,1,true
e3936a6c8d8cb161513b6f7c3ef971d45dcbc698fc9c652be673a4fd8e75d89c,2,false
994968d1401766854f60c90d45776f790bcf13e82939ef95e18430fa589f0529,0,false
994968d1401766854f60c90d45776f790bcf13e82939ef95e18430fa589f0529,1,false
994968d1401766854f60c90d45776f790bcf13e82939ef95e18430fa589f0529,2,true
79ea9438f4397b404dc93c169228173721b1c964a9ea627ab049c4b69f6a5da0,0,false
79ea9438f4397b404dc93c169228173721b1c964a9ea627ab049c4b69f6a5da0,1,false
79ea9438f4397b404dc93c169228173721b1c964a9ea627ab049c4b69f6a5da0,2,true
640551c3f2c286f93ab4614399946e4b8137ea38375939a4f9f939cfc49c98d6,0,false
640551c3f2c286f93ab4614399946e4b8137ea38375939a4f9f939cfc49c98d6,1,false
640551c3f2c286f93ab4614399946e4b8137ea38375939a4f9f939cfc49c98d6,2,true
4fabc3e3b9310fcacdf920bdd181d7751dde4a75fa61ef60ce5a986cca71da30,0,true
4fabc3e3b9310fcacdf920bdd181d7751dde4a75fa61ef60ce5a986cca71da30,1,false
4fabc3e3b9310fcacdf920bdd181d7751dde4a75fa61ef60ce5a986cca71da30,2,false
e8b66bfb988c4647ff204f6357fe406e4cf65e055c02829d2323b61362eb5c01,0,false
e8b66bfb988c4647ff204f6357fe406e4cf65e055c02829d2323b61362eb5c01,1,false
e8b66bfb988c4647ff204f6357fe406e4cf65e055c02829d2323b61362eb5c01,2,true
475a42c9514e42d3407c4ed5903ecb34902eb324469e77baac951d47657d3ed1,0,false
475a42c9514e42d3407c4ed5903ecb34902eb324469e77baac951d47657d3ed1,1,true
475a42c9514e42d3407c4ed5903ecb34902eb324469e77baac951d47657d3ed1,2,false
51fc46d752fa43b989adc5d43d096cb013024e773ad1681b7533cc8ec746a39e,0,true
51fc46d752fa43b989adc5d43d096cb013024e773ad1681b7533cc8ec746a39e,1,false
51fc46d752fa43b989adc5d43d096cb013024e773ad1681b7533cc8ec746a39e,2,false
094dcaaff3ced062d87d9bb72cfc106231cbbb78f18307f92ff89c1fda6cd02a,0,false
094dcaaff3ced062d87d9bb72cfc106231cbbb78f18307f92ff89c1fda6cd02a,1,true
094dcaaff3ced062d87d9bb72cfc106231cbbb78f18307f92ff89c1fda6cd02a,2,false
cf8c0db4c7b456846a72baf42ecc4cb921e453ee8ca3045f8b7968dfbbde4852,0,false
cf8c0db4c7b456846a72baf42ecc4cb921e453ee8ca3045f8b7968dfbbde4852,1,true
cf8c0db4c7b456846a72baf42ecc4cb921e453ee8ca3045f8b7968dfbbde4852,2,false
e11ffa644e8db34567b843ad3725b96ef89d05d932a9c02917a7788b40a9eaa6,0,false
e11ffa644e8db34567b843ad3725b96ef89d05d932a9c02917a7788b40a9eaa6,1,true
e11ffa644e8db34567b843ad3725b96ef89d05d932a9c02917a7788b40a9eaa6,2,false
04885acb5520f561eb3195c0e416df51c7651dd12d7753bdb9df4ec30ac7f1b6,0,true
04885acb5520f561eb3195c0e416df51c7651dd12d7753bdb9df4ec30ac7f1b6,1,false
04885acb5520f561eb3195c0e416df51c7651dd12d7753bdb9df4ec30ac7f1b6,2,false
dd4029533bd4a56a3c134b8321b0573ae107c458e4f58a56c796032f9709c0f8,0,true
dd4029533bd4a56a3c134b8321b0573ae107c458e4f58a56c796032f9709c0f8,1,false
dd4029533bd4a56a3c134b8321b0573ae107c458e4f58a56c796032f9709c0f8,2,false
bf798951deaf4fbf6ef8722b3e5c42575794ff152a676a957778aeb8ccc680cb,0,false
bf798951deaf4fbf6ef8722b3e5c42575794ff152a676a957778aeb8ccc680cb,1,false
bf798951deaf4fbf6ef8722b3e5c42575794ff152a676a957778aeb8ccc680cb,2,true
ebc338e41d845a708f467fb7639ad57f26ca7420d793bbbc4cd431a9305d2a8a,0,false
ebc338e41d845a708f467fb7639ad57f26ca7420d793bbbc4cd431a9305d2a8a,1,true
ebc338e41d845a708f467fb7639ad57f26ca7420d793bbbc4cd431a9305d2a8a,2,false
62aaf724a490dc6bba2c34b53ecf7be2621fa0026491a8a1a449901a05ff90f4,0,false
62aaf724a490dc6bba2c34b53ecf7be2621fa0026491a8a1a449901a05ff90f4,1,false
62aaf724a490dc6bba2c34b53ecf7be2621fa0026491a8a1a449901a05ff90f4,2,true
b16ff63b8f4f85fdc0c59250d8473bb3057461ce11427b52f32bf62576da3f89,0,false
b16ff63b8f4f85fdc0c59250d8473bb3057461ce11427b52f32bf62576da3f89,1,false
b16ff63b8f4f85fdc0c59250d8473bb3057461ce11427b52f32bf62576da3f89,2,true
335104d84f5dc029c035653bc60f8ffcf190921dc2af4934310e31e4884c0a2a,0,true
335104d84f5dc029c035653bc60f8ffcf190921dc2af4934310e31e4884c0a2a,1,false
335104d84f5dc029c035653bc60f8ffcf190921dc2af4934310e31e4884c0a2a,2,false
c8b4584829f97108d182ee3e5a27834393c51b5aa9feb1c8739befec2e77c11b,0,false
c8b4584829f97108d182ee3e5a27834393c51b5aa9feb1c8739befec2e77c11b,1,true
c8b4584829f97108d182ee3e5a27834393c51b5aa9feb1c8739befec2e77c11b,2,false
39c0f0003b0330b2406fd768f4cb0df6c4ba0d13a534a7d4ecfa1efc11213ac5,0,true
39c0f0003b0330b2406fd768f4cb0df6c4ba0d13a534a7d4ecfa1efc11213ac5,1,false
39c0f0003b0330b2406fd768f4cb0df6c4ba0d13a534a7d4ecfa1efc11213ac5,2,false
1c9aa5885cdd283c50823b8e565b92bfd7846137be51d518045a8c1818a8b30d,0,false
1c9aa5885cdd283c50823b8e565b92bfd7846137be51d518045a8c1818a8b30d,1,true
1c9aa5885cdd283c50823b8e565b92bfd7846137be51d518045a8c1818a8b30d,2,false
687c9da86597953ea78736bbd3f27ea7f7faa4b1fcf0b0c0bff40d809ccb6dcb,0,false
687c9da86597953ea78736bbd3f27ea7f7faa4b1fcf0b0c0bff40d809ccb6dcb,1,false
687c9da86597953ea78736bbd3f27ea7f7faa4b1fcf0b0c0bff40d809ccb6dcb,2,true
903a09b5570ed8da9bf2d28e5e830d640ddaf5053de2e786a3cbc8e03f602488,0,false
903a09b5570ed8da9bf2d28e5e830d640ddaf5053de2e786a3cbc8e03f602488,1,true
903a09b5570ed8da9bf2d28e5e830d640ddaf5053de2e786a3cbc8e03f602488,2,false
028f3fea16ef970b71950075f7f7be96060c26e5f647df2a6617077bdaac0f19,0,true
028f3fea16ef970b71950075f7f7be96060c26e5f647df2a6617077bdaac0f19,1,false
028f3fea16ef970b71950075f7f7be96060c26e5f647df2a6617077bdaac0f19,2,false
2b22bd4d3d989a07769f7a288b077e0fe3f83ac2c8976d7537ceccec1491c577,0,true
2b22bd4d3d989a07769f7a288b077e0fe3f83ac2c8976d7537ceccec1491c577,1,false
2b22bd4d3d989a07769f7a288b077e0fe3f83ac2c8976d7537ceccec1491c577,2,false
c3ad892bccbf2f5b79b5f22fb2feec42b35e6839103e54e5542df32fa5703198,0,false
c3ad892bccbf2f5b79b5f22fb2feec42b35e6839103e54e5542df32fa5703198,1,false
c3ad892bccbf2f5b79b5f22fb2feec42b35e6839103e54e5542df32fa5703198,2,true
3e0857c08dc90f49f0d49edea2cb22b7e8d4ff5b55d41794a29affd93b400362,0,false
3e0857c08dc90f49f0d49edea2cb22b7e8d4ff5b55d41794a29affd93b400362,1,true
3e0857c08dc90f49f0d49edea2cb22b7e8d4ff5b55d41794a29affd93b400362,2,false
cc7ecbc90323800cd94b9144bf83ccf86e3692a74f30344feeeb38f85a340d90,0,true
cc7ecbc90323800cd94b9144bf83ccf86e3692a74f30344feeeb38f85a340d90,1,false
cc7ecbc90323800cd94b9144bf83ccf86e3692a74f30344feeeb38f85a340d90,2,false
e91fc16cc8e4d1ea2123a51e7fae378fcfe8004f72a8ae94e3ca41f4816c71ba,0,true
e91fc16cc8e4d1ea2123a51e7fae378fcfe8004f72a8ae94e3ca41f4816c71ba,1,false
e91fc16cc8e4d1ea2123a51e7fae378fcfe8004f72a8ae94e3ca41f4816c71ba,2,false
f2048392d2d7cf47cad6d19d5f52d86253620c7d4d1b8c165e51bbf6f847bf78,0,false
f2048392d2d7cf47cad6d19d5f52d86253620c7d4d1b8c165e51bbf6f847bf78,1,true
f2048392d2d7cf47cad6d19d5f52d86253620c7d4d1b8c165e51bbf6f847bf78,2,false
ead5a5d0c19bff6c3ccc5a00c0ef55f9412b1aa45d3968cab1a27664af12c2d3,0,true
ead5a5d0c19bff6c3ccc5a00c0ef55f9412b1aa45d3968cab1a27664af12c2d3,1,false
ead5a5d0c19bff6c3ccc5a00c0ef55f9412b1aa45d3968cab1a27664af12c2d3,2,false
efc00ea3c4dbb6b7d17a70ca2754a92cdeb0343b0cff10862521a9f9cc25566b,0,false
efc00ea3c4dbb6b7d17a70ca2754a92cdeb0343b0cff10862521a9f9cc25566b,1,false
efc00ea3c4dbb6b7d17a70ca2754a92cdeb0343b0cff10862521a9f9cc25566b,2,true
8fad493d0cade403ec9bc308dfddbc2ae1bea3033cccbbac9b3e06c4835dbd84,0,false
8fad493d0cade403ec9bc308dfddbc2ae1bea3033cccbbac9b3e06c4835dbd84,1,false
8fad493d0cade403ec9bc308dfddbc2ae1bea3033cccbbac9b3e06c4835dbd84,2,true
762905ddc3bee5b92792357f3af08434eb0e711d83bfe9a9d39b8636a1e6e5a7,0,false
762905ddc3bee5b92792357f3af08434eb0e711d83bfe9a9d39b8636a1e6e5a7,1,false
762905ddc3bee5b92792357f3af08434eb0e711d83bfe9a9d39b8636a1e6e5a7,2,true
20ae7ef9e66cf9f21cd82463dc3c2fbbc9b4090d41d192e4e45d52910e6e03ee,0,true
20ae7ef9e66cf9f21cd82463dc3c2fbbc9b4090d41d192e4e45d52910e6e03ee,1,false
20ae7ef9e66cf9f21cd82463dc3c2fbbc9b4090d41d192e4e45d52910e6e03ee,2,false
8277a40743f3ce5688ffc6e0e455239afebc8b311a1dc992fa5d833045187610,0,false
8277a40743f3ce5688ffc6e0e455239afebc8b311a1dc992fa5d833045187610,1,true
8277a40743f3ce5688ffc6e0e455239afebc8b311a1dc992fa5d833045187610,2,false
9fd505b2ede52dc87092a092e562c39d41eb379ada5b08ddcfcbbcb8142ae2b9,0,false
9fd505b2ede52dc87092a092e562c39d41eb379ada5b08ddcfcbbcb8142ae2b9,1,true
9fd505b2ede52dc87092a092e562c39d41eb379ada5b08ddcfcbbcb8142ae2b9,2,false
9f480d29fcd4712618d11639fcd686cb1fc3b8293ccc43289740fa54481b4996,0,false
9f480d29fcd4712618d11639fcd686cb1fc3b8293ccc43289740fa54481b4996,1,true
9f480d29fcd4712618d11639fcd686cb1fc3b8293ccc43289740fa54481b4996,2,false
d8e520d7bdf823964f5f86162e5bae4eaf932f5d6269f9309940785bdd5fd57c,0,false
d8e520d7bdf823964f5f86162e5bae4eaf932f5d6269f9309940785bdd5fd57c,1,true
d8e520d7bdf823964f5f86162e5bae4eaf932f5d6269f9309940785bdd5fd57c,2,false
bd15e6c3dd8f9e78e0d4568cbb328435239040f6a23b2f4474f45e2d4bdb7e2c,0,false
bd15e6c3dd8f9e78e0d4568cbb328435239040f6a23b2f4474f45e2d4bdb7e2c,1,false
bd15e6c3dd8f9e78e0d4568cbb328435239040f6a23b2f4474f45e2d4bdb7e2c,2,true
de3e545c96db3d36d3733777cb15347e78672ff7d7d976111839629068620aaa,0,false
de3e545c96db3d36d3733777cb15347e78672ff7d7d976111839629068620aaa,1,true
de3e545c96db3d36d3733777cb15347e78672ff7d7d976111839629068620aaa,2,false
f4f6425e22fb2848953caa2e321410373871d59342b69619883d7e0476ad5e39,0,false
f4f6425e22fb2848953caa2e321410373871d59342b69619883d7e0476ad5e39,1,true
f4f6425e22fb2848953caa2e321410373871d59342b69619883d7e0476ad5e39,2,false
41456782a9f7921d4367b3c20de730ab216e9b09a79365aa4acd59706fcfc154,0,false
41456782a9f7921d4367b3c20de730ab216e9b09a79365aa4acd59706fcfc154,1,false
41456782a9f7921d4367b3c20de730ab216e9b09a79365aa4acd59706fcfc154,2,true
170fa8a01417ab9d4e3dfdf317c0a230e8e057e57d27823aa05935851149953a,0,false
170fa8a01417ab9d4e3dfdf317c0a230e8e057e57d27823aa05935851149953a,1,true
170fa8a01417ab9d4e3dfdf317c0a230e8e057e57d27823aa05935851149953a,2,false
9cd5aa850a8b7609fe8a665862eaa500fc8a2ca56553e2a4473b697241c6fd82,0,true
9cd5aa850a8b7609fe8a665862eaa500fc8a2ca56553e2a4473b697241c6fd82,1,false
9cd5aa850a8b7609fe8a665862eaa500fc8a2ca56553e2a4473b697241c6fd82,2,false
