id,statement_index,raw_prediction,prediction_parsed
39550e3c246330ee49d6f5a3f3889db8418aacf3d9ef71108ad4fb5fd27d7259,0,"Answer: 3

The environment shown in the image is a rugged desert mountain range with orange rock formations. This statement is grounded in the image because the image clearly depicts a desert landscape with prominent rock formations and a barren, arid environment. The colors and textures of the landscape, such as the orange hues and the rugged terrain, are characteristic of desert environments, not temperate forests or tropical coastal areas.

Statement 1: The environment shown in the image is a temperate forest with lush greenery. This statement is a hallucination because the image does not show any lush greenery or a temperate forest. Instead, it shows a dry, barren landscape with rocky formations.

Statement 2: The environment shown in the image is a tropical coastal area with sandy beaches. This statement is also a hallucination because the image does not depict any sandy beaches or coastal areas. Instead, it shows a desert mountain range with rocky formations and no signs of a coastal environment.",false
39550e3c246330ee49d6f5a3f3889db8418aacf3d9ef71108ad4fb5fd27d7259,1,,false
39550e3c246330ee49d6f5a3f3889db8418aacf3d9ef71108ad4fb5fd27d7259,2,,true
5f985ee30b7a618a99ff580a47522f7cc271a7a3b17ad62cc6c5859813f6d171,0,"Answer: 2

The bus in the image is a mobile museum displaying cultural and historical exhibits. This is grounded by the presence of images and text on the side of the bus, which appear to be related to cultural and historical figures. The other two statements are plausible-sounding hallucinations because there is no clear indication that the bus is specifically for tourists or daily commuters.",false
5f985ee30b7a618a99ff580a47522f7cc271a7a3b17ad62cc6c5859813f6d171,1,,true
5f985ee30b7a618a99ff580a47522f7cc271a7a3b17ad62cc6c5859813f6d171,2,,false
4eaad96db51485f183fbe3ea0b14ef16e47e4daf99ef10fc29b51fee26d69b52,0,"Answer: 2

The jeweled tiara worn with the decorated headscarf is likely used as a decorative accessory for a special occasion. This statement is grounded in the image because the tiara is ornate and elaborate, which is typical for special events or celebrations rather than everyday wear or sports activities.

Statement 1 is a hallucination because there is no indication in the image that the tiara is part of a school uniform. School uniforms are typically more practical and less ornate.

Statement 3 is also a hallucination because the tiara is not suitable for sports activities. Sports attire is designed for functionality and comfort, not for decorative purposes.",false
4eaad96db51485f183fbe3ea0b14ef16e47e4daf99ef10fc29b51fee26d69b52,1,,true
4eaad96db51485f183fbe3ea0b14ef16e47e4daf99ef10fc29b51fee26d69b52,2,,false
38a6dc0eb0d96a64eda567173baab7698a6054f285cc82ee26d1b51658820a06,0,"Answer: 1

The image shows a cup of tea with visible mint leaves floating on the surface, indicating that mint is indeed a primary ingredient. The other two statements are plausible-sounding but not supported by the image. There is no visible chamomile or jasmine in the image, making these statements hallucinations.",true
38a6dc0eb0d96a64eda567173baab7698a6054f285cc82ee26d1b51658820a06,1,,false
38a6dc0eb0d96a64eda567173baab7698a6054f285cc82ee26d1b51658820a06,2,,false
6f0acf368620aba6c02fae6e97dc641c439de3d51333c1a0936753e3e8393c48,0,"Answer: 1

The aircraft shown in the image is a military surveillance aircraft. This is grounded in the image because the aircraft has a distinct shape and features typical of military surveillance planes, such as the large radar dome on top and the markings that indicate it belongs to a military organization. The presence of the NATO and DTAN markings further supports this conclusion.

Statement 2: The aircraft shown in the image is a commercial passenger plane. This statement is a hallucination because the aircraft's design and markings clearly indicate it is not a commercial passenger plane. Commercial planes typically have a different shape and design, and they do not carry military markings.

Statement 3: The aircraft shown in the image is a cargo transport plane. This statement is also a hallucination because the aircraft's design and markings clearly indicate it is not a cargo transport plane. Cargo planes usually have a different shape and design, and they do not carry military markings.",true
6f0acf368620aba6c02fae6e97dc641c439de3d51333c1a0936753e3e8393c48,1,,false
6f0acf368620aba6c02fae6e97dc641c439de3d51333c1a0936753e3e8393c48,2,,false
15d81593d6188c3cfc630067c02f70f97a60a7625023833410bc49ead618b773,0,"Answer: 3

The primary activity being performed in the image is archery practice. This is evident from the person holding a bow and arrow, aiming at a target. The presence of the target and the bow clearly indicate that the activity is archery practice.

Statement 1: The primary activity being performed in the image is fishing. This is a hallucination because there is no evidence of fishing equipment or activity in the image. The person is holding a bow and arrow, not fishing gear.

Statement 2: The primary activity being performed in the image is hunting. This is also a hallucination because hunting typically involves using firearms or other hunting equipment, which is not present in the image. The person is holding a bow and arrow, which is more indicative of archery practice than hunting.",false
15d81593d6188c3cfc630067c02f70f97a60a7625023833410bc49ead618b773,1,,false
15d81593d6188c3cfc630067c02f70f97a60a7625023833410bc49ead618b773,2,,true
3186adf7f819686f71839a1d9a48d43bf2970ec436a345dd705d8fc8f40cf717,0,"Answer: 2

The blazer worn in the image is a burnt orange blazer with structured shoulders. This statement is grounded in the image because the woman is clearly wearing a burnt orange blazer with a structured design, as seen in the image. The blazer fits well and has a tailored look, which is consistent with the description.

Statement 1 is a hallucination because the blazer is not black leather but rather a burnt orange color. The material appears to be leather, but the color is incorrect.

Statement 3 is also a hallucination because the blazer is not a casual denim jacket with patches. The material and design do not match a denim jacket, and there are no visible patches on the blazer.",false
3186adf7f819686f71839a1d9a48d43bf2970ec436a345dd705d8fc8f40cf717,1,,true
3186adf7f819686f71839a1d9a48d43bf2970ec436a345dd705d8fc8f40cf717,2,,false
431192ee74f3c24a181452b35e20176a105560d01b79db447400d27f446bc30b,0,"Answer: 1

The rug shown in the image is most closely associated with Muslim daily prayers (salat). This is evident from the central medallion and the overall design, which are characteristic of Islamic prayer rugs. The intricate patterns and the central dome-like structure are typical of Islamic art and architecture, which often feature geometric and floral motifs.

Statement 2: The rug shown in the image is most closely associated with Hindu meditation rituals.
This statement is a hallucination. The design elements of the rug do not align with Hindu meditation rituals. Hindu meditation rugs typically feature different symbols and motifs, such as the Om symbol or lotus flowers, which are not present in this image.

Statement 3: The rug shown in the image is most closely associated with Christian church services.
This statement is also a hallucination. The design elements of the rug do not align with Christian church services. Christian church services often feature crosses, biblical scenes, or other Christian symbols, which are not present in this image.

Therefore, the correct statement is Statement 1, as it accurately describes the association of the rug with Muslim daily prayers.",true
431192ee74f3c24a181452b35e20176a105560d01b79db447400d27f446bc30b,1,,false
431192ee74f3c24a181452b35e20176a105560d01b79db447400d27f446bc30b,2,,false
13f10cfb4aac3fbd382e210b09c44e70a80be386937aee9f84a3e36b70202564,0,"Answer: 3

The primary function of the boats seen in this harbor scene is fishing activities. This is evident from the image showing boats laden with large quantities of fish and nets, which are typical of fishing vessels. The presence of these boats and the associated fishing gear strongly indicate that fishing is the primary activity in this harbor.

Statement 1: The primary function of the boats seen in this harbor scene is luxury yachts for tourism. This statement is a hallucination because there are no visible luxury yachts or tourist-related infrastructure in the image. The boats are small and appear to be used for fishing rather than tourism.

Statement 2: The primary function of the boats seen in this harbor scene is police patrol boats. This statement is also a hallucination because there are no visible police patrol boats or any indication of law enforcement activities in the image. The boats are clearly fishing vessels, not patrol boats.",false
13f10cfb4aac3fbd382e210b09c44e70a80be386937aee9f84a3e36b70202564,1,,false
13f10cfb4aac3fbd382e210b09c44e70a80be386937aee9f84a3e36b70202564,2,,true
f08128c6e27b047e6f33a7b12a8be07eeffb9b812e344c43810e9300f7933942,0,"Answer: 1

The mosque shown in the image features two tall minarets and a large central dome. This statement is grounded in the image as it clearly shows the mosque with two prominent minarets and a large central dome.

Statement 2: The mosque shown in the image features a pagoda-style roof and wooden beams. This statement is a hallucination because the mosque in the image does not have a pagoda-style roof or wooden beams; it has a dome and minarets, which are characteristic of Islamic architecture.

Statement 3: The mosque shown in the image features a bell tower and stained glass windows. This statement is also a hallucination because the mosque in the image does not have a bell tower or stained glass windows; it has minarets and a dome, which are typical features of Islamic mosques.",true
f08128c6e27b047e6f33a7b12a8be07eeffb9b812e344c43810e9300f7933942,1,,false
f08128c6e27b047e6f33a7b12a8be07eeffb9b812e344c43810e9300f7933942,2,,false
4701f69d7028310325d3b8746d76691140e64c4caa0385f64a0c5a805d5bb417,0,"Answer: 2

The landscape shown in the image is a desert with tall sandstone formations. This statement is grounded in the image because the image clearly depicts a desert environment with tall, towering sandstone formations. The ground is rocky and barren, with sparse vegetation, which is characteristic of desert landscapes.

Statement 1 is a hallucination because the image does not show a lush forest with waterfalls. Instead, it shows a dry, arid environment with rocky formations.

Statement 3 is also a hallucination because the image does not depict a snowy mountain range. The landscape is clearly a desert with sandstone formations, not a snowy environment.",false
4701f69d7028310325d3b8746d76691140e64c4caa0385f64a0c5a805d5bb417,1,,true
4701f69d7028310325d3b8746d76691140e64c4caa0385f64a0c5a805d5bb417,2,,false
40cc444afe6647f21b3f74100ccadf5e22cae49eb7849b11547127abef202a40,0,"Answer: 3

The traditional soup shown in the image is most closely associated with Algeria. This is evident from the text overlay on the image which reads ""Algerian Vermicelli Soup - Chorba Vermicelle."" The presence of vermicelli noodles and the specific name of the soup, Chorba Vermicelle, are indicative of Algerian cuisine.

Statement 1: The traditional soup shown in the image is most closely associated with India. This is a hallucination because the text clearly states that the soup is Algerian, not Indian.

Statement 2: The traditional soup shown in the image is most closely associated with Italy. This is also a hallucination because the text specifies that the soup is Algerian, not Italian.",false
40cc444afe6647f21b3f74100ccadf5e22cae49eb7849b11547127abef202a40,1,,false
40cc444afe6647f21b3f74100ccadf5e22cae49eb7849b11547127abef202a40,2,,true
b2960a3818d96f79756dc9b546c3050647565534e55c17f92eb2adbdf4965375,0,"Answer: 1

The runner's attire in the marathon event includes a white tank top, black shorts, red compression socks, and blue running shoes. This statement is grounded in the image as it accurately describes the runner's clothing and accessories.

Statement 2: The runner's attire in the marathon event includes a red jacket, black jeans, hiking boots, and a scarf. This statement is a hallucination because the runner is wearing a white tank top, not a red jacket, and black shorts, not black jeans. The runner is also wearing running shoes, not hiking boots.

Statement 3: The runner's attire in the marathon event includes a yellow t-shirt, green pants, white sneakers, and a sun hat. This statement is also a hallucination because the runner is wearing a white tank top, not a yellow t-shirt, and black shorts, not green pants. The runner is also wearing blue running shoes, not white sneakers, and there is no sun hat visible in the image.",true
b2960a3818d96f79756dc9b546c3050647565534e55c17f92eb2adbdf4965375,1,,false
b2960a3818d96f79756dc9b546c3050647565534e55c17f92eb2adbdf4965375,2,,false
62e90e2f6be94e3d441b90602c2b748b827e58d44250926aa008b0ce4ea9b159,0,"Answer: 1

The gathering depicted in the image is likely a religious ritual involving livestock. This is grounded in the image as there are several indicators:

1. **Attire and Behavior**: The men in the image are dressed in traditional attire, which is often worn during religious ceremonies. The presence of a man in a white robe, which is commonly associated with religious figures, further supports this.
2. **Animals**: The animals are being led and are marked with red paint, which is a common practice in some religious rituals involving livestock.
3. **Setting**: The outdoor setting with a makeshift shelter and the presence of vehicles suggest a communal gathering, which is typical of religious events.

The other two statements are plausible-sounding hallucinations:

- **Statement 2**: The gathering depicted in the image is likely a general livestock auction. This is unlikely because there is no visible signage or structure typical of an auction, and the presence of religious attire and the specific handling of the animals suggest a ritual rather than a commercial transaction.
- **Statement 3**: The gathering depicted in the image is likely a community festival. While it is possible that this could be a community festival, the specific focus on livestock and the religious att",true
62e90e2f6be94e3d441b90602c2b748b827e58d44250926aa008b0ce4ea9b159,1,,false
62e90e2f6be94e3d441b90602c2b748b827e58d44250926aa008b0ce4ea9b159,2,,false
bc223d547760f8808409711e32d8dbbf801867e8713f8ae51abcb2c0d02566e4,0,"Answer: 2

The object shown in the image is a compact mirror case. This is evident from the design and structure of the object, which includes a hinged lid and a mirror surface. The intricate metalwork and the presence of a mirror are characteristic of a compact mirror case, which was commonly used in the Arab world for personal grooming.

Statement 1: The object shown in the image is a pendant designed to hold small religious scriptures. This statement is a hallucination because the object does not appear to have any compartment or mechanism for holding small religious scriptures. It is primarily designed for holding a mirror.

Statement 3: The object shown in the image is a decorative brooch for clothing. This statement is also a hallucination because the object does not have a brooch pin or any attachment mechanism that would allow it to be worn as a brooch. It is primarily designed to hold a mirror and is not suitable for use as a brooch.",false
bc223d547760f8808409711e32d8dbbf801867e8713f8ae51abcb2c0d02566e4,1,,true
bc223d547760f8808409711e32d8dbbf801867e8713f8ae51abcb2c0d02566e4,2,,false
a5f556cefa064d136c22b8c06b2785e9d9fd17064513b377896ed5a183000366,0,"Answer: 1

Step-by-step explanation:

1. Statement 1: A bowl of fruit is not visible in the image. True
   - The image shows plates and a glass of white wine, but there is no bowl of fruit present.

2. Statement 2: Decorative ceramic plates are not visible in the image. False
   - The image clearly shows several decorative ceramic plates with floral designs.

3. Statement 3: A glass of white wine is not visible in the image. False
   - The image shows a glass of white wine placed on the table.",true
a5f556cefa064d136c22b8c06b2785e9d9fd17064513b377896ed5a183000366,1,,false
a5f556cefa064d136c22b8c06b2785e9d9fd17064513b377896ed5a183000366,2,,false
95c3deb1e6d8505899f1da230ed1f9fc984e741b8c9f40425f88ddbcf5c947ba,0,"Answer: 3

The image depicts a rescue vessel. This is evident from the text ""RESCUE ZONE"" written on the side of the ship. The presence of various equipment and structures on the deck also supports this identification.

Statement 1: The image depicts a cargo ship. This is a hallucination because the text ""RESCUE ZONE"" clearly indicates that the ship is a rescue vessel, not a cargo ship.

Statement 2: The image depicts a fishing boat. This is also a hallucination because there are no visible fishing-related equipment or markings on the ship that would suggest it is a fishing boat. The primary function of a rescue vessel is different from that of a fishing boat.",false
95c3deb1e6d8505899f1da230ed1f9fc984e741b8c9f40425f88ddbcf5c947ba,1,,false
95c3deb1e6d8505899f1da230ed1f9fc984e741b8c9f40425f88ddbcf5c947ba,2,,true
853c3cc79483c345ffa2762b690d6f17d873314b1025a2822ba6ff6e9eec9381,0,"Answer: 1

The environment depicted in the photograph is a desert with rock formations and sand dunes. This statement is grounded in the image because the photograph clearly shows sand dunes and rock formations, which are typical features of a desert landscape. The other two statements are hallucinations because they describe environments that are not present in the image. The second statement mentions a coastal beach with sea cliffs, which is not depicted in the image. The third statement refers to a mountainous forest with rivers, which also does not match the desert landscape shown in the photograph.",true
853c3cc79483c345ffa2762b690d6f17d873314b1025a2822ba6ff6e9eec9381,1,,false
853c3cc79483c345ffa2762b690d6f17d873314b1025a2822ba6ff6e9eec9381,2,,false
4030235e980ca962459e0fb568e5a9f9da5f802d0b12d2c7b147023872732333,0,"Answer: 2

The primary function of the object shown in the image is to serve tea and other beverages. This is evident from the design and structure of the set, which includes a teapot and various cups and saucers, all of which are typically used for serving and drinking tea and other hot beverages.

Statement 1: The primary function of the object shown in the image is to decorate a living room. This statement is a hallucination because the primary function of the teapot and cups is not decoration but serving tea and other beverages.

Statement 3: The primary function of the object shown in the image is to store food items. This statement is also a hallucination because the teapot and cups are designed for serving beverages, not for storing food items.",false
4030235e980ca962459e0fb568e5a9f9da5f802d0b12d2c7b147023872732333,1,,true
4030235e980ca962459e0fb568e5a9f9da5f802d0b12d2c7b147023872732333,2,,false
c8db077a0919b5ccb2c27f5cde87bce0ba8adad1373209c479024492c96a64e5,0,"Answer: 3

The backdrop in the image prominently features the text ""MISS USA"" and ""LAS VEGAS,"" which indicates that the event is taking place in Las Vegas. This makes Statement 3 true.

Statement 1 is false because there is no mention of Los Angeles on the backdrop. Statement 2 is also false because there is no indication of New York City on the backdrop. The backdrop clearly shows ""LAS VEGAS,"" which is the only location mentioned, making the other two statements hallucinations.",false
c8db077a0919b5ccb2c27f5cde87bce0ba8adad1373209c479024492c96a64e5,1,,false
c8db077a0919b5ccb2c27f5cde87bce0ba8adad1373209c479024492c96a64e5,2,,true
6d7552ee0748b7c24fcc23c07a3ebd549228922288d7cc1dfe4dee522ac5f235,0,"Answer: 3

The image shows a group of people swimming and boating in a cave-like environment. This directly supports the statement that swimming and boating is most commonly associated with caves like the one shown in the image.

Statement 1: Rock climbing is most commonly associated with caves like the one shown in the image.
- This statement is a hallucination because the image does not show any rock climbing activities. The people in the image are swimming and boating, not rock climbing.

Statement 2: Camping is most commonly associated with caves like the one shown in the image.
- This statement is also a hallucination because the image does not depict any camping activities. The focus is on swimming and boating, not camping.

Therefore, the only statement grounded in the image is Statement 3, which correctly identifies swimming and boating as activities commonly associated with the cave-like environment shown in the image.",false
6d7552ee0748b7c24fcc23c07a3ebd549228922288d7cc1dfe4dee522ac5f235,1,,false
6d7552ee0748b7c24fcc23c07a3ebd549228922288d7cc1dfe4dee522ac5f235,2,,true
e9fd9b635b64a7ee090d4ab9da281209da8958037fe9103200260a27bd239c99,0,"Answer: 1

The historical structure depicted in the image is an ancient tomb or monument. This is evident from the image showing a large, dome-shaped structure made of stone, which is characteristic of ancient tombs or monuments. The presence of scattered stones and the overall setting further support this conclusion.

Statement 2: The historical structure depicted in the image is a Roman amphitheater. This statement is a hallucination because the structure shown does not resemble a Roman amphitheater. Roman amphitheaters typically have an oval or circular shape with tiers of seating and are not dome-shaped.

Statement 3: The historical structure depicted in the image is a medieval castle. This statement is also a hallucination because the structure shown does not resemble a medieval castle. Medieval castles usually have walls, towers, and a more fortified appearance, which is not present in the image.",true
e9fd9b635b64a7ee090d4ab9da281209da8958037fe9103200260a27bd239c99,1,,false
e9fd9b635b64a7ee090d4ab9da281209da8958037fe9103200260a27bd239c99,2,,false
8dba00bbbea7bea5f59da101b271732df61c920732fba975fe34603d5770afe7,0,"Answer: 3

The object in the image is a prayer rug used in Islamic rituals. This statement is grounded in the image because the rug features intricate patterns and designs that are commonly found on prayer rugs used in Islamic rituals. The rectangular shape and the detailed border are characteristic of prayer rugs.

Statement 1: The object in the image is a decorative table runner. This statement is a hallucination because the object is not a table runner. It is a rug with a rectangular shape and a detailed border, which are not typical features of a table runner.

Statement 2: The object in the image is a tapestry for wall decoration. This statement is also a hallucination because the object is not a tapestry. It is a rug with a rectangular shape and a detailed border, which are not typical features of a tapestry.",false
8dba00bbbea7bea5f59da101b271732df61c920732fba975fe34603d5770afe7,1,,false
8dba00bbbea7bea5f59da101b271732df61c920732fba975fe34603d5770afe7,2,,true
1515019169ee631548a685651fc7c9d9f01afc60fcea04babc3aefb3cab124d2,0,"Answer: 1

The coat in the image is indeed a long, elegant gray coat with ribbed sleeves and a belted waist. This is evident from the image, which clearly shows the coat's design and color. The coat has a long length, an elegant style, and features ribbed sleeves and a belted waist, which matches the description in Statement 1.

Statement 2 is a hallucination because the coat in the image is not bright-colored nor does it have floral patterns. It is a solid gray color without any floral designs.

Statement 3 is also a hallucination because the coat in the image is not a short casual jacket with zipper details. It is a long coat with a belted waist and ribbed sleeves, not a casual jacket with zipper details.",true
1515019169ee631548a685651fc7c9d9f01afc60fcea04babc3aefb3cab124d2,1,,false
1515019169ee631548a685651fc7c9d9f01afc60fcea04babc3aefb3cab124d2,2,,false
c94f2378f0c87445df82b24cac7c15dcc4b5ca1f64bf9b6c9341a1c6e4e92a32,0,"Answer: 1

The activity depicted in this image is desert trekking with a caravan. This is evident from the presence of multiple camels loaded with supplies and people riding them, which is characteristic of a caravan traveling through a desert. The landscape is arid and barren, typical of a desert environment, further supporting this activity.

Statement 2: The activity depicted in this image is camel racing. This is a hallucination because there is no indication of racing or competition in the image. The camels are moving in a line, which is more indicative of a caravan traveling together rather than racing.

Statement 3: The activity depicted in this image is safari hunting. This is also a hallucination because there are no hunting tools or equipment visible, and the presence of a caravan suggests a journey rather than a hunting expedition. Additionally, the landscape is too open and barren to be suitable for hunting.",true
c94f2378f0c87445df82b24cac7c15dcc4b5ca1f64bf9b6c9341a1c6e4e92a32,1,,false
c94f2378f0c87445df82b24cac7c15dcc4b5ca1f64bf9b6c9341a1c6e4e92a32,2,,false
2571c59db69638eca0d5bef88d7e8725b411dcf07dbd18afa96bc8ca4b4c575f,0,"Answer: 3

The architectural structure shown in the image is a Roman amphitheater. This is grounded in the image because the structure has the distinctive characteristics of a Roman amphitheater, such as the semi-circular shape and the tiered seating arrangement. The use of stone and the massive scale also align with Roman architectural practices.

Statement 1: The architectural structure shown in the image is a medieval castle. This is a hallucination because the structure does not have the typical features of a medieval castle, such as a central keep or a more enclosed design.

Statement 2: The architectural structure shown in the image is a royal mausoleum. This is also a hallucination because there are no clear indications in the image that the structure was intended as a mausoleum, and its design does not specifically cater to such a purpose.",false
2571c59db69638eca0d5bef88d7e8725b411dcf07dbd18afa96bc8ca4b4c575f,1,,false
2571c59db69638eca0d5bef88d7e8725b411dcf07dbd18afa96bc8ca4b4c575f,2,,true
e7f60dd1952c62677b6dd6ce1305951631cbbbbc404e174796558660014cbaf8,0,"Answer: 3

The setting of this image is a hospital or medical facility. This is evident from the presence of medical staff in white uniforms, the patient in a wheelchair, and the overall clinical environment. The background also shows other medical personnel and equipment, reinforcing the medical setting.

Statement 1: The setting of this image is a courtroom. This is a hallucination because there are no elements in the image that suggest a courtroom setting, such as a judge's bench, legal documents, or courtroom decor.

Statement 2: The setting of this image is a classroom. This is also a hallucination because there are no elements in the image that suggest a classroom setting, such as desks, students, or educational materials. The presence of medical staff and equipment clearly indicates a medical facility.",false
e7f60dd1952c62677b6dd6ce1305951631cbbbbc404e174796558660014cbaf8,1,,false
e7f60dd1952c62677b6dd6ce1305951631cbbbbc404e174796558660014cbaf8,2,,true
09f1068fd4bc7bec23092ddd069d4262996dc9a5790233d64b2357c35c43bbc3,0,"Answer: 1

The person in the image is likely engaged in photography because they are holding a camera and appear to be taking a photo. This is the only statement that is grounded in the image.

Statement 2: The person in the image is likely engaged in sandboarding. This is a plausible-sounding hallucination because there is no visible sandboard or equipment that would suggest sandboarding.

Statement 3: The person in the image is likely engaged in hiking. This is also a plausible-sounding hallucination because the person is on a sand dune, which is not typically associated with hiking. Hiking usually involves trails and natural landscapes, not sand dunes.",true
09f1068fd4bc7bec23092ddd069d4262996dc9a5790233d64b2357c35c43bbc3,1,,false
09f1068fd4bc7bec23092ddd069d4262996dc9a5790233d64b2357c35c43bbc3,2,,false
84fab13f96e838eab5ed60534d733e6cabf0ab9f1936a797cc93c35f6ea3c2d8,0,"Answer: 1

The image shows various woven straw bags and accessories, which are typically used for carrying items. The bags have handles and are designed to hold various objects, making Statement 1 true. The other two statements are not supported by the image: there is no indication that these items are used as decorative wall hangings or primarily for storing liquids.",true
84fab13f96e838eab5ed60534d733e6cabf0ab9f1936a797cc93c35f6ea3c2d8,1,,false
84fab13f96e838eab5ed60534d733e6cabf0ab9f1936a797cc93c35f6ea3c2d8,2,,false
129215dbc8d8f471c55ad54d930bf74178b998b7477814b303506df5467424f9,0,"Answer: 2

The image shows a Sikh Gurdwara in San Jose with prominent domes on top of the building. The other two statements are not supported by the image:

1. Pyramids are not visible in the Sikh Gurdwara in San Jose. The architecture does not include pyramids.
2. Domes are prominently visible in the Sikh Gurdwara in San Jose. This is the true statement.
3. Spiral Towers are not visible in the Sikh Gurdwara in San Jose. The architecture does not include spiral towers.",false
129215dbc8d8f471c55ad54d930bf74178b998b7477814b303506df5467424f9,1,,true
129215dbc8d8f471c55ad54d930bf74178b998b7477814b303506df5467424f9,2,,false
9212d047d787162f71fc597ad55df5a4c1b665e66240d4749807f3da3aae226c,0,"Answer: 2

The boys are wearing formal school uniforms in the image. This is evident from their maroon vests, white shirts, and dark trousers, which are typical components of formal school uniforms. The presence of a woman in a hijab and the setting of a gymnasium further supports the idea that this is a school-related event.

Statement 1 is a hallucination because the boys are not wearing sports uniforms, which typically include athletic gear and shoes suitable for physical activities. The attire in the image is more formal and structured, indicative of a school uniform.

Statement 3 is also a hallucination because the boys are not wearing casual attire. Casual attire would likely include more relaxed clothing such as jeans, t-shirts, or sneakers, which is not what the boys are wearing in the image. Their uniforms are clearly designed for a formal or school setting.",false
9212d047d787162f71fc597ad55df5a4c1b665e66240d4749807f3da3aae226c,1,,true
9212d047d787162f71fc597ad55df5a4c1b665e66240d4749807f3da3aae226c,2,,false
651dc2d9956251af80f32b3a1cb2d40f2ff45e482ed0e6daefc9f1f1dec8b380,0,"Answer: 1

The heel style of the sandal in the image is a wedge heel. This is evident from the image, which clearly shows a thick, block-like heel that tapers down to the ground. This type of heel is distinctly different from a stiletto heel, which is much thinner and taller, and a block heel, which is wider and more substantial but does not taper down in the same way as a wedge heel. Therefore, Statement 1 is the only one grounded in the image, making it true. Statements 2 and 3 are plausible-sounding but not accurate based on the visual evidence provided in the image.",true
651dc2d9956251af80f32b3a1cb2d40f2ff45e482ed0e6daefc9f1f1dec8b380,1,,false
651dc2d9956251af80f32b3a1cb2d40f2ff45e482ed0e6daefc9f1f1dec8b380,2,,false
47fb4cc67c7de0ac76a159e8eb8e160686bf80a8b2f823aa7f607c57a7af0355,0,"Answer: 1

The primary function of the compartment shown in the image is to house the engine for the car. This is evident from the visible engine components such as the air intake, exhaust pipes, and various mechanical parts. The presence of the engine and related components clearly indicates that this compartment is designed for housing and supporting the car's engine.

Statement 2 is a hallucination because there is no indication in the image that this compartment is used for storing personal items. The space is clearly dedicated to the car's mechanical systems.

Statement 3 is also a hallucination because, although the compartment does have cooling elements like the air intake and exhaust pipes, the primary function is not to provide cooling but to house the engine. The cooling is a secondary function related to the engine's operation.",true
47fb4cc67c7de0ac76a159e8eb8e160686bf80a8b2f823aa7f607c57a7af0355,1,,false
47fb4cc67c7de0ac76a159e8eb8e160686bf80a8b2f823aa7f607c57a7af0355,2,,false
3a27cf97aa63e2e506eed5a3933ac870fb7c316364f03c3e9c1e9480c92fe2b2,0,"Answer: 2

This private jet interior is most likely associated with luxury air travel. The plush seating, high-end materials, and sophisticated design elements such as the curved ceiling and large windows all suggest a focus on luxury and comfort, which is characteristic of private jets used for luxury travel rather than military or commercial airline travel. The presence of a table with a glass and a bag also indicates a setting designed for comfort and personal use, further supporting the idea of luxury travel. The other two statements are plausible-sounding but not supported by the image: military air transport typically has a more utilitarian design, and commercial airline travel usually features less personalized and more standard seating arrangements.",false
3a27cf97aa63e2e506eed5a3933ac870fb7c316364f03c3e9c1e9480c92fe2b2,1,,true
3a27cf97aa63e2e506eed5a3933ac870fb7c316364f03c3e9c1e9480c92fe2b2,2,,false
ae140bcb0ca783c2a56438565507556547c6ce5f5d1f269bedf91daefaf271ce,0,"Answer: 1

The event depicted in the image is most likely a film festival. This is grounded by several visual clues:

1. **Red Carpet**: The presence of a red carpet is a strong indicator of a high-profile event, often associated with film festivals or award ceremonies.
2. **Photographers and Cameramen**: The numerous photographers and cameramen capturing the event suggest that it is a significant occasion, typical of film festivals where celebrities and notable figures are photographed.
3. **Attire**: The attendees are dressed in formal and elegant attire, which is common at film festivals and award ceremonies.
4. **Venue**: The outdoor setting with palm trees and clear skies is typical of many film festivals held in warm, sunny locations.

The other two statements are plausible-sounding hallucinations:

- **Statement 2**: The event depicted in the image is most likely a corporate meeting. This is unlikely because corporate meetings typically do not involve red carpets, photographers, and formal attire.
- **Statement 3**: The event depicted in the image is most likely a casual gathering. This is also unlikely because casual gatherings do not usually involve red carpets, formal attire, and professional photographers.",true
ae140bcb0ca783c2a56438565507556547c6ce5f5d1f269bedf91daefaf271ce,1,,false
ae140bcb0ca783c2a56438565507556547c6ce5f5d1f269bedf91daefaf271ce,2,,false
6ae8c37b60d9994eb7d60bd9d36bd77487c555d7580697b17cd60467e11280df,0,"Answer: 3

The right section of the image represents the Museum of Modern Art (MoMA) entrance. This is evident from the large, illuminated sign that reads ""MoMA,"" which is a clear and direct indication of the building's identity.

Statement 1: The right section of the image represents a corporate office building entrance. This statement is a hallucination because the sign clearly reads ""MoMA,"" not a corporate office building.

Statement 2: The right section of the image represents a shopping mall entrance. This statement is also a hallucination because the sign clearly reads ""MoMA,"" not a shopping mall.

Therefore, the only statement grounded in the image is Statement 3, which correctly identifies the building as the Museum of Modern Art (MoMA).",false
6ae8c37b60d9994eb7d60bd9d36bd77487c555d7580697b17cd60467e11280df,1,,false
6ae8c37b60d9994eb7d60bd9d36bd77487c555d7580697b17cd60467e11280df,2,,true
03783038c9e119decab0f571c4d4ea1ecddb201279dcad38f8362879bf6531cc,0,"Answer: 1

Step-by-step explanation:

1. The image shows a man playing a drum, which is a musical instrument. This indicates that the setting is likely a performance, not a business meeting or sports competition.
2. The presence of other people in the background, some of whom are holding musical instruments, further supports the idea that this is a cultural music performance.
3. There is no evidence in the image to suggest that this is a formal business meeting or a sports competition. The attire of the people and the setting do not align with these scenarios.

Therefore, Statement 1 is the only one grounded in the image, making it true. Statements 2 and 3 are plausible-sounding hallucinations and are therefore false.",true
03783038c9e119decab0f571c4d4ea1ecddb201279dcad38f8362879bf6531cc,1,,false
03783038c9e119decab0f571c4d4ea1ecddb201279dcad38f8362879bf6531cc,2,,false
8497eecafff7982cf7e1f1909cce8eb1f3dcdc16aee114be6c53d55ea41c8de6,0,"Answer: 3

Step-by-step explanation:

1. The image shows oil lamps (diyas) lit, which is a common sight during Diwali in Hindu culture. Diwali is known as the festival of lights, and lighting diyas is a significant part of the celebration.
2. Raksha Bandhan and Holi are not primarily associated with the use of oil lamps (diyas) in Hindu culture. Raksha Bandhan is a festival dedicated to the bond between brothers and sisters, and Holi is a festival of colors, where lighting diyas is not a common practice.
3. Therefore, the statement that oil lamps (diyas) are most commonly used during Diwali in Hindu culture is grounded in the image, while the other two statements are plausible-sounding hallucinations.",false
8497eecafff7982cf7e1f1909cce8eb1f3dcdc16aee114be6c53d55ea41c8de6,1,,false
8497eecafff7982cf7e1f1909cce8eb1f3dcdc16aee114be6c53d55ea41c8de6,2,,true
6ed4c9f1c238bb58b061a6690fc12c33b56a01c646a35ab33686b2bcc404595a,0,"Answer: 1

The striped structure visible near the ruins is likely an archaeological research station. This is because the structure is located near the archaeological site, which is a common placement for research stations to monitor and study the site. The other two statements are plausible-sounding hallucinations because there is no clear indication that the structure is a lifeguard hut or a storage shed. The structure's design and location are more consistent with an archaeological research station.",true
6ed4c9f1c238bb58b061a6690fc12c33b56a01c646a35ab33686b2bcc404595a,1,,false
6ed4c9f1c238bb58b061a6690fc12c33b56a01c646a35ab33686b2bcc404595a,2,,false
cf6c9311991c7005203c8e9d0f70a7139f0e9cd81948ebf1a2fa3d8727f07a51,0,"Answer: 1

The individuals in the image are dressed in traditional attire, which includes a white thobe and a black agal, commonly worn in the Arab world. The presence of lanyards suggests they are at an organized event. Given these observations, it is plausible that they might be attending a traditional sports event, as such events often involve participants wearing traditional clothing and using lanyards for identification or access.

Statement 2 is a hallucination because there is no indication in the image that the event is a wedding ceremony. Wedding ceremonies typically have different attire and decorations, and the lanyards do not suggest a wedding context.

Statement 3 is also a hallucination because the attire and lanyards do not suggest a casual gathering. Casual gatherings often involve more relaxed and varied clothing, and the lanyards imply a more formal or organized event.",true
cf6c9311991c7005203c8e9d0f70a7139f0e9cd81948ebf1a2fa3d8727f07a51,1,,false
cf6c9311991c7005203c8e9d0f70a7139f0e9cd81948ebf1a2fa3d8727f07a51,2,,false
24b619add0d1ccb032a2d128a8a18828351a76a68df2cdde27cf69f56b22e46d,0,"Answer: 1

Statement 1: Cargo ships are docked in the port area shown in the image. True or False?

This statement is grounded in the image. The image clearly shows large cargo ships docked at the port, which is evident from the presence of large vessels with visible cargo handling equipment and structures.

Statement 2: Fishing boats are docked in the port area shown in the image. True or False?

This statement is a hallucination. There are no fishing boats visible in the image. The vessels present are large cargo ships, not fishing boats.

Statement 3: Passenger ships are docked in the port area shown in the image. True or False?

This statement is also a hallucination. The image does not show any passenger ships. The vessels present are cargo ships, not passenger ships.",true
24b619add0d1ccb032a2d128a8a18828351a76a68df2cdde27cf69f56b22e46d,1,,false
24b619add0d1ccb032a2d128a8a18828351a76a68df2cdde27cf69f56b22e46d,2,,false
d1133e8edc66b3b8776417c0464c623fc4044d24cd83ada3f091f95d4ffbbc97,0,"Answer: 2

The tomato roses in the dish are clearly visible as decorative garnishes placed on top of the rice and next to the chicken. They add a visually appealing element to the dish, enhancing its presentation. 

Statement 1: The purpose of the tomato roses in the dish is to add flavor to the dish. This is a hallucination because the tomato roses are placed on top of the dish and are not mixed with the food, indicating that their primary purpose is not to add flavor.

Statement 3: The purpose of the tomato roses in the dish is to provide a source of protein. This is also a hallucination because tomato roses are not a source of protein; they are a decorative element made from tomato slices.",false
d1133e8edc66b3b8776417c0464c623fc4044d24cd83ada3f091f95d4ffbbc97,1,,true
d1133e8edc66b3b8776417c0464c623fc4044d24cd83ada3f091f95d4ffbbc97,2,,false
8d0ac4028d178afeee886e4651f03d1092326299ba3c3ecb7f2493fb78fb0bee,0,"Answer: 2

The primary purpose of the minaret in a mosque is to call for prayer (Adhan). This statement is grounded in the image as the minaret is a tall, slender tower typically found in mosques and is used by the muezzin to call the faithful to prayer.

Statement 1: The primary purpose of the minaret in a mosque is to store religious artifacts. This statement is a hallucination because the primary function of a minaret is not to store religious artifacts, but rather to serve as a place from which the call to prayer (Adhan) is announced.

Statement 3: The primary purpose of the minaret in a mosque is to provide shelter for visitors. This statement is also a hallucination because the minaret is not designed to provide shelter for visitors. Its primary function is to serve as a visual and auditory marker for the mosque and to facilitate the call to prayer.",false
8d0ac4028d178afeee886e4651f03d1092326299ba3c3ecb7f2493fb78fb0bee,1,,true
8d0ac4028d178afeee886e4651f03d1092326299ba3c3ecb7f2493fb78fb0bee,2,,false
f2e4eaacb50d09353ca664e50938174235e25df035f08e29c0f1178db47c5566,0,"Answer: 1

The building in the image has a modern and distinctive architectural design, which is often characteristic of cultural centers or exhibition spaces. The presence of large glass windows and the overall structure suggest it is designed to accommodate various events and exhibitions, making Statement 1 true.

Statement 2 is false because the building's design does not resemble typical residential apartment complexes, which usually have more uniform and less visually striking structures.

Statement 3 is also false because the building's design does not resemble shopping malls, which typically have large, open spaces and multiple levels dedicated to retail stores, making it less likely to be a shopping mall.",true
f2e4eaacb50d09353ca664e50938174235e25df035f08e29c0f1178db47c5566,1,,false
f2e4eaacb50d09353ca664e50938174235e25df035f08e29c0f1178db47c5566,2,,false
322ec782a08eccba628addde6e3e75cdb65cd1696f94ba7afd0e21a695b8569b,0,"Answer: 2

1. Stuffed grape leaves are traditionally used to break the fast during Ramadan.
   - This statement is not grounded in the image. The image does not show stuffed grape leaves, so it cannot be confirmed as true.

2. Dates are traditionally used to break the fast during Ramadan.
   - This statement is grounded in the image. The image shows a plate with dates, which is consistent with the tradition of breaking the fast with dates during Ramadan.

3. Rice is traditionally used to break the fast during Ramadan.
   - This statement is not grounded in the image. The image does not show rice, so it cannot be confirmed as true.",false
322ec782a08eccba628addde6e3e75cdb65cd1696f94ba7afd0e21a695b8569b,1,,true
322ec782a08eccba628addde6e3e75cdb65cd1696f94ba7afd0e21a695b8569b,2,,false
c91e4c3f9739ebf7121813f888f1952f5c16cef9680cdbaa1e385908fd5120c6,0,"Answer: 1

Statement 1: Gulf Air is prominently displayed in the image during the Formula 1 race. True or False?

This statement is grounded in the image. The blue sign with ""Gulf Air"" is clearly visible in the upper part of the image, indicating that Gulf Air is a sponsor of the event.

Statement 2: Rolex is prominently displayed in the image during the Formula 1 race. True or False?

This statement is a hallucination. There is no visible sign or branding for Rolex in the image. The only visible sponsor branding is for Gulf Air.

Statement 3: Emirates is prominently displayed in the image during the Formula 1 race. True or False?

This statement is also a hallucination. There is no visible sign or branding for Emirates in the image. The only visible sponsor branding is for Gulf Air.

Therefore, the only statement that is grounded in the image is Statement 1.",true
c91e4c3f9739ebf7121813f888f1952f5c16cef9680cdbaa1e385908fd5120c6,1,,false
c91e4c3f9739ebf7121813f888f1952f5c16cef9680cdbaa1e385908fd5120c6,2,,false
298509572e3a7162626ea3fcbb3bda2e37a62075c06163b9b8ffff93b60ee5c3,0,"Answer: 3

The skill being demonstrated in this image is pottery making. This is evident from the presence of a potter's wheel and the hands shaping a clay object on it. The other two statements are hallucinations because there is no evidence of glass blowing or wood carving in the image.",false
298509572e3a7162626ea3fcbb3bda2e37a62075c06163b9b8ffff93b60ee5c3,1,,false
298509572e3a7162626ea3fcbb3bda2e37a62075c06163b9b8ffff93b60ee5c3,2,,true
3e8b2d988a32d1982b1b872524d6fab6f9ae61c032a9b39a06770f79ae695014,0,"Answer: 2

The primary function of the seating arrangement depicted in the image is traditional communal seating. This is evident from the large, plush, and ornate cushions arranged in a way that encourages group seating, typical of traditional communal seating areas in many cultures. The presence of a rug and the overall design of the seating arrangement further support this function.

Statement 1: The primary function of the seating arrangement depicted in the image is a formal dining area. This is a hallucination because the seating arrangement does not resemble a formal dining area. Formal dining areas typically have chairs and tables arranged in a specific manner for dining, which is not the case here.

Statement 3: The primary function of the seating arrangement depicted in the image is an office waiting room. This is also a hallucination because the seating arrangement does not resemble an office waiting room. Office waiting rooms usually have chairs and tables arranged in a more structured and formal manner, which is not the case here.",false
3e8b2d988a32d1982b1b872524d6fab6f9ae61c032a9b39a06770f79ae695014,1,,true
3e8b2d988a32d1982b1b872524d6fab6f9ae61c032a9b39a06770f79ae695014,2,,false
c5600b20c1e8d441c4d1cadabc9cf75cb6713651f7b776ae1b036c6d5afa0628,0,"Answer: 1

The kettle's long gooseneck spout is indeed designed for precise pouring, as it allows for better control over the direction and flow of the liquid. This feature is evident in the image, where the spout is clearly elongated and curved, which is characteristic of a gooseneck spout.

Statement 2 is a hallucination because the circular lid does not contribute to precise pouring. The lid's shape does not influence the pouring process.

Statement 3 is also a hallucination because the color of the kettle does not affect its suitability for precise pouring. The black color is purely aesthetic and does not impact the functionality of the spout.",true
c5600b20c1e8d441c4d1cadabc9cf75cb6713651f7b776ae1b036c6d5afa0628,1,,false
c5600b20c1e8d441c4d1cadabc9cf75cb6713651f7b776ae1b036c6d5afa0628,2,,false
069b13c415ef2f565356b87226737992a345bd9b5c54ab3dee3410756c010819,0,"Answer: 2

The Arabic calligraphy wall piece in the image is made of gold-plated metal. This is evident from the reflective and metallic appearance of the calligraphy piece, which is consistent with gold-plated metal.

Statement 1: The Arabic calligraphy wall piece in the image is made of plastic. This is a hallucination because the calligraphy piece does not have the reflective or metallic appearance that plastic typically has.

Statement 3: The Arabic calligraphy wall piece in the image is made of wood. This is also a hallucination because the calligraphy piece does not have the smooth, reflective surface that wood typically has. Additionally, the piece appears to be mounted on the wall, which is not a common way to display wooden calligraphy.",false
069b13c415ef2f565356b87226737992a345bd9b5c54ab3dee3410756c010819,1,,true
069b13c415ef2f565356b87226737992a345bd9b5c54ab3dee3410756c010819,2,,false
744da12c3e94a02f3f32cceac55188260053c27ebdb862b3da7a3054b210f359,0,"Answer: 3

The fort shown in the image is called Qal'at al-Bahrain. This is grounded in the image because the flag of Bahrain is prominently displayed on the fort, indicating that it is located in Bahrain. The architecture and design of the fort also match historical structures found in Bahrain.

Statement 1: The fort shown in the image is called Arad Fort. This statement is a hallucination because there is no indication in the image that the fort is called Arad Fort. The name Arad Fort is not associated with the visible features of the fort.

Statement 2: The fort shown in the image is called Riffa Fort. This statement is also a hallucination because there is no indication in the image that the fort is called Riffa Fort. The name Riffa Fort is not associated with the visible features of the fort.",false
744da12c3e94a02f3f32cceac55188260053c27ebdb862b3da7a3054b210f359,1,,false
744da12c3e94a02f3f32cceac55188260053c27ebdb862b3da7a3054b210f359,2,,true
d9847923f255a93244d606ec4e743b39a63f47038889bcc93e0cfe4a49ad4f7e,0,"Answer: 3

The most notable feature inside the corridor is a single chair placed on a red carpet. This is clearly visible in the image, making it the most prominent feature in the corridor.

Statement 1: The most notable feature inside the corridor is a chandelier hanging from the ceiling. This statement is a hallucination because there is no chandelier visible in the image.

Statement 2: The most notable feature inside the corridor is a fountain at the end of the corridor. This statement is also a hallucination because there is no fountain visible in the image. Instead, there is a chair on a red carpet at the end of the corridor.",false
d9847923f255a93244d606ec4e743b39a63f47038889bcc93e0cfe4a49ad4f7e,1,,false
d9847923f255a93244d606ec4e743b39a63f47038889bcc93e0cfe4a49ad4f7e,2,,true
7bfddd27d687ac68b67a65a47e7af825837a83f969024158b0f403377428e30a,0,"Answer: 3

The musical instrument depicted in this image is an Oud. The Oud is a stringed instrument commonly used in Middle Eastern and North African music. It has a distinctive shape with a long neck and a pear-shaped body, which matches the instrument shown in the image.

Statement 1: The musical instrument depicted in this image is a Guitar. This statement is false because the instrument does not have the typical shape and structure of a guitar. Guitars usually have a wider body and a shorter neck compared to the Oud.

Statement 2: The musical instrument depicted in this image is a Violin. This statement is also false because the violin has a different shape and structure. Violins typically have a more elongated body and a narrower neck, which is not the case with the instrument shown in the image.

Therefore, the correct statement is that the instrument is an Oud, making statement 3 true and statements 1 and 2 false.",false
7bfddd27d687ac68b67a65a47e7af825837a83f969024158b0f403377428e30a,1,,false
7bfddd27d687ac68b67a65a47e7af825837a83f969024158b0f403377428e30a,2,,true
f8309d0e45c4eed932b1039bed724df16138a3fa96f8d026c0cec7c76fef8bbd,0,"Answer: 1

The equestrian statue depicted in the image is most likely made of bronze. This is grounded by the visual evidence in the image, where the statue has a distinct bronze color and sheen, which is characteristic of bronze statues. Bronze is a common material for equestrian statues due to its durability and ability to capture fine details.

Statement 2: The equestrian statue depicted in the image is most likely made of wood. This statement is a hallucination because the statue does not exhibit the characteristics of wood, such as a lighter color and grain patterns. The statue's uniform bronze color and sheen clearly indicate that it is not made of wood.

Statement 3: The equestrian statue depicted in the image is most likely made of marble. This statement is also a hallucination because marble typically has a distinct white or light-colored appearance with a smooth texture. The statue in the image has a bronze color and a different texture, which are not consistent with marble.",true
f8309d0e45c4eed932b1039bed724df16138a3fa96f8d026c0cec7c76fef8bbd,1,,false
f8309d0e45c4eed932b1039bed724df16138a3fa96f8d026c0cec7c76fef8bbd,2,,false
fb4c294140d448fe8cb747bb92b2a466e1aa8e53d2abd2a123ec03562f78c7e6,0,"Answer: 3

The environment in the image is an urban area with modern high-rise buildings. This statement is grounded in the image as it clearly shows several high-rise buildings, indicating an urban setting. The presence of a busy street with cars and modern infrastructure further supports this.

Statement 1: The environment in the image is a coastal town with small shops. This statement is a hallucination because there is no visible coastline or small shops in the image. The buildings and street suggest an urban area rather than a coastal town.

Statement 2: The environment in the image is a rural village with traditional houses. This statement is also a hallucination because the image shows modern high-rise buildings and an urban street, which are not characteristic of a rural village with traditional houses.",false
fb4c294140d448fe8cb747bb92b2a466e1aa8e53d2abd2a123ec03562f78c7e6,1,,false
fb4c294140d448fe8cb747bb92b2a466e1aa8e53d2abd2a123ec03562f78c7e6,2,,true
d825c5f93c24b6498e06d67c4a39e6165ee7fe8b3a90639b616fe694fc082510,0,"Answer: 1

Statement 1: Fried chicken is NOT commonly included on a charcuterie board. True or False?

This statement is grounded in the image. The charcuterie board in the image does not include any fried chicken. Charcuterie boards typically feature cured meats, cheeses, fruits, and other delicacies, but fried chicken is not a common component.

Statement 2: Fresh fruits like figs are NOT commonly included on a charcuterie board. True or False?

This statement is a hallucination. The image clearly shows a bowl of fresh figs on the charcuterie board, indicating that fresh fruits like figs are indeed commonly included on such boards.

Statement 3: Cured meats like salami are NOT commonly included on a charcuterie board. True or False?

This statement is also a hallucination. The charcuterie board in the image includes various cured meats, including what appears to be salami, indicating that cured meats like salami are commonly included on such boards.",true
d825c5f93c24b6498e06d67c4a39e6165ee7fe8b3a90639b616fe694fc082510,1,,false
d825c5f93c24b6498e06d67c4a39e6165ee7fe8b3a90639b616fe694fc082510,2,,false
73a2e7842857d6addac8be8c5acc4f054e6e305821b1bc52f0b1c12be4706411,0,"Answer: 2

The red logo above the 'Waterfront Bremen' sign does indeed resemble a wave-like design, symbolizing water. This is evident from the flowing, curved lines that mimic the shape of waves. The other two statements are plausible-sounding hallucinations because there is no clear evidence in the image to support the idea that the logo represents an abstract art piece with no specific meaning or a flag representing Bremen's heritage.",false
73a2e7842857d6addac8be8c5acc4f054e6e305821b1bc52f0b1c12be4706411,1,,true
73a2e7842857d6addac8be8c5acc4f054e6e305821b1bc52f0b1c12be4706411,2,,false
955069f8ea8fd4218ef3a90710b9e885defedb7950638da284753754c3eedfc7,0,"Answer: 1

The person in the image is holding a microphone, which is commonly used for singing or performing. This is supported by the context of the image, which shows the person on a stage, likely performing in front of an audience. The other two statements are not supported by the image:

- Statement 2: The purpose of the microphone being held by the person in the image is for giving a speech. This is unlikely because the person is dressed in a formal, performance-oriented outfit and is holding the microphone in a way that suggests they are singing or performing, not giving a speech.
- Statement 3: The purpose of the microphone being held by the person in the image is for holding it as an accessory. This is incorrect because the microphone is being actively used, which indicates its purpose is for singing or performing, not merely as an accessory.",true
955069f8ea8fd4218ef3a90710b9e885defedb7950638da284753754c3eedfc7,1,,false
955069f8ea8fd4218ef3a90710b9e885defedb7950638da284753754c3eedfc7,2,,false
82d4f77a43546b79831710cd892e6747d02ce97e0cdd248138ec608f97d49818,0,"Answer: 3

The wooden latticework in such architectural designs typically serves to provide ventilation and privacy. This statement is grounded in the image as the latticework is commonly used in traditional Arab architecture to allow air to circulate while still providing privacy by obscuring the view of the interior.

Statement 1: The wooden latticework in such architectural designs typically serves to enhance the durability of the facade. This statement is a plausible-sounding hallucination because while latticework can be durable, its primary function is not to enhance the durability of the facade but rather to provide ventilation and privacy.

Statement 2: The wooden latticework in such architectural designs typically serves to offer structural support to the building. This statement is also a plausible-sounding hallucination because the primary function of latticework is not structural support but rather ventilation and privacy. Structural support is typically provided by the walls and other solid elements of the building.",false
82d4f77a43546b79831710cd892e6747d02ce97e0cdd248138ec608f97d49818,1,,false
82d4f77a43546b79831710cd892e6747d02ce97e0cdd248138ec608f97d49818,2,,true
0382109ef1cca88a96894838aed52b60cb6ee34728e36f4b7844d9c05f21def5,0,"Answer: 1

The primary material used in the golden mask of Tutankhamun is gold. This statement is grounded in the image because the mask depicted is indeed golden, which aligns with the historical fact that the mask was made of gold and gold-plated materials. The other two statements are hallucinations because the mask is not made of bronze or marble. Bronze and marble are not materials typically associated with the construction of the Tutankhamun mask.",true
0382109ef1cca88a96894838aed52b60cb6ee34728e36f4b7844d9c05f21def5,1,,false
0382109ef1cca88a96894838aed52b60cb6ee34728e36f4b7844d9c05f21def5,2,,false
0bfc117e6862520853ff46452473295d08b8e33049fff55208afb45a7b215880,0,"Answer: 3

The primary architectural style depicted in the image is Nubian architecture. This is evident from the distinctive geometric patterns and the specific design elements such as the arches and the overall style of the building, which are characteristic of Nubian architecture. The other two statements are hallucinations because the image does not depict Modernist or Gothic architecture. Modernist architecture typically features clean lines, minimal ornamentation, and innovative use of materials, which are not present in this image. Gothic architecture is known for its pointed arches, ribbed vaults, and flying buttresses, which are also not present in this image.",false
0bfc117e6862520853ff46452473295d08b8e33049fff55208afb45a7b215880,1,,false
0bfc117e6862520853ff46452473295d08b8e33049fff55208afb45a7b215880,2,,true
44c2b1e4710f3d6e1dc4038a03dbe459069dff3ee02e4a88d39359c03f37927c,0,"Answer: 1

The architecture shown in the image is most likely associated with the Middle East. This is grounded in the image because the structure resembles traditional Middle Eastern architecture, characterized by its mud-brick construction and distinctive tower-like design. The surrounding environment, including the flat landscape and the style of nearby buildings, also supports this association.

Statement 2: The architecture shown in the image is most likely associated with Scandinavia. This statement is a hallucination because Scandinavian architecture typically features different materials and designs, such as timber framing and steeply pitched roofs, which are not present in the image.

Statement 3: The architecture shown in the image is most likely associated with South America. This statement is also a hallucination because South American architecture often includes elements like adobe construction, terracotta roofs, and specific indigenous influences, which are not evident in the image provided.",true
44c2b1e4710f3d6e1dc4038a03dbe459069dff3ee02e4a88d39359c03f37927c,1,,false
44c2b1e4710f3d6e1dc4038a03dbe459069dff3ee02e4a88d39359c03f37927c,2,,false
63373f09973d27f0f370d6451a1506550af5f363d15f1d2969456c3b27b2002d,0,"Answer: 3

The image shows a close-up of a performer playing a drum, which is a musical instrument. The motion blur and the focus on the drum indicate that the performer is actively playing it. This makes Statement 3 true.

Statement 1 is a plausible-sounding hallucination because while the performer is indeed dancing, the image does not provide enough context to confirm that it is a traditional dance.

Statement 2 is also a plausible-sounding hallucination because there is no evidence in the image to suggest that the performer is participating in a sporting event. The focus is solely on the drum and the performer's motion, which is consistent with playing a musical instrument.",false
63373f09973d27f0f370d6451a1506550af5f363d15f1d2969456c3b27b2002d,1,,false
63373f09973d27f0f370d6451a1506550af5f363d15f1d2969456c3b27b2002d,2,,true
9fb60991d818f060788ee7a9666b15c79042f9476394271f0be72236f8c60eac,0,"Answer: 2

The purpose of the Empire State Building's illuminated lights in different colors is to celebrate holidays, events, or cultural causes. This is the true statement grounded in the image. The Empire State Building is known for its colorful lighting displays to mark various holidays and special events, such as Christmas, Pride Month, and Earth Day.

Statement 1 is a hallucination because the additional lighting for city streets is not the primary purpose of the colorful lights on the Empire State Building.

Statement 3 is also a hallucination because signaling weather changes is not a recognized purpose for the building's colorful lighting displays.",false
9fb60991d818f060788ee7a9666b15c79042f9476394271f0be72236f8c60eac,1,,true
9fb60991d818f060788ee7a9666b15c79042f9476394271f0be72236f8c60eac,2,,false
1c6f2e6a732b947a036850742449784931e5b6232c0da65d1e2ee1dd7fc0f6a1,0,"Answer: 2

The background of the image shows desert mountains and greenery. This statement is grounded in the image because the mountains in the background are barren and rocky, typical of desert landscapes, and there is greenery in the form of trees and palm trees. 

Statement 1 is a hallucination because there are no snow-covered peaks or forests visible in the background. 

Statement 3 is also a hallucination because there are no urban skyscrapers or roads visible in the background. The image depicts a natural landscape rather than an urban environment.",false
1c6f2e6a732b947a036850742449784931e5b6232c0da65d1e2ee1dd7fc0f6a1,1,,true
1c6f2e6a732b947a036850742449784931e5b6232c0da65d1e2ee1dd7fc0f6a1,2,,false
145c165299df858c1742709b4a728bc906fa748b7f7278cf5f0fb9e13bbdee45,0,"Answer: 3

The oven in the image appears to be constructed from clay, as evidenced by the rough, uneven texture and the earthy color of the material. The walls and the floor of the oven are made of what looks like baked clay, which is a common material for traditional ovens in many cultures, including those in the Arab world. This makes Statement 3 true.

Statement 1 is false because the oven does not appear to be made of wood. Wood would likely have a different texture and color, and there is no visible wood structure in the image.

Statement 2 is also false because the oven does not appear to be made of metal. Metal would have a shiny, reflective surface, and there is no indication of metal in the construction of the oven.",false
145c165299df858c1742709b4a728bc906fa748b7f7278cf5f0fb9e13bbdee45,1,,false
145c165299df858c1742709b4a728bc906fa748b7f7278cf5f0fb9e13bbdee45,2,,true
518cd34da743c76d54a70341f3eaf41a7ea690f75d6320de918bed2676f92bf9,0,"Answer: 2

The image shows a river flowing through a region with agricultural fields and settlements. Given the geographical context, it is plausible that water transport is associated with the river, as it would be used for irrigation and possibly for transporting goods and people along the riverbanks. 

Rail transport is less likely to be associated with the river shown in the image because there are no visible rail tracks or infrastructure that would support rail transport. 

Air transport is also less likely to be associated with the river shown in the image because there are no visible airports or air traffic infrastructure.",false
518cd34da743c76d54a70341f3eaf41a7ea690f75d6320de918bed2676f92bf9,1,,true
518cd34da743c76d54a70341f3eaf41a7ea690f75d6320de918bed2676f92bf9,2,,false
2da6b996a65dcacc2a84297bd441d464211f7b7d825b4a3e212f600043ea8634,0,"Answer: 2

The image most likely depicts sunset. The golden hues and the reflections on the water are indicative of the warm light typically seen during sunset. The silhouettes of the people and the boat are also consistent with the low light conditions of sunset.

Statement 1: The image most likely depicts afternoon. This is a hallucination because the golden light and reflections are more characteristic of sunset rather than the more neutral light of afternoon.

Statement 3: The image most likely depicts morning. This is also a hallucination because the golden light and reflections are more characteristic of sunset rather than the cooler light of morning.",false
2da6b996a65dcacc2a84297bd441d464211f7b7d825b4a3e212f600043ea8634,1,,true
2da6b996a65dcacc2a84297bd441d464211f7b7d825b4a3e212f600043ea8634,2,,false
7dcce62842b9df500422b22b6239cef43b45c4ee7644e204efa7569e97909cbc,0,"Answer: 1

The woman crouching in the foreground is holding a gun and appears to be inspecting the ruins, which suggests she might be playing the role of an archaeologist inspecting an artifact. This is the most plausible scenario given the context of the image.

Statement 2: The woman crouching in the foreground might be playing the role of a performer in a theatrical act. This is less likely because there is no indication of a stage or performance equipment, and her focus seems to be on the ruins rather than an audience.

Statement 3: The woman crouching in the foreground might be playing the role of a tourist exploring the ruins. While this is a plausible scenario, the presence of the gun and her focused inspection of the ruins make the archaeologist role more grounded in the image.",true
7dcce62842b9df500422b22b6239cef43b45c4ee7644e204efa7569e97909cbc,1,,false
7dcce62842b9df500422b22b6239cef43b45c4ee7644e204efa7569e97909cbc,2,,false
46c21f09846000b3f735c0e8371e97f5655f878676d5046690687ac9b850a736,0,"Answer: 2

The stone statues in the image are most likely associated with the Ancient Egyptian civilization. This is evident from the style and design of the statues, which are characteristic of Egyptian art. The statues depict pharaohs or other significant figures from Ancient Egypt, recognizable by their headdresses and the overall form of the statues.

Statement 1: The stone statues are most likely associated with the Mayan civilization. This is a hallucination because the statues do not match the artistic style or iconography of the Mayan civilization. Mayan statues typically have a different shape and style, often depicting gods, animals, or hieroglyphs.

Statement 3: The stone statues are most likely associated with the Ancient Greek civilization. This is also a hallucination because the statues do not reflect the artistic style or iconography of Ancient Greek civilization. Greek statues often depict human figures in a more naturalistic style, with emphasis on the human form and expression, which is not evident in this image.",false
46c21f09846000b3f735c0e8371e97f5655f878676d5046690687ac9b850a736,1,,true
46c21f09846000b3f735c0e8371e97f5655f878676d5046690687ac9b850a736,2,,false
57dfb319490f24a374c2d3493f19ac6aeacaf31567a5263f44dbbd497fd6aea9,0,"Answer: 2

The large windows in the restaurant are most likely intended to provide natural light and outdoor views. This statement is grounded in the image as the windows allow ample natural light to enter the restaurant and offer a view of the street outside, which is visible through the windows.

Statement 1: The large windows in the restaurant are most likely intended to separate different sections of the restaurant. This statement is a hallucination because the windows do not appear to be dividing the space into separate sections; instead, they provide an open and connected view of the interior and exterior.

Statement 3: The large windows in the restaurant are most likely intended to display advertisements. This statement is also a hallucination because there are no visible advertisements displayed through the windows in the image. The windows primarily serve to allow natural light and views of the outside, rather than for advertising purposes.",false
57dfb319490f24a374c2d3493f19ac6aeacaf31567a5263f44dbbd497fd6aea9,1,,true
57dfb319490f24a374c2d3493f19ac6aeacaf31567a5263f44dbbd497fd6aea9,2,,false
95ea0537f9a2ba09e19da48d663658674dac7f84ae0a4930c43b3aed70d19f81,0,"Answer: 1

This piece of cloth might represent a ceremonial garment in a religious or spiritual context. This statement is grounded because the shape and structure of the cloth, along with its plain and unadorned appearance, suggest it could be used in a ceremonial context. The other two statements are plausible-sounding hallucinations because there is no clear indication that the cloth is specifically a decorative tapestry or a holy scripture cover.",true
95ea0537f9a2ba09e19da48d663658674dac7f84ae0a4930c43b3aed70d19f81,1,,false
95ea0537f9a2ba09e19da48d663658674dac7f84ae0a4930c43b3aed70d19f81,2,,false
c5dd0e4bbeb8f4e88096107662273de7022800daed25382ff3f2eb6b14abbefc,0,"Answer: 3

The most likely purpose of the interaction shown in the image is professional collaboration. This is grounded by several visual cues:

1. **Attire and Lanyards**: All individuals are dressed in formal attire and are wearing lanyards, which are commonly used in professional settings, such as conferences or exhibitions.
2. **Documents**: The central figure is holding a document, which suggests they are discussing something specific and important, likely related to their professional work.
3. **Setting**: The background shows a professional environment with tables and chairs, which is typical for a conference or exhibition hall.

The other two statements are plausible-sounding hallucinations:

1. **Social Gathering**: The formal attire and presence of documents suggest a professional setting rather than a social gathering.
2. **Casual Conversation**: The serious expressions and the presence of documents indicate that the interaction is focused on professional matters rather than casual conversation.",false
c5dd0e4bbeb8f4e88096107662273de7022800daed25382ff3f2eb6b14abbefc,1,,false
c5dd0e4bbeb8f4e88096107662273de7022800daed25382ff3f2eb6b14abbefc,2,,true
ea21c22362afe70f1857bda2fec2f04015b3fbd1fd47c7824a1660d9e47327c9,0,"Answer: 3

The aircraft in the image belongs to the Arab Republic of Egypt. This is evident from the text ""ARAB REPUBLIC OF EGYPT"" written on the side of the aircraft. The presence of the Egyptian flag and the Arabic script further confirm this.

Statement 1: The aircraft in the image belongs to the United Arab Emirates.
This statement is a hallucination because there is no text or visual evidence in the image that indicates the aircraft belongs to the United Arab Emirates. The text clearly states ""ARAB REPUBLIC OF EGYPT.""

Statement 2: The aircraft in the image belongs to the Kingdom of Saudi Arabia.
This statement is also a hallucination because there is no text or visual evidence in the image that indicates the aircraft belongs to the Kingdom of Saudi Arabia. The text clearly states ""ARAB REPUBLIC OF EGYPT.""

Therefore, the only statement grounded in the image is Statement 3, which correctly identifies the aircraft as belonging to the Arab Republic of Egypt.",false
ea21c22362afe70f1857bda2fec2f04015b3fbd1fd47c7824a1660d9e47327c9,1,,false
ea21c22362afe70f1857bda2fec2f04015b3fbd1fd47c7824a1660d9e47327c9,2,,true
4dd982036b66409a9574496e18fd6d3a3dd3ff800c5bddec46dcab2f07c93b21,0,"Answer: 1

Step-by-step explanation:

1. Statement 1: Sandy dunes are prominently visible in the background of the image.
   - Grounded: The image clearly shows large, sandy dunes in the background. The sandy dunes are a prominent feature of the landscape, making this statement true.

2. Statement 2: Snow-capped mountains are prominently visible in the background of the image.
   - Hallucination: There are no snow-capped mountains visible in the background of the image. The landscape is dominated by sandy dunes and a river, not snow-capped mountains. This statement is false.

3. Statement 3: Dense forests are prominently visible in the background of the image.
   - Hallucination: The image does not show any dense forests in the background. Instead, it shows sandy dunes and sparse vegetation along the riverbank. This statement is false.",true
4dd982036b66409a9574496e18fd6d3a3dd3ff800c5bddec46dcab2f07c93b21,1,,false
4dd982036b66409a9574496e18fd6d3a3dd3ff800c5bddec46dcab2f07c93b21,2,,false
75f70d1e270ea0ef763c291387f11d9b6741cfb5672bbd22d58ca47c51b20d78,0,"Answer: 1

The individuals in the image most likely represent McLaren and Red Bull Racing based on their uniforms. This is because the person on the left is wearing a McLaren uniform, identifiable by the distinctive orange and black colors and the McLaren logo. The person on the right is wearing a Red Bull Racing uniform, identifiable by the Red Bull logo and the color scheme.

Statement 2 is a hallucination because the uniforms do not match those of Aston Martin and Alpine. The colors and logos do not correspond to these teams.

Statement 3 is also a hallucination because the uniforms do not match those of Ferrari and Mercedes. The colors and logos do not correspond to these teams.",true
75f70d1e270ea0ef763c291387f11d9b6741cfb5672bbd22d58ca47c51b20d78,1,,false
75f70d1e270ea0ef763c291387f11d9b6741cfb5672bbd22d58ca47c51b20d78,2,,false
07f962d3a52dbeb290bda6b726f41c04daa682415b5d7ae17e1bca682c0dd6a6,0,"Answer: 2

The dish shown in the image is Foul Mudammas. This is evident from the appearance of the dish, which includes chickpeas and a creamy sauce, typical of Foul Mudammas. The presence of tomatoes and onions on top also aligns with this dish.

Statement 1: The dish shown in the image is Hummus. This is a hallucination because Hummus is typically a dip made from chickpeas, tahini, lemon juice, and garlic, and it does not have the same creamy sauce and tomato topping as shown in the image.

Statement 3: The dish shown in the image is Tabbouleh. This is also a hallucination because Tabbouleh is a salad made from bulgur wheat, parsley, mint, tomatoes, onions, and sometimes cucumber, and it does not have the creamy sauce or chickpeas as shown in the image.",false
07f962d3a52dbeb290bda6b726f41c04daa682415b5d7ae17e1bca682c0dd6a6,1,,true
07f962d3a52dbeb290bda6b726f41c04daa682415b5d7ae17e1bca682c0dd6a6,2,,false
ffcabcd8550c8c0ce9ef6daaefcd6262bdfe8062b3bae473e58fba167e1e4bbe,0,"Answer: 2

The primary purpose of the umbrellas in the marketplace is to provide shade for the vendors and goods. This is evident from the image, where the umbrellas are strategically placed over the stalls and goods, indicating their use for shade. The other two statements are plausible-sounding hallucinations because there is no evidence in the image to suggest that the umbrellas are used to mark the boundaries of vendor stalls or act as a decorative feature.",false
ffcabcd8550c8c0ce9ef6daaefcd6262bdfe8062b3bae473e58fba167e1e4bbe,1,,true
ffcabcd8550c8c0ce9ef6daaefcd6262bdfe8062b3bae473e58fba167e1e4bbe,2,,false
631990af5d3cf57251b53816302785cc5937567dda2ec3a0299929bbc0395b99,0,"Answer: 3

The image shows women carrying large metal water vessels, which is a traditional activity in many Arab countries. The presence of the Egyptian Textiles Museum sign in the background suggests that the area is known for textile production, but there is no direct evidence in the image to support the activities of weaving textiles or selling handmade pottery. Therefore, the statement about carrying water vessels is grounded in the image, while the other two statements are plausible-sounding hallucinations.",false
631990af5d3cf57251b53816302785cc5937567dda2ec3a0299929bbc0395b99,1,,false
631990af5d3cf57251b53816302785cc5937567dda2ec3a0299929bbc0395b99,2,,true
98e27f27f5456385657ddeff31a004b65a935e019f93a4ba0ceceb6c15e58e1e,0,"Answer: 2

The image shows a desert landscape with rock formations, which is typical of a desert environment. This makes Statement 2 true because desert hiking and camping are activities commonly enjoyed in such landscapes.

Statement 1 is false because snowboarding is typically enjoyed in snowy, mountainous regions, not in desert landscapes like the one shown in the image.

Statement 3 is also false because scuba diving is an activity that requires water, and the image depicts a dry, desert environment without any water bodies.",false
98e27f27f5456385657ddeff31a004b65a935e019f93a4ba0ceceb6c15e58e1e,1,,true
98e27f27f5456385657ddeff31a004b65a935e019f93a4ba0ceceb6c15e58e1e,2,,false
c917a665b2f4b7be90aeb18104e896168748be3e0f1c328d9ee80c2e934fce31,0,"Answer: 1

The primary purpose of the wooden barrier in the jousting competition is to separate the knights for safety reasons. This is evident from the image, where the knights are seen jousting behind the barrier, which is a common practice in jousting competitions to ensure the safety of the participants.

Statement 2: The primary purpose of the wooden barrier in the jousting competition is to mark the boundary of the competition area. This statement is a plausible-sounding hallucination. While the barrier does mark the boundary, its primary purpose is safety, not boundary marking.

Statement 3: The primary purpose of the wooden barrier in the jousting competition is to provide a visual aesthetic for the event. This statement is also a plausible-sounding hallucination. While the barrier does contribute to the visual aesthetics, its primary purpose is safety, not visual appeal.",true
c917a665b2f4b7be90aeb18104e896168748be3e0f1c328d9ee80c2e934fce31,1,,false
c917a665b2f4b7be90aeb18104e896168748be3e0f1c328d9ee80c2e934fce31,2,,false
75591dd4b43385d640abbe27adc3695bf4b2318479b48f930ecebdafd4eaf8a9,0,"Answer: 1

The dress displayed on the mannequin in the background is yellow. This is clearly visible in the image. The other two statements claiming the dress to be red or black are not supported by the visual evidence in the image.",true
75591dd4b43385d640abbe27adc3695bf4b2318479b48f930ecebdafd4eaf8a9,1,,false
75591dd4b43385d640abbe27adc3695bf4b2318479b48f930ecebdafd4eaf8a9,2,,false
d109c687ee2d6310bd9aa8cb85e7244326cc1a741e12ae5901b1b75f65485df3,0,"Answer: 1

The first statement is grounded in the image because a bowl, candles, and crosses are clearly visible on the altar in the foreground. The bowl is placed on the table, and there are two candles on either side of it, with crosses placed on top of the candles. 

The second statement is a hallucination because there are no books, incense, or a statue visible on the altar in the foreground. 

The third statement is also a hallucination because there is no chalice, bread, or flowers visible on the altar in the foreground.",true
d109c687ee2d6310bd9aa8cb85e7244326cc1a741e12ae5901b1b75f65485df3,1,,false
d109c687ee2d6310bd9aa8cb85e7244326cc1a741e12ae5901b1b75f65485df3,2,,false
753f39baf4771f1958d3f344b53ff87850e9913c8a98c560bdfe61e637675f74,0,"Answer: 3

The purpose of the checkered paper wrapping around the cheeseburger is to enhance the presentation and keep it clean. This is evident from the image, where the burger is neatly wrapped in the checkered paper, which is commonly used in food presentation to make the food look more appealing and to prevent any mess or spills.

Statement 1: The purpose of the checkered paper wrapping around the cheeseburger is to keep the burger warm. This is a hallucination because the checkered paper does not have any insulating properties that would keep the burger warm.

Statement 2: The purpose of the checkered paper wrapping around the cheeseburger is to add flavor to the burger. This is also a hallucination because the checkered paper is not a flavor enhancer and does not interact with the burger in any way to add flavor.

Therefore, the only statement that is grounded in the image is Statement 3.",false
753f39baf4771f1958d3f344b53ff87850e9913c8a98c560bdfe61e637675f74,1,,false
753f39baf4771f1958d3f344b53ff87850e9913c8a98c560bdfe61e637675f74,2,,true
2b4b00673758b001d4cc74c8014233d9d962e90c042b513f67d9890310d86947,0,"Answer: 1

The split image is likely intended to showcase two characters from a movie or series. This is because the two individuals in the image appear to be from different time periods or contexts, which is a common technique used in visual storytelling to introduce or compare characters. The left side shows an older man with glasses, while the right side shows a younger man with curly hair, suggesting a connection or comparison between the two.

Statement 2 is a hallucination because there is no indication that the two individuals are unrelated. The image seems to be designed to show a connection or comparison between the two characters.

Statement 3 is also a hallucination because there is no evidence that the image is intended to highlight a before-and-after transformation. The two individuals are presented side by side, but there is no indication that one is a transformation of the other.",true
2b4b00673758b001d4cc74c8014233d9d962e90c042b513f67d9890310d86947,1,,false
2b4b00673758b001d4cc74c8014233d9d962e90c042b513f67d9890310d86947,2,,false
9e2e0c16f7fc67d6e6febe95241fc2ab3f0764f27e39f87886e6cee91f8685c2,0,"Answer: 3

Step-by-step explanation:

1. Statement 1: French fries are typically made from ground chickpeas or fava beans and fried into patties.
   - This statement is false. French fries are not made from ground chickpeas or fava beans. They are typically made from potatoes that are cut into thin strips and deep-fried.

2. Statement 2: Pita bread is typically made from ground chickpeas or fava beans and fried into patties.
   - This statement is false. Pita bread is not made from ground chickpeas or fava beans. It is a type of flatbread made from wheat flour and water, and it is typically baked rather than fried.

3. Statement 3: Falafel is typically made from ground chickpeas or fava beans and fried into patties.
   - This statement is true. Falafel is a popular Middle Eastern dish made from ground chickpeas or fava beans, mixed with herbs and spices, and then fried into patties.

The image shows falafel, French fries, and other dishes, but none of the items in the image are made from ground chickpeas or fava beans and fried into p",false
9e2e0c16f7fc67d6e6febe95241fc2ab3f0764f27e39f87886e6cee91f8685c2,1,,false
9e2e0c16f7fc67d6e6febe95241fc2ab3f0764f27e39f87886e6cee91f8685c2,2,,true
529c8680d3fd74338917c8d49dfbf260d04dd6f6056d745c4b00f41c3a28dc21,0,"Answer: 3

The people in the image are engaged in a traditional dance performance. This is evident from their traditional attire, which includes colorful skirts and blouses, and their coordinated movements. The presence of a group of people dressed similarly and performing in unison strongly suggests a dance performance rather than a sports competition or musical concert.

Statement 1: The people in the image are engaged in a sports competition. This is a hallucination because there is no evidence of sports equipment, a playing field, or any indication of a sports event in the image.

Statement 2: The people in the image are engaged in a musical concert. This is also a hallucination because there are no musical instruments, a stage, or any indication of a musical performance in the image. The focus is on the traditional dance and attire, not on music.",false
529c8680d3fd74338917c8d49dfbf260d04dd6f6056d745c4b00f41c3a28dc21,1,,false
529c8680d3fd74338917c8d49dfbf260d04dd6f6056d745c4b00f41c3a28dc21,2,,true
f0d02d26499ca1816d27e09867544c6411852b0698251d5a57e6fe96c91b8115,0,"Answer: 3

The kayak used by the person in the image is red. This is clearly visible in the image, making Statement 3 true. Statements 1 and 2 are false because the kayak is not yellow or blue.",false
f0d02d26499ca1816d27e09867544c6411852b0698251d5a57e6fe96c91b8115,1,,false
f0d02d26499ca1816d27e09867544c6411852b0698251d5a57e6fe96c91b8115,2,,true
b66a90fa52076fa8d2bde619741e460e1d1e93368b836d61b0ad73446b895e66,0,"Answer: 3

The Roman amphitheater shown in the image is located in Amman, Jordan. This is evident from the architectural style and the surrounding environment, which is consistent with the historical and geographical context of Amman. The presence of modern buildings and the layout of the city in the background further supports this location.

Statement 1: The Roman amphitheater shown in the image is located in Rome, Italy.
This statement is a hallucination because the architectural style and the surrounding environment do not match those of Rome, Italy. The amphitheater's design and the visible modern buildings in the background are more indicative of Amman, Jordan.

Statement 2: The Roman amphitheater shown in the image is located in Athens, Greece.
This statement is also a hallucination because the architectural style and the surrounding environment do not match those of Athens, Greece. The amphitheater's design and the visible modern buildings in the background are more indicative of Amman, Jordan.",false
b66a90fa52076fa8d2bde619741e460e1d1e93368b836d61b0ad73446b895e66,1,,false
b66a90fa52076fa8d2bde619741e460e1d1e93368b836d61b0ad73446b895e66,2,,true
d0d43cc31af6911c34c8a761514fe8fbe1f37288a2c00e2bdc21d5b16572dcb9,0,"Answer: 1

The city visible in the background of the Roman ruins shown in the image is Amman, Jordan. This is grounded in the image because the architecture and landscape in the background resemble Amman, Jordan, which is known for its ancient Roman ruins and hilly terrain. The other two statements are hallucinations because Athens and Rome are not known for having such a landscape in the background of their ancient ruins.",true
d0d43cc31af6911c34c8a761514fe8fbe1f37288a2c00e2bdc21d5b16572dcb9,1,,false
d0d43cc31af6911c34c8a761514fe8fbe1f37288a2c00e2bdc21d5b16572dcb9,2,,false
82482b65958ec1613feba182fe5f3679c514b4ce0077e5245c935c8552d73e2b,0,"Answer: 1

Step-by-step explanation:

1. Statement 1: Cocktail is most commonly associated with relaxing by a pool at a resort.
   - Grounded: The image shows a poolside setting with lounge chairs and umbrellas, which is a typical environment where cocktails are often enjoyed. Cocktails are commonly associated with leisure and relaxation, making this statement true.

2. Statement 2: Soda is most commonly associated with relaxing by a pool at a resort.
   - Hallucination: While sodas can be enjoyed at a poolside, they are not as strongly associated with relaxation as cocktails. This statement is less grounded in the image compared to Statement 1.

3. Statement 3: Coffee is most commonly associated with relaxing by a pool at a resort.
   - Hallucination: Coffee is typically associated with wakefulness and alertness rather than relaxation. This statement is not supported by the image and is therefore a hallucination.",true
82482b65958ec1613feba182fe5f3679c514b4ce0077e5245c935c8552d73e2b,1,,false
82482b65958ec1613feba182fe5f3679c514b4ce0077e5245c935c8552d73e2b,2,,false
7547049262a76d15bca0904ef38005c1d66e03d8ad62920fb0611c8d3caf06ac,0,"Answer: 3

The primary purpose of the patterned fabric on the walls and ceiling in this room is to create a tent-like ambiance. This is evident from the image, which shows the room designed with fabric that drapes from the ceiling and walls, resembling the structure of a traditional tent. The fabric's design and the way it is used to cover the walls and ceiling contribute to this ambiance.

Statement 1: The primary purpose of the patterned fabric on the walls and ceiling in this room is to provide insulation from heat. This statement is a hallucination because the fabric does not appear to be thick or insulating, and its primary function seems to be aesthetic rather than thermal insulation.

Statement 2: The primary purpose of the patterned fabric on the walls and ceiling in this room is to act as soundproofing material. This statement is also a hallucination because there is no indication in the image that the fabric is intended to reduce sound levels. The primary focus is on creating a visually appealing tent-like atmosphere, not on soundproofing.",false
7547049262a76d15bca0904ef38005c1d66e03d8ad62920fb0611c8d3caf06ac,1,,false
7547049262a76d15bca0904ef38005c1d66e03d8ad62920fb0611c8d3caf06ac,2,,true
93e6aa3edcc6e8059a49b04388a45bcaf2fb2e80ceb6524f67cee1e58f347f8b,0,"Answer: 3

1. The fireplace is most associated with music.
   - This statement is not grounded in the image. The fireplace is a common feature in many living spaces and is not specifically associated with music.

2. The woven chair is most associated with music.
   - This statement is also not grounded in the image. The woven chair is simply a piece of furniture and does not have any specific association with music.

3. The guitar is most associated with music.
   - This statement is grounded in the image. The presence of a guitar in the room clearly indicates its association with music.",false
93e6aa3edcc6e8059a49b04388a45bcaf2fb2e80ceb6524f67cee1e58f347f8b,1,,false
93e6aa3edcc6e8059a49b04388a45bcaf2fb2e80ceb6524f67cee1e58f347f8b,2,,true
83a55f22bc70e9c6288061058df13dbdca32774999228f859a8e169fd4ab389b,0,"Answer: 2

The person in the image is wearing a chef's uniform and is standing behind a table with a pizza and dough, indicating that their primary role is likely that of a chef specializing in pizza. The presence of a pizza and dough, along with the chef's attire, supports this conclusion.

Statement 1 is a hallucination because there is no evidence in the image that the person's primary role is a baker preparing bread. The image shows a pizza, not bread.

Statement 3 is also a hallucination because there is no indication that the person's primary role is a waiter serving food. The person is shown in a kitchen environment, not serving food to customers.",false
83a55f22bc70e9c6288061058df13dbdca32774999228f859a8e169fd4ab389b,1,,true
83a55f22bc70e9c6288061058df13dbdca32774999228f859a8e169fd4ab389b,2,,false
cd8994b2b0b1dc9b024ecdc009749e31ddfb1b974a600ded544be7ea9849e67b,0,"Answer: 1

The image shows several people holding wine glasses and clinking them together, which is a common activity during a wine tasting event. The presence of greenery in the background suggests an outdoor setting, which is typical for vineyards. The attire of the individuals, which includes casual and semi-formal clothing, is also consistent with an outdoor event like a wine tasting rather than an indoor restaurant or a beach party. Therefore, Statement 1 is grounded in the image, making it true. Statements 2 and 3 are plausible-sounding but not supported by the visual evidence in the image, making them false.",true
cd8994b2b0b1dc9b024ecdc009749e31ddfb1b974a600ded544be7ea9849e67b,1,,false
cd8994b2b0b1dc9b024ecdc009749e31ddfb1b974a600ded544be7ea9849e67b,2,,false
5beaada4b9e022c72730f6aeb9a33f7e5d6afd0cce8011e2db2b3153f9d67734,0,"Answer: 1

The men in the image are dressed in uniforms and are marching in formation, which is typical of a ceremonial parade. The presence of rifles and the formal attire further support this interpretation. The other two statements are less likely because there is no indication of a military training exercise or a casual group walk. The setting and the formal nature of the attire suggest a ceremonial event rather than a training exercise or a casual walk.",true
5beaada4b9e022c72730f6aeb9a33f7e5d6afd0cce8011e2db2b3153f9d67734,1,,false
5beaada4b9e022c72730f6aeb9a33f7e5d6afd0cce8011e2db2b3153f9d67734,2,,false
7df5d6956082f5e7672c5c54a7b815adf824f486a305af07bd171a6d04776dbb,0,"Answer: 2

The image shows a food platter with various items such as olives, cheese, strawberries, and a type of flatbread. There are also two glasses, one of which appears to contain a dark liquid, likely tea, given the context and common practices in the Arab world. The other glass contains a lighter liquid, which could be juice or water, but it is not explicitly clear from the image alone.

1. **Statement 1: Coffee is served alongside the food platter in the image.**
   - This statement is a hallucination because there is no visible evidence of coffee being served in the image. The glasses contain liquids that resemble tea and juice, but no coffee is present.

2. **Statement 2: Tea is served alongside the food platter in the image.**
   - This statement is grounded in the image. One of the glasses contains a dark liquid that resembles tea, which is commonly served alongside meals in the Arab world.

3. **Statement 3: Juice is served alongside the food platter in the image.**
   - This statement is a hallucination because while there is a glass with a lighter liquid, it is not explicitly identified as juice. It could be water or another type of",false
7df5d6956082f5e7672c5c54a7b815adf824f486a305af07bd171a6d04776dbb,1,,true
7df5d6956082f5e7672c5c54a7b815adf824f486a305af07bd171a6d04776dbb,2,,false
04f860825d781c26f3dae77c035cf4b9541af09a52a743bffdc28a8aa0d3dee2,0,"Answer: 1

The transparent straw in the green beverage is likely used to drink the beverage. This is the true statement as the straw is clearly inserted into the drink, indicating its use for consumption.

Statement 2: The transparent straw in the green beverage is likely used to stir the drink. This is a plausible-sounding hallucination because the straw is not being used to stir the drink; it is simply inserted into the beverage for drinking.

Statement 3: The transparent straw in the green beverage is likely used to decorate the glass. This is also a plausible-sounding hallucination because the straw is not being used as a decorative element; its primary function is to facilitate drinking the beverage.",true
04f860825d781c26f3dae77c035cf4b9541af09a52a743bffdc28a8aa0d3dee2,1,,false
04f860825d781c26f3dae77c035cf4b9541af09a52a743bffdc28a8aa0d3dee2,2,,false
fed2a1c6c45d118e71e9fcd338f92fdf13911b2ce9af4fc37bc288d4dd25e703,0,"Answer: 1

The sculpture in the image appears to be made of sandstone. This conclusion is based on the visible texture and color of the stone, which is consistent with sandstone. Sandstone typically has a rough, porous texture and can come in various colors, including the light beige or gray tones seen in the image. 

The other two statements are plausible-sounding hallucinations because they do not align with the visual characteristics of the stone in the image. Granite and marble have distinct textures and colors that are not present in the image. Granite often has a coarse-grained texture and can be found in various colors, but it generally has a more uniform appearance compared to the stone in the image. Marble, on the other hand, is typically smoother and has a more uniform, waxy appearance, which is not consistent with the rough texture of the stone in the image.",true
fed2a1c6c45d118e71e9fcd338f92fdf13911b2ce9af4fc37bc288d4dd25e703,1,,false
fed2a1c6c45d118e71e9fcd338f92fdf13911b2ce9af4fc37bc288d4dd25e703,2,,false
b8aa7648586501baef7b49e39ffa2136bdfb2dd588a9b9001f521bc57335bd95,0,"Answer: 1

Step-by-step explanation:

1. Statement 1: True or False: Yachts are visible in the image.
   - Grounded: Yes, yachts are visible in the image. There are several boats docked along the waterfront, which appear to be yachts given their size and design.
   - Hallucination: No, this statement is not a hallucination because the yachts are clearly visible in the image.

2. Statement 2: True or False: Cargo ships are visible in the image.
   - Grounded: No, cargo ships are not visible in the image. The boats present are yachts, not cargo ships.
   - Hallucination: Yes, this statement is a hallucination because there are no cargo ships visible in the image.

3. Statement 3: True or False: Fishing boats are visible in the image.
   - Grounded: No, fishing boats are not visible in the image. The boats present are yachts, not fishing boats.
   - Hallucination: Yes, this statement is a hallucination because there are no fishing boats visible in the image.",true
b8aa7648586501baef7b49e39ffa2136bdfb2dd588a9b9001f521bc57335bd95,1,,false
b8aa7648586501baef7b49e39ffa2136bdfb2dd588a9b9001f521bc57335bd95,2,,false
74a02d3faa094c4b3669ceb794c769440dc6cb792f78a4f5f5094e56ff6f6011,0,"Answer: 2

The setting of the musical performance in the image is a desert during sunset. This statement is grounded in the image because the background clearly shows a desert landscape with sand dunes and the sky is in shades of blue and orange, indicating sunset.

Statement 1 is a hallucination because the image does not show a mountain valley; it shows a desert landscape.

Statement 3 is also a hallucination because the image does not show a bustling city square; it shows a serene desert setting with no signs of urban activity.",false
74a02d3faa094c4b3669ceb794c769440dc6cb792f78a4f5f5094e56ff6f6011,1,,true
74a02d3faa094c4b3669ceb794c769440dc6cb792f78a4f5f5094e56ff6f6011,2,,false
c6834cf09ae71141d2e082f1723054b80d99f531cd96ff466f7ed393b2da02ff,0,"Answer: 2

The primary purpose of the ornate hats worn by the women in this image is to complement their traditional attire for Escaramuza.

Explanation:
1. The hats are part of the traditional attire for Escaramuza, a Mexican rodeo event where women ride horses and perform various activities. The elaborate design and style of the hats are integral to the cultural and traditional dress code of the event.
2. The hats are not primarily for signifying rank or status in the rodeo, as there is no indication in the image that they serve this purpose. The hats are more about tradition and cultural representation rather than a sign of rank.
3. The hats are not primarily for providing shade and protection from the sun. While hats can provide some shade, the primary function of these hats is cultural and traditional, not practical for sun protection.",false
c6834cf09ae71141d2e082f1723054b80d99f531cd96ff466f7ed393b2da02ff,1,,true
c6834cf09ae71141d2e082f1723054b80d99f531cd96ff466f7ed393b2da02ff,2,,false
f6c2d56429c296a16f62c53d84f47cd6896377090525842439f90795c3018b10,0,"Answer: 2

The people in the image are predominantly wearing traditional layered clothing. This is evident from the image, where individuals are seen wearing garments that are characteristic of traditional attire, such as robes and head coverings. The clothing appears to be made of layers, which is a common feature in traditional clothing in many Arab cultures.

Statement 1 is a hallucination because there are no formal business suits visible in the image. The attire worn by the people is distinctly traditional and not formal business attire.

Statement 3 is also a hallucination because there is no evidence of modern casual attire in the image. The clothing worn by the people is traditional and does not resemble modern casual wear.",false
f6c2d56429c296a16f62c53d84f47cd6896377090525842439f90795c3018b10,1,,true
f6c2d56429c296a16f62c53d84f47cd6896377090525842439f90795c3018b10,2,,false
def867150d433d0b3fd73c919f2baa9f44fa9f67771359dabc8a275c715db681,0,"Answer: 2

The centerpiece of the bracelet is decorated with a scenic painted design. This is evident from the image, which shows a large, oval-shaped bead with a painted scene of a bird and a landscape. The other two statements are not supported by the image: there are no geometric patterns or floral designs on the centerpiece.",false
def867150d433d0b3fd73c919f2baa9f44fa9f67771359dabc8a275c715db681,1,,true
def867150d433d0b3fd73c919f2baa9f44fa9f67771359dabc8a275c715db681,2,,false
673dfa465878dae79a5268ee4f55d412d7322a7d579713498cc1a2cdc30b18c8,0,"Answer: 1

The primary color of the bottle shown in the image is blue. This is evident from the image, where the bottle is clearly visible and the color blue dominates the visual appearance of the bottle. The other two statements claiming the primary color to be yellow or black are not supported by the visual evidence in the image.",true
673dfa465878dae79a5268ee4f55d412d7322a7d579713498cc1a2cdc30b18c8,1,,false
673dfa465878dae79a5268ee4f55d412d7322a7d579713498cc1a2cdc30b18c8,2,,false
77522881923ca506d5bb616852ec5f72892befe30b4dd7f61ebc143604d2711e,0,"Answer: 2

The person in the image is most likely applying therapeutic mud. This is grounded in the image because the person is covered in mud from head to toe, which is consistent with therapeutic mud application. The mud appears to be thick and evenly spread across the body, which is typical for therapeutic mud treatments.

Statement 1: The person in the image is most likely building sandcastles. This is a hallucination because there is no evidence in the image of the person engaging in sandcastle building. The person is standing on the shore, not interacting with any sand.

Statement 3: The person in the image is most likely swimming in the ocean. This is also a hallucination because the person is standing on the shore, not swimming in the water. The presence of other people in the water does not necessarily mean that the person in the image is swimming.",false
77522881923ca506d5bb616852ec5f72892befe30b4dd7f61ebc143604d2711e,1,,true
77522881923ca506d5bb616852ec5f72892befe30b4dd7f61ebc143604d2711e,2,,false
5e298622d652b407750ecbef4096901a10353915b52dd70330519cb5ca1bb8ae,0,"Answer: 1

The sneakers shown in the image are associated with the brand Nike. This is evident from the prominent Nike logo on the shoes and the Nike packaging box in the background. The other two statements are hallucinations because there is no indication in the image that the sneakers are associated with Puma or Adidas.",true
5e298622d652b407750ecbef4096901a10353915b52dd70330519cb5ca1bb8ae,1,,false
5e298622d652b407750ecbef4096901a10353915b52dd70330519cb5ca1bb8ae,2,,false
55c4e8729d9c87c62f0598d6fa005170cc0eb1d696b84f114e81b3921bf37edb,0,"Answer: 2

The ruins depicted in the image are characterized by a large, open-air structure with a series of columns, which is indicative of a Greek amphitheater or stadium. This architectural style is commonly associated with ancient Greek civilization, where such structures were used for athletic competitions, public gatherings, and other communal activities.

Statement 1: The ruins depicted in the image were built by the Egyptian civilization. This statement is a hallucination because the architectural style does not match that of Egyptian civilization. Egyptian ruins typically feature pyramids, temples, and other monumental structures with distinct architectural elements such as obelisks and hieroglyphs, which are not present in this image.

Statement 2: The ruins depicted in the image were built by the Greek civilization. This statement is grounded in the image because the structure's design, with its open-air layout and columned perimeter, is characteristic of Greek amphitheaters or stadiums, which were commonly used for athletic events and public gatherings in ancient Greece.

Statement 3: The ruins depicted in the image were built by the Roman civilization. This statement is a hallucination because the architectural style does not match that of Roman civilization. Roman ruins typically feature structures such as aqued",false
55c4e8729d9c87c62f0598d6fa005170cc0eb1d696b84f114e81b3921bf37edb,1,,true
55c4e8729d9c87c62f0598d6fa005170cc0eb1d696b84f114e81b3921bf37edb,2,,false
cd2c058ec1815055d59b3ddebae4c07b7c5169d8a06b5bc287150f1c05f6080f,0,"Answer: 1

The image shows a teapot and a cup, which are commonly used for preparing and serving tea. There is no evidence in the image to suggest that hot chocolate or coffee is being prepared. Therefore, Statement 1 is the only one grounded in the image, making it true. Statements 2 and 3 are plausible-sounding but not supported by the image, making them false.",true
cd2c058ec1815055d59b3ddebae4c07b7c5169d8a06b5bc287150f1c05f6080f,1,,false
cd2c058ec1815055d59b3ddebae4c07b7c5169d8a06b5bc287150f1c05f6080f,2,,false
8ac88f867da5c1af690650e25dc54c89e3a7f47c7dd5407e15fbc350d854931f,0,"Answer: 1

The image shows a man riding a camel near the Great Pyramid of Giza, which is a popular tourist attraction. This suggests that camel riding is primarily a recreational activity for tourists rather than a competitive sport or a means of transportation across the desert. The presence of the pyramid and the man's casual attire further support the idea that this is a tourist activity rather than a practical mode of transportation or a competitive sport.",true
8ac88f867da5c1af690650e25dc54c89e3a7f47c7dd5407e15fbc350d854931f,1,,false
8ac88f867da5c1af690650e25dc54c89e3a7f47c7dd5407e15fbc350d854931f,2,,false
51db67baa3f887858c4d93f9648cfca7291fac298834e83cc7ae0f14ec0347fb,0,"Answer: 1

The residential buildings in the background serve as residential housing. This statement is grounded in the image because the buildings have multiple windows and balconies, which are typical features of residential buildings. The other two statements are hallucinations because there is no indication in the image that the buildings are part of a historical monument or used for commercial purposes.",true
51db67baa3f887858c4d93f9648cfca7291fac298834e83cc7ae0f14ec0347fb,1,,false
51db67baa3f887858c4d93f9648cfca7291fac298834e83cc7ae0f14ec0347fb,2,,false
a22f09f5772f40f1d1affd022bf16272c0fb18b7e7756b9098f0ed98c1dc6506,0,"Answer: 2

The primary purpose of the scoops visible in the image is for serving grains and legumes. This is evident from the image, where the scoops are placed next to containers filled with various grains and legumes, ready for customers to serve themselves. The scoops are clearly designed for this purpose, as they are placed in a way that makes it easy for customers to grab a serving.

Statement 1 is a hallucination because the scoops are not there for decoration; they are functional tools for serving food. There is no indication in the image that the scoops are meant for decoration.

Statement 3 is also a hallucination because there is no evidence in the image that the scoops are used for stirring food in pots. The scoops are placed on the counter, not in any pots, and their design does not suggest stirring functionality.",false
a22f09f5772f40f1d1affd022bf16272c0fb18b7e7756b9098f0ed98c1dc6506,1,,true
a22f09f5772f40f1d1affd022bf16272c0fb18b7e7756b9098f0ed98c1dc6506,2,,false
582093f0f94477bec7f02c1be0361d3ef6d0beef930230f223dc2798d64e5406,0,"Answer: 2

The primary function of the keffiyeh is to provide warmth and protection from the elements. This statement is grounded in the image as the keffiyeh shown is designed with a thick fabric and a fringe, which are typical features of a garment meant for warmth and protection.

Statement 1 is a hallucination because the keffiyeh is not primarily used as a decorative tablecloth. It is a traditional headdress and garment worn in the Arab world.

Statement 3 is also a hallucination because the keffiyeh is not primarily used as a ceremonial flag. It is a piece of clothing worn by individuals, not typically used as a flag.",false
582093f0f94477bec7f02c1be0361d3ef6d0beef930230f223dc2798d64e5406,1,,true
582093f0f94477bec7f02c1be0361d3ef6d0beef930230f223dc2798d64e5406,2,,false
a4c299814f4f128d99816a1f9c4d667bd814aef6e46c3937859dc43405b4a65c,0,"Answer: 2

The primary activity being depicted in the image is herding livestock. This is evident from the presence of multiple animals, including sheep and goats, being led by a person who appears to be guiding them along a road. The person is carrying a staff, which is commonly used by herders to guide and control their animals.

Statement 1: The primary activity being depicted in the image is building a wooden structure. This is a hallucination because there is no evidence of any construction or building activity in the image. The focus is on the person and the animals, not on any construction materials or tools.

Statement 3: The primary activity being depicted in the image is hunting in the wilderness. This is also a hallucination because there is no indication of hunting equipment, such as traps, weapons, or hunting gear, and the person is leading animals, not hunting them. The environment does not suggest a wilderness setting either, as it appears to be a rural or semi-urban area.",false
a4c299814f4f128d99816a1f9c4d667bd814aef6e46c3937859dc43405b4a65c,1,,true
a4c299814f4f128d99816a1f9c4d667bd814aef6e46c3937859dc43405b4a65c,2,,false
33ccafc0abe3388c52f4395435ff6e1427c8a79663863cfecc3d0a62dade7e62,0,"Answer: 2

This aerial view depicts the city of Mecca, featuring the Grand Mosque and the Kaaba. The Grand Mosque and the Kaaba are clearly visible in the image, which is a key feature of Mecca. The other two statements are hallucinations because Medina and Riyadh do not have the Grand Mosque and Kaaba as their primary landmarks.",false
33ccafc0abe3388c52f4395435ff6e1427c8a79663863cfecc3d0a62dade7e62,1,,true
33ccafc0abe3388c52f4395435ff6e1427c8a79663863cfecc3d0a62dade7e62,2,,false
14b3d4fd73a1a2bba6652df81f705185e394b09a36e7f5d85f90d1214775df44,0,"Answer: 1

The image shows two basketball players wearing uniforms with the word ""Michigan"" on them, indicating they are part of a college basketball team. The presence of a basketball court and the attire of the players confirm that this is a college basketball game. The other two statements are not supported by the image: there is no indication of a soccer match or a tennis tournament.",true
14b3d4fd73a1a2bba6652df81f705185e394b09a36e7f5d85f90d1214775df44,1,,false
14b3d4fd73a1a2bba6652df81f705185e394b09a36e7f5d85f90d1214775df44,2,,false
2b59a2c6d3de327c5ca63ed2fcf91fd31bf7b204de5e64779b739cc1e087baa7,0,"Answer: 2

The environment surrounding the settlement in the image is a dry, mountainous area adjacent to the sea. This statement is grounded in the image because the settlement is located in a barren, arid region with visible mountainous terrain, and it is situated near the sea. The image clearly shows a dry, mountainous area adjacent to the sea, which supports this statement.

Statement 1 is a hallucination because the environment is not lush, forested, or with rivers and lakes. Instead, it is dry and barren.

Statement 3 is also a hallucination because the environment is not a flat plain with extensive agricultural fields. The image shows a dry, mountainous area, not a flat plain or agricultural fields.",false
2b59a2c6d3de327c5ca63ed2fcf91fd31bf7b204de5e64779b739cc1e087baa7,1,,true
2b59a2c6d3de327c5ca63ed2fcf91fd31bf7b204de5e64779b739cc1e087baa7,2,,false
28a7522db63a0638f404221118e6b58d1f7235ea7ef88da120a7b6c125b67a2d,0,"Answer: 1

The beanie worn by the person in the image is light green. This is clearly visible in the image, making Statement 1 true. Statements 2 and 3 are false because the beanie is not black or gray.",true
28a7522db63a0638f404221118e6b58d1f7235ea7ef88da120a7b6c125b67a2d,1,,false
28a7522db63a0638f404221118e6b58d1f7235ea7ef88da120a7b6c125b67a2d,2,,false
19f9b36ef76b47c74764bd32d4c7c9cab75cc4237d333651f167235f2d5f31f3,0,"Answer: 2

Step-by-step explanation:

1. **Statement 1: Lemons are not visible in the bowl in the image.**
   - This statement is false. Lemons are clearly visible in the bowl in the image. They are identifiable by their yellow color and round shape.

2. **Statement 2: Apples are not visible in the bowl in the image.**
   - This statement is true. There are no apples visible in the bowl. The bowl contains lemons, limes, and grapes, but no apples.

3. **Statement 3: Limes are not visible in the bowl in the image.**
   - This statement is false. Limes are visible in the bowl. They are identifiable by their green color and oval shape.

Therefore, the only statement grounded in the image is Statement 2, making it true. The other two statements are false as they do not accurately describe what is visible in the image.",false
19f9b36ef76b47c74764bd32d4c7c9cab75cc4237d333651f167235f2d5f31f3,1,,true
19f9b36ef76b47c74764bd32d4c7c9cab75cc4237d333651f167235f2d5f31f3,2,,false
7bd6aff6eb87d55c78b65f34d8ad213b685a45d4713cd7c94482bb06cce2530b,0,"Answer: 1

The translucent blue sole of this sneaker is likely made of rubber. This is grounded in the image because the sole appears to have a texture and flexibility characteristic of rubber, which is commonly used in sneaker soles for its durability and cushioning properties. The other two statements are plausible-sounding hallucinations because plastic and foam are less likely materials for the sole based on the visual characteristics seen in the image.",true
7bd6aff6eb87d55c78b65f34d8ad213b685a45d4713cd7c94482bb06cce2530b,1,,false
7bd6aff6eb87d55c78b65f34d8ad213b685a45d4713cd7c94482bb06cce2530b,2,,false
5f9aa8d0b1eca017e442a4f3b673e18d2fc46b58978069d72aaa7f06ecda91ef,0,"Answer: 3

The presence of small huts and pathways among the palm trees in the aerial image most strongly suggests that the area is used for relaxation or tourism. This is because the huts and pathways indicate human habitation and infrastructure, which are typically associated with areas designed for tourism or relaxation.

Statement 1: The dense greenery without any visible structures in the aerial image does not strongly suggest that the area is used for relaxation or tourism. The lack of visible structures could indicate that the area is more natural and undeveloped, which might not necessarily be intended for tourism.

Statement 2: The rocky cliffs at the edge of the image do not strongly suggest that the area is used for relaxation or tourism. While cliffs can be part of a scenic landscape, they do not necessarily indicate human use or development for tourism purposes.",false
5f9aa8d0b1eca017e442a4f3b673e18d2fc46b58978069d72aaa7f06ecda91ef,1,,false
5f9aa8d0b1eca017e442a4f3b673e18d2fc46b58978069d72aaa7f06ecda91ef,2,,true
cc5af2500a4d696a723140f309e49fc390a32c2c2c47f1bd05426d0fef3912ec,0,"Answer: 3

The dessert featured in the image is rolled ice cream. This is evident from the cylindrical shape of the dessert, which is characteristic of rolled ice cream. The presence of waffles and ice cream also supports this identification.

Statement 1: The dessert featured in the image is gelato. This is a hallucination because gelato is a type of Italian ice cream, typically served in a cone or cup, and does not resemble the rolled ice cream shown in the image.

Statement 2: The dessert featured in the image is a cupcake. This is also a hallucination because a cupcake is a baked dessert made from a batter of flour, sugar, and eggs, and does not resemble the rolled ice cream and waffles shown in the image.",false
cc5af2500a4d696a723140f309e49fc390a32c2c2c47f1bd05426d0fef3912ec,1,,false
cc5af2500a4d696a723140f309e49fc390a32c2c2c47f1bd05426d0fef3912ec,2,,true
50e78cf4533828454e89dbedff2c5f643f9b9b075fadd0173921b56e88acb5a8,0,"Answer: 2

The building's design is most prominently characterized by large glass windows. This is evident from the numerous large windows visible on the facade of the building. The windows are a prominent feature, allowing natural light to enter the building and providing a modern, open appearance.

Statement 1: The building's design is most prominently characterized by a thatched roof. This is a hallucination because the image clearly shows a flat roof, not a thatched roof. Thatched roofs are typically associated with traditional, rural buildings and are not a prominent feature of this modern building.

Statement 3: The building's design is most prominently characterized by traditional wooden elements. This is also a hallucination because the building does not exhibit any traditional wooden elements. The materials visible in the image are primarily concrete and glass, which are modern and not indicative of traditional wooden construction.",false
50e78cf4533828454e89dbedff2c5f643f9b9b075fadd0173921b56e88acb5a8,1,,true
50e78cf4533828454e89dbedff2c5f643f9b9b075fadd0173921b56e88acb5a8,2,,false
b22d0e4bb5f4c10b272e107acae12a4ae96e4bf14affc3237122d85a636dc050,0,"Answer: 1

The illuminated projections on the building's facade are indeed providing construction updates. This is evident from the image, which shows a large screen displaying what appears to be images and information related to construction activities. The presence of construction equipment and ongoing work further supports this conclusion.

Statement 2 is a hallucination because there is no evidence in the image that the projections are showcasing artistic visuals and cultural themes. The content displayed on the screen is focused on construction-related information.

Statement 3 is also a hallucination because there is no indication in the image that the projections are advertisements for nearby businesses. The primary focus is on construction updates, not commercial advertisements.",true
b22d0e4bb5f4c10b272e107acae12a4ae96e4bf14affc3237122d85a636dc050,1,,false
b22d0e4bb5f4c10b272e107acae12a4ae96e4bf14affc3237122d85a636dc050,2,,false
f79461e2333403b90cea6456cbebe63b9a3748593ddee089e7cac3040d9c1cdd,0,"Answer: 1

The desserts in the image have a distinct yellow color, which is commonly associated with turmeric. Turmeric is a spice commonly used in Middle Eastern and South Asian cuisine to add color and flavor to desserts. The other two statements are less likely because curry powder and saffron, while also yellow, are not typically used to achieve the exact shade seen in these desserts. Curry powder is more commonly used for savory dishes, and saffron is often used in combination with other ingredients to achieve a yellow hue, but it is not the primary ingredient for the color seen here.",true
f79461e2333403b90cea6456cbebe63b9a3748593ddee089e7cac3040d9c1cdd,1,,false
f79461e2333403b90cea6456cbebe63b9a3748593ddee089e7cac3040d9c1cdd,2,,false
80b84869fdb412d166c7474c2e9739eddf0d8354046dc8c866daf487416dda62,0,"Answer: 3

The image shows a coffee machine with a metallic finish and a digital display, which is clearly visible. This makes Statement 3 true.

Statement 1 is a hallucination because there is no indication in the image that the coffee machine is designed for portability. The machine appears to be a standalone unit, not a portable one.

Statement 2 is also a hallucination because the image does not show any indication that the machine can brew tea. The digital display shows options for ""Caffè"" and ""Latte macchiato,"" but no option for tea.",false
80b84869fdb412d166c7474c2e9739eddf0d8354046dc8c866daf487416dda62,1,,false
80b84869fdb412d166c7474c2e9739eddf0d8354046dc8c866daf487416dda62,2,,true
c6c3eb979d422540e033a3b45bb65494e255e453f73da45d3b4decb293954266,0,"Answer: 2

The illuminated towers in the image are the Burj Khalifa and the Burj Al Arab, which are located in Dubai, United Arab Emirates. The Burj Khalifa is the tallest building in the world, and the Burj Al Arab is a luxury hotel known for its distinctive sail-like structure. These landmarks are iconic symbols of Dubai and the United Arab Emirates.

Statement 1: The illuminated towers belong to Saudi Arabia. This statement is false because the towers are not located in Saudi Arabia. They are in Dubai, which is part of the United Arab Emirates.

Statement 2: The illuminated towers belong to United Arab Emirates. This statement is true because the Burj Khalifa and the Burj Al Arab are both located in Dubai, which is part of the United Arab Emirates.

Statement 3: The illuminated towers belong to Kuwait. This statement is false because the towers are not located in Kuwait. They are in Dubai, which is part of the United Arab Emirates.",false
c6c3eb979d422540e033a3b45bb65494e255e453f73da45d3b4decb293954266,1,,true
c6c3eb979d422540e033a3b45bb65494e255e453f73da45d3b4decb293954266,2,,false
d14e0c97e4b901dc492d67c879a1b7c282f6e4e4975fc0930863020936ee9865,0,"Answer: 1

The image shows a young individual dressed in traditional attire, seated on a stage with a backdrop that includes text in Arabic, which is indicative of a religious or cultural context. The presence of the Arabic text and the traditional clothing strongly suggest that the event is related to a religious award ceremony. The other two statements, about a business conference and a cultural performance, are less likely given the visual cues present in the image.",true
d14e0c97e4b901dc492d67c879a1b7c282f6e4e4975fc0930863020936ee9865,1,,false
d14e0c97e4b901dc492d67c879a1b7c282f6e4e4975fc0930863020936ee9865,2,,false
8371f5bce8a5588462e0d3f36227c023461211875bcfec68b2983a215a9b28c7,0,"Answer: 1

The primary visual feature of the ceramic plates in the image is indeed speckled designs in various colors. This is evident from the image, which shows plates with speckled patterns in different colors such as green, blue, and red. The other two statements are not supported by the image:

- Statement 2: The primary visual feature of the ceramic plates in the image is plain white surfaces. This is false because the plates clearly have colored speckled designs, not plain white surfaces.
- Statement 3: The primary visual feature of the ceramic plates in the image is engraved patterns. This is also false because the plates do not show any engraved patterns; they have speckled designs instead.",true
8371f5bce8a5588462e0d3f36227c023461211875bcfec68b2983a215a9b28c7,1,,false
8371f5bce8a5588462e0d3f36227c023461211875bcfec68b2983a215a9b28c7,2,,false
e565e4996286a9db0f9b0f79e25c953c89891d588000874c1cdc59b5dec83a41,0,"Answer: 2

The exterior of these buildings is most prominently characterized by geometric patterns with hexagonal shapes. This is evident from the image, which clearly shows the buildings' facades composed of numerous hexagonal shapes. The other two statements are not supported by the image: traditional brickwork and arches are not visible, and while there are glass elements, they are not smooth curtain walls but rather part of the geometric pattern.",false
e565e4996286a9db0f9b0f79e25c953c89891d588000874c1cdc59b5dec83a41,1,,true
e565e4996286a9db0f9b0f79e25c953c89891d588000874c1cdc59b5dec83a41,2,,false
6e481b17a77fe6cbdeb81b935c1175e30fc4e33fb0b66df85d7105db751d38d2,0,"Answer: 3

The image shows a bustling street with numerous people walking and carrying shopping bags, indicating that the primary activity is shopping and walking. The presence of shops and the fact that people are carrying bags support this conclusion.

Statement 1: The primary activity taking place in this setting is dining at restaurants. This is a hallucination because there is no visible evidence of dining or restaurants in the image.

Statement 2: The primary activity taking place in this setting is watching a live performance. This is also a hallucination because there is no indication of a performance or audience in the image. The focus is on the street and the people walking, not on any event or performance.",false
6e481b17a77fe6cbdeb81b935c1175e30fc4e33fb0b66df85d7105db751d38d2,1,,false
6e481b17a77fe6cbdeb81b935c1175e30fc4e33fb0b66df85d7105db751d38d2,2,,true
9996ce05358ad8f6d0fc539144490f3daeb0bbbc2e01b7b550ab322af0fe41bd,0,"Answer: 2

The volume of the beverage can shown in the image is 250 mL. This is clearly indicated on the label of the can. The other two statements are false because they do not match the information provided on the can's label. The label explicitly states ""250 mL,"" making Statement 2 the only true statement. Statements 1 and 3 are plausible-sounding but are not supported by the information visible in the image.",false
9996ce05358ad8f6d0fc539144490f3daeb0bbbc2e01b7b550ab322af0fe41bd,1,,true
9996ce05358ad8f6d0fc539144490f3daeb0bbbc2e01b7b550ab322af0fe41bd,2,,false
32baae2728fdb72971f415cddfa8964ad8118a2ba339b289545558a2038c2776,0,"Answer: 3

The beverage being poured in this Middle Eastern setting is traditional Arabic coffee served from a metal pot. This is evident from the image of the metal pot being used to pour the beverage, which is a common practice in traditional Arabic coffee preparation. The presence of the small cups and the setting also align with the traditional way of serving coffee in the Arab world.

Statement 1: The beverage being poured in this Middle Eastern setting is hot chocolate in a ceramic mug. This is a hallucination because hot chocolate is not a traditional beverage in the Middle Eastern setting, and the image clearly shows a metal pot, which is not typically used for serving hot chocolate.

Statement 2: The beverage being poured in this Middle Eastern setting is green tea with mint in a glass teapot. This is also a hallucination because the image shows a metal pot, not a glass teapot, and green tea with mint is not a common beverage in this setting. Traditional Arabic coffee is typically served in small cups and from a metal pot.",false
32baae2728fdb72971f415cddfa8964ad8118a2ba339b289545558a2038c2776,1,,false
32baae2728fdb72971f415cddfa8964ad8118a2ba339b289545558a2038c2776,2,,true
84a00e447d1254e83d803570fbafddb33867eeab9d9f48d3788811e7420a254b,0,"Answer: 3

The bar in the image has a variety of bottles and glasses on the shelves, indicating that alcoholic beverages are served. The presence of a bartender also supports this. The other two statements are plausible but not directly supported by the image.",false
84a00e447d1254e83d803570fbafddb33867eeab9d9f48d3788811e7420a254b,1,,false
84a00e447d1254e83d803570fbafddb33867eeab9d9f48d3788811e7420a254b,2,,true
e13946f305ed6bd37531d28fc586bfa1f3b27eed7e55ad4749e950701d31be26,0,"Answer: 3

The architectural design of the buildings in the image is modern glass skyscrapers. This is evident from the sleek, reflective glass facades and the tall, slender structures that are characteristic of modern skyscrapers. The buildings are not traditional stone structures or wooden rural houses, as they lack the characteristics of these older, more rustic architectural styles.",false
e13946f305ed6bd37531d28fc586bfa1f3b27eed7e55ad4749e950701d31be26,1,,false
e13946f305ed6bd37531d28fc586bfa1f3b27eed7e55ad4749e950701d31be26,2,,true
8388fe21f407730d8d71cffa13b1f5035ca8c01c42ff52905cba44d3e97eee3d,0,"Answer: 2

The teapot in the image has a matte finish and a smooth, glossy surface, which are characteristics commonly associated with ceramic materials. Ceramics are known for their ability to be glazed and decorated in various ways, which matches the ornate design seen on the teapot. 

Statement 1: The teapot is most likely made of metal. This is a hallucination because the teapot's surface and finish do not resemble typical metal materials, which often have a different texture and appearance.

Statement 3: The teapot is most likely made of glass. This is also a hallucination because glass teapots typically have a transparent quality, and the teapot in the image is opaque, which rules out glass as the primary material.",false
8388fe21f407730d8d71cffa13b1f5035ca8c01c42ff52905cba44d3e97eee3d,1,,true
8388fe21f407730d8d71cffa13b1f5035ca8c01c42ff52905cba44d3e97eee3d,2,,false
b1eb98cbc3c4cbdf10d95d84b6dfb7112532ed9af4eee7c24e27075e71f71e0b,0,"Answer: 3

The teapots in the image are traditional items used in Middle Eastern tea ceremonies. This is evident from the image, which shows a variety of teapots, many of which are ornate and traditional in design, commonly used in Middle Eastern tea ceremonies. The presence of a man wearing traditional Middle Eastern attire further supports this context.

Statement 1: The teapots in the image are purely decorative items with no cultural ties. This is a hallucination because the teapots are clearly traditional and have cultural significance, as seen in the image.

Statement 2: The teapots in the image are modern kitchen appliances for boiling water. This is also a hallucination because the teapots are not modern kitchen appliances but traditional items, as indicated by their design and cultural context.",false
b1eb98cbc3c4cbdf10d95d84b6dfb7112532ed9af4eee7c24e27075e71f71e0b,1,,false
b1eb98cbc3c4cbdf10d95d84b6dfb7112532ed9af4eee7c24e27075e71f71e0b,2,,true
314d2cfb8e86eeee025acb4694606760a177dc483ceb64d3916b5b7e8352ef74,0,"Answer: 2

The primary color of the liquid inside the bottles is brown. This is clearly visible in the image, where the liquid inside the bottles appears to have a brown hue. The other two statements are hallucinations because the liquid is not transparent or green.",false
314d2cfb8e86eeee025acb4694606760a177dc483ceb64d3916b5b7e8352ef74,1,,true
314d2cfb8e86eeee025acb4694606760a177dc483ceb64d3916b5b7e8352ef74,2,,false
7c4bcf6b99ecee105992796dfb2836645890cb12f892193edf4a5c79561167b0,0,"Answer: 1

The badge worn by the individual on the right represents the International Committee of the Red Cross. This is evident from the distinctive red cross emblem on the badge, which is a well-known symbol associated with the International Committee of the Red Cross (ICRC). The other two statements are plausible-sounding hallucinations because the badge does not resemble the logos of the World Health Organization (WHO) or the United Nations (UN). The WHO logo typically features a snake entwined around a staff, while the UN logo consists of a globe with two olive branches.",true
7c4bcf6b99ecee105992796dfb2836645890cb12f892193edf4a5c79561167b0,1,,false
7c4bcf6b99ecee105992796dfb2836645890cb12f892193edf4a5c79561167b0,2,,false
48de441dc39acda5e929126aa0ce321aed218f457ee61015aaf60116086194cf,0,"Answer: 2

The backing of the earring shown in the image is heart-shaped. This is evident from the clear shape of the earring's backing, which is distinctly heart-shaped. The other two statements are not supported by the image: the earring does not have a butterfly-shaped or circular-shaped backing.",false
48de441dc39acda5e929126aa0ce321aed218f457ee61015aaf60116086194cf,1,,true
48de441dc39acda5e929126aa0ce321aed218f457ee61015aaf60116086194cf,2,,false
37a2f143bf7cb727f93f2ce991e7d634eef3a9b06c2a837e5317fcc0bb84eeb3,0,"Answer: 1

The bracelet in the image is likely made of gold because it has a shiny, metallic appearance that is characteristic of gold jewelry. The bracelet has a reflective surface and a color that is consistent with gold. 

Statement 2: The bracelet in the image is likely made of silver. This statement is a hallucination because the bracelet does not have the typical silver color or reflective quality that is commonly associated with silver jewelry.

Statement 3: The bracelet in the image is likely made of plastic. This statement is also a hallucination because the bracelet has a metallic sheen and structure that is not typical of plastic jewelry. Plastic jewelry often has a more matte finish and is less reflective than metal jewelry.",true
37a2f143bf7cb727f93f2ce991e7d634eef3a9b06c2a837e5317fcc0bb84eeb3,1,,false
37a2f143bf7cb727f93f2ce991e7d634eef3a9b06c2a837e5317fcc0bb84eeb3,2,,false
e50997375c2d79e82bb7156c29c6f881099c69dad750b14bfee79df2fb391d70,0,"Answer: 1

Step-by-step explanation:

1. **Statement 1: People at this shopping mall are most likely shopping for goods.**
   - Grounded: This statement is true because the image shows a typical shopping mall environment with various stores and people walking around, which indicates that they are likely shopping for goods.

2. **Statement 2: People at this shopping mall are most likely attending a musical concert.**
   - Hallucination: This statement is false because there is no visible evidence of a musical concert taking place. The image shows a shopping mall with stores and people walking around, not a concert venue.

3. **Statement 3: People at this shopping mall are most likely visiting a historical museum.**
   - Hallucination: This statement is false because the image depicts a modern shopping mall with retail stores and people shopping, not a historical museum. There are no signs or indications of a museum environment.",true
e50997375c2d79e82bb7156c29c6f881099c69dad750b14bfee79df2fb391d70,1,,false
e50997375c2d79e82bb7156c29c6f881099c69dad750b14bfee79df2fb391d70,2,,false
c09e5097291b5549dcc61836af1d0c37d48e1862d7bb9467f28abd226ffd73db,0,"Answer: 3

The statement ""A minaret is prominently visible in the mosque's design"" is grounded in the image. The structure in the image clearly shows a tall, slender tower that is characteristic of a minaret, which is traditionally used for the call to prayer in mosques.

The statement ""Stained glass windows are prominently visible in the mosque's design"" is a hallucination. There are no stained glass windows visible in the image. The windows in the mosque are solid and do not have the characteristic colorful, translucent appearance of stained glass.

The statement ""A bell tower is prominently visible in the mosque's design"" is also a hallucination. There is no bell tower visible in the image. The structure in the image does not have the typical design or shape associated with bell towers, which are often more ornate and have a different architectural style.",false
c09e5097291b5549dcc61836af1d0c37d48e1862d7bb9467f28abd226ffd73db,1,,false
c09e5097291b5549dcc61836af1d0c37d48e1862d7bb9467f28abd226ffd73db,2,,true
1eaf6f707c2a7a04d04f4fe3c9495881c2afddf46ab1420bbf3a505f855ed496,0,"Answer: 1

The person in the image is likely participating in falconry because they are holding a falcon on their arm, which is a common practice in falconry. The presence of a falcon and the traditional attire further support this activity. The other two statements are not supported by the image: there is no indication of horse racing or archery equipment or activities in the image.",true
1eaf6f707c2a7a04d04f4fe3c9495881c2afddf46ab1420bbf3a505f855ed496,1,,false
1eaf6f707c2a7a04d04f4fe3c9495881c2afddf46ab1420bbf3a505f855ed496,2,,false
a648a113187ee3640ff5bbfbca83a14b8f20ac72072cfaf59f7ebdac943d93d1,0,"Answer: 2

The most prominent feature of the building in the image is the large dome with gold detailing. This is evident as the dome stands out due to its size and the gold detailing, which contrasts with the rest of the building. The rectangular windows and surrounding trees are not the most prominent features; they are present but do not dominate the visual impact of the building as much as the dome does.",false
a648a113187ee3640ff5bbfbca83a14b8f20ac72072cfaf59f7ebdac943d93d1,1,,true
a648a113187ee3640ff5bbfbca83a14b8f20ac72072cfaf59f7ebdac943d93d1,2,,false
0b97f0fc2a3326080fff121b55bb7bc492d7e1cd390a0e1173298174b228bb3a,0,"Answer: 1

The image shows a man and a woman dressed in formal attire, with the woman wearing a white wedding dress and the man in a black suit. This attire is typical for a wedding ceremony. Additionally, the intimate and affectionate pose of the couple further supports the idea that this is a wedding event. The other two statements are not supported by the visual evidence in the image.",true
0b97f0fc2a3326080fff121b55bb7bc492d7e1cd390a0e1173298174b228bb3a,1,,false
0b97f0fc2a3326080fff121b55bb7bc492d7e1cd390a0e1173298174b228bb3a,2,,false
893e4b59b6de29a3a1d50697df4feac821b9a5d8b8de4144071afc327be253cd,0,"Answer: 1

The primary function of the traditional wooden sailboat in the image is fishing and trade. This is evident from the design and structure of the boat, which is typical of traditional fishing and trading vessels used in many coastal regions around the world. These boats are often small and designed for navigating shallow waters and carrying goods or catch.

The other two statements are hallucinations because there is no evidence in the image to suggest that the primary function of the traditional wooden sailboat is military operations or recreational sports. The design and context of the boat in the image clearly indicate its use for fishing and trade, making Statement 1 the only true statement.",true
893e4b59b6de29a3a1d50697df4feac821b9a5d8b8de4144071afc327be253cd,1,,false
893e4b59b6de29a3a1d50697df4feac821b9a5d8b8de4144071afc327be253cd,2,,false
6def718e4acfe5057dd09e01c353d37e6487127e677b5f763d0aa8d288c29538,0,"Answer: 3

Step-by-step explanation:

1. The image shows a candle with a floral and pearl decoration, which is typically associated with weddings. This makes Statement 3 true.
2. The decoration is elaborate and festive, which is more common for weddings than for birthday celebrations or religious ceremonies. Therefore, Statement 1 is a hallucination.
3. Religious ceremonies often have simpler and more solemn decorations, which do not typically include elaborate floral and pearl decorations. Thus, Statement 2 is also a hallucination.",false
6def718e4acfe5057dd09e01c353d37e6487127e677b5f763d0aa8d288c29538,1,,false
6def718e4acfe5057dd09e01c353d37e6487127e677b5f763d0aa8d288c29538,2,,true
793f3f7f75193748e50fa4f9b9e540cc4f72da3dc21d89a9e8903aceee23eb00,0,"Answer: 1

The multi-panel wall art with Arabic calligraphy in the living room most strongly reflects Islamic cultural influence. This is because the art prominently features Arabic calligraphy, which is a significant element in Islamic art and culture. The calligraphy is often used to display religious texts and verses from the Quran, making it a clear representation of Islamic influence.

The blue sofa and round wooden coffee tables do not strongly reflect Islamic cultural influence. While these elements may be part of the overall decor, they do not have any specific cultural or religious significance that would tie them directly to Islamic culture. Therefore, they are not grounded in the image and are considered plausible-sounding hallucinations.",true
793f3f7f75193748e50fa4f9b9e540cc4f72da3dc21d89a9e8903aceee23eb00,1,,false
793f3f7f75193748e50fa4f9b9e540cc4f72da3dc21d89a9e8903aceee23eb00,2,,false
a3ab7378418d3bbc9a8c60e106b3fbf27b5ddb59bee6c0a749b5f774cc0fcca5,0,"Answer: 2

The gray beard in the image most likely signifies wisdom and experience in the context of religion and spirituality. This is grounded in the image because a gray beard is often associated with age and the accumulation of life experiences, which are valued in many religious and spiritual traditions as sources of wisdom.

Statement 1 is a hallucination because a gray beard does not signify youthfulness; it typically signifies age and maturity.

Statement 3 is also a hallucination because the gray beard is not indicative of a fashion preference but rather of age and experience.",false
a3ab7378418d3bbc9a8c60e106b3fbf27b5ddb59bee6c0a749b5f774cc0fcca5,1,,true
a3ab7378418d3bbc9a8c60e106b3fbf27b5ddb59bee6c0a749b5f774cc0fcca5,2,,false
700e485f661d6e5090ffd5eb8d054f3ae7a5cefb9eba5403d691275f9339722c,0,"Answer: 1

The boats shown in the image are sailboats. This is evident from the presence of sails on each of the boats, which are clearly visible in the image. Sailboats are designed to harness wind power to propel themselves, and the sails are the primary means of achieving this. The other two statements are hallucinations because the boats do not have the characteristics of rowboats or motorboats. Rowboats typically have oars for propulsion, and motorboats have engines, neither of which are visible in the image.",true
700e485f661d6e5090ffd5eb8d054f3ae7a5cefb9eba5403d691275f9339722c,1,,false
700e485f661d6e5090ffd5eb8d054f3ae7a5cefb9eba5403d691275f9339722c,2,,false
b429e3294d4dcfb54b0f2d3a5a9779f2abedc220683344c993dd09afe56b083b,0,"Answer: 2

The image shows a person aiming an arrow at a target. The target has a central bullseye, indicating that the goal is to hit the center of the target. This supports Statement 2 as true.

Statement 1 is a hallucination because the primary goal of archery is not to shoot arrows as far as possible, but rather to hit the target accurately. 

Statement 3 is also a hallucination because performing tricks with the bow is not the primary goal of archery practice. The main focus is on accuracy and technique.",false
b429e3294d4dcfb54b0f2d3a5a9779f2abedc220683344c993dd09afe56b083b,1,,true
b429e3294d4dcfb54b0f2d3a5a9779f2abedc220683344c993dd09afe56b083b,2,,false
8ed36307aefad04cd04651ac8e77882fbfe012ae3bd54820c937b9f0baf0a514,0,"Answer: 2

The peeling paint and bullet holes on the building suggest that it has possibly witnessed conflict or neglect. This statement is grounded in the image because the visible signs of wear and damage, such as peeling paint and bullet holes, indicate that the building has been exposed to harsh conditions or possibly conflict, leading to its current state of disrepair. 

Statement 1 is a hallucination because the building does not appear to be newly constructed; rather, it shows signs of aging and damage. 

Statement 3 is also a hallucination because the building does not show signs of recent renovation; instead, it appears to be in a state of disrepair and neglect.",false
8ed36307aefad04cd04651ac8e77882fbfe012ae3bd54820c937b9f0baf0a514,1,,true
8ed36307aefad04cd04651ac8e77882fbfe012ae3bd54820c937b9f0baf0a514,2,,false
faf9256385913a8852ca3058fb1d998ca8af285ed2a915b1e2aa31fe7ba9a591,0,"Answer: 3

The image shows a man performing ablution before prayer, which is a common practice in Islamic culture. The presence of the water fountain and the man's actions support this statement. The other two statements are plausible but not directly supported by the image. The area does appear to be relaxing and could be used for religious ceremonies, but the primary function depicted is performing ablution.",false
faf9256385913a8852ca3058fb1d998ca8af285ed2a915b1e2aa31fe7ba9a591,1,,false
faf9256385913a8852ca3058fb1d998ca8af285ed2a915b1e2aa31fe7ba9a591,2,,true
00c65ee412817601b3e450f26f088c0eb876f7003825010f1a7c41b3f560f439,0,"Answer: 3

The vehicle in the image is a safari vehicle, which is commonly used for transporting tourists on wildlife safaris. This is evident from the sign that reads ""Nadad's Migration Camp,"" indicating that the location is likely a place where tourists come to observe wildlife. The vehicle is equipped with large windows for viewing and a roof rack, which are typical features of safari vehicles designed for wildlife tours.

Statement 1: The main purpose of the vehicle shown in the image is delivering goods to remote villages. This statement is a hallucination because the vehicle is not designed for delivering goods; it is a safari vehicle meant for wildlife tours.

Statement 2: The main purpose of the vehicle shown in the image is providing emergency medical services. This statement is also a hallucination because the vehicle does not appear to be equipped for medical services; it is designed for safari tours, not for emergency medical response.

Therefore, the only statement grounded in the image is Statement 3, which correctly identifies the main purpose of the vehicle as transporting tourists on wildlife safaris.",false
00c65ee412817601b3e450f26f088c0eb876f7003825010f1a7c41b3f560f439,1,,false
00c65ee412817601b3e450f26f088c0eb876f7003825010f1a7c41b3f560f439,2,,true
ff4aa6b830370f47b53b9c955d4c79149497e6e8ff225faa95527f501d73baa3,0,"Answer: 2

The athletes are competing on a blue wrestling mat. This statement is grounded in the image as the mat is clearly visible and blue in color. The other two statements are hallucinations because the image does not show a wooden court or a grass field. The athletes are clearly on a wrestling mat, which is a distinctly different surface from a wooden court or grass field.",false
ff4aa6b830370f47b53b9c955d4c79149497e6e8ff225faa95527f501d73baa3,1,,true
ff4aa6b830370f47b53b9c955d4c79149497e6e8ff225faa95527f501d73baa3,2,,false
170d2edd40b1b1afab8bae70a46f6d926d0be521706b2c51ab3ffd8576226091,0,"Answer: 3

The site shown in the image was most likely used as a religious temple. This is grounded by the architectural style and structure visible in the image. The presence of arches and columns is characteristic of ancient religious buildings, particularly in the Arab world. The ruins have a grand and formal design, which is typical for temples or places of worship.

Statement 1: The site shown in the image was most likely used as a modern-day park. This is a hallucination because the image clearly shows ancient ruins, not a modern park.

Statement 2: The site shown in the image was most likely used as an industrial warehouse. This is also a hallucination because the ruins do not resemble industrial structures and the design is too ancient for an industrial warehouse.",false
170d2edd40b1b1afab8bae70a46f6d926d0be521706b2c51ab3ffd8576226091,1,,false
170d2edd40b1b1afab8bae70a46f6d926d0be521706b2c51ab3ffd8576226091,2,,true
4437f4253824920510960c5b9a7343a841933d5b79e6f7a86841bb7d9c32d67b,0,"Answer: 3

The primary function of the ladder on the pier is to access the water for swimming. This is evident from the image, which shows the ladder leading directly into the water, indicating that it is meant for people to enter the water for swimming or other water activities. The other two statements are plausible-sounding but not supported by the image:

1. The primary function of the ladder on the pier is to anchor the pier. This is a hallucination because the ladder is not anchoring the pier; it is simply a structure for accessing the water.
2. The primary function of the ladder on the pier is to climb onto boats. This is also a hallucination because there are no boats visible in the image, and the ladder is not positioned in a way that suggests it is meant for boarding boats.",false
4437f4253824920510960c5b9a7343a841933d5b79e6f7a86841bb7d9c32d67b,1,,false
4437f4253824920510960c5b9a7343a841933d5b79e6f7a86841bb7d9c32d67b,2,,true
8cd93566938e6aacdf58e99b16a3fec7db669c795dfbef9682886cfc0efdc3c3,0,"Answer: 2

The primary material used to construct the canoe shown in the image is wood. This is evident from the visible wood grain and texture on the canoe's surface. The canoe's construction appears to be made from a single piece of wood, which is a common method for traditional canoe building.

Statement 1: The primary material used to construct the canoe shown in the image is plastic. This is a hallucination because the image clearly shows a canoe made from wood, not plastic.

Statement 3: The primary material used to construct the canoe shown in the image is metal. This is also a hallucination because the canoe's surface shows wood grain and texture, indicating that it is made from wood, not metal.",false
8cd93566938e6aacdf58e99b16a3fec7db669c795dfbef9682886cfc0efdc3c3,1,,true
8cd93566938e6aacdf58e99b16a3fec7db669c795dfbef9682886cfc0efdc3c3,2,,false
a05e955af4d4f801bb40e9182695be9f46ea71f71a1b4bdd16bfaaa72269b695,0,"Answer: 2

The background of the image on the left depicts a shopping street. This is evident from the presence of various shops and signs, as well as the architectural style typical of urban commercial areas. The other two statements are hallucinations because the image clearly shows a street with shops and signs, not a rural area or a park.",false
a05e955af4d4f801bb40e9182695be9f46ea71f71a1b4bdd16bfaaa72269b695,1,,true
a05e955af4d4f801bb40e9182695be9f46ea71f71a1b4bdd16bfaaa72269b695,2,,false
a4e4b2c332c6c6f1601a79321d4d765ad8db1291566da77c61926073f3e0b0d3,0,"Answer: 1

The primary material used in the construction of the staircase in the image is stone. This is evident from the image, which shows the staircase built with stone steps and a stone wall. The texture and appearance of the material are consistent with stone, not wood or glass.

Statement 2: The primary material used in the construction of the staircase in the image is wood. This statement is a hallucination because the image clearly shows stone steps and a stone wall, not wood.

Statement 3: The primary material used in the construction of the staircase in the image is glass. This statement is also a hallucination because the image shows a staircase made of stone, not glass. Glass is not a material typically used for staircases due to its fragility and lack of structural integrity.",true
a4e4b2c332c6c6f1601a79321d4d765ad8db1291566da77c61926073f3e0b0d3,1,,false
a4e4b2c332c6c6f1601a79321d4d765ad8db1291566da77c61926073f3e0b0d3,2,,false
0a3867d2ce545aa6d8d2547648346365f63ae77fd771a6a06ff6bd44c63e77f8,0,"Answer: 1

The landscape shown in the image is a coastal landscape with cliffs. This is evident from the presence of the ocean, rocky formations, and the cliffs along the coastline. The image clearly shows the sea and the cliffs, which are typical features of a coastal landscape.

Statement 2: The landscape shown in the image is a mountainous terrain. This statement is a hallucination because there are no mountains or high elevations visible in the image. The landscape is primarily characterized by the coastal features and the ocean.

Statement 3: The landscape shown in the image is a desert with dunes. This statement is also a hallucination because there are no dunes or desert features present in the image. The image clearly shows a coastal landscape with cliffs and the ocean, not a desert environment.",true
0a3867d2ce545aa6d8d2547648346365f63ae77fd771a6a06ff6bd44c63e77f8,1,,false
0a3867d2ce545aa6d8d2547648346365f63ae77fd771a6a06ff6bd44c63e77f8,2,,false
0fd1d1a353d20c58c124ede18c9dbf1b99d84075a6465ba70308276812bf281b,0,"Answer: 3

1. Statement 1: Kibbeh is typically made from chickpeas and tahini. True or False?
   - This statement is a hallucination. Kibbeh is traditionally made from ground meat (usually lamb or beef) and bulgur wheat, not chickpeas and tahini.

2. Statement 2: Tabbouleh is typically made from chickpeas and tahini. True or False?
   - This statement is a hallucination. Tabbouleh is a salad made from parsley, bulgur wheat, tomatoes, mint, and sometimes cucumber, and is not typically made from chickpeas and tahini.

3. Statement 3: Hummus is typically made from chickpeas and tahini. True or False?
   - This statement is grounded in the image. Hummus is a dip made from chickpeas and tahini, which is clearly visible in the image.",false
0fd1d1a353d20c58c124ede18c9dbf1b99d84075a6465ba70308276812bf281b,1,,false
0fd1d1a353d20c58c124ede18c9dbf1b99d84075a6465ba70308276812bf281b,2,,true
604c812cad4549556676691f6c1866e46503b46a20ee22432d0a9942fa29f9c1,0,"Answer: 3

The image shows the ruins of Machu Picchu, a famous Inca site in Peru. The Inca Trail is a popular hiking route that leads to Machu Picchu, making Statement 3 true. 

Statement 1 is false because skiing is not a popular activity in this region, as it is located in the Andes Mountains but at a lower altitude where snow is not present.

Statement 2 is also false because scuba diving is not a common activity in Machu Picchu, as the site is a historical and archaeological site, and scuba diving is not a typical activity associated with it.",false
604c812cad4549556676691f6c1866e46503b46a20ee22432d0a9942fa29f9c1,1,,false
604c812cad4549556676691f6c1866e46503b46a20ee22432d0a9942fa29f9c1,2,,true
1a2ead3a3198e5713faa360e4d6643eb46a2f132ba1cbce6b92c01400a08af2a,0,"Answer: 3

The event depicted in the image is a traditional cultural ceremony. This is evident from the elaborate costumes and decorations worn by the participants, as well as the presence of horses which are often central to such cultural events. The dust and the crowd in the background further suggest a large-scale, organized event, typical of cultural ceremonies.

Statement 1: The event depicted in the image is a horse racing competition. This is a plausible-sounding hallucination because the participants are dressed in elaborate costumes and not in typical racing attire. Additionally, the horses are adorned with decorations, which is more characteristic of cultural ceremonies than a competitive race.

Statement 2: The event depicted in the image is a casual parade in a town square. This is also a plausible-sounding hallucination because the participants are dressed in elaborate costumes and not in casual attire. Additionally, the presence of horses and the dust suggest a more formal and organized event than a casual parade.",false
1a2ead3a3198e5713faa360e4d6643eb46a2f132ba1cbce6b92c01400a08af2a,1,,false
1a2ead3a3198e5713faa360e4d6643eb46a2f132ba1cbce6b92c01400a08af2a,2,,true
950361ed73a83cea3f35285ef749fcb0d431657cbe02ff432608c463b3d80053,0,"Answer: 2

The transportation being used in the image is a paddleboard. This is evident from the image showing a person paddling on a board with a paddle. The board is designed for water activities and is clearly visible in the image.

Statement 1: The transportation being used in the image is a kayak. This is a hallucination because the image clearly shows a paddleboard, not a kayak. Kayaks typically have a more enclosed design and are used for different water activities.

Statement 3: The transportation being used in the image is a motorboat. This is also a hallucination because the image shows a paddleboard, which is a non-motorized watercraft. There is no motor or engine visible in the image, and the board is being manually propelled with a paddle.",false
950361ed73a83cea3f35285ef749fcb0d431657cbe02ff432608c463b3d80053,1,,true
950361ed73a83cea3f35285ef749fcb0d431657cbe02ff432608c463b3d80053,2,,false
94b6eca84a1617f55a29d8d2d48200964daa431dad9da10711ff6048a7dccf69,0,"Answer: 1

Step-by-step explanation:

1. **Statement 1: Ramadan is most commonly associated with decorative lanterns and dates.**
   - This statement is grounded in the image. The image shows a lantern, which is commonly used during Ramadan, and dates, which are a traditional food during this period. Ramadan is a month of fasting observed by Muslims worldwide, and it is customary to decorate homes and public spaces with lanterns. Dates are also a staple food during this time, often eaten as a way to break the fast.

2. **Statement 2: Christmas is most commonly associated with decorative lanterns and dates.**
   - This statement is a hallucination. Christmas is a Christian holiday celebrated on December 25th, and it is not commonly associated with decorative lanterns or dates. Instead, Christmas is typically associated with Christmas trees, ornaments, and specific foods like holly, mistletoe, and gingerbread.

3. **Statement 3: Diwali is most commonly associated with decorative lanterns and dates.**
   - This statement is a hallucination. Diwali, also known as the Festival of Lights, is a major Hindu festival celebrated in India and",true
94b6eca84a1617f55a29d8d2d48200964daa431dad9da10711ff6048a7dccf69,1,,false
94b6eca84a1617f55a29d8d2d48200964daa431dad9da10711ff6048a7dccf69,2,,false
a92f6043df7ce3a483cd009631d78990225a02fd72180bb3b4c8d0ef41f37aa7,0,"Answer: 3

The setting in the image is a rustic traditional space. This is evident from the stone walls and the traditional items such as the hookah and the lantern hanging from the ceiling. The other two statements are plausible-sounding hallucinations because there is no evidence in the image to suggest that this is a modern café or an outdoor picnic area.",false
a92f6043df7ce3a483cd009631d78990225a02fd72180bb3b4c8d0ef41f37aa7,1,,false
a92f6043df7ce3a483cd009631d78990225a02fd72180bb3b4c8d0ef41f37aa7,2,,true
33500f73161cb94909b8d063578b829de116768d8e6c6d35306545e8db450ecf,0,"Answer: 2

The image depicts sunset. The other two statements are hallucinations because the image does not depict afternoon or morning. The warm lighting and long shadows suggest that the sun is low on the horizon, which is characteristic of sunset. The sky is clear and the light is golden, which are typical indicators of the time of day during sunset. Therefore, Statement 2 is the only statement grounded in the image.",false
33500f73161cb94909b8d063578b829de116768d8e6c6d35306545e8db450ecf,1,,true
33500f73161cb94909b8d063578b829de116768d8e6c6d35306545e8db450ecf,2,,false
fb58606c85e2c63b4fa730df147c43964ee8d23509a5b683ccc29dbc8e4014b0,0,"Answer: 3

The woman in the image is most likely dressed for a wedding ceremony. This is because she is wearing an elaborate, long, and intricately designed gown that is typically associated with formal and ceremonial events such as weddings. The gown's detailed lacework and elegant design further support this conclusion.

Statement 1: The woman in the image is most likely dressed for a casual outing. This is a hallucination because the gown is highly formal and elaborate, which is not typical attire for casual outings.

Statement 2: The woman in the image is most likely dressed for a business event. This is also a hallucination because the gown is not business attire; it is more suited for formal events like weddings or galas rather than a professional business setting.",false
fb58606c85e2c63b4fa730df147c43964ee8d23509a5b683ccc29dbc8e4014b0,1,,false
fb58606c85e2c63b4fa730df147c43964ee8d23509a5b683ccc29dbc8e4014b0,2,,true
8138571c4d05ec1c15e0fce658f60d61a4308b2d8a9420c8b86eb67e35a70da2,0,"Answer: 1

The image shows the airport terminal during sunset. This is evident from the warm colors in the sky, the long shadows, and the overall lighting conditions. The sky is painted with hues of orange, yellow, and pink, which are typical of a sunset. Additionally, the lighting on the terminal and the surrounding area suggests that the sun is low on the horizon, casting a golden glow.

Statement 2 is a hallucination because the sky and lighting conditions do not match those of a morning. Morning skies typically have cooler tones and are not as vibrant as the sunset depicted in the image.

Statement 3 is also a hallucination because the lighting and sky conditions do not match those of midnight. Midnight skies are usually dark and lack the warm colors seen in the image.",true
8138571c4d05ec1c15e0fce658f60d61a4308b2d8a9420c8b86eb67e35a70da2,1,,false
8138571c4d05ec1c15e0fce658f60d61a4308b2d8a9420c8b86eb67e35a70da2,2,,false
30f34d6c9a22ae43a1177ebca16c784abf2eb034e6b3553492d59924fea0a403,0,"Answer: 1

The ambulance in the image is marked with emergency response markings and is positioned near a severely damaged vehicle, indicating that it is likely providing emergency medical assistance. The presence of emergency personnel and the context of the scene support this interpretation.

Statement 2: The ambulance is likely transporting passengers to a nearby station.
This statement is a hallucination because the ambulance is clearly marked for emergency services and is not equipped for passenger transport. Additionally, the context of the scene does not suggest that the ambulance is being used for transportation purposes.

Statement 3: The ambulance is likely delivering goods to a local store.
This statement is also a hallucination because the ambulance is clearly marked for emergency services and is not equipped for delivery purposes. The context of the scene does not suggest that the ambulance is being used for delivery purposes.",true
30f34d6c9a22ae43a1177ebca16c784abf2eb034e6b3553492d59924fea0a403,1,,false
30f34d6c9a22ae43a1177ebca16c784abf2eb034e6b3553492d59924fea0a403,2,,false
efb0c18fb0200bc56027fe36316c2b6bea772605e8f47d213bffbb9eb50f162b,0,"Answer: 2

The menu board outside 'Comptoir Libanais' is promoting a Christmas Feast. This is the true statement as it is clearly visible on the menu board in the image. The other two statements are not supported by the image. There is no indication of a Daily Happy Hour or Weekend Brunch Specials being promoted on the menu board.",false
efb0c18fb0200bc56027fe36316c2b6bea772605e8f47d213bffbb9eb50f162b,1,,true
efb0c18fb0200bc56027fe36316c2b6bea772605e8f47d213bffbb9eb50f162b,2,,false
1f5719518b163e8178ef96543b59613078fca726dcca78194b766804b9538697,0,"Answer: 2

The gathering shown in the image is likely a political protest or demonstration. This is grounded by the presence of individuals holding posters with images and text, which is a common method used in political demonstrations to express support or opposition to certain figures or causes. The serious expressions on the faces of the people and the context of the posters suggest a political or social cause rather than a cultural festival or religious ceremony.

Statement 1: The gathering shown in the image is likely a cultural festival. This is a plausible-sounding hallucination because there are no clear indicators of a cultural festival, such as music, dancing, or traditional attire specific to a particular culture.

Statement 3: The gathering shown in the image is likely a religious ceremony. This is also a plausible-sounding hallucination because there are no visible religious symbols, rituals, or attire that would indicate a religious ceremony. The focus is on the posters and the expressions of the people, which are more indicative of a political context.",false
1f5719518b163e8178ef96543b59613078fca726dcca78194b766804b9538697,1,,true
1f5719518b163e8178ef96543b59613078fca726dcca78194b766804b9538697,2,,false
27bbc3dd8a10789d314af80ee09e32dfe121a52f8bad09ec56bd3ec29d6e4d9b,0,"Answer: 3

The primary color scheme used in the macrame keychains displayed in the image is red and white. This is evident from the predominant use of red and white threads in the keychains. The other two statements are hallucinations because there is no green and black or blue and yellow color scheme present in the image. The keychains are clearly made with red and white threads, which is the primary color scheme.",false
27bbc3dd8a10789d314af80ee09e32dfe121a52f8bad09ec56bd3ec29d6e4d9b,1,,false
27bbc3dd8a10789d314af80ee09e32dfe121a52f8bad09ec56bd3ec29d6e4d9b,2,,true
b1056cb9f2103a137434e744f73fc09406f3891f4c224bea2207d9807fc5c7ae,0,"Answer: 1

Statement 1: A refrigerator is not visible in this kitchen. True/False?
- This statement is grounded in the image. There is no refrigerator visible in the kitchen area.

Statement 2: Decorative jars are not visible in this kitchen. True/False?
- This statement is a hallucination. There are decorative jars visible on the counter in the kitchen area.

Statement 3: A large plant is not visible in this kitchen. True/False?
- This statement is a hallucination. There is a large plant visible in the kitchen area.",true
b1056cb9f2103a137434e744f73fc09406f3891f4c224bea2207d9807fc5c7ae,1,,false
b1056cb9f2103a137434e744f73fc09406f3891f4c224bea2207d9807fc5c7ae,2,,false
15480351e96c1bb437eff9f2d52b2795e78c0a5563d058d2b60b5142ee35818c,0,"Answer: 2

The orange structures in the background are likely sports bench covers. This is because the image shows a sports field, and the structures are positioned in a way that suggests they are covering benches for spectators. The other two statements are plausible-sounding hallucinations because:

- Statement 1: The orange structures do not resemble public transport shelters, which are typically larger and more complex in design.
- Statement 3: The orange structures do not resemble construction scaffolding, which would typically be more vertical and not positioned in a way that suggests they are part of a sports field.",false
15480351e96c1bb437eff9f2d52b2795e78c0a5563d058d2b60b5142ee35818c,1,,true
15480351e96c1bb437eff9f2d52b2795e78c0a5563d058d2b60b5142ee35818c,2,,false
791445be6aa8f7aca569a86ecbb42b9f02ccf251fa2962098606806d18c9a311,0,"Answer: 3

The landscape shown in the image is a desert with sand dunes and an oasis. This statement is grounded in the image as it clearly depicts a desert environment with sand dunes and an oasis in the middle. The presence of sand dunes and an oasis is evident, making this statement true.

Statement 1: The landscape shown in the image is a dense rainforest with a flowing river. This statement is a hallucination because the image clearly shows a desert landscape, not a dense rainforest. There are no dense forests or flowing rivers visible in the image.

Statement 2: The landscape shown in the image is a mountainous region with snow-covered peaks. This statement is also a hallucination because the image does not show any mountainous regions or snow-covered peaks. Instead, it depicts a flat desert landscape with sand dunes and an oasis.",false
791445be6aa8f7aca569a86ecbb42b9f02ccf251fa2962098606806d18c9a311,1,,false
791445be6aa8f7aca569a86ecbb42b9f02ccf251fa2962098606806d18c9a311,2,,true
f3104096bc233080dff536e2fa7d4344fb5c88bae3ed8f46547b80a25fba81dc,0,"Answer: 2

The IV cannula visible in the image is indeed used to administer fluids or medication. This is evident from the presence of the cannula in the woman's arm and the medical device connected to it. The other two statements are plausible-sounding but not supported by the image:

1. The purpose of the IV cannula is not to measure blood sugar levels. There is no glucose meter or blood testing equipment visible in the image.
2. The purpose of the IV cannula is to administer fluids or medication, as indicated by the medical device connected to it.
3. The purpose of the IV cannula is not to check oxygen levels. There is no oxygen monitoring device visible in the image.",false
f3104096bc233080dff536e2fa7d4344fb5c88bae3ed8f46547b80a25fba81dc,1,,true
f3104096bc233080dff536e2fa7d4344fb5c88bae3ed8f46547b80a25fba81dc,2,,false
0da6303d394b72be0cfbecf9627514ed600c23d69b56f943f2cf62ca9922ffab,0,"Answer: 3

The door in the image appears to be part of a traditional or historical building. The door is set within a stone wall that has a rustic and aged appearance, which is characteristic of historical or traditional architecture. The door itself is made of wood and has a simple, functional design without any modern amenities or features that would suggest it is part of a modern apartment.

Statement 1: The door was used as a decorative piece in a museum. This statement is a plausible-sounding hallucination because there is no evidence in the image that the door is currently displayed in a museum. The door is still embedded in a wall, which suggests it is part of a building rather than an exhibit.

Statement 2: The door served as an entrance to a modern apartment. This statement is also a plausible-sounding hallucination because the door's design and setting do not match the characteristics of a modern apartment. The door's rustic appearance and the stone wall surrounding it are more indicative of a historical or traditional building rather than a modern living space.

Statement 3: The door was part of a traditional or historical building. This statement is grounded in the image because the door's design and the surrounding stone wall give it an aged and traditional appearance. The door's simple",false
0da6303d394b72be0cfbecf9627514ed600c23d69b56f943f2cf62ca9922ffab,1,,false
0da6303d394b72be0cfbecf9627514ed600c23d69b56f943f2cf62ca9922ffab,2,,true
a7afc21caa2943a7d5594ba43b1996a8605fe69813cc6fd7061d62345fd42c05,0,"Answer: 1

The image shows a small boat overcrowded with people, which is indicative of a migrant boat. The boat appears to be small and overloaded, which is typical for migrant boats used to cross seas and oceans. The other two statements are not supported by the image:

- Statement 2: The image does not show a commercial cruise ship. A cruise ship would be much larger and more structured, with amenities and facilities for passengers, which are not visible in the image.
- Statement 3: The image does not show a fishing vessel. A fishing vessel would typically have fishing gear and equipment, which are not visible in the image. Additionally, fishing vessels are usually larger and more specialized for fishing activities, which is not the case here.",true
a7afc21caa2943a7d5594ba43b1996a8605fe69813cc6fd7061d62345fd42c05,1,,false
a7afc21caa2943a7d5594ba43b1996a8605fe69813cc6fd7061d62345fd42c05,2,,false
fae4f22c3b9a6aa66a62de5082d4830495bba8fff93e607dcedb959baa2787de,0,"Answer: 1

Step-by-step explanation:

1. Statement 1: A metallic tripod floor lamp is prominently featured in the living room.
   - This statement is grounded in the image. The metallic tripod floor lamp is clearly visible on the left side of the image, standing next to the sofa.

2. Statement 2: A large bookshelf filled with books is prominently featured in the living room.
   - This statement is a hallucination. There is no large bookshelf filled with books visible in the image. The right side of the image shows a tall, narrow shelving unit, but it is not filled with books.

3. Statement 3: A fireplace is prominently featured in the living room.
   - This statement is a hallucination. There is no fireplace visible in the image. The lower part of the image shows a sleek, modern entertainment unit with a TV and decorative items, but no fireplace is present.",true
fae4f22c3b9a6aa66a62de5082d4830495bba8fff93e607dcedb959baa2787de,1,,false
fae4f22c3b9a6aa66a62de5082d4830495bba8fff93e607dcedb959baa2787de,2,,false
b1c3a043524b90fe989716a21903c1c8f9600a90c47e3615e82da03c997bd630,0,"Answer: 3

The activity being depicted in this image is sand dune hiking. This is evident from the person standing on top of a sand dune, which is a common activity in desert environments. The other two statements are not supported by the image:

1. The activity being depicted in this image is camel riding. This is false because there is no camel visible in the image, and the person is standing, not riding.

2. The activity being depicted in this image is desert wildlife photography. This is false because there is no evidence of wildlife or photography equipment in the image. The focus is on the person and the sand dune.",false
b1c3a043524b90fe989716a21903c1c8f9600a90c47e3615e82da03c997bd630,1,,false
b1c3a043524b90fe989716a21903c1c8f9600a90c47e3615e82da03c997bd630,2,,true
3e5714ee655519296aafa61e2273055a10b987d41ae6042f84d9dbc4cc7eb063,0,"Answer: 3

The stone slab shown in the image is likely an ancient artifact used for historical documentation. This is grounded by the presence of inscriptions in an ancient script, which suggests that it was used for recording information or commemorating events or individuals.

Statement 1: The stone slab shown in the image is likely a decorative piece for modern architecture. This is a hallucination because the slab's inscriptions and style do not match modern decorative pieces, which typically do not include ancient scripts.

Statement 2: The stone slab shown in the image is likely a gravestone from the medieval period. This is also a hallucination because the slab's inscriptions and style do not match medieval gravestones, which typically have different types of inscriptions and designs.",false
3e5714ee655519296aafa61e2273055a10b987d41ae6042f84d9dbc4cc7eb063,1,,false
3e5714ee655519296aafa61e2273055a10b987d41ae6042f84d9dbc4cc7eb063,2,,true
11caad0015d98e39fdc4b051037a088e1915baa01418fa6c5d4a5f07cb28cb5a,0,"Answer: 2

The foreground in the image has debris and trash scattered. This is evident from the visible litter, including plastic bags and other refuse, which is clearly visible in the lower part of the image. The presence of trash and debris is a direct observation that can be confirmed from the image.

Statement 1: The foreground in the image is covered in vegetation. This is a hallucination because the foreground is mostly dirt and debris, with very little vegetation visible.

Statement 3: The foreground in the image is clean and well-maintained. This is also a hallucination because the image clearly shows litter and debris, indicating that the area is not clean or well-maintained.",false
11caad0015d98e39fdc4b051037a088e1915baa01418fa6c5d4a5f07cb28cb5a,1,,true
11caad0015d98e39fdc4b051037a088e1915baa01418fa6c5d4a5f07cb28cb5a,2,,false
6f4aa69c1fb10f8c8d76e8ae814dc1acbb9427d0e89986ab6d206c4b6e749913,0,"Answer: 2

The flags being waved in the image are likely representing different nations or political movements. This is evident from the variety of flags and the context of the gathering, which appears to be a protest or public demonstration. The flags are not related to advertising a product or signaling a sports event, as there is no indication of commercial or sports-related activities in the image. The presence of military personnel and the serious expressions of the individuals further suggest a political or nationalistic context rather than a commercial or sports-related one.",false
6f4aa69c1fb10f8c8d76e8ae814dc1acbb9427d0e89986ab6d206c4b6e749913,1,,true
6f4aa69c1fb10f8c8d76e8ae814dc1acbb9427d0e89986ab6d206c4b6e749913,2,,false
8bbc2c84190f9d029ceae9e72bbdbe0a7ba61d3cf934145e3c81b5c13d7fd32e,0,"Answer: 3

The material shown in the image is likely to be used for carpet flooring. This is because the image displays a textured pattern that is commonly associated with carpet fibers. The interwoven loops and the overall appearance suggest a material that is designed to provide cushioning and comfort, which are key characteristics of carpeting.

Statement 1: The material shown in the image is likely to be used for glassware production. This is a hallucination because the texture and appearance of the material in the image do not resemble the smooth, clear, and uniform characteristics of glass used in glassware production.

Statement 2: The material shown in the image is likely to be used for wall painting. This is also a hallucination because the texture and appearance of the material in the image do not resemble the smooth and flat surface required for wall painting. Wall paint typically has a flat, even finish, which is not depicted in the image.",false
8bbc2c84190f9d029ceae9e72bbdbe0a7ba61d3cf934145e3c81b5c13d7fd32e,1,,false
8bbc2c84190f9d029ceae9e72bbdbe0a7ba61d3cf934145e3c81b5c13d7fd32e,2,,true
0e0fae945bca83f7b7e4c0a3d498c14ea64ffac50fc5f83caaa34e1424f6903e,0,"Answer: 3

The architectural style represented in this building is Portuguese traditional. This is evident from the blue and white azulejo tiles, which are a hallmark of Portuguese architecture, particularly in the region of Lisbon. The building's white facade and the use of azulejos are characteristic of traditional Portuguese design.

Statement 1: The architectural style represented in this building is Modern minimalist. This is a hallucination because the building clearly features traditional Portuguese elements, such as the azulejos and the overall design, which are not characteristic of modern minimalist architecture.

Statement 2: The architectural style represented in this building is Gothic revival. This is also a hallucination because the building does not exhibit the features of Gothic revival architecture, such as pointed arches, ribbed vaults, and flying buttresses. Instead, it has a more flat and horizontal design typical of Portuguese architecture.

Therefore, the correct statement is Statement 3, as it accurately describes the architectural style of the building.",false
0e0fae945bca83f7b7e4c0a3d498c14ea64ffac50fc5f83caaa34e1424f6903e,1,,false
0e0fae945bca83f7b7e4c0a3d498c14ea64ffac50fc5f83caaa34e1424f6903e,2,,true
45bb618fd386f324c45d8e519aedc7bdf968c638fb4546e3cfef4c2be6d53847,0,"Answer: 1

The vase in the image appears to have a textured surface and a matte finish, which are characteristics commonly associated with ceramic materials. Additionally, the vase has a handcrafted look, which is typical of ceramic vases. The other two statements are not supported by the visual evidence in the image. The vase does not exhibit the reflective or smooth surface that would suggest it is made of metal, and it does not have the uniform, plastic-like appearance that would indicate it is made of plastic. Therefore, Statement 1 is the only statement grounded in the image.",true
45bb618fd386f324c45d8e519aedc7bdf968c638fb4546e3cfef4c2be6d53847,1,,false
45bb618fd386f324c45d8e519aedc7bdf968c638fb4546e3cfef4c2be6d53847,2,,false
dd220a6002b9e99da758475fde212490a74a6ddd0bf49b0fc23edc21c5c16e36,0,"Answer: 2

The primary function of the industrial port infrastructure visible in the background is cargo handling and storage. This is evident from the presence of large cranes and containers, which are typically used for loading and unloading cargo. The image shows a well-organized port with significant space for storage and handling large containers, which are essential for cargo operations.

Statement 1 is a hallucination because the image does not show any recreational boating facilities or activities. The presence of large cranes and containers indicates that the port is primarily used for industrial purposes rather than recreational boating.

Statement 3 is also a hallucination because there is no evidence of fishing activities in the image. The port infrastructure and the surrounding area do not have any features that suggest fishing, such as nets, fishing boats, or a fishing pier.",false
dd220a6002b9e99da758475fde212490a74a6ddd0bf49b0fc23edc21c5c16e36,1,,true
dd220a6002b9e99da758475fde212490a74a6ddd0bf49b0fc23edc21c5c16e36,2,,false
08d0f01d274f8422e030d1f9e6e86eed458e74b6836b46b8a12fd6f9dc3e1637,0,"Answer: 2

The primary purpose of the fabric in this dance performance is to enhance the visual dynamics of the dance. This is evident from the image, where the fabric is being dramatically manipulated to create a visually striking effect, contributing to the overall aesthetic and performance quality.

Statement 1: The primary purpose of the fabric in this dance performance is to provide warmth. This is a hallucination because the fabric is being used for visual impact rather than for warmth.

Statement 3: The primary purpose of the fabric in this dance performance is to serve as a stage backdrop. This is also a hallucination because the fabric is being actively used by the dancer, not merely serving as a static backdrop.",false
08d0f01d274f8422e030d1f9e6e86eed458e74b6836b46b8a12fd6f9dc3e1637,1,,true
08d0f01d274f8422e030d1f9e6e86eed458e74b6836b46b8a12fd6f9dc3e1637,2,,false
98f0157e8abf8f4d4370c31e65bb3709ce0fe5d89c44f908bbffc4685c809b1d,0,"Answer: 2

The dish featured in the image is a layered dessert with nuts. This is evident from the visible layers of nuts and the overall presentation, which is typical of a dessert. The other two statements are not grounded in the image:

1. The dish is not a savory casserole. Casseroles typically have a more uniform mixture and are not layered in the way the dessert is presented.
2. The dish is not a fruit salad. Fruit salads typically contain various types of fruits, which are not present in this dish. Instead, it contains nuts and other ingredients that are more characteristic of a dessert.",false
98f0157e8abf8f4d4370c31e65bb3709ce0fe5d89c44f908bbffc4685c809b1d,1,,true
98f0157e8abf8f4d4370c31e65bb3709ce0fe5d89c44f908bbffc4685c809b1d,2,,false
b84a15b378b5808748d29a781caf840d4d9aa1ccfa87f9e8d3815e89501d90cb,0,"Answer: 3

The environment shown in the image is a desert landscape. This is evident from the sand dunes and the clear, dry sky, which are characteristic features of a desert environment. The sand dunes are formed by wind erosion and deposition, which are common processes in desert regions.

Statement 1: The environment shown in the image is a tropical rainforest. This statement is a hallucination because the image clearly shows sand dunes and a dry, arid environment, which are not characteristic of a tropical rainforest. Rainforests are typically dense, humid, and filled with lush vegetation, which is not present in the image.

Statement 2: The environment shown in the image is a snowy mountain range. This statement is also a hallucination because the image shows sand dunes and a clear, dry sky, which are not characteristic of a snowy mountain range. Snowy mountain ranges are typically covered in snow and have a different landscape compared to the sand dunes seen in the image.",false
b84a15b378b5808748d29a781caf840d4d9aa1ccfa87f9e8d3815e89501d90cb,1,,false
b84a15b378b5808748d29a781caf840d4d9aa1ccfa87f9e8d3815e89501d90cb,2,,true
a730fb90732129d3dabb4d1d26ea4dc9d9f9daf570e359b145656548998d5430,0,"Answer: 1

The image shows a waterfront scene with several sailboats visible in the water. There are no motorboats or fishing boats visible in the image. Therefore, Statement 1 is the only true statement, while Statements 2 and 3 are false.",true
a730fb90732129d3dabb4d1d26ea4dc9d9f9daf570e359b145656548998d5430,1,,false
a730fb90732129d3dabb4d1d26ea4dc9d9f9daf570e359b145656548998d5430,2,,false
419177719d5b94b5ae78f33505d325f9010845d9f151bdfdee4905670e6701f3,0,"Answer: 2

The person in the image is likely to be a flight attendant based on their uniform. The uniform includes a cap with a logo, which is typical for flight attendants. The other two statements are plausible-sounding hallucinations because the uniform does not clearly indicate that the person is an airport security officer or a pilot.",false
419177719d5b94b5ae78f33505d325f9010845d9f151bdfdee4905670e6701f3,1,,true
419177719d5b94b5ae78f33505d325f9010845d9f151bdfdee4905670e6701f3,2,,false
17c4f1010bed9013958742b66e1e3d4ce9a9397e19b808a33a3c214b65260bd3,0,"Answer: 1

The flat cap in the image features multiple shades of brown, beige, and black in its color scheme. This is evident from the visible pattern and color variations in the fabric of the cap. The other two statements are false because the cap does not have a solid black color scheme and it is not designed with bright neon colors.",true
17c4f1010bed9013958742b66e1e3d4ce9a9397e19b808a33a3c214b65260bd3,1,,false
17c4f1010bed9013958742b66e1e3d4ce9a9397e19b808a33a3c214b65260bd3,2,,false
f99958bee6cf40d10084a53cd982cc1455065bad8467375b486f0205f9dae166,0,"Answer: 1

The 'S C' inscription on the reverse side of the coin stands for 'Senatus Consulto (by decree of the Senate)'. This is the correct statement as it is directly supported by the image. The reverse side of the coin shows a figure holding a staff with a scroll, which is a traditional symbol of the Senate in ancient Rome. The inscription 'S C' is a common abbreviation for 'Senatus Consulto', indicating that the coin was issued by decree of the Senate.

Statement 2 is a hallucination because 'Symbol of Caesar' does not correspond to the common interpretation of 'S C'. The 'S C' inscription is not typically associated with a symbol of Caesar.

Statement 3 is also a hallucination because 'Sacred Coinage' does not match the common interpretation of 'S C'. The 'S C' inscription is not typically associated with sacred coinage in ancient Roman context.",true
f99958bee6cf40d10084a53cd982cc1455065bad8467375b486f0205f9dae166,1,,false
f99958bee6cf40d10084a53cd982cc1455065bad8467375b486f0205f9dae166,2,,false
08e7c81a8c393040df8b22d6ecd9e8b5246ea1ccf57d3a5fe681fe694e1573f9,0,"Answer: 2

The primary color of the gemstones on the ring is green. This is evident from the image, where the green gemstones are clearly visible and prominent. The other two statements are hallucinations because the gemstones are not red or blue.",false
08e7c81a8c393040df8b22d6ecd9e8b5246ea1ccf57d3a5fe681fe694e1573f9,1,,true
08e7c81a8c393040df8b22d6ecd9e8b5246ea1ccf57d3a5fe681fe694e1573f9,2,,false
18e56eedd394321586cffca1a0cf27f7c1528f45fc16ebf89b1e576eec10476a,0,"Answer: 3

The primary color of the abaya the woman is wearing in the image is black. This is evident from the image, where the abaya is clearly black. The other two statements are hallucinations because the abaya is not purple or white.",false
18e56eedd394321586cffca1a0cf27f7c1528f45fc16ebf89b1e576eec10476a,1,,false
18e56eedd394321586cffca1a0cf27f7c1528f45fc16ebf89b1e576eec10476a,2,,true
cfe73f670234f873e3059c8b31ab2e61172534b8856076acf94a37b1291ede7b,0,"Answer: 1

The predominant geographical feature visible in the image is a coastal shoreline. This is evident from the presence of the ocean, waves, and the rocky shoreline in the foreground. The image clearly shows the sea and the coastline, making Statement 1 true.

Statement 2 is a hallucination because there is no desert landscape visible in the image. The presence of the ocean and the rocky shoreline indicates a coastal environment, not a desert.

Statement 3 is also a hallucination because there are no mountains visible in the image. The image shows a coastal area with a cityscape in the background, but no mountainous terrain is present.",true
cfe73f670234f873e3059c8b31ab2e61172534b8856076acf94a37b1291ede7b,1,,false
cfe73f670234f873e3059c8b31ab2e61172534b8856076acf94a37b1291ede7b,2,,false
9a8f94060d50ef8e0092b4ab986e765d60cdc7933934a593426fce31115cb322,0,"Answer: 3

Step-by-step explanation:

1. **Statement 1: Fresh dates have a dark and sticky texture.**
   - This statement is a hallucination. The image shows dates with a shiny and smooth golden-brown skin, not dark and sticky.

2. **Statement 2: Fresh dates have dry and wrinkled skin.**
   - This statement is also a hallucination. The dates in the image have a shiny and smooth appearance, not dry and wrinkled.

3. **Statement 3: Fresh dates have shiny and smooth golden-brown skin.**
   - This statement is grounded in the image. The dates in the image have a shiny and smooth golden-brown skin, which matches the description provided.

Therefore, the correct statement is Statement 3, and the other two are hallucinations.",false
9a8f94060d50ef8e0092b4ab986e765d60cdc7933934a593426fce31115cb322,1,,false
9a8f94060d50ef8e0092b4ab986e765d60cdc7933934a593426fce31115cb322,2,,true
7463ffe77168a2e0cae143d5ac06033d7645725d39955e3d7ce7192619b8abc5,0,"Answer: 3

The mannequin is wearing patterned fabric. This statement is grounded in the image because the fabric around the mannequin's waist has a distinct pattern with red and black colors, which indicates it is patterned fabric.

Statement 1: The mannequin is wearing silk with embroidery. This statement is a hallucination because the fabric around the mannequin's waist does not appear to be silk, and there is no visible embroidery on the fabric.

Statement 2: The mannequin is wearing plain cotton fabric. This statement is also a hallucination because the fabric around the mannequin's waist has a distinct pattern, which means it is not plain cotton fabric.",false
7463ffe77168a2e0cae143d5ac06033d7645725d39955e3d7ce7192619b8abc5,1,,false
7463ffe77168a2e0cae143d5ac06033d7645725d39955e3d7ce7192619b8abc5,2,,true
cb78c0a787b9664f4bf6e4f8c7d6c16eb7a3f80880bf21425f1c49f5a389a9ae,0,"Answer: 3

Step-by-step explanation:

1. **Statement 1: A street performance is taking place in the scene.**
   - This statement is a hallucination. There is no evidence in the image of any performance taking place. The image shows a street market with people and vendors, but no indication of a performance.

2. **Statement 2: The scene shows a car repair workshop.**
   - This statement is also a hallucination. The image clearly shows a street market with various fruits and vegetables being sold. There is no sign of a car repair workshop in the scene.

3. **Statement 3: People are shopping for fresh produce in the scene.**
   - This statement is grounded in the image. The image shows a street market with various fruits and vegetables displayed on tables and in crates, indicating that people are shopping for fresh produce. The presence of vendors and customers further supports this statement.

Therefore, the correct answer is Statement 3, as it is the only statement grounded in the image.",false
cb78c0a787b9664f4bf6e4f8c7d6c16eb7a3f80880bf21425f1c49f5a389a9ae,1,,false
cb78c0a787b9664f4bf6e4f8c7d6c16eb7a3f80880bf21425f1c49f5a389a9ae,2,,true
d13611f7d1093aa1acb3be1007547c84f89438952c287c3d8f36f27db26462c3,0,"Answer: 2

The dish shown in the image is most likely associated with Mediterranean cuisine. This is because the dish includes couscous, which is a staple in North African and Mediterranean cuisine, and the vegetables and meat topping are common in Mediterranean dishes. The other two statements are hallucinations because the dish does not resemble typical Mexican or East Asian cuisine.",false
d13611f7d1093aa1acb3be1007547c84f89438952c287c3d8f36f27db26462c3,1,,true
d13611f7d1093aa1acb3be1007547c84f89438952c287c3d8f36f27db26462c3,2,,false
2f257c7f16f5c35f8a332d153efc6f6561161862f28b84f05f3935c627728e06,0,"Answer: 2

The landmark depicted in the scenic photograph with a winding wall stretching across green hills and mountains is The Great Wall of China. This is evident from the distinctive features of the wall, such as its winding path along the hills and the watchtowers that are characteristic of Chinese architecture. The other two statements are hallucinations because Hadrian's Wall is located in the United Kingdom and does not have the same winding path through green hills and mountains, and Machu Picchu is a historical site in Peru, characterized by its ancient ruins and mountainous location, not a winding wall.",false
2f257c7f16f5c35f8a332d153efc6f6561161862f28b84f05f3935c627728e06,1,,true
2f257c7f16f5c35f8a332d153efc6f6561161862f28b84f05f3935c627728e06,2,,false
5c98048da7e0c2071b2f7db3855de5d584e8558fe26c2a48d7dbfcebeb74cbd3,0,"Answer: 3

The man in the image is wearing a formal black suit, which indicates that he is dressed for a special occasion. This makes Statement 3 true.

Statement 1 is false because the man is not wearing a casual outfit; he is dressed in a formal suit. Statement 2 is also false because there is no indication that the attire is traditional for a cultural event; the suit is a modern, formal attire, not traditional.",false
5c98048da7e0c2071b2f7db3855de5d584e8558fe26c2a48d7dbfcebeb74cbd3,1,,false
5c98048da7e0c2071b2f7db3855de5d584e8558fe26c2a48d7dbfcebeb74cbd3,2,,true
ca5fb37c5869f96e95b177618c8ea7bb87afe19aef101d7575fdef9f2518b299,0,"Answer: 1

The image shows a narrow canyon with steep rock walls and a clear path running through it, which is characteristic of the Todgha Gorge in Morocco. The rock formations and the overall landscape match those typically found in the Todgha Gorge, making Statement 1 true.

Statement 2 is false because the Grand Canyon in the USA is much wider and has a different geological appearance compared to the narrow canyon in the image.

Statement 3 is also false because Antelope Canyon in the USA is known for its smooth, flowing rock formations and light beams that pass through the canyon, which are not present in the image.",true
ca5fb37c5869f96e95b177618c8ea7bb87afe19aef101d7575fdef9f2518b299,1,,false
ca5fb37c5869f96e95b177618c8ea7bb87afe19aef101d7575fdef9f2518b299,2,,false
e56b5e26ce0b5f446db2958a76ab87e6d9f2dd7286e6628dd5d0a79c8c640453,0,"Answer: 1

The image shows a sign that reads ""Hammam Ziani,"" which is a traditional Moroccan bathhouse. This directly supports Statement 1 as true. The other two statements are plausible-sounding but not supported by the image. There is no indication that Hammam Ziani is a modern spa or a cultural museum.",true
e56b5e26ce0b5f446db2958a76ab87e6d9f2dd7286e6628dd5d0a79c8c640453,1,,false
e56b5e26ce0b5f446db2958a76ab87e6d9f2dd7286e6628dd5d0a79c8c640453,2,,false
ba929d53b538c3a0ac2d57ee6da15762288ecb64948e22cb481af1a559eaae31,0,"Answer: 1

The primary function of a mosque minaret is to call worshippers to prayer. This statement is grounded in the image as the minaret shown is a common architectural feature in mosques, designed specifically for the call to prayer, known as the adhan. The other two statements are hallucinations because the primary function of a mosque minaret is not to house prayer rooms (Statement 2) and not primarily to serve as a decorative structure (Statement 3), although these functions may also be associated with minarets in some contexts.",true
ba929d53b538c3a0ac2d57ee6da15762288ecb64948e22cb481af1a559eaae31,1,,false
ba929d53b538c3a0ac2d57ee6da15762288ecb64948e22cb481af1a559eaae31,2,,false
452b46e54415e4a4525bcadcfc1d7590887f189ec9f8cd636a86c87bde2208d1,0,"Answer: 3

The structure in the image is the El Badi Palace, located in Essaouira, Morocco. This can be identified by its distinctive architecture and the surrounding environment, which includes palm trees and a large courtyard. The El Badi Palace is a historical fortress and palace that was built in the 16th century by Sultan Ahmad al-Mansur.

Statement 1: This structure belongs to Alhambra. True or False?
- This statement is false. The Alhambra is a palace and fortress complex located in Granada, Spain, and it has a distinct architectural style that does not match the structure in the image.

Statement 2: This structure belongs to Taj Mahal. True or False?
- This statement is false. The Taj Mahal is a mausoleum located in Agra, India, and it is known for its white marble and intricate inlay work, which is not present in the structure shown in the image.

Statement 3: This structure belongs to El Badi Palace. True or False?
- This statement is true. The structure in the image matches the description and appearance of the El Badi Palace, which is located in Essaouira, Morocco.",false
452b46e54415e4a4525bcadcfc1d7590887f189ec9f8cd636a86c87bde2208d1,1,,false
452b46e54415e4a4525bcadcfc1d7590887f189ec9f8cd636a86c87bde2208d1,2,,true
86f7aba040aed7a80f48bdd3bf32195b7796174e9355256ec091d3ccc1c7be6b,0,"Answer: 3

The person in the image is using a sandboard. This is evident from the image of the environment, which is a sandy desert, and the equipment being used, which is a sandboard designed for riding on sand dunes. The snowboard and skateboard are not suitable for this environment and equipment, making them hallucinations.",false
86f7aba040aed7a80f48bdd3bf32195b7796174e9355256ec091d3ccc1c7be6b,1,,false
86f7aba040aed7a80f48bdd3bf32195b7796174e9355256ec091d3ccc1c7be6b,2,,true
f2ecb7b498eda0b537cc750362867125519781565cddb2648082dc48db1e2397,0,"Answer: 2

The structure depicted in the image is likely a mosque. This is grounded by the presence of Arabic calligraphy, which is commonly found in Islamic architecture, and the intricate geometric and floral tile work, which is a hallmark of Islamic art. The arches and the overall design are typical of mosque architecture.

Statement 1: The structure depicted in the image is likely a palace. This is a plausible-sounding hallucination because while the structure could be a palace, the specific architectural elements such as the calligraphy and tile work are more indicative of a mosque.

Statement 3: The structure depicted in the image is likely a marketplace. This is also a plausible-sounding hallucination because while a marketplace could have such ornate decorations, the specific architectural elements such as the calligraphy and the style of the arches are more characteristic of a mosque or palace rather than a marketplace.",false
f2ecb7b498eda0b537cc750362867125519781565cddb2648082dc48db1e2397,1,,true
f2ecb7b498eda0b537cc750362867125519781565cddb2648082dc48db1e2397,2,,false
9dd38d671e905d30f34db8fc5959d28a7943b1368833f96965f8e6bd5d0a8cfe,0,"Answer: 1

The image shows a blue-painted street with various artisanal items, which is characteristic of Chefchaouen, Morocco. This supports Statement 1 as true. 

Statement 2 is a hallucination because Santorini, Greece, is known for its white-washed buildings and blue-domed churches, not for blue-painted streets and artisanal marketplaces.

Statement 3 is also a hallucination because Jaipur, India, is famous for its pink-painted streets and is known for its markets and handicrafts, but not specifically for blue-painted streets and artisanal marketplaces.",true
9dd38d671e905d30f34db8fc5959d28a7943b1368833f96965f8e6bd5d0a8cfe,1,,false
9dd38d671e905d30f34db8fc5959d28a7943b1368833f96965f8e6bd5d0a8cfe,2,,false
35c77c36383a6bbd0c9b410f5b7cfe671767887fc74ad7a2f2682793f9cf384f,0,"Answer: 1

The meal in the image includes a dish that resembles a traditional Moroccan tagine, which is typically made with vegetables and a stewed meat or fish. The presence of the clay pot and the style of the dish are characteristic of Moroccan cuisine. The other two statements are not supported by the image:

- Statement 2: There is no evidence in the image that suggests Japanese cuisine. The ingredients and serving style do not align with typical Japanese dishes.
- Statement 3: While some of the ingredients like carrots and potatoes could be found in Mediterranean cuisine, the overall presentation and specific dishes do not strongly suggest Mediterranean cuisine. The clay pot and the style of the dish are more indicative of Moroccan cuisine.",true
35c77c36383a6bbd0c9b410f5b7cfe671767887fc74ad7a2f2682793f9cf384f,1,,false
35c77c36383a6bbd0c9b410f5b7cfe671767887fc74ad7a2f2682793f9cf384f,2,,false
0cf8ade38877aae95963e4e85b5e2612f393478330f286933109feff4519219a,0,"Answer: 3

The image shows a large, open courtyard with a prominent mosque tower in the background, which is a key feature of a mosque courtyard. The presence of the mosque tower and the open, spacious design are indicative of a mosque courtyard. The other two statements are not supported by the image:

1. The image does not show a public park. There are no recreational facilities, playgrounds, or typical park elements like benches or walking paths.
2. The image does not show a shopping mall. There are no stores, shops, or commercial signs that would indicate a shopping mall.",false
0cf8ade38877aae95963e4e85b5e2612f393478330f286933109feff4519219a,1,,false
0cf8ade38877aae95963e4e85b5e2612f393478330f286933109feff4519219a,2,,true
284ce606c572469fc1f26375fee3ef6ebba14681879ca9c8ec5f8f68a627cd7e,0,"Answer: 1

Step-by-step explanation:

1. **Statement 1: A horse is pulling a cart in this marketplace scene.**
   - This statement is grounded in the image. In the middle of the image, there is a person leading a horse that is pulling a cart. The horse and cart are clearly visible, making this statement true.

2. **Statement 2: A camel is pulling a cart in this marketplace scene.**
   - This statement is a hallucination. There is no camel visible in the image. The presence of a camel pulling a cart is not supported by the visual evidence.

3. **Statement 3: A donkey is pulling a cart in this marketplace scene.**
   - This statement is also a hallucination. There is no donkey pulling a cart in the image. The only animal present is the horse pulling the cart, making this statement false.",true
284ce606c572469fc1f26375fee3ef6ebba14681879ca9c8ec5f8f68a627cd7e,1,,false
284ce606c572469fc1f26375fee3ef6ebba14681879ca9c8ec5f8f68a627cd7e,2,,false
e16e812ae462d2e8d9b52cedf023f5ab16edaf97fa4566989292623ba23f0708,0,"Answer: 1

The lantern in the image appears to be made of metal, which is a common material for traditional lanterns in many cultures. The intricate design and the way the light is diffused through the metal suggest that it is indeed crafted from metal. The other two statements are plausible-sounding but not supported by the image. Traditional lanterns are not commonly crafted from wood or plastic, as these materials do not typically provide the same level of durability and aesthetic quality as metal.",true
e16e812ae462d2e8d9b52cedf023f5ab16edaf97fa4566989292623ba23f0708,1,,false
e16e812ae462d2e8d9b52cedf023f5ab16edaf97fa4566989292623ba23f0708,2,,false
778681cc7f2d8aa23350f2b0d83fc2489f2417428a1b1fa454c7cba0c60598df,0,"Answer: 2

Statement 1: A leather belt is prominently visible in the image. False. There is no leather belt visible in the image.

Statement 2: Multiple silver rings are prominently visible in the image. True. The person in the image is wearing multiple rings on their fingers, which are silver in color.

Statement 3: A silver necklace is prominently visible in the image. False. There is no silver necklace visible in the image.",false
778681cc7f2d8aa23350f2b0d83fc2489f2417428a1b1fa454c7cba0c60598df,1,,true
778681cc7f2d8aa23350f2b0d83fc2489f2417428a1b1fa454c7cba0c60598df,2,,false
e7e1e77a40b12a8ae2df942b08a1a423e3cab220af51dce895b21fc64ad99fa3,0,"Answer: 1

The image prominently features the UNESCO logo and the text ""UNESCO"" on a large structure in the background, indicating that the event is recognized by UNESCO. This suggests the cultural importance of the event, as UNESCO is known for recognizing and promoting cultural heritage sites.

Statement 2 is a hallucination because there is no prominent feature of the United Nations in the image. The UNESCO logo is clearly visible, not the United Nations logo.

Statement 3 is also a hallucination because there is no prominent feature of the World Wildlife Fund in the image. The focus is on the UNESCO logo and the event itself, not on any wildlife conservation organization.",true
e7e1e77a40b12a8ae2df942b08a1a423e3cab220af51dce895b21fc64ad99fa3,1,,false
e7e1e77a40b12a8ae2df942b08a1a423e3cab220af51dce895b21fc64ad99fa3,2,,false
fd425a3624e7e7abbe1b652ffc8b445f11d0fb60fc29e56202087199493bdd12,0,"Answer: 3

The traditional tagine dish is most associated with Morocco. This is grounded in the image, as the tagine shown is a type of earthenware pot commonly used in Moroccan cuisine. The other two statements are hallucinations because the tagine dish is not primarily associated with Italy or India.",false
fd425a3624e7e7abbe1b652ffc8b445f11d0fb60fc29e56202087199493bdd12,1,,false
fd425a3624e7e7abbe1b652ffc8b445f11d0fb60fc29e56202087199493bdd12,2,,true
ecf6be46870b810f5e5176e3b4af0346fbe627b28423f1b0cc960a4d83320624,0,"Answer: 3

The rug shown in the image is a patterned rug with geometric designs. This is evident from the repetitive, structured patterns and shapes visible on the rug. The rug features a combination of lines, shapes, and colors that create a geometric design, which is clearly visible in the image.

Statement 1: The rug shown in the image is a rug with floral motifs.
This statement is a hallucination because the rug does not have floral motifs. Instead, it has geometric patterns and designs.

Statement 2: The rug shown in the image is a solid-colored rug with no patterns.
This statement is also a hallucination because the rug clearly has patterns and designs, making it a patterned rug rather than a solid-colored one.",false
ecf6be46870b810f5e5176e3b4af0346fbe627b28423f1b0cc960a4d83320624,1,,false
ecf6be46870b810f5e5176e3b4af0346fbe627b28423f1b0cc960a4d83320624,2,,true
06f74f400cae942cf6abc004040471b041056be90a47a3ddecea70dcab1ec106,0,"Answer: 1

The pots in the image are indeed Moroccan tagine pots, which are traditionally made from terracotta. This is evident from their reddish-brown color and the way they are stacked and displayed, which is typical for terracotta pots. The other two statements are hallucinations because the pots are not made from metal or ceramic, but specifically from terracotta.",true
06f74f400cae942cf6abc004040471b041056be90a47a3ddecea70dcab1ec106,1,,false
06f74f400cae942cf6abc004040471b041056be90a47a3ddecea70dcab1ec106,2,,false
b8ada52bbf13faef18bbb0558643ef98b378ab23d6f16e600e9de78a66ea9438,0,"Answer: 1

The recessed niches in the courtyard walls are indeed used to hold decorative sculptures. This is evident from the image, where three niches are visible on the wall, each containing a sculpture. These niches are strategically placed to showcase the sculptures prominently, enhancing the aesthetic appeal of the courtyard.

Statement 2 is a plausible-sounding hallucination because there is no indication in the image that these niches are used for storage space. The primary function of these niches, as seen in the image, is decorative.

Statement 3 is also a plausible-sounding hallucination because there is no evidence in the image that these niches serve as windows for ventilation. The niches are clearly designed to hold sculptures, not to allow airflow or serve as windows.",true
b8ada52bbf13faef18bbb0558643ef98b378ab23d6f16e600e9de78a66ea9438,1,,false
b8ada52bbf13faef18bbb0558643ef98b378ab23d6f16e600e9de78a66ea9438,2,,false
27f59f913951e28b297b1631b310beb350e6adcf46627ed9556865b674b05dc5,0,"Answer: 1

The ceramic items displayed in the shop are primarily decorative and culturally significant, as evidenced by their intricate designs and patterns, which are often associated with traditional craftsmanship and cultural heritage. The items are not industrial or used for food packaging, as there is no indication of functionality beyond their aesthetic appeal and cultural value.",true
27f59f913951e28b297b1631b310beb350e6adcf46627ed9556865b674b05dc5,1,,false
27f59f913951e28b297b1631b310beb350e6adcf46627ed9556865b674b05dc5,2,,false
bd456b35ed43bebe499dbc4b8a8c89da20b06eea52cc7f12c8ff9292e4b8659b,0,"Answer: 1

The city depicted in the image is Fez, Morocco. This is grounded in the image because the architecture and layout of the city, with its dense, compact buildings and distinctive green rooftops, are characteristic of Fez, a historic city in Morocco known for its well-preserved medieval architecture.

Statement 2: The city depicted in the image is Istanbul, Turkey. This statement is a hallucination because Istanbul, Turkey, has a very different architectural style and urban layout compared to the city in the image. Istanbul is known for its grand mosques, large open spaces, and a more modern cityscape.

Statement 3: The city depicted in the image is Cairo, Egypt. This statement is also a hallucination because Cairo, Egypt, has a very different architectural style and urban layout compared to the city in the image. Cairo is known for its sprawling, modern cityscape with high-rise buildings and a more desert-like environment.",true
bd456b35ed43bebe499dbc4b8a8c89da20b06eea52cc7f12c8ff9292e4b8659b,1,,false
bd456b35ed43bebe499dbc4b8a8c89da20b06eea52cc7f12c8ff9292e4b8659b,2,,false
9a0bb52062c6b6b883d4d3ef91347fc8c63a191afc92979a479daf61e1ee3dfe,0,"Answer: 2

The rug in the image appears to have a textured, woven pattern that is characteristic of a cotton rug. Cotton is known for its durability and softness, making it a popular choice for rugs. The texture and appearance of the rug align with the typical characteristics of a cotton rug, which often features a tight weave and a smooth, flat surface.

Silk, while luxurious and often used in high-end rugs, is not typically characterized by the textured, woven appearance seen in the image. Silk rugs are usually smoother and have a more lustrous sheen, which is not evident in this image.

Wool, while also a common material for rugs, is typically thicker and has a more pronounced pile, which is not the case here. Wool rugs often have a more pronounced texture and a coarser weave, which is not consistent with the image provided.

Therefore, the most accurate statement based on the image is that cotton is the most commonly used material for rugs like the one shown.",false
9a0bb52062c6b6b883d4d3ef91347fc8c63a191afc92979a479daf61e1ee3dfe,1,,true
9a0bb52062c6b6b883d4d3ef91347fc8c63a191afc92979a479daf61e1ee3dfe,2,,false
811ff98691f716d2f78b8beef77846a1827188987df54e2cbfbd5da5ee5294b6,0,"Answer: 3

The architectural facade in the image features intricate tile work and a specific style that is characteristic of Moroccan architecture, particularly the Hassan II Mosque in Casablanca, Morocco. The use of geometric patterns and the color scheme are indicative of this mosque's design.

Statement 1: The Taj Mahal in India is known for its white marble and symmetrical design, which is not reflected in the image. The facade in the image does not match the Taj Mahal's architectural style.

Statement 2: The Blue Mosque in Turkey, also known as the Sultan Ahmed Mosque, is famous for its blue tiles and domes, but the facade in the image does not match the Blue Mosque's distinctive design elements.

Statement 3: The Hassan II Mosque in Morocco is known for its intricate tile work and specific architectural style, which matches the facade in the image. The presence of geometric patterns and the color scheme are consistent with the mosque's design.",false
811ff98691f716d2f78b8beef77846a1827188987df54e2cbfbd5da5ee5294b6,1,,false
811ff98691f716d2f78b8beef77846a1827188987df54e2cbfbd5da5ee5294b6,2,,true
ad3a8a716fea7f0251663b040f28b3b27ec72b440fcffef181a5b2d3af0d8c74,0,"Answer: 3

The beverage being prepared in the image is tea. This is evident from the traditional Japanese tea ceremony setting, including the use of a tea kettle and a tea bowl, which are commonly associated with preparing and serving tea in Japanese culture. The presence of a tea box and a tea set further supports this conclusion.

Statement 1: Hot chocolate is not the correct beverage being prepared in the image. Hot chocolate is not typically associated with Japanese tea ceremonies and does not match the traditional tea preparation method shown.

Statement 2: Coffee is also not the correct beverage being prepared in the image. Coffee is not a traditional part of Japanese tea ceremonies and does not match the traditional tea preparation method shown.",false
ad3a8a716fea7f0251663b040f28b3b27ec72b440fcffef181a5b2d3af0d8c74,1,,false
ad3a8a716fea7f0251663b040f28b3b27ec72b440fcffef181a5b2d3af0d8c74,2,,true
dbac647dc77367ed928664c1e1fc1f72ed357da489dcb0be344132a2b1144ea3,0,"Answer: 1

The signage at Gare Casa Voyageurs uses Arabic and French. This statement is grounded in the image because the text on the signage clearly shows both Arabic and French script. The other two statements are hallucinations because there is no evidence in the image to suggest that the signage uses English or Spanish.",true
dbac647dc77367ed928664c1e1fc1f72ed357da489dcb0be344132a2b1144ea3,1,,false
dbac647dc77367ed928664c1e1fc1f72ed357da489dcb0be344132a2b1144ea3,2,,false
73fd8f243bcf461d051f07873182747d56220df25bf492f035fa5db64d113b5e,0,"Answer: 1

The rock depicted in the image is most likely granite based on its reddish-brown color and texture. This statement is grounded because granite is known for its coarse-grained texture and can have a variety of colors, including reddish-brown. The visible cracks and irregular shapes in the rock also align with the typical characteristics of granite.

Statement 2 is a hallucination because basalt is typically dark in color and has a fine-grained texture, which does not match the reddish-brown color and coarse texture seen in the image.

Statement 3 is also a hallucination because sandstone typically has a more uniform and fine-grained texture, often appearing in lighter colors such as beige or pink, which does not match the reddish-brown color and coarse texture observed in the image.",true
73fd8f243bcf461d051f07873182747d56220df25bf492f035fa5db64d113b5e,1,,false
73fd8f243bcf461d051f07873182747d56220df25bf492f035fa5db64d113b5e,2,,false
d4b168cf24a39c0253f20ffe08d17d689e23f29fabc8d29e31f481f1a363e5df,0,"Answer: 1

The image shows a traditional Moroccan tagine pot, which is primarily used for slow cooking stews. This is evident from the design and structure of the pot, which is specifically crafted to hold ingredients and cook them slowly over low heat, allowing the flavors to meld together. The other two statements are hallucinations because the tagine pot is not primarily used for serving tea or baking bread. These uses are not supported by the design and traditional use of the tagine pot.",true
d4b168cf24a39c0253f20ffe08d17d689e23f29fabc8d29e31f481f1a363e5df,1,,false
d4b168cf24a39c0253f20ffe08d17d689e23f29fabc8d29e31f481f1a363e5df,2,,false
472b01378e6d356e47da6b8a1fc73608678a3b4e7ba25b1998daa705265337f8,0,"Answer: 2

The main purpose of the platform shown in the image is to provide a place for sightseeing and enjoying panoramic views. This is evident from the image, which shows people standing on the platform, likely taking in the view of the surrounding area. The platform is elevated, which is typical for sightseeing platforms, allowing visitors to get a better view of the cityscape.

Statement 1: The main purpose of the platform shown in the image is to serve as a stage for live musical performances. This statement is a hallucination because there is no evidence in the image to suggest that the platform is used for musical performances. The platform appears to be designed for observation rather than performance.

Statement 3: The main purpose of the platform shown in the image is to act as a launching pad for hot air balloons. This statement is also a hallucination because there is no indication in the image that the platform is used for hot air balloon launches. The platform is situated in an urban setting, which is not typical for hot air balloon launching pads, which are usually located in open, rural areas.",false
472b01378e6d356e47da6b8a1fc73608678a3b4e7ba25b1998daa705265337f8,1,,true
472b01378e6d356e47da6b8a1fc73608678a3b4e7ba25b1998daa705265337f8,2,,false
d597111f88ae34f80fa23fdec6f6b90b28edad5bab3b40340c5fa75d44ac9084,0,"Answer: 2

The architecture shown in the image is most likely associated with North Africa. The image depicts a building with white walls and arched doorways, which are characteristic of traditional North African architecture, particularly in regions like Morocco or Tunisia. The plastered walls and the style of the arches are indicative of this region.

Statement 1: The architecture shown in the image is most likely associated with East Asia. This is a hallucination because the architectural style does not match that of East Asia. East Asian architecture typically features different structural elements, such as wooden frameworks and tiled roofs, which are not present in the image.

Statement 3: The architecture shown in the image is most likely associated with Scandinavia. This is also a hallucination because Scandinavian architecture often includes elements like steeply pitched roofs, wooden structures, and large windows, none of which are visible in the image. The architecture in the image is more consistent with North African styles.",false
d597111f88ae34f80fa23fdec6f6b90b28edad5bab3b40340c5fa75d44ac9084,1,,true
d597111f88ae34f80fa23fdec6f6b90b28edad5bab3b40340c5fa75d44ac9084,2,,false
15871c7d9d4dae5aab98b0639a957de55d38c16d559c8295e0f0c36ef40431bc,0,"Answer: 2

Step 1: The image shows a Canadian flag prominently displayed in the foreground.
Step 2: In the background of the Canadian flag, there is a serene lake surrounded by mountains, which is a plausible and accurate depiction of a Canadian landscape.
Step 3: There is no dense urban cityscape or desert with sand dunes visible in the background of the Canadian flag. These are not grounded in the image and are therefore hallucinations.",false
15871c7d9d4dae5aab98b0639a957de55d38c16d559c8295e0f0c36ef40431bc,1,,true
15871c7d9d4dae5aab98b0639a957de55d38c16d559c8295e0f0c36ef40431bc,2,,false
c9f4d52aee146c5c1ee07722b49bec00f7895a72ecbe5086457f5136abab01dc,0,"Answer: 2

The main color of the traditional dress in the image is blue. This is evident from the image, where the dress is clearly blue with gold embroidery. The other two statements are hallucinations because the dress is not red or green.",false
c9f4d52aee146c5c1ee07722b49bec00f7895a72ecbe5086457f5136abab01dc,1,,true
c9f4d52aee146c5c1ee07722b49bec00f7895a72ecbe5086457f5136abab01dc,2,,false
f0b6c336575fcb24a5a9686df93a53b3d24e018beff806f419ddbac883a01517,0,"Answer: 1

The aircraft in the image is clearly marked with ""OMAN AIR"" on its fuselage, which confirms that the airline represented is Oman Air. The other two statements are hallucinations because the aircraft does not have any branding or markings that indicate it belongs to Qatar Airways or Emirates.",true
f0b6c336575fcb24a5a9686df93a53b3d24e018beff806f419ddbac883a01517,1,,false
f0b6c336575fcb24a5a9686df93a53b3d24e018beff806f419ddbac883a01517,2,,false
1313b8eab411543044b44b2e330ff5b2c9db348468047bc457b4d109644562f5,0,"Answer: 2

The individuals in the image are likely preparing for a traditional Balinese dance performance. This is grounded in the image as they are dressed in traditional Balinese attire, which is commonly worn for dance performances. The elaborate headpieces and the specific style of their clothing are indicative of traditional Balinese dance costumes.

Statement 1: The individuals in the image are likely preparing for a religious pilgrimage. This is a plausible-sounding hallucination because the attire and setting do not strongly suggest a religious pilgrimage. Pilgrimages typically involve more modest and specific religious attire, and the setting does not appear to be a place of worship or pilgrimage.

Statement 3: The individuals in the image are likely preparing for a casual poolside gathering. This is also a plausible-sounding hallucination because the attire and setting do not suggest a casual poolside gathering. The traditional clothing and the serene, formal setting by the water do not align with the casual nature of a poolside gathering.",false
1313b8eab411543044b44b2e330ff5b2c9db348468047bc457b4d109644562f5,1,,true
1313b8eab411543044b44b2e330ff5b2c9db348468047bc457b4d109644562f5,2,,false
aa563c2700e58fe7291af169390fb5a0e4ee23fd093a692e994d949d5e887328,0,"Answer: 1

The athletes on the podium are prominently displaying the flag of Bahrain. This is evident from the red, white, and green colors and the emblem on the flag, which are characteristic of the Bahraini flag. The other two statements are hallucinations because the flags displayed by the athletes do not match the flags of Oman or Qatar.",true
aa563c2700e58fe7291af169390fb5a0e4ee23fd093a692e994d949d5e887328,1,,false
aa563c2700e58fe7291af169390fb5a0e4ee23fd093a692e994d949d5e887328,2,,false
2091623ee84e8a7eb347ea59d71884121b6dce29d94c50994296aa828060aa48,0,"Answer: 2

The primary architectural feature visible in the image is a modern high school building. This is evident from the sign that reads ""Muriel Williams Battle High School."" The structure itself is modern, with a flat roof and large pillars, which are typical of contemporary school buildings.

Statement 1 is a hallucination because there is no glass dome structure visible in the image. The building is flat-roofed and does not have a dome.

Statement 3 is also a hallucination because there is no historical monument visible in the image. The structure is a modern high school building, not a historical monument.",false
2091623ee84e8a7eb347ea59d71884121b6dce29d94c50994296aa828060aa48,1,,true
2091623ee84e8a7eb347ea59d71884121b6dce29d94c50994296aa828060aa48,2,,false
271907de2d807f9111bdbe4b8798a49da9756c4a360bdb58ce8abe4bf70dfa8c,0,"Answer: 3

Step-by-step explanation:

1. **Statement 1: People are taking photos of the sea turtle because they are researching the turtle's habitat.**
   - This statement is not grounded in the image. There is no evidence in the image that suggests the people are conducting research on the turtle's habitat. The image shows people taking photos, but there is no indication of any scientific or research-related activity.

2. **Statement 2: People are taking photos of the sea turtle because they are preparing the turtle for relocation.**
   - This statement is also not grounded in the image. There is no indication that the people are involved in any activity related to relocating the turtle. The image only shows people taking photos, not engaging in any preparatory work for relocation.

3. **Statement 3: People are taking photos of the sea turtle because they are documenting a rare sighting of a sea turtle.**
   - This statement is grounded in the image. The presence of multiple people taking photos of the sea turtle suggests that they are documenting a rare sighting. The context of the image, with people capturing the moment, supports this interpretation.

Therefore, the correct answer is Statement 3, as it is the only statement that",false
271907de2d807f9111bdbe4b8798a49da9756c4a360bdb58ce8abe4bf70dfa8c,1,,false
271907de2d807f9111bdbe4b8798a49da9756c4a360bdb58ce8abe4bf70dfa8c,2,,true
651d53b9c746a06872cf8305d7f7db62a9256f8c392520ef2588af892955c145,0,"Answer: 3

The books in the image appear to be old and worn, suggesting they have been used frequently. The bindings and covers are ornate, indicating that these books are likely valuable and not intended for casual reading and entertainment. The wear and tear on the books suggest they have been handled and read many times, which is consistent with casual reading and entertainment rather than scientific research or religious study.

Statement 1: The likely purpose of the books shown in the image is scientific research and experimentation. This statement is a hallucination because the books do not appear to be related to scientific research or experimentation. The wear and ornate bindings suggest they are not used for such purposes.

Statement 2: The likely purpose of the books shown in the image is religious study and worship. This statement is also a hallucination because there is no clear indication that these books are religious texts. The ornate bindings and wear suggest they are not specifically used for religious study or worship.

Statement 3: The likely purpose of the books shown in the image is casual reading and entertainment. This statement is grounded in the image because the books appear to be old and worn, indicating they have been read many times, which is consistent with casual reading and entertainment. The ornate bindings and",false
651d53b9c746a06872cf8305d7f7db62a9256f8c392520ef2588af892955c145,1,,false
651d53b9c746a06872cf8305d7f7db62a9256f8c392520ef2588af892955c145,2,,true
0dffdb6536b7ab3e20898d78ad5c33dc1e8442f0f0b5c26cf283e4483dbee61e,0,"Answer: 1

The facility shown in the image is likely a medical treatment facility. This is grounded by the presence of medical equipment such as IV stands and the fact that the individuals are seated in chairs with IV lines connected to them, which are typical of a medical setting. The environment appears to be a clinical or hospital-like setting, further supporting this conclusion.

Statement 2: The facility shown in the image is likely a recreational center. This is a hallucination because there are no recreational activities or equipment visible in the image. The setting and the presence of medical equipment clearly indicate a medical facility, not a recreational center.

Statement 3: The facility shown in the image is likely a classroom. This is also a hallucination because the image shows a medical setting with medical equipment and individuals receiving medical treatment, which is not characteristic of a classroom environment.",true
0dffdb6536b7ab3e20898d78ad5c33dc1e8442f0f0b5c26cf283e4483dbee61e,1,,false
0dffdb6536b7ab3e20898d78ad5c33dc1e8442f0f0b5c26cf283e4483dbee61e,2,,false
c3bf14f1fb01ec91bb6ced6b377dc55940c1cac3caa2d70acef68788b2285f62,0,"Answer: 1

A numismatist is a specialist in the study and authentication of coins and currency. The image shows a coin with Arabic script and a denomination, which is a subject of study for a numismatist. Therefore, Statement 1 is grounded in the image.

A cartographer is a specialist in map-making and geographic representation, which does not involve the study or authentication of coins. Therefore, Statement 2 is a hallucination.

A linguist studies languages and their structure, but they do not typically authenticate coins. Therefore, Statement 3 is also a hallucination.",true
c3bf14f1fb01ec91bb6ced6b377dc55940c1cac3caa2d70acef68788b2285f62,1,,false
c3bf14f1fb01ec91bb6ced6b377dc55940c1cac3caa2d70acef68788b2285f62,2,,false
c07f9e90a3144f7c18df49b37dc8202f4a0b984e97edca6e5358fde151ca96ed,0,"Answer: 1

The style of clothing seen in the image is most closely associated with South Asia. The traditional attire, including the embroidered jacket and the turban-like headgear, is characteristic of South Asian clothing, particularly worn by men in regions like Pakistan and India. The intricate patterns and the style of the jacket are distinctly South Asian, making Statement 1 true.

Statement 2 is false because Northern European clothing typically features different styles, such as the use of woolen garments, fur hats, and boots, which are not present in the image.

Statement 3 is also false because East African clothing often includes garments like the ""Shuka"" or ""Kanga,"" which are not represented in the image. The style in the image is more aligned with South Asian traditional wear.",true
c07f9e90a3144f7c18df49b37dc8202f4a0b984e97edca6e5358fde151ca96ed,1,,false
c07f9e90a3144f7c18df49b37dc8202f4a0b984e97edca6e5358fde151ca96ed,2,,false
b10b0c5e8478d9a278699d00bc5b9b97f955e2ba9d794c03b8d313104be1663f,0,"Answer: 1

The architectural features and terracotta pots in the image are most likely representative of the Middle East. This is because the image shows a building with arches and terracotta pots, which are common in Middle Eastern architecture and design. The style of the pots and the overall appearance of the building are consistent with what one would expect to find in the Middle East.

Statement 2: The architectural features and terracotta pots in the image are most likely representative of South America. This statement is a hallucination because the architectural style and the terracotta pots do not match the typical features of South American architecture. South American architecture often includes elements like adobe buildings, thatched roofs, and different types of pottery that are not represented in the image.

Statement 3: The architectural features and terracotta pots in the image are most likely representative of Scandinavia. This statement is also a hallucination because Scandinavian architecture typically features different elements such as wooden structures, steep roofs, and a different style of pottery that is not present in the image. The terracotta pots and the architectural style shown in the image are more indicative of Middle Eastern rather than Scandinavian design.",true
b10b0c5e8478d9a278699d00bc5b9b97f955e2ba9d794c03b8d313104be1663f,1,,false
b10b0c5e8478d9a278699d00bc5b9b97f955e2ba9d794c03b8d313104be1663f,2,,false
8f811e9841e8ea7e2975849f45f870c756596a495102e30f659972eba2c883ec,0,"Answer: 2

The primary purpose of the seating pods in this airplane cabin is to provide privacy and comfort for travelers. This is evident from the design of the pods, which include individual seating areas with privacy screens and plush seating. The presence of these features indicates that the primary purpose is to offer a more comfortable and private experience for passengers.

Statement 1 is a hallucination because the seating pods are not designed to store luggage. Luggage storage is typically provided in overhead compartments or under-seat storage areas, not within the seating pods themselves.

Statement 3 is also a hallucination because the seating pods are not primarily designed as entertainment areas. While they may have some entertainment features, such as personal screens or controls, their primary function is to provide privacy and comfort, not to serve as dedicated entertainment spaces.",false
8f811e9841e8ea7e2975849f45f870c756596a495102e30f659972eba2c883ec,1,,true
8f811e9841e8ea7e2975849f45f870c756596a495102e30f659972eba2c883ec,2,,false
e467bf0e9c964b55198e3da52b0c8ff7c40cda79c57fcc580cefd22716bdd69c,0,"Answer: 3

The image shows ancient stone ruins that are most commonly found in desert regions. This is evident from the arid, barren landscape with sparse vegetation and the clear, blue sky, which are characteristic of desert environments. The ruins are made of stone, which is a common building material in ancient civilizations that thrived in desert regions due to the availability of stone and the need for durable structures to withstand harsh climatic conditions.

Statement 1: Ancient stone ruins like the ones in the image are most commonly found in tropical rainforests. This statement is a hallucination because tropical rainforests are typically characterized by dense vegetation and high humidity, which is not conducive to the preservation of stone ruins. Instead, ruins are more likely to be found in drier, more arid environments where stone structures can remain intact over time.

Statement 2: Ancient stone ruins like the ones in the image are most commonly found in urban city centers. This statement is also a hallucination because ancient ruins are typically found in locations that were historically significant and not necessarily in modern-day urban city centers. Urban city centers are more likely to be modern developments rather than ancient ruins.

Therefore, the statement that ancient stone ruins like the ones in the image are most commonly",false
e467bf0e9c964b55198e3da52b0c8ff7c40cda79c57fcc580cefd22716bdd69c,1,,false
e467bf0e9c964b55198e3da52b0c8ff7c40cda79c57fcc580cefd22716bdd69c,2,,true
df32536a386778b3f719be2d6cb7a321d1628b6fa7ca4e2b4d5bb5db8299836c,0,"Answer: 3

Step-by-step explanation:

1. **Statement 1: Terracotta pots like those in the image are commonly used to store jewelry and clothing.**
   - This statement is a hallucination. Terracotta pots are typically used for storage of water, grains, and sometimes for cooking. They are not commonly used to store jewelry and clothing.

2. **Statement 2: Terracotta pots like those in the image are commonly used to store books and papers.**
   - This statement is also a hallucination. While terracotta pots can be used for various purposes, they are not typically used to store books and papers. These items are usually stored in books, binders, or other containers specifically designed for such purposes.

3. **Statement 3: Terracotta pots like those in the image are commonly used to store water and grains.**
   - This statement is grounded in the image. Terracotta pots, as seen in the image, are indeed commonly used in many cultures to store water and grains. The design and structure of these pots are suitable for holding liquids and dry goods, making this statement true.

Thus, the correct answer is Statement 3, as it is the only statement grounded in the image",false
df32536a386778b3f719be2d6cb7a321d1628b6fa7ca4e2b4d5bb5db8299836c,1,,false
df32536a386778b3f719be2d6cb7a321d1628b6fa7ca4e2b4d5bb5db8299836c,2,,true
0cd63bcb00b8bb70a566c04cb7568fa27c19bf70d17e3790e13c9b4bd9e2a500,0,"Answer: 1

The image shows a fortress constructed primarily from what appears to be mud or stone, as evidenced by the earthy, textured appearance of the walls and the overall arid environment. The fortress's structure and materials are consistent with traditional desert architecture, which often employs locally available materials like mud and stone to withstand the harsh climate.

Statement 2: Wood is most likely used in the construction of this desert fortress. True/False?
- This statement is a hallucination because the fortress in the image does not show any visible wooden elements. Wood is not a primary material used in the construction of this fortress.

Statement 3: Concrete is most likely used in the construction of this desert fortress. True/False?
- This statement is also a hallucination because the fortress in the image does not exhibit any characteristics of concrete construction. The materials visible in the image are more consistent with mud or stone, not concrete.",true
0cd63bcb00b8bb70a566c04cb7568fa27c19bf70d17e3790e13c9b4bd9e2a500,1,,false
0cd63bcb00b8bb70a566c04cb7568fa27c19bf70d17e3790e13c9b4bd9e2a500,2,,false
e1961f4c6e6dc1cb0dbf374737f16f9742b41afdcad778eb9e987b89cfa1d7c4,0,"Answer: 1

The woven basket in the image appears to have a texture and pattern that is characteristic of natural fibers, such as those found in traditional weaving techniques. The colors and the way the material is interwoven suggest that it is not made of metal or plastic. Metal baskets typically have a more uniform and rigid structure, while plastic baskets often have a smoother and more uniform appearance. Therefore, Statement 1 is the only one grounded in the image, making it true. Statements 2 and 3 are plausible-sounding hallucinations and are therefore false.",true
e1961f4c6e6dc1cb0dbf374737f16f9742b41afdcad778eb9e987b89cfa1d7c4,1,,false
e1961f4c6e6dc1cb0dbf374737f16f9742b41afdcad778eb9e987b89cfa1d7c4,2,,false
8307dff2be6a333f6bed2ffad42585e5803f8f00004919e3ccc1d479794ac7d3,0,"Answer: 3

The building shown in the image prominently features arched doorways. This is evident from the multiple arches visible in the image, which are characteristic of traditional architectural styles in the Arab world.

Statement 1: The building shown in the image prominently features slanted roofs. This statement is a hallucination because the image clearly shows a flat roof, not slanted roofs.

Statement 2: The building shown in the image prominently features domes. This statement is also a hallucination because there are no domes visible in the image. The structure is characterized by its flat roof and arched doorways, not domes.",false
8307dff2be6a333f6bed2ffad42585e5803f8f00004919e3ccc1d479794ac7d3,1,,false
8307dff2be6a333f6bed2ffad42585e5803f8f00004919e3ccc1d479794ac7d3,2,,true
4303f9dc22cbd4d29ac1e39e469b96f907f01132cdfe19d61a05bfc1100c0232,0,"Answer: 2

The building in the image appears to be primarily made of stone and mud. This is evident from the visible texture and composition of the walls, which are rough and uneven, typical of structures made from these materials. The presence of large stones and the overall appearance of the building support this observation.

Statement 1: The building is primarily made of concrete and steel. This statement is a hallucination because there is no visible evidence of concrete or steel in the image. The materials visible are more consistent with stone and mud.

Statement 3: The building is primarily made of wood and bricks. This statement is also a hallucination because the image does not show any wooden elements or brick structures. The building's walls and materials are more consistent with stone and mud, not wood or bricks.",false
4303f9dc22cbd4d29ac1e39e469b96f907f01132cdfe19d61a05bfc1100c0232,1,,true
4303f9dc22cbd4d29ac1e39e469b96f907f01132cdfe19d61a05bfc1100c0232,2,,false
2e817ed5ccc4785dc4a3a7da426d5ab26d9067d72117c237efca06a6f524a2ab,0,"Answer: 1

Step-by-step explanation:

1. The image shows two men shaking hands in front of flags, which are typically displayed during diplomatic meetings.
2. The presence of formal attire, including a traditional robe and a suit, supports the idea of a formal event, such as a diplomatic meeting.
3. The setting appears to be a formal building with a red carpet, which is common for diplomatic events.
4. The flags represent different countries, indicating an international context, which is typical for diplomatic meetings.
5. The image does not show any elements associated with a fashion show or a sports award ceremony, such as models, clothing racks, or sports equipment.

Therefore, Statement 1 is grounded in the image, while Statements 2 and 3 are plausible-sounding hallucinations.",true
2e817ed5ccc4785dc4a3a7da426d5ab26d9067d72117c237efca06a6f524a2ab,1,,false
2e817ed5ccc4785dc4a3a7da426d5ab26d9067d72117c237efca06a6f524a2ab,2,,false
da2514d67cfd89f8008d79092b00f89b8bc6d9278556761fd9e40bd9ad2f4e57,0,"Answer: 1

The dress worn by the person in the image is a traditional embroidered dress with cultural patterns. This statement is grounded in the image because the dress has intricate embroidery and patterns that are characteristic of traditional attire. The other two statements are hallucinations because the dress does not resemble a modern evening gown with metallic accents or a business suit with minimal decoration.",true
da2514d67cfd89f8008d79092b00f89b8bc6d9278556761fd9e40bd9ad2f4e57,1,,false
da2514d67cfd89f8008d79092b00f89b8bc6d9278556761fd9e40bd9ad2f4e57,2,,false
47be8b58f25f76e00d3ec008680bcb2cd815608114d170f65c421e423e083478,0,"Answer: 3

The primary purpose of the crenellations seen on the walls of the fort is defense against attacks. This is evident from the image, which shows a fort with crenellations, which are typically used in fortifications to provide cover for defenders while allowing them to fire upon attackers. The other two statements are hallucinations because crenellations are not used for decoration or ventilation; their primary function is to enhance defensive capabilities in historical fortifications.",false
47be8b58f25f76e00d3ec008680bcb2cd815608114d170f65c421e423e083478,1,,false
47be8b58f25f76e00d3ec008680bcb2cd815608114d170f65c421e423e083478,2,,true
9f9ffdf4de8b9316c6cc2a083e20013b35f1926d28cc5977a02713ff1f25a746,0,"Answer: 2

The image shows a person dressed in traditional attire, standing in a place with large windows and ornate columns, which are characteristic of a church setting. The presence of stained glass windows and the architectural style further support this. The other two statements are plausible but not supported by the image: a museum and a library do not typically have the same architectural features as a church.",false
9f9ffdf4de8b9316c6cc2a083e20013b35f1926d28cc5977a02713ff1f25a746,1,,true
9f9ffdf4de8b9316c6cc2a083e20013b35f1926d28cc5977a02713ff1f25a746,2,,false
b9cf06abcb106a8ad8d31e454df899218a6c014ce018d888e74b5a084dd7fe4a,0,"Answer: 1

The primary purpose of the omnidirectional treadmills shown in the image is to allow free movement in virtual reality games. This is evident from the image, where individuals are using these treadmills while wearing VR headsets, indicating that they are designed for interactive and immersive virtual reality experiences. The treadmills enable users to move around within the virtual environment, enhancing the realism and engagement of the gaming experience.

Statement 2 is a plausible-sounding hallucination because the primary purpose of these treadmills is not to improve physical fitness during gaming. While physical activity can be a byproduct of using these devices, their main function is to facilitate movement within virtual reality environments.

Statement 3 is also a plausible-sounding hallucination because the primary purpose of these treadmills is not to serve as a seating area for gamers. The image clearly shows that the individuals are standing and actively using the treadmills, which negates the idea that they are intended for seating.",true
b9cf06abcb106a8ad8d31e454df899218a6c014ce018d888e74b5a084dd7fe4a,1,,false
b9cf06abcb106a8ad8d31e454df899218a6c014ce018d888e74b5a084dd7fe4a,2,,false
eb95bcfb2c949a836960baeeeb68d5aee8716f679217cb4a4c83707a45f860d5,0,"Answer: 2

The individuals are raising rifles in this image as part of a protest or demonstration. This is evident from the context of the image, where people are holding rifles and a flag, which are common symbols of protest and resistance. The attire of the individuals and the urban setting further support the idea of a protest or demonstration.

Statement 1 is a hallucination because there is no indication in the image that the rifles are being raised to celebrate a cultural event. The serious expressions and the raised rifles suggest a more militant or defiant purpose.

Statement 3 is also a hallucination because there is no evidence in the image that the rifles are being raised in preparation for a sports competition. The setting and the raised rifles do not align with the typical context of a sports event.",false
eb95bcfb2c949a836960baeeeb68d5aee8716f679217cb4a4c83707a45f860d5,1,,true
eb95bcfb2c949a836960baeeeb68d5aee8716f679217cb4a4c83707a45f860d5,2,,false
a5ffe93c0ff6398bb717cb1aca18c1e1337876b2789956c80aae3c65d10195ba,0,"Answer: 1

The primary material used in the jug depicted in the image is copper or brass. This is evident from the reddish-brown color and the metallic sheen of the jug, which are characteristic of copper and brass. The intricate engravings and the patina on the surface further support this conclusion.

Statement 2: The primary material used in the jug depicted in the image is silver. This statement is a hallucination because the color and appearance of the jug do not match that of silver, which typically has a silvery-white color.

Statement 3: The primary material used in the jug depicted in the image is ceramic. This statement is also a hallucination because the jug has a metallic appearance and the engravings are not typical of ceramic materials. Ceramics usually have a smooth, glossy finish and are not typically used for intricate engravings.",true
a5ffe93c0ff6398bb717cb1aca18c1e1337876b2789956c80aae3c65d10195ba,1,,false
a5ffe93c0ff6398bb717cb1aca18c1e1337876b2789956c80aae3c65d10195ba,2,,false
122f752d2ca69550fdfa946dab718ed61564539839850c44a57b25dfcdb1ec89,0,"Answer: 1

Step-by-step explanation:

1. The image shows a large, comfortable sofa with multiple cushions and rolled-up towels, which are typical elements found in a relaxation lounge or spa setting. This indicates that the primary function of the space is likely for relaxation and comfort, supporting Statement 1 as true.

2. There are no elements in the image that suggest the space is intended for a business conference room, such as a large table, chairs, or any office-related furniture. Therefore, Statement 2 is a hallucination.

3. The image does not show any dining tables, chairs, or any other elements typically associated with a formal dining area in a restaurant. Hence, Statement 3 is also a hallucination.",true
122f752d2ca69550fdfa946dab718ed61564539839850c44a57b25dfcdb1ec89,1,,false
122f752d2ca69550fdfa946dab718ed61564539839850c44a57b25dfcdb1ec89,2,,false
f2eb95c464ed84f0c64c2e9f3c5f13b1a5fdb094c2c87b619840fc9a62b9560e,0,"Answer: 3

Step-by-step explanation:

1. The image shows a blue boat on a beach, which is a common setting for a fisherman to use their boat.
2. The boat is not associated with a mountain guide, as mountain guides typically use different types of equipment and vehicles suited for rugged terrain, not boats.
3. The boat is also not associated with a construction worker, as construction workers use heavy machinery and equipment for construction sites, not boats.

Therefore, the statement that a fisherman is most closely associated with the use of the blue boat seen on the beach in this image is grounded in the image, while the other two statements are hallucinations.",false
f2eb95c464ed84f0c64c2e9f3c5f13b1a5fdb094c2c87b619840fc9a62b9560e,1,,false
f2eb95c464ed84f0c64c2e9f3c5f13b1a5fdb094c2c87b619840fc9a62b9560e,2,,true
8dca531dbce3a22a749a7c4946e3f0df308b05db2e9fc2e4a75efd004494abe6,0,"Answer: 1

The building depicted in the image is an opera house. This is grounded by the presence of the word ""OPERAN"" prominently displayed on the facade of the building. The architectural style, with its ornate decorations and grand columns, is typical of opera houses. The flag flying above the building also suggests a place of cultural significance, which is consistent with opera houses.

Statement 2: The building depicted in the image is a library. This is a plausible-sounding hallucination because there is no visible indication of books or reading rooms that would suggest it is a library.

Statement 3: The building depicted in the image is a museum. This is also a plausible-sounding hallucination because there is no visible indication of exhibits or display cases that would suggest it is a museum.",true
8dca531dbce3a22a749a7c4946e3f0df308b05db2e9fc2e4a75efd004494abe6,1,,false
8dca531dbce3a22a749a7c4946e3f0df308b05db2e9fc2e4a75efd004494abe6,2,,false
2a423bdeb63cd24df92f76889e8bff6236baa1361f8faf42f36753730bdbaf2b,0,"Answer: 1

The person in the image is indeed relaxing on the sand. This is evident from the person's posture and position on the dune, which suggests they are sitting and enjoying the view. The other two statements are not supported by the image:

- Statement 2: The person is not climbing the dune. They are sitting on the dune, not actively moving up or down.
- Statement 3: There is no indication that the person is preparing for sandboarding. The person is simply sitting on the dune, not engaging in any activity that would suggest preparation for sandboarding.",true
2a423bdeb63cd24df92f76889e8bff6236baa1361f8faf42f36753730bdbaf2b,1,,false
2a423bdeb63cd24df92f76889e8bff6236baa1361f8faf42f36753730bdbaf2b,2,,false
9d02a19bbe8cc5a6eeff5147df30509b86f1bac44c333d147ee798090b0d24bd,0,"Answer: 1

The primary purpose of the smoke dome on the cocktail glasses is to create a visually appealing presentation. This is evident from the image, which shows the smoke dome as a decorative element that enhances the aesthetic appeal of the drink. The smoke dome adds a dramatic and visually striking effect to the cocktail, making it stand out and look more enticing.

Statement 2 is a hallucination because there is no evidence in the image that the smoke dome is intended to enhance the flavor of the drink. The smoke dome is clearly designed for visual impact rather than sensory enhancement.

Statement 3 is also a hallucination because there is no indication in the image that the smoke dome serves to keep the drink cold. The smoke dome is not in contact with the drink and does not appear to have any cooling properties. Its purpose is purely decorative, as seen in the visually striking presentation it provides.",true
9d02a19bbe8cc5a6eeff5147df30509b86f1bac44c333d147ee798090b0d24bd,1,,false
9d02a19bbe8cc5a6eeff5147df30509b86f1bac44c333d147ee798090b0d24bd,2,,false
7d2b79d132823b8010464afdc0d8a7db4ea83460a6432f184324b07c8af45ad7,0,"Answer: 2

The environment shown in the image is a desert with sand dunes. This is clearly visible from the image, which shows undulating sand dunes under a clear sky. The sand dunes are characteristic of desert landscapes, where wind erosion and deposition create these patterns.

Statement 1: The environment shown in the image is a snowy mountain range. This is a hallucination because the image clearly shows sand dunes, not snow-covered mountains.

Statement 3: The environment shown in the image is a tropical rainforest. This is also a hallucination because the image depicts a dry, sandy environment, which is not typical of tropical rainforests, which are usually characterized by dense vegetation and high rainfall.",false
7d2b79d132823b8010464afdc0d8a7db4ea83460a6432f184324b07c8af45ad7,1,,true
7d2b79d132823b8010464afdc0d8a7db4ea83460a6432f184324b07c8af45ad7,2,,false
4f4d81517d7ee2346145f1f9cf07c63be52ebdf94fdf6fcf4565b0932047aaaf,0,"Answer: 3

The text 'NIGHT WIRE' in the background most likely indicates a gaming event or show. This is because the woman in the image is wearing a headset, which is commonly used in gaming and streaming environments. The headset is a key piece of equipment for gamers and streamers, allowing them to communicate with others and hear game audio clearly.

Statement 1: The text 'NIGHT WIRE' in the background most likely indicates a news broadcast. This is a plausible-sounding hallucination because news broadcasts typically do not use the term 'NIGHT WIRE' and do not require headsets for their broadcasts.

Statement 2: The text 'NIGHT WIRE' in the background most likely indicates a music concert. This is also a plausible-sounding hallucination because music concerts typically do not use the term 'NIGHT WIRE' and do not require headsets for the audience.

Therefore, the only statement grounded in the image is Statement 3, which correctly identifies the context as a gaming event or show.",false
4f4d81517d7ee2346145f1f9cf07c63be52ebdf94fdf6fcf4565b0932047aaaf,1,,false
4f4d81517d7ee2346145f1f9cf07c63be52ebdf94fdf6fcf4565b0932047aaaf,2,,true
f5a08c5aa47d9f9c4cad2956c40d84f9c45390f9305a5199f1e279f1942491fc,0,"Answer: 2

The garment in the image is primarily black, with red and other colors used for decorative patterns. The other two statements are false because the primary color is not red or blue.",false
f5a08c5aa47d9f9c4cad2956c40d84f9c45390f9305a5199f1e279f1942491fc,1,,true
f5a08c5aa47d9f9c4cad2956c40d84f9c45390f9305a5199f1e279f1942491fc,2,,false
9b2ed3bc636fa4782a9c86fe94b9a69969590bea033b217fa2fe7acefb4806f6,0,"Answer: 1

The Dome of the Rock is prominently visible in the Temple Mount photograph from 1898. This is the true statement grounded in the image. The photograph clearly shows the Dome of the Rock, which is a significant structure in the area.

Statement 2: The Church of the Holy Sepulchre is not prominently visible in the Temple Mount photograph from 1898. This statement is a hallucination because the photograph does not show the Church of the Holy Sepulchre.

Statement 3: The Western Wall is not prominently visible in the Temple Mount photograph from 1898. This statement is also a hallucination because the photograph does not show the Western Wall.",true
9b2ed3bc636fa4782a9c86fe94b9a69969590bea033b217fa2fe7acefb4806f6,1,,false
9b2ed3bc636fa4782a9c86fe94b9a69969590bea033b217fa2fe7acefb4806f6,2,,false
6d63fdf22861f4859527657306e13d4eab0222da2563bda142410d564545dc0c,0,"Answer: 2

The building labeled 'QUERCUS' and 'ARP' is an office or corporate building. This is grounded in the image as the building's architecture and the presence of multiple floors with numerous windows are typical of office or corporate buildings. The signage on the building also suggests it is a corporate entity.

Statement 1: The building labeled 'QUERCUS' and 'ARP' is a residential apartment complex. This is a hallucination because the architecture and signage do not indicate residential use.

Statement 3: The building labeled 'QUERCUS' and 'ARP' is a shopping mall. This is also a hallucination because the building's design and signage do not suggest it is a shopping mall.",false
6d63fdf22861f4859527657306e13d4eab0222da2563bda142410d564545dc0c,1,,true
6d63fdf22861f4859527657306e13d4eab0222da2563bda142410d564545dc0c,2,,false
b8513cdf9719b2e6c83aeceaae1d3dc8f37711fd18d2b58731bca64b2684af57,0,"Answer: 3

Step-by-step explanation:

1. The image shows a medical procedure being performed on a person who is seated on a blue medical bed. The environment appears to be a temporary structure, likely a tent, as indicated by the white fabric and the overall setup.
2. The presence of medical personnel wearing gloves and protective clothing suggests a clinical setting, but the specific nature of the environment (a tent) is more indicative of an emergency or field medical situation rather than a pharmacy or hospital room.
3. The person receiving the medical procedure is wearing a face mask, which is common in settings where infection control is a priority, such as emergency tents during crises or in field hospitals.
4. The background elements, including the white fabric and the temporary setup, are consistent with an emergency tent rather than a pharmacy or hospital room.

Therefore, Statement 1 and Statement 2 are plausible-sounding hallucinations, while Statement 3 is grounded in the image.",false
b8513cdf9719b2e6c83aeceaae1d3dc8f37711fd18d2b58731bca64b2684af57,1,,false
b8513cdf9719b2e6c83aeceaae1d3dc8f37711fd18d2b58731bca64b2684af57,2,,true
a0b57786384396d5e4cfb122c657477422616c9e0b1613ee153c87157eef95ad,0,"Answer: 2

Nablus soap is traditionally made using olive oil. This statement is grounded in the image because the label on the soap clearly mentions ""Nablus"" and ""Olive Oil,"" indicating that olive oil is a key ingredient in the soap.

Statement 1: Nablus soap is traditionally made using palm oil. This statement is a hallucination because there is no mention of palm oil on the soap's label.

Statement 3: Nablus soap is traditionally made using coconut oil. This statement is also a hallucination because there is no mention of coconut oil on the soap's label.",false
a0b57786384396d5e4cfb122c657477422616c9e0b1613ee153c87157eef95ad,1,,true
a0b57786384396d5e4cfb122c657477422616c9e0b1613ee153c87157eef95ad,2,,false
63c4fa592916c49b082f5c19fa15aaecf6454485d1578086dcbf07cc3926aaaf,0,"Answer: 1

Statement 1: Solid shampoo is not visible in the image. True/False?
- The image shows a bottle labeled ""HiBAR. SOLID SHAMPOO."" This statement is grounded in the image.

Statement 2: Toothpaste is not visible in the image. True/False?
- The image does not show any toothpaste. This statement is plausible and not a hallucination.

Statement 3: Wool dryer balls are not visible in the image. True/False?
- The image shows a round, orange object that resembles a wool dryer ball. This statement is a hallucination.",true
63c4fa592916c49b082f5c19fa15aaecf6454485d1578086dcbf07cc3926aaaf,1,,false
63c4fa592916c49b082f5c19fa15aaecf6454485d1578086dcbf07cc3926aaaf,2,,false
28e2b8ead0d749ff66a2b5a8a3acccbd1348a5eec5a4e4dd202a3fb4540131f4,0,"Answer: 1

The image depicts morning based on the lighting and position of the sun. The sun is low on the horizon, which typically occurs during sunrise. The sky is not brightly illuminated, which would be expected in the afternoon or evening. Additionally, the calmness of the water and the lack of shadows suggest that it is early in the day. The other two statements are plausible-sounding hallucinations because they do not align with the visual cues present in the image.",true
28e2b8ead0d749ff66a2b5a8a3acccbd1348a5eec5a4e4dd202a3fb4540131f4,1,,false
28e2b8ead0d749ff66a2b5a8a3acccbd1348a5eec5a4e4dd202a3fb4540131f4,2,,false
dccf8d188975ee269b7598ca8317513f23bb669e2fe67d27738c3417db149f8e,0,"Answer: 2

The flag in the background of the image is the flag of Jordan. This can be determined by the distinctive colors and design of the flag, which prominently features a red, white, and black horizontal tricolor pattern. The other two statements are hallucinations because the flag in the image does not match the flags of the United Arab Emirates or Palestine. The United Arab Emirates flag has horizontal stripes of black, white, and green, while the Palestine flag has a black, white, and green horizontal tricolor with a black star in the center.",false
dccf8d188975ee269b7598ca8317513f23bb669e2fe67d27738c3417db149f8e,1,,true
dccf8d188975ee269b7598ca8317513f23bb669e2fe67d27738c3417db149f8e,2,,false
e9ad5a1956dc1ec172cea80a02ec1280943e385d5cd8996ac9d44ba13e344a6d,0,"Answer: 3

The primary purpose of the space shown in the image is hosting esports tournaments. This is evident from the presence of multiple gaming stations equipped with high-end gaming computers, monitors, and chairs, along with the branding ""GAME ZONE"" on the setups. These elements are typical of an esports tournament environment rather than an office meeting or art exhibition space.

Statement 1: The primary purpose of the space shown in the image is conducting office meetings.
This statement is a hallucination because the image clearly shows a setup designed for gaming, not for conducting office meetings. The presence of gaming equipment and branding indicates that this space is meant for esports tournaments, not for office meetings.

Statement 2: The primary purpose of the space shown in the image is displaying art exhibitions.
This statement is also a hallucination because the image shows a gaming setup with computers, monitors, and gaming chairs, which are not typical for displaying art exhibitions. The environment is geared towards gaming and esports tournaments, not for showcasing art.",false
e9ad5a1956dc1ec172cea80a02ec1280943e385d5cd8996ac9d44ba13e344a6d,1,,false
e9ad5a1956dc1ec172cea80a02ec1280943e385d5cd8996ac9d44ba13e344a6d,2,,true
b5dfb06be5f689953b1d6eccfd49dc1b96b2854a5fac03c72a08477790430a96,0,"Answer: 1

The image shows a group of students and staff members waving and smiling, which suggests a positive and organized event. The presence of uniforms and the structured arrangement of the group indicate that this is likely a school-related gathering. The text overlay mentioning ""World Vision South Sudan"" and the word ""ENOUGH"" suggests a focus on education and awareness, making Statement 1 the true statement.

Statement 2 is a plausible-sounding hallucination because there is no visible evidence of sports equipment or activities in the image. The attire and setting do not strongly suggest a sports event.

Statement 3 is also a plausible-sounding hallucination because there is no indication of protest or demonstration in the image. The overall atmosphere appears to be celebratory and positive, which does not align with the context of a protest or demonstration.",true
b5dfb06be5f689953b1d6eccfd49dc1b96b2854a5fac03c72a08477790430a96,1,,false
b5dfb06be5f689953b1d6eccfd49dc1b96b2854a5fac03c72a08477790430a96,2,,false
0a8891aa1329a8c55ebfee1b098f47540f40176e23c855d1fb53aa48162d2457,0,"Answer: 3

Step-by-step explanation:

1. **Statement 1: A political rally is likely taking place in this image.**
   - This statement is a plausible hallucination. The image shows a large group of people wearing red caps and uniforms, which could be indicative of a political rally. However, there are no clear signs such as banners, speeches, or political figures that would definitively confirm this.

2. **Statement 2: A military parade is likely taking place in this image.**
   - This statement is also a plausible hallucination. The uniforms and red caps worn by the people could suggest a military parade. However, there are no visible military vehicles, flags, or other typical elements of a military parade.

3. **Statement 3: A Christmas celebration near a religious site is likely taking place in this image.**
   - This statement is grounded in the image. The presence of a large Christmas tree decorated with lights and ornaments, along with the stone walls and architecture that resemble a historical or religious site, strongly suggests that a Christmas celebration is taking place. The combination of these elements makes this statement the most plausible and grounded in the image.

Therefore, the correct answer is Statement 3.",false
0a8891aa1329a8c55ebfee1b098f47540f40176e23c855d1fb53aa48162d2457,1,,false
0a8891aa1329a8c55ebfee1b098f47540f40176e23c855d1fb53aa48162d2457,2,,true
e7ddde6c7e4d5f85cc5b667bdf5cdd07e9f422ad16a7059fe17a12357d705f7e,0,"Answer: 1

The Star of David on the Israeli flag does indeed represent Judaism and Jewish identity. This is evident from the image, where the Star of David is prominently displayed on the flag in the background. The Star of David is a well-known symbol of Judaism and is often used to represent Jewish identity and heritage.

Statement 2 is a plausible-sounding hallucination because while the Star of David does symbolize peace and unity, this is not the primary meaning associated with the symbol in the context of the Israeli flag. The primary meaning is related to Judaism and Jewish identity.

Statement 3 is also a plausible-sounding hallucination because the Star of David is not a decorative design with no specific meaning. It is a widely recognized symbol with significant cultural and religious significance, particularly in the context of Judaism and Jewish identity.",true
e7ddde6c7e4d5f85cc5b667bdf5cdd07e9f422ad16a7059fe17a12357d705f7e,1,,false
e7ddde6c7e4d5f85cc5b667bdf5cdd07e9f422ad16a7059fe17a12357d705f7e,2,,false
5cd6b2cb0c17580da11f38f22447f4f0841ddc06773b69478e68ed08a000908a,0,"Answer: 2

The gradient colors of the sunset sky contribute most to the ambiance of this outdoor dining setting. The image shows a beautiful sunset with a gradient of colors, which creates a serene and romantic atmosphere. The presence of tall city buildings and sports equipment is not visible in the image, making these statements false.",false
5cd6b2cb0c17580da11f38f22447f4f0841ddc06773b69478e68ed08a000908a,1,,true
5cd6b2cb0c17580da11f38f22447f4f0841ddc06773b69478e68ed08a000908a,2,,false
09fe2909fd5f095ae05fdabd1939beead6ffa8db51157f07e5e9eb37ca4d0fa1,0,"Answer: 2

The mural in the background of the image features an abstract and colorful design. This statement is grounded in the image because the mural clearly displays abstract shapes and vibrant colors, which can be observed directly.

Statement 1: The mural in the background of the image features a historical painting. This statement is a hallucination because the mural does not depict a historical painting but rather an abstract design.

Statement 3: The mural in the background of the image features minimalist geometric shapes. This statement is also a hallucination because the mural does not consist of minimalist geometric shapes but rather abstract and colorful designs.",false
09fe2909fd5f095ae05fdabd1939beead6ffa8db51157f07e5e9eb37ca4d0fa1,1,,true
09fe2909fd5f095ae05fdabd1939beead6ffa8db51157f07e5e9eb37ca4d0fa1,2,,false
4af9a07aff7759bb3bc0ff9ce1eb613b95c1c1a354487622c731ecd4c174eae4,0,"Answer: 1

The crucifix in the image appears to be made of wood and metal. The body of the crucifix is wooden, and the figure of Jesus is made of metal, as evidenced by the metallic sheen and the way the figure is attached to the cross. The other two statements are not supported by the image: there is no indication that the crucifix is made of plastic and glass, nor is there any evidence that it is made of stone and ceramic.",true
4af9a07aff7759bb3bc0ff9ce1eb613b95c1c1a354487622c731ecd4c174eae4,1,,false
4af9a07aff7759bb3bc0ff9ce1eb613b95c1c1a354487622c731ecd4c174eae4,2,,false
34e68cb39b33220621fc39a8dbaaae0150262b02de045dab8516c34908a61005,0,"Answer: 1

The scene in the image is likely located in a Middle Eastern city. This is grounded by several visual clues:

1. **Architecture and Landmarks**: The image prominently features a mosque with a minaret, which is a common architectural feature in Middle Eastern cities. The style of the buildings and the presence of the mosque are indicative of this region.

2. **Language and Signage**: The signage in the image, such as ""St. John Souvenier,"" is written in English, which is commonly used in many Middle Eastern countries. The presence of such signs suggests a location where English is used, which aligns with many Middle Eastern cities.

3. **Cultural Elements**: The attire of some individuals, such as the woman wearing a headscarf, is also typical of Middle Eastern culture.

The other two statements are hallucinations:

- **Statement 2: The scene is likely located in a European city.** This is false because the architectural style, language, and cultural elements do not align with European cities. European cities typically have different architectural styles and language signs.

- **Statement 3: The scene is likely located in a South American city.** This is also false because the architectural style",true
34e68cb39b33220621fc39a8dbaaae0150262b02de045dab8516c34908a61005,1,,false
34e68cb39b33220621fc39a8dbaaae0150262b02de045dab8516c34908a61005,2,,false
3dc6730a21a436da006081244906771f6a7e58e471fde3349a88ea07150c0ece,0,"Answer: 1

The image shows a group of people performing a dance that appears to be Arabic in nature, as indicated by the text ""BEST SURPRISE FLASH MOB ARABIC DANCE"" prominently displayed in the image. The attire of the performers, including traditional Middle Eastern clothing, further supports this. The other two statements are not supported by the image: there is no indication of Western ballet or Indian classical dance being performed.",true
3dc6730a21a436da006081244906771f6a7e58e471fde3349a88ea07150c0ece,1,,false
3dc6730a21a436da006081244906771f6a7e58e471fde3349a88ea07150c0ece,2,,false
7b1c3cfcfb14efc917cb493837052fa06b1297a72a8c1c5220eae5df73312d01,0,"Answer: 1

The bouquet held by the person in the image includes orange roses and white flowers. This is clearly visible in the image, making Statement 1 true.

Statement 2 claims that the bouquet includes pink carnations and lavender. However, there are no pink carnations or lavender visible in the image, making this statement a hallucination.

Statement 3 claims that the bouquet includes red tulips and yellow daisies. There are no red tulips or yellow daisies visible in the image, making this statement a hallucination as well.",true
7b1c3cfcfb14efc917cb493837052fa06b1297a72a8c1c5220eae5df73312d01,1,,false
7b1c3cfcfb14efc917cb493837052fa06b1297a72a8c1c5220eae5df73312d01,2,,false
9bc56a33ed0006f7034a9b56be06e58ac8c8ee214611268364fdd10ed7bacd11,0,"Answer: 3

The building with the 'Old City Pharmacy' sign is likely a pharmacy because the sign explicitly states ""Old City Pharmacy."" This makes Statement 3 true.

Statement 1 is a hallucination because there is no indication in the image that the building is a restaurant. The sign clearly indicates it is a pharmacy.

Statement 2 is also a hallucination because there is no indication in the image that the building is residential. The sign and the context suggest it is a pharmacy, not a residential building.",false
9bc56a33ed0006f7034a9b56be06e58ac8c8ee214611268364fdd10ed7bacd11,1,,false
9bc56a33ed0006f7034a9b56be06e58ac8c8ee214611268364fdd10ed7bacd11,2,,true
d420ebb7925086882bc394b4763871b0039ef1db091adb2e14028b50b1dbc364,0,"Answer: 1

The image shows stone walls and domes, which are characteristic features of the Cave of the Patriarchs. The other two statements are not supported by the image: there are no glass panels and steel beams, nor are there wooden structures and thatched roofs visible in the image.",true
d420ebb7925086882bc394b4763871b0039ef1db091adb2e14028b50b1dbc364,1,,false
d420ebb7925086882bc394b4763871b0039ef1db091adb2e14028b50b1dbc364,2,,false
bb2bf3a692d94989c4072f90246e5d9c6bf5f44c8d7f6d3adb869eccaca99b03,0,"Answer: 2

The primary purpose of the screened porch visible in the cabin is to provide an outdoor space free from insects. This is evident from the image, which shows the porch being used as a living space with furniture and lighting, indicating it is meant for relaxation and enjoyment of the outdoors while being protected from insects.

Statement 1 is a hallucination because the image does not show any decorative features on the screened porch; it is clearly used as a functional space.

Statement 3 is also a hallucination because there is no indication in the image that the screened porch is being used for storage of tools. The porch is clearly set up for human use, not for storing items.",false
bb2bf3a692d94989c4072f90246e5d9c6bf5f44c8d7f6d3adb869eccaca99b03,1,,true
bb2bf3a692d94989c4072f90246e5d9c6bf5f44c8d7f6d3adb869eccaca99b03,2,,false
f6934f8de9cb64ff3639e46e8b44b2549754aa674b5671d74f6ddd70e724284f,0,"Answer: 1

The cuisine represented in the image is most likely Middle Eastern based on the food items shown. The presence of items such as falafel (a common Middle Eastern dish made from ground chickpeas or fava beans) and what appears to be a salad with tomatoes and cucumbers, which are common ingredients in Middle Eastern cuisine, supports this assertion.

Statement 2: The cuisine represented in the image is most likely Italian based on the food items shown.
This statement is a hallucination. There are no clear indicators of Italian cuisine in the image. Items like falafel and the salad do not align with typical Italian dishes.

Statement 3: The cuisine represented in the image is most likely Mexican based on the food items shown.
This statement is also a hallucination. The food items in the image, such as falafel and the salad, do not align with typical Mexican cuisine. Mexican cuisine typically includes items like tacos, enchiladas, and guacamole, none of which are visible in the image.",true
f6934f8de9cb64ff3639e46e8b44b2549754aa674b5671d74f6ddd70e724284f,1,,false
f6934f8de9cb64ff3639e46e8b44b2549754aa674b5671d74f6ddd70e724284f,2,,false
36746a766496ac85da822d8954982f261c1efc97bb1d8ec26e723a0b864324dc,0,"Answer: 3

The stacked stones seen in the rocky formation are part of an ancient dwelling or structure. This statement is grounded in the image because the stones are arranged in a manner that suggests they are part of a constructed formation, likely an ancient dwelling or structure. The other two statements are hallucinations because there is no evidence in the image to support them. The stones are not naturally formed by erosion, as erosion typically smooths and shapes the rocks rather than creating stacked formations. Additionally, there is no indication that the stones are part of a modern art installation, as the context and setting do not suggest a contemporary creation.",false
36746a766496ac85da822d8954982f261c1efc97bb1d8ec26e723a0b864324dc,1,,false
36746a766496ac85da822d8954982f261c1efc97bb1d8ec26e723a0b864324dc,2,,true
75137521cfa7da02e3c1fbe6781272109c71c2a8b9395aa58094fa8e446fe209,0,"Answer: 2

The planter in the image is made of woven natural fibers. This is evident from the visible texture and pattern of the material, which appears to be a type of woven basketry commonly used for planters. The other two statements are hallucinations because the planter does not appear to be made of metal or plastic. The texture and appearance of the material clearly indicate that it is woven, which is a characteristic of natural fibers.",false
75137521cfa7da02e3c1fbe6781272109c71c2a8b9395aa58094fa8e446fe209,1,,true
75137521cfa7da02e3c1fbe6781272109c71c2a8b9395aa58094fa8e446fe209,2,,false
3329d973bbe7104e2f633eece86ffd1f2c1b7bb05f4355a9f5a6aa9e3176f191,0,"Answer: 2

The handles of the handbag are made from wood. This is evident from the image, which clearly shows the natural, organic texture and color of the wood. The other two statements are hallucinations because there is no indication in the image that the handles are made from metal or plastic.",false
3329d973bbe7104e2f633eece86ffd1f2c1b7bb05f4355a9f5a6aa9e3176f191,1,,true
3329d973bbe7104e2f633eece86ffd1f2c1b7bb05f4355a9f5a6aa9e3176f191,2,,false
d29bbbf0c52ccecc47a37cc07cc4ae855f44ff4c612e609f2670a6cbd5afd9b6,0,"Answer: 2

The manuscript shown in the image is most likely written in Hebrew. The script used in the manuscript is distinctly Hebrew, identifiable by its unique characters and structure. The other two statements are plausible-sounding hallucinations because the script does not resemble Greek or Latin, which are visually different from Hebrew. Greek and Latin scripts have different alphabets and structures, which are not present in the image.",false
d29bbbf0c52ccecc47a37cc07cc4ae855f44ff4c612e609f2670a6cbd5afd9b6,1,,true
d29bbbf0c52ccecc47a37cc07cc4ae855f44ff4c612e609f2670a6cbd5afd9b6,2,,false
14e6efea3eac5ff92178bba9dcd00378ffd780cb0445a1a81df7dbef9e667a26,0,"Answer: 3

The primary type of tree visible in the agricultural landscape of the image is olive trees. This is evident from the numerous trees with a characteristic shape and dense foliage that are typical of olive trees. The trees are arranged in rows, which is a common method of cultivation for olive groves.

Statement 1: The primary type of tree visible in the agricultural landscape of the image is palm trees. This is a hallucination because the trees in the image do not resemble palm trees. Palm trees typically have a different shape and are not arranged in rows like the trees in the image.

Statement 2: The primary type of tree visible in the agricultural landscape of the image is pine trees. This is also a hallucination because the trees in the image do not resemble pine trees. Pine trees have a different shape and are not arranged in rows like the trees in the image.",false
14e6efea3eac5ff92178bba9dcd00378ffd780cb0445a1a81df7dbef9e667a26,1,,false
14e6efea3eac5ff92178bba9dcd00378ffd780cb0445a1a81df7dbef9e667a26,2,,true
1335e0592fa2a0a8a3a32a34d205df1a9071db99d9e637734c3732a32d017555,0,"Answer: 1

The fort's location along the coastline was intended to serve as a defensive structure against naval attacks. This statement is grounded in the image. The fort's robust and strategic positioning along the coastline, with its thick walls and elevated structure, suggests that it was built for defense, likely to protect against naval invasions or attacks.

The other two statements are plausible-sounding hallucinations:

Statement 2: The fort's location along the coastline was intended to act as a storage facility for trade goods. This is not supported by the image. While forts were sometimes used for storage, the primary purpose of this fort, as indicated by its defensive architecture, was not for storage.

Statement 3: The fort's location along the coastline was intended to provide a scenic tourist attraction. This is also not supported by the image. While the fort may now serve as a tourist attraction, there is no indication in the image that this was its original intent. The primary purpose depicted in the image is defensive.",true
1335e0592fa2a0a8a3a32a34d205df1a9071db99d9e637734c3732a32d017555,1,,false
1335e0592fa2a0a8a3a32a34d205df1a9071db99d9e637734c3732a32d017555,2,,false
977cfea717bac9e874cffd295341223d8faae55d66eeefb333ac9c10b621ba23,0,"Answer: 2

The image shows a facility with multiple golfing stations, where people are practicing their golf swings. This indicates that the primary purpose of the facility is related to golf practice, making Statement 2 true.

Statement 1 is false because there are no tennis rackets or courts visible in the image. Statement 3 is also false because there are no football fields or equipment visible in the image.",false
977cfea717bac9e874cffd295341223d8faae55d66eeefb333ac9c10b621ba23,1,,true
977cfea717bac9e874cffd295341223d8faae55d66eeefb333ac9c10b621ba23,2,,false
06c36a70dc8535a9316c1cb3a26003c141d02cc0a39a26b52089bc33f1416586,0,"Answer: 1

The primary visual feature of the photograph is sand dunes illuminated under a starry sky. This is clearly visible in the image, where the sand dunes are prominently featured against the backdrop of a starry night sky. The other two statements are not supported by the image: there is no cityscape with lights, and there is no dense forest present. These elements are not visible in the photograph, making them hallucinations.",true
06c36a70dc8535a9316c1cb3a26003c141d02cc0a39a26b52089bc33f1416586,1,,false
06c36a70dc8535a9316c1cb3a26003c141d02cc0a39a26b52089bc33f1416586,2,,false
5577cc59b56fa5692b2a1e51d2aaee52d73a6550ebfec2d55249a96bb8b3a60b,0,"Answer: 2

The dish shown in the image is Biryani. This is evident from the presence of rice mixed with meat and the use of spices that are characteristic of Biryani. Biryani is a popular rice dish in the Arab world, often made with meat and a variety of spices.

Statement 1: The dish shown in the image is Paella. This is a hallucination because Paella is a Spanish dish, typically made with saffron-infused rice, seafood, and vegetables, and is not typically served with meat as prominently featured in the image.

Statement 3: The dish shown in the image is Risotto. This is also a hallucination because Risotto is an Italian dish made with short-grain rice, broth, and various ingredients such as cheese, vegetables, and meat, but it is not typically served with the type of rice and meat seen in the image.",false
5577cc59b56fa5692b2a1e51d2aaee52d73a6550ebfec2d55249a96bb8b3a60b,1,,true
5577cc59b56fa5692b2a1e51d2aaee52d73a6550ebfec2d55249a96bb8b3a60b,2,,false
e7964d23045b0cd421bcf387c86a8b2b073f553c5492c8fe7ecceff6bd96699e,0,"Answer: 2

The primary function of the red carpet in the mosque is to serve as a prayer area for worshippers. This is evident from the image, which shows the red carpet laid out in the center of the mosque, clearly designated for prayer. The other two statements are plausible-sounding hallucinations because:

1. The primary function of the red carpet is not to reduce noise within the mosque. While carpets can help reduce noise, the primary purpose of the red carpet in this mosque is clearly for prayer, as indicated by its central placement and the arrangement of chairs around it.

2. The primary function of the red carpet is not to enhance the visual appeal of the mosque. While the red carpet does add to the aesthetic of the mosque, its primary purpose is for worshippers to perform prayers, not for visual enhancement.",false
e7964d23045b0cd421bcf387c86a8b2b073f553c5492c8fe7ecceff6bd96699e,1,,true
e7964d23045b0cd421bcf387c86a8b2b073f553c5492c8fe7ecceff6bd96699e,2,,false
87541278eafea5178d69886a36f37e2bef5a9613add380dc054040c7ae0b327f,0,"Answer: 3

The large golden thumb sculpture is located in an outdoor plaza surrounded by traditional buildings. This statement is grounded in the image as it clearly shows the sculpture in an open outdoor area with traditional buildings in the background.

Statement 1: The large golden thumb sculpture is located on a busy street intersection. This statement is a hallucination because the image does not show the sculpture at a street intersection but rather in an open plaza.

Statement 2: The large golden thumb sculpture is located inside a museum setting. This statement is also a hallucination because the image shows the sculpture in an outdoor plaza, not inside a museum.",false
87541278eafea5178d69886a36f37e2bef5a9613add380dc054040c7ae0b327f,1,,false
87541278eafea5178d69886a36f37e2bef5a9613add380dc054040c7ae0b327f,2,,true
58923b56fdd28e58025099068541a8b59b4846ea58bde6b95db925f41fceaa07,0,"Answer: 1

The image shows a scene with people seated at tables, which indicates that the primary activity is outdoor dining. The presence of umbrellas and tables with chairs further supports this activity. There is no evidence of a cultural performance or a market in the image, making these statements hallucinations.",true
58923b56fdd28e58025099068541a8b59b4846ea58bde6b95db925f41fceaa07,1,,false
58923b56fdd28e58025099068541a8b59b4846ea58bde6b95db925f41fceaa07,2,,false
45b58277ea3e68d85193c0816f5cb484dd20e3896e86a7c43cb0a8d2c75e1682,0,"Answer: 3

The circular platform visible in the image is a helicopter landing pad. This is evident from the presence of a helicopter on the platform, which is a clear indication that it is designed for helicopter landings and takeoffs. The platform's size and central location within the image further support this conclusion.

Statement 1: The circular platform visible in the image is a rooftop restaurant. This statement is a hallucination because there is no visible signage, seating, or any other elements typically associated with a rooftop restaurant. The platform is primarily used for the helicopter, not for dining or socializing.

Statement 2: The circular platform visible in the image is a swimming pool. This statement is also a hallucination because the platform is elevated and does not have the characteristics of a swimming pool, such as water or poolside amenities. The platform's design and purpose are clearly for helicopter operations, not for swimming or water activities.",false
45b58277ea3e68d85193c0816f5cb484dd20e3896e86a7c43cb0a8d2c75e1682,1,,false
45b58277ea3e68d85193c0816f5cb484dd20e3896e86a7c43cb0a8d2c75e1682,2,,true
cda242553d0ba9f1813b5d1a7e3810d8d0134e4784a4da3d240c426235d9e2d6,0,"Answer: 2

The dhow boat in the image is made entirely of wood and showcases traditional craftsmanship. This statement is grounded in the image because the boat has a traditional wooden structure and design, which is typical of traditional dhow boats found in the Arab world.

Statement 1 is a hallucination because there is no evidence in the image to suggest that the dhow boat is powered by advanced engines and modern technologies. The boat appears to be a traditional wooden dhow, which typically relies on wind power rather than modern engines.

Statement 3 is also a hallucination because there is no indication in the image that the dhow boat is designed for high-speed racing. The boat's design and structure suggest it is a traditional dhow, which is typically used for fishing or transportation rather than racing.",false
cda242553d0ba9f1813b5d1a7e3810d8d0134e4784a4da3d240c426235d9e2d6,1,,true
cda242553d0ba9f1813b5d1a7e3810d8d0134e4784a4da3d240c426235d9e2d6,2,,false
3d398b623d455f0195413a2b961cd229ca06709d31239ac9ed7f4fd4991eef62,0,"Answer: 1

The colorful building facades are most likely intended to enhance aesthetic appeal. This statement is grounded in the image because the vibrant and varied colors of the building facades are visually striking and are commonly used in architecture to create an attractive and appealing appearance.

Statement 2: The colorful building facades are most likely intended to reduce heat absorption. This statement is a plausible-sounding hallucination. While colorful building facades can sometimes be designed to reflect sunlight and reduce heat absorption, the primary purpose of the colorful facades in this image appears to be for aesthetic appeal rather than heat reduction.

Statement 3: The colorful building facades are most likely intended to provide structural support. This statement is also a plausible-sounding hallucination. The colorful facades do not appear to serve any structural purpose; their primary function seems to be decorative and aesthetic.",true
3d398b623d455f0195413a2b961cd229ca06709d31239ac9ed7f4fd4991eef62,1,,false
3d398b623d455f0195413a2b961cd229ca06709d31239ac9ed7f4fd4991eef62,2,,false
7db71561f1dbb62ed2cf6bfaf1d41c49368ef795eebf4f10ce062430b7b9f895,0,"Answer: 3

The primary activity shown in the image is a traditional dhow sailing race. This is evident from the multiple dhows with large sails, which are commonly used in such races. The presence of a crowd on the shore and the competitive setup further support this activity.

Statement 1: The primary activity shown in the image is a fishing expedition. This is a plausible-sounding hallucination because there are no visible fishing gear or activities, and the focus is on the sailing dhows.

Statement 2: The primary activity shown in the image is a leisure boat ride. This is also a plausible-sounding hallucination because the image clearly shows a competitive sailing event rather than a leisurely boat ride. The presence of multiple boats and a crowd indicates a formal event, not a casual leisure activity.",false
7db71561f1dbb62ed2cf6bfaf1d41c49368ef795eebf4f10ce062430b7b9f895,1,,false
7db71561f1dbb62ed2cf6bfaf1d41c49368ef795eebf4f10ce062430b7b9f895,2,,true
504f1d7203d2b9358ea756410c3aa40b37fa86b10114e337eff7519ed7e80dd9,0,"Answer: 3

The primary function of the traditional dhow boat is fishing and trading. This statement is grounded in the image as the dhow boat depicted is a traditional vessel commonly used for fishing and trading in the Arab world. The other two statements are hallucinations because there is no indication in the image that the dhow is used for military operations or luxury cruises. The dhow is a versatile boat historically used for various purposes, but the image specifically shows it in a context that aligns with fishing and trading.",false
504f1d7203d2b9358ea756410c3aa40b37fa86b10114e337eff7519ed7e80dd9,1,,false
504f1d7203d2b9358ea756410c3aa40b37fa86b10114e337eff7519ed7e80dd9,2,,true
5d855e7ffd6a9d99385d14ef078cabd01e2ccccbfc243656bd69b75b841b6be2,0,"Answer: 2

The main activity taking place in the stadium is a sports event. This is evident from the image showing a large number of people seated in stadium seats, which is typical for a sports event. The presence of individuals wearing sports jerseys and the overall atmosphere of a crowded stadium further support this conclusion.

Statement 1: The main activity taking place in the stadium is a music concert. This is a plausible-sounding hallucination because there is no visible stage, musical equipment, or performers that would indicate a music concert. The audience is seated in a manner typical of a sports event.

Statement 3: The main activity taking place in the stadium is a political rally. This is also a plausible-sounding hallucination because there are no visible political banners, speakers, or any other elements that would indicate a political rally. The audience is dressed in a variety of casual clothing, which is more typical for a sports event than a political rally.",false
5d855e7ffd6a9d99385d14ef078cabd01e2ccccbfc243656bd69b75b841b6be2,1,,true
5d855e7ffd6a9d99385d14ef078cabd01e2ccccbfc243656bd69b75b841b6be2,2,,false
ecd6cc45aff64746aa989788fbc92b63d54c1575232b30a5d15edfc530cccac3,0,"Answer: 1

The exhibit in the image showcases various religious artifacts and scriptures, such as the scrolls and other items displayed on the pedestals. This makes Statement 1 true. The other two statements are not supported by the image, as there are no modern art pieces or ancient scientific instruments visible.",true
ecd6cc45aff64746aa989788fbc92b63d54c1575232b30a5d15edfc530cccac3,1,,false
ecd6cc45aff64746aa989788fbc92b63d54c1575232b30a5d15edfc530cccac3,2,,false
5b71bbf20182b6d949477f3614318e05e59d56f1cf91eb1808fd47ec3652cc69,0,"Answer: 1

The sculpture in the image is indeed a metallic abstract form inspired by Arabic calligraphy. This is evident from the intricate, flowing lines and shapes that resemble Arabic script, which is a common theme in modern art installations in the Arab world. The other two statements are not supported by the image: there is no stone statue depicting a historical figure, and the sculpture is not wooden or shaped like a musical instrument.",true
5b71bbf20182b6d949477f3614318e05e59d56f1cf91eb1808fd47ec3652cc69,1,,false
5b71bbf20182b6d949477f3614318e05e59d56f1cf91eb1808fd47ec3652cc69,2,,false
a93ce30da83648067b73e70527ff9dd5ce4565d94ced5b45b23bb69d5c634f92,0,"Answer: 1

The image shows a marketplace scene with buildings that have distinct Middle Eastern architectural features, such as stone facades, arches, and balconies. This makes Statement 1 true.

Statement 2 is false because there is no evidence of Victorian-style architecture in the image. Victorian architecture typically features ornate details and large windows, which are not present in this scene.

Statement 3 is also false because modern glass architecture typically involves extensive use of glass and steel, which is not evident in this image. The buildings in the image are made of stone and have traditional designs, not modern glass architecture.",true
a93ce30da83648067b73e70527ff9dd5ce4565d94ced5b45b23bb69d5c634f92,1,,false
a93ce30da83648067b73e70527ff9dd5ce4565d94ced5b45b23bb69d5c634f92,2,,false
515cec218ca2944d0ea49ebdb05d56dd40fe6212fba0008844465f48fa6bfc28,0,"Answer: 1

The metallic sculpture in the image primarily represents Arabic calligraphy. This is evident from the intricate and flowing shapes that resemble the stylized letters and forms commonly found in Arabic calligraphy. The structure's design and the use of calligraphic elements make this statement true.

Statement 2: This metallic sculpture primarily represents African wood carving. This statement is false because the sculpture does not resemble the geometric and often animalistic patterns typically associated with African wood carvings. Instead, it has a more abstract and fluid form that is characteristic of calligraphy.

Statement 3: This metallic sculpture primarily represents Japanese origami. This statement is also false because origami involves folding paper into various shapes, often resembling animals, objects, or abstract designs. The sculpture in the image is made of metal and has a more abstract and calligraphic design, which does not align with the principles of origami.",true
515cec218ca2944d0ea49ebdb05d56dd40fe6212fba0008844465f48fa6bfc28,1,,false
515cec218ca2944d0ea49ebdb05d56dd40fe6212fba0008844465f48fa6bfc28,2,,false
734044ecb95d9f104b61e778b785049006a35fcc6a8b6b6991db1708a86467a3,0,"Answer: 2

The image shows a building with interlocking disc shapes and a desert rose-inspired architecture, which is characteristic of the Guggenheim Museum Bilbao. The Louvre Abu Dhabi and the National Museum of Qatar have different architectural styles and do not feature interlocking disc shapes or the desert rose design.",false
734044ecb95d9f104b61e778b785049006a35fcc6a8b6b6991db1708a86467a3,1,,true
734044ecb95d9f104b61e778b785049006a35fcc6a8b6b6991db1708a86467a3,2,,false
b21820e5ac32afe5d568380b20010b2d2b041f61cddf119d89d413f1d8978072,0,"Answer: 3

Step-by-step explanation:

1. **Statement 1: Batman and Superman are prominently featured in the wall art of this gaming cafe.**
   - This statement is false. The image shows Spider-Man and Iron Man prominently featured in the wall art, not Batman and Superman.

2. **Statement 2: Thor and Hulk are prominently featured in the wall art of this gaming cafe.**
   - This statement is also false. The image does not show Thor or Hulk prominently featured in the wall art.

3. **Statement 3: Spider-Man and Iron Man are prominently featured in the wall art of this gaming cafe.**
   - This statement is true. The image clearly shows Spider-Man and Iron Man prominently featured in the wall art, making this the only statement grounded in the image.",false
b21820e5ac32afe5d568380b20010b2d2b041f61cddf119d89d413f1d8978072,1,,false
b21820e5ac32afe5d568380b20010b2d2b041f61cddf119d89d413f1d8978072,2,,true
b4e0d22b37c3aa6cda0e692208b111d25f56e11e4ee59e5d5c4cacdb0fae6f07,0,"Answer: 3

The image depicts a desert with sedimentary rock formations. This statement is grounded in the image because the image shows a large, white sedimentary rock formation in a barren, sandy environment, which is characteristic of a desert landscape.

Statement 1: The image depicts a coastal cliff. This statement is a hallucination because the image does not show any coastal features such as water or waves. Instead, it shows a dry, sandy environment.

Statement 2: The image depicts a forested mountain range. This statement is also a hallucination because the image does not show any forests or mountain ranges. It only shows a large rock formation in a desert setting.",false
b4e0d22b37c3aa6cda0e692208b111d25f56e11e4ee59e5d5c4cacdb0fae6f07,1,,false
b4e0d22b37c3aa6cda0e692208b111d25f56e11e4ee59e5d5c4cacdb0fae6f07,2,,true
841801281a0fdfbf869099ad2228e592a62349c4bbdf772b6798e40b9c537f05,0,"Answer: 2

The image depicts a logo with the letters ""DAZN"" prominently displayed. DAZN is a sports streaming service that offers live and on-demand sports content, including various sports such as football (soccer), basketball, tennis, and more. The logo itself does not directly represent any specific sport like Mixed Martial Arts, Boxing, or Wrestling. However, the second statement is grounded in the image because DAZN offers boxing events among other sports. The first and third statements are plausible-sounding hallucinations because the logo does not directly depict Mixed Martial Arts or Wrestling.",false
841801281a0fdfbf869099ad2228e592a62349c4bbdf772b6798e40b9c537f05,1,,true
841801281a0fdfbf869099ad2228e592a62349c4bbdf772b6798e40b9c537f05,2,,false
1ffddf3a6d0845ef11b4770bdcb950f589b04ccf490152e84c0f31bfe3812f29,0,"Answer: 1

The primary function of the decorative signboard in Islamic architecture is to display sacred texts or spiritual messages. This is evident from the image, which shows a signboard with Arabic calligraphy, a common practice in Islamic art and architecture to display religious texts or messages.

Statement 2: The primary function of the decorative signboard in Islamic architecture is to serve as a directional guide for visitors. This statement is a plausible-sounding hallucination because while signboards can serve as directional guides, the specific sign in the image is clearly designed to display text, not to guide visitors.

Statement 3: The primary function of the decorative signboard in Islamic architecture is to indicate the entrance to a marketplace. This statement is also a plausible-sounding hallucination because the signboard in the image does not appear to be located at an entrance to a marketplace, but rather within what seems to be a religious or cultural space, given the presence of intricate patterns and the nature of the calligraphy.",true
1ffddf3a6d0845ef11b4770bdcb950f589b04ccf490152e84c0f31bfe3812f29,1,,false
1ffddf3a6d0845ef11b4770bdcb950f589b04ccf490152e84c0f31bfe3812f29,2,,false
5552ca02fc9726322cb39361e72325e422411e104673ebb616498f137877c551,0,"Answer: 1

These ornate lanterns are most likely associated with Ramadan. The lanterns are designed with intricate patterns and are illuminated, which is characteristic of the lanterns used during Ramadan to decorate homes and streets. Ramadan is a month-long Islamic festival where Muslims fast during daylight hours, and the lanterns are used to create a festive atmosphere during the evening when people break their fast.

Statement 2: These ornate lanterns are most likely associated with Christmas. This statement is a hallucination because Christmas is celebrated in December, and the lanterns shown in the image are more commonly associated with Ramadan, which occurs in the ninth month of the Islamic calendar. Christmas decorations typically include Christmas trees, ornaments, and other specific symbols that are not present in the image.

Statement 3: These ornate lanterns are most likely associated with Diwali. This statement is also a hallucination because Diwali is a Hindu festival celebrated in October, and the lanterns shown in the image are more characteristic of Ramadan decorations. Diwali decorations typically include oil lamps, candles, and other specific symbols that are not present in the image.",true
5552ca02fc9726322cb39361e72325e422411e104673ebb616498f137877c551,1,,false
5552ca02fc9726322cb39361e72325e422411e104673ebb616498f137877c551,2,,false
0ce75b901a6c60bda24eb425e876f020dea77ea2a3ec6b7ae80bd9c78a1f2b46,0,"Answer: 2

The building depicted in the image is a historic monastery. This is evident from the architectural style, which includes elements such as the dome, arched windows, and stone construction, typical of monastic architecture. The presence of a bell tower and the overall structure also support this conclusion.

Statement 1: The building depicted in the image is a modern museum. This is a hallucination because the architectural style and elements present in the image are not characteristic of modern museums. Modern museums typically have glass facades and contemporary designs, which are not seen in this image.

Statement 3: The building depicted in the image is a medieval castle. This is also a hallucination because the architectural style and elements present in the image are not characteristic of medieval castles. Medieval castles often have more fortified and defensive features, such as thick walls and moats, which are not visible in this image.",false
0ce75b901a6c60bda24eb425e876f020dea77ea2a3ec6b7ae80bd9c78a1f2b46,1,,true
0ce75b901a6c60bda24eb425e876f020dea77ea2a3ec6b7ae80bd9c78a1f2b46,2,,false
9305bb3647a16addd7ebc99c808f2f5cef48af4a48775bc885ca23a4e20060ec,0,"Answer: 2

The wooden podium with microphones in the foreground suggests that the space is used for public speeches or religious sermons. This is because the podium is typically used for speaking events, and the presence of microphones indicates that it is meant for amplifying voices, which is common in public speaking or religious sermons.

Statement 1 is a hallucination because there is no indication in the image that the space is part of a musical performance setup. The presence of microphones does not necessarily imply a musical performance.

Statement 3 is also a hallucination because there is no indication in the image that the space is a market stall for selling goods. The podium and microphones do not suggest a commercial or market setting.",false
9305bb3647a16addd7ebc99c808f2f5cef48af4a48775bc885ca23a4e20060ec,1,,true
9305bb3647a16addd7ebc99c808f2f5cef48af4a48775bc885ca23a4e20060ec,2,,false
d390bce021e187e3ea9a54f24b586673cecd31353c60146dcfa76f363b6ffafd,0,"Answer: 1

Step-by-step explanation:

1. **Statement 1: Jogging and walking are most likely happening along the paved pathway in the image.**
   - Grounded: The image shows people walking and jogging along the paved pathway. This is evident from the blurred figures of people in motion, which indicates movement typical of jogging and walking.
   - Hallucination: There is no evidence in the image to suggest that cycling races or fishing competitions are taking place. The presence of people in motion along the pathway supports this statement.

2. **Statement 2: Cycling races are most likely happening along the paved pathway in the image.**
   - Hallucination: There are no visible cyclists or racing equipment in the image. The people seen are walking or jogging, not cycling.

3. **Statement 3: Fishing competitions are most likely happening along the paved pathway in the image.**
   - Hallucination: There are no fishing rods, fishing gear, or any indication of a fishing competition in the image. The pathway is used by pedestrians, not fishermen.

Thus, the only statement grounded in the image is Statement 1.",true
d390bce021e187e3ea9a54f24b586673cecd31353c60146dcfa76f363b6ffafd,1,,false
d390bce021e187e3ea9a54f24b586673cecd31353c60146dcfa76f363b6ffafd,2,,false
f5923b613425908d1762bee076ba7023a7ef76a7c0b25201f779d99208396a75,0,"Answer: 2

The café predominantly features chairs with colorful patterned upholstery for seating. This is evident from the numerous chairs visible in the image, all of which have vibrant, patterned upholstery. The chairs are the primary seating option in the café, making Statement 2 true.

Statement 1 is false because there are no metal stools visible in the image. The seating consists entirely of chairs with patterned upholstery.

Statement 3 is also false because there are no wooden benches visible in the image. The seating consists entirely of chairs with patterned upholstery.",false
f5923b613425908d1762bee076ba7023a7ef76a7c0b25201f779d99208396a75,1,,true
f5923b613425908d1762bee076ba7023a7ef76a7c0b25201f779d99208396a75,2,,false
6c5aa79d0797a37eb1eb5b175565bc24a787d8f8f11ade429a6858e524abd640,0,"Answer: 1

The image depicts an automated train system. This is evident from the presence of a modern train on a track, which is part of a larger transportation infrastructure. The train appears to be part of a system designed for efficient and automated operation, likely serving a high-traffic area given the presence of multiple tracks and a large station building.

Statement 2: The image depicts a cable car system. This is a hallucination because there is no visible cable car system in the image. The presence of a train on tracks indicates a rail-based transportation system, not a cable car system.

Statement 3: The image depicts an underground subway. This is also a hallucination because the image shows an elevated train system, not an underground subway. The tracks and the train are clearly above ground, and there is no indication of an underground tunnel system.",true
6c5aa79d0797a37eb1eb5b175565bc24a787d8f8f11ade429a6858e524abd640,1,,false
6c5aa79d0797a37eb1eb5b175565bc24a787d8f8f11ade429a6858e524abd640,2,,false
f33660d26463e55f45c6ec239ec12520a626eb4dd4edc178a5c5bd2eae104ea8,0,"Answer: 1

Step-by-step explanation:

1. **Statement 1: A traditional wooden dhow is docked by the shore in the image.**
   - This statement is grounded in the image. There is a traditional wooden dhow (a type of boat) docked by the shore in the image. The dhow is clearly visible in the foreground, near the water's edge.

2. **Statement 2: A modern yacht is docked by the shore in the image.**
   - This statement is a hallucination. There is no modern yacht visible in the image. The boats present are traditional dhow boats, not modern yachts.

3. **Statement 3: A fishing trawler is docked by the shore in the image.**
   - This statement is also a hallucination. There is no fishing trawler visible in the image. The boats present are traditional dhows, not fishing trawlers.

Thus, the only statement that is grounded in the image is Statement 1.",true
f33660d26463e55f45c6ec239ec12520a626eb4dd4edc178a5c5bd2eae104ea8,1,,false
f33660d26463e55f45c6ec239ec12520a626eb4dd4edc178a5c5bd2eae104ea8,2,,false
f56157039ac4ae1f02bcc670974abb2b7c55861388dd63e331d62211362cc645,0,"Answer: 1

The central painting in the gallery is indeed a colorful abstract work featuring stylized human figures and a detailed background. This is evident from the image, which shows a vibrant and intricate painting with multiple figures and a richly detailed setting.

Statement 2 is a hallucination because the central painting is not monochrome; it is full of color. Additionally, the painting is not a landscape with minimal detail; it is an abstract work with a lot of detail and complexity.

Statement 3 is also a hallucination because the central painting is not a realistic portrait of a single individual. Instead, it is an abstract painting with multiple figures and elements, not a single realistic depiction.",true
f56157039ac4ae1f02bcc670974abb2b7c55861388dd63e331d62211362cc645,1,,false
f56157039ac4ae1f02bcc670974abb2b7c55861388dd63e331d62211362cc645,2,,false
7414d2cbe73a8c258ec24483aff81cf2141cbd85c092017e8559d9ec1455e9d5,0,"Answer: 3

The primary style of the room where the group is gathered is industrial-style. This is evident from the exposed beams, concrete floor, and the use of raw materials and unfinished elements. The presence of large windows and the open space also contribute to the industrial aesthetic.

Statement 1: The primary style of the room where the group is gathered is Victorian-style. This is a hallucination because Victorian-style rooms typically feature ornate and decorative elements, which are not present in this image. The room in the image has a more utilitarian and raw appearance, characteristic of industrial-style spaces.

Statement 2: The primary style of the room where the group is gathered is minimalist-style. This is also a hallucination because minimalist-style rooms typically feature a pared-down, uncluttered look with a focus on simplicity and functionality. The room in the image has a more industrial and utilitarian feel, with exposed elements and a focus on raw materials, which are not characteristic of minimalist-style design.",false
7414d2cbe73a8c258ec24483aff81cf2141cbd85c092017e8559d9ec1455e9d5,1,,false
7414d2cbe73a8c258ec24483aff81cf2141cbd85c092017e8559d9ec1455e9d5,2,,true
1fca5455a9bc0144853d07fbb9bf91c6bd3bf4dcae9ac3f7d169c1eb3ad5d642,0,"Answer: 3

The image most likely depicts a boat. This is because the image shows a railing and a deck, which are typical features of a boat. The water beneath and the horizon in the background further support this conclusion.

Statement 1: The image most likely depicts a train. This is a hallucination because there are no tracks or any indication of a train in the image.

Statement 2: The image most likely depicts an airplane. This is also a hallucination because there are no wings, windows, or any other features typically associated with an airplane visible in the image.",false
1fca5455a9bc0144853d07fbb9bf91c6bd3bf4dcae9ac3f7d169c1eb3ad5d642,1,,false
1fca5455a9bc0144853d07fbb9bf91c6bd3bf4dcae9ac3f7d169c1eb3ad5d642,2,,true
da01de58b9eb98475e60bbbcc120520e8007cfc6d48004b913a945d86be19f41,0,"Answer: 2

The primary function of the red carpet in the image is to guide people walking in a procession. This is evident from the image, where individuals are walking on the red carpet, indicating its use for guiding a procession.

Statement 1: The primary function of the red carpet is to provide a soft surface for walking. This is a plausible-sounding hallucination because while red carpets can provide a soft surface, their primary function in this context is to guide a procession.

Statement 3: The primary function of the red carpet is to add color to the room's decor. This is also a plausible-sounding hallucination because while red carpets can add color to a room, their primary function in this context is to guide a procession.",false
da01de58b9eb98475e60bbbcc120520e8007cfc6d48004b913a945d86be19f41,1,,true
da01de58b9eb98475e60bbbcc120520e8007cfc6d48004b913a945d86be19f41,2,,false
12f9128f8ffc520cfe180ed5a8546145805adfb93d0e4610baa75c9fb2f82f70,0,"Answer: 3

Step-by-step explanation:

1. **Statement 1: Camels are primarily used for guarding property from intruders by the people in this image.**
   - This statement is not grounded in the image. There is no evidence in the image that camels are being used for guarding property. The camels are being ridden or led by people, but there is no indication that they are being used for security purposes.

2. **Statement 2: Camels are primarily used for racing in organized sports by the people in this image.**
   - This statement is also not grounded in the image. There is no indication that the camels are being used for racing or any organized sports activities. The image shows camels being ridden or led, which is more indicative of transportation or labor rather than sports.

3. **Statement 3: Camels are primarily used for transportation and carrying goods by the people in this image.**
   - This statement is grounded in the image. The presence of camels being ridden or led by people suggests that they are being used for transportation and possibly carrying goods. This is a common use of camels in many parts of the Arab world, especially in desert regions where traditional modes",false
12f9128f8ffc520cfe180ed5a8546145805adfb93d0e4610baa75c9fb2f82f70,1,,false
12f9128f8ffc520cfe180ed5a8546145805adfb93d0e4610baa75c9fb2f82f70,2,,true
bc41823c33193898b0b0661b0b2c9d8475dd17293e79ef40b1b9d2915c321708,0,"Answer: 1

The event depicted in the image is the annual Hajj pilgrimage. This is evident from the massive crowd of people dressed in traditional white garments, which is characteristic of the Hajj pilgrimage. The Kaaba, the central structure in the image, is the focal point of the Hajj pilgrimage, where Muslims from around the world gather to perform specific rituals.

Statement 2 is a plausible-sounding hallucination because a regular Friday prayer gathering would not involve such a large number of people and the specific attire seen in the image. Additionally, the location and setup do not resemble a typical mosque environment.

Statement 3 is also a plausible-sounding hallucination because the ceremonial replacement of the Kaaba's cloth covering (Kiswa) occurs annually during the Hajj pilgrimage, but it is not the primary focus of the event depicted in the image. The image primarily shows the gathering of pilgrims rather than the specific act of changing the Kiswa.",true
bc41823c33193898b0b0661b0b2c9d8475dd17293e79ef40b1b9d2915c321708,1,,false
bc41823c33193898b0b0661b0b2c9d8475dd17293e79ef40b1b9d2915c321708,2,,false
ef6a7c5b7782e4cca6367aa7dae0f6dc1fb210c9d36f9e1cd94933639a48050b,0,"Answer: 2

The image shows an interior space with intricate architectural details, including arches and a dome, which are characteristic of a mosque. The presence of prayer rugs and the overall design suggest that this space is intended for religious gatherings and prayers. The other two statements are plausible-sounding but not supported by the image:

1. The primary purpose of the space shown in the image is to serve as a marketplace. This is not supported by the image, as there are no signs of commercial activity or market stalls.

3. The primary purpose of the space shown in the image is to display art exhibitions. This is not supported by the image, as there are no visible artworks or exhibition displays.",false
ef6a7c5b7782e4cca6367aa7dae0f6dc1fb210c9d36f9e1cd94933639a48050b,1,,true
ef6a7c5b7782e4cca6367aa7dae0f6dc1fb210c9d36f9e1cd94933639a48050b,2,,false
341ba0dbec8b2080e3222ac00c54d32afa3e5f1114fcc0e1348b8b2a71179c3f,0,"Answer: 1

The dish in the image most likely belongs to Indian cuisine. This is because the main dish consists of rice and meat, which is a common combination in Indian cuisine. Additionally, the presence of a yogurt-based side dish and a tomato-based side dish are also typical accompaniments in Indian meals. The other two statements are hallucinations because the dish does not resemble Japanese or Italian cuisine. Japanese cuisine often includes sushi, ramen, or tempura, while Italian cuisine typically features pasta, pizza, and various types of meat dishes.",true
341ba0dbec8b2080e3222ac00c54d32afa3e5f1114fcc0e1348b8b2a71179c3f,1,,false
341ba0dbec8b2080e3222ac00c54d32afa3e5f1114fcc0e1348b8b2a71179c3f,2,,false
4836a89f12bca1d7053e5ea0408e86e5e6b670eb5ec40e33d6fc678d199f8fbd,0,"Answer: 2

Step-by-step explanation:

1. The image shows a structure made of mud-brick, which is a common building material in arid regions. This type of architecture is prevalent in the Middle East, particularly in countries like Egypt, Jordan, and Iraq, where mud-brick buildings are traditional and still in use today.

2. The presence of palm trees in the background further supports the likelihood of this being a Middle Eastern location. Palm trees are native to the Middle East and are commonly found in desert and semi-arid regions.

3. South America and Scandinavia are not known for their use of mud-brick architecture or palm trees. South America has a different climate and vegetation, with fewer palm trees and no historical tradition of mud-brick construction. Scandinavia, with its cold and wet climate, is not suitable for mud-brick buildings and does not have palm trees native to the region.

Therefore, Statement 2 is the only one grounded in the image, making it the true statement.",false
4836a89f12bca1d7053e5ea0408e86e5e6b670eb5ec40e33d6fc678d199f8fbd,1,,true
4836a89f12bca1d7053e5ea0408e86e5e6b670eb5ec40e33d6fc678d199f8fbd,2,,false
22ec4a987fcc96e513e9504376b7739a40dd1cfafd92967bc87629d08abf6803,0,"Answer: 2

The ritual being performed around the Kaaba in this image is Tawaf. This is evident from the large number of people walking around the Kaaba in a counterclockwise direction, which is the traditional practice of Tawaf during the Hajj or Umrah pilgrimages.

Statement 1: The ritual being performed around the Kaaba in this image is Salah. This is a plausible-sounding hallucination because Salah refers to the Islamic prayer, which is performed in a mosque or at home, not around the Kaaba.

Statement 3: The ritual being performed around the Kaaba in this image is Zakat. This is also a plausible-sounding hallucination because Zakat is a form of almsgiving and is not performed around the Kaaba. It is typically given to the poor and needy, not as a ritual around the Kaaba.",false
22ec4a987fcc96e513e9504376b7739a40dd1cfafd92967bc87629d08abf6803,1,,true
22ec4a987fcc96e513e9504376b7739a40dd1cfafd92967bc87629d08abf6803,2,,false
2206b28c4b0e34d224639b28a8e3a5c28f446eac06e463b0fed095f7b03d6819,0,"Answer: 3

The golden ornament in the image appears to have Arabic calligraphy and a design that suggests cultural significance, making Statement 3 true. The ornament does not serve as a lighting element or provide structural support, making Statements 1 and 2 false.",false
2206b28c4b0e34d224639b28a8e3a5c28f446eac06e463b0fed095f7b03d6819,1,,false
2206b28c4b0e34d224639b28a8e3a5c28f446eac06e463b0fed095f7b03d6819,2,,true
4f4f5fdeeea2f66c197138e9e675bfead96977069846e12796bdd5a659a50e73,0,"Answer: 3

The bracelet of the wristwatch is made of stainless steel. This is evident from the image, which clearly shows a metallic bracelet that is consistent with stainless steel. The other two statements are hallucinations because the bracelet does not appear to be made of leather or plastic.",false
4f4f5fdeeea2f66c197138e9e675bfead96977069846e12796bdd5a659a50e73,1,,false
4f4f5fdeeea2f66c197138e9e675bfead96977069846e12796bdd5a659a50e73,2,,true
9c38cba22aa3b9b9e4d01b28091f5b5daa657aafd70976f5cbe55abf72b938f1,0,"Answer: 2

The image depicts an airport terminal. This is evident from the presence of escalators, the architectural design, and the overall layout which is typical of an airport. The presence of people walking and the large open space further support this conclusion.

Statement 1: The image depicts a train station. This is a hallucination because there are no train tracks, platforms, or any other typical train station features visible in the image.

Statement 3: The image depicts a bus station. This is also a hallucination because there are no bus stops, bus lanes, or any other typical bus station features visible in the image.",false
9c38cba22aa3b9b9e4d01b28091f5b5daa657aafd70976f5cbe55abf72b938f1,1,,true
9c38cba22aa3b9b9e4d01b28091f5b5daa657aafd70976f5cbe55abf72b938f1,2,,false
6d65c38313ad5110ff07dc021203ddcdf877c54d169b2595ffea2ce497f1c9db,0,"Answer: 3

The dish shown in the image is stuffed dates with pistachios. This is evident from the appearance of the halved dates with pistachios and green herbs on top, which is a common presentation for this dish. The other two statements are not grounded in the image:

1. The dish shown in the image is chocolate truffles. This is a hallucination because the image clearly shows dates, not chocolate truffles.
2. The dish shown in the image is fruit salad. This is also a hallucination because the image shows a specific type of stuffed dates, not a mixture of various fruits typical of fruit salad.",false
6d65c38313ad5110ff07dc021203ddcdf877c54d169b2595ffea2ce497f1c9db,1,,false
6d65c38313ad5110ff07dc021203ddcdf877c54d169b2595ffea2ce497f1c9db,2,,true
25183efc69b18c7a1e2e17d60a62784edd12b3b910b5c168d7b271a6f8777c7a,0,"Answer: 3

The site shown in the image is most closely associated with the Hajj pilgrimage. This is evident from the large open area in the center, which is the Kaaba, a sacred structure in Islam that Muslims from around the world visit during the Hajj pilgrimage. The surrounding buildings and structures are part of the Masjid al-Haram, the most sacred mosque in Islam, which encloses the Kaaba.

Statement 1: The site shown in the image is most closely associated with Christian baptism. This is a hallucination because the image depicts a site associated with Islam, not Christianity.

Statement 2: The site shown in the image is most closely associated with Buddhist meditation. This is also a hallucination because the image depicts a site associated with Islam, not Buddhism.",false
25183efc69b18c7a1e2e17d60a62784edd12b3b910b5c168d7b271a6f8777c7a,1,,false
25183efc69b18c7a1e2e17d60a62784edd12b3b910b5c168d7b271a6f8777c7a,2,,true
aac74723d8ae9f8cf08bc13f9e8e9b315f0504a1ca10a1b6f75c01a7502ebd24,0,"Answer: 2

The atmosphere in the image is best described as an esports championship event. This is grounded in the image as there are several indicators such as the large crowd, the stage setup, and the presence of a large screen displaying the event's branding, which is characteristic of esports championships.

Statement 1: The atmosphere in the image is best described as a musical concert. This is a hallucination because there are no musical instruments, performers, or typical concert setups visible in the image. The crowd and stage setup are more indicative of an esports event.

Statement 3: The atmosphere in the image is best described as a formal business conference. This is also a hallucination because the image shows a lively and celebratory atmosphere, which is not typical of formal business conferences. The presence of a large crowd and the celebratory gestures suggest an event more related to entertainment or gaming, not a formal business setting.",false
aac74723d8ae9f8cf08bc13f9e8e9b315f0504a1ca10a1b6f75c01a7502ebd24,1,,true
aac74723d8ae9f8cf08bc13f9e8e9b315f0504a1ca10a1b6f75c01a7502ebd24,2,,false
76f31011e3230675f33beb2026442f0e94f636bb2b1190410bd6175407571660,0,"Answer: 1

The image shows a variety of fresh produce being sold at an outdoor market. This indicates that the main purpose of the market is to provide fresh produce to the community. The presence of fresh vegetables and fruits clearly supports this statement.

Statement 2 is a hallucination because there is no evidence in the image to suggest that the market is hosting a cultural festival. The focus is on the produce, not on any cultural activities or decorations.

Statement 3 is also a hallucination because there is no indication in the image that handmade crafts are being sold. The image only shows fresh produce, not any crafts or artisanal goods.",true
76f31011e3230675f33beb2026442f0e94f636bb2b1190410bd6175407571660,1,,false
76f31011e3230675f33beb2026442f0e94f636bb2b1190410bd6175407571660,2,,false
387fcb0ab6031124337f598fbd13fd635d4307943f95e2b2be5fff3dc902e917,0,"Answer: 2

The mosque in the image is most likely located near a rocky shoreline. This is evident from the image, which shows the mosque situated on a rocky outcrop or small island, with the water body surrounding it. The presence of rocks and the proximity to the water clearly indicate a rocky shoreline.

Statement 1: The mosque in the image is most likely located in a desert region. This statement is a hallucination because the image shows the mosque near a water body, which is not characteristic of a desert region.

Statement 3: The mosque in the image is most likely located in a forested area. This statement is also a hallucination because the image shows no signs of a forested area; instead, it shows a clear view of the water and rocks, indicating a more arid or coastal environment.",false
387fcb0ab6031124337f598fbd13fd635d4307943f95e2b2be5fff3dc902e917,1,,true
387fcb0ab6031124337f598fbd13fd635d4307943f95e2b2be5fff3dc902e917,2,,false
9a267c7ae99096c9acb4274c57c78db18d6a51cbb4c3d70db1b03d8edda31f68,0,"Answer: 1

The image shows a stage with performers dressed in traditional attire, and a large screen displaying text in Arabic. The presence of musical instruments and the performers' dynamic poses suggest that this is a musical performance rather than a wedding ceremony or a celebration for Saudi National Day. Therefore, Statement 1 is the only one grounded in the image, making it true. Statements 2 and 3 are plausible-sounding but not supported by the visual evidence in the image.",true
9a267c7ae99096c9acb4274c57c78db18d6a51cbb4c3d70db1b03d8edda31f68,1,,false
9a267c7ae99096c9acb4274c57c78db18d6a51cbb4c3d70db1b03d8edda31f68,2,,false
75a2c118351401499f159f11ce5c1bbdf5fcfdd0d102310b20b9d0ebadeb2391,0,"Answer: 2

The tent city in the image is located in Mina, Saudi Arabia, and is used for the Hajj pilgrimage. This is evident from the large number of tents and the organized layout typical of the Hajj pilgrimage site. The presence of the mountain in the background also supports this location, as Mina is known to be situated near the holy mountain of Jannat al-Bakr.

Statement 1 is a hallucination because the tent city is not located in Dubai, UAE, and is not used for a cultural festival. The architecture and layout do not match the typical setup of a cultural festival in Dubai.

Statement 3 is also a hallucination because the tent city is not located in Cairo, Egypt, and is not used for a religious conference. The geographical features and the specific setup of the tents are not characteristic of a religious conference in Cairo.",false
75a2c118351401499f159f11ce5c1bbdf5fcfdd0d102310b20b9d0ebadeb2391,1,,true
75a2c118351401499f159f11ce5c1bbdf5fcfdd0d102310b20b9d0ebadeb2391,2,,false
5d77de1efc2f2eb9aa4c3bd9e6941af1ed864ee6410b31ff1c31a63a468456ed,0,"Answer: 2

The decorative object in the image is most likely made of wood. This is evident from the visible grain and texture of the material, which is characteristic of wood. The intricate carvings and the natural coloration further support this conclusion.

Statement 1: The decorative object in the image is most likely made of plastic. This is a hallucination because the image clearly shows the natural grain and texture of wood, not the uniform appearance of plastic.

Statement 3: The decorative object in the image is most likely made of metal. This is also a hallucination because the object has a natural wood appearance with visible grain and texture, which is not characteristic of metal.",false
5d77de1efc2f2eb9aa4c3bd9e6941af1ed864ee6410b31ff1c31a63a468456ed,1,,true
5d77de1efc2f2eb9aa4c3bd9e6941af1ed864ee6410b31ff1c31a63a468456ed,2,,false
920aef92030ba7a8e1376eb97b650eaaabd275eec84160cdef2dd09ac5734508,0,"Answer: 1

The mosque depicted in the image is Al-Masjid an-Nabawi in Medina. This is evident from the distinctive architectural features such as the tall minarets and the overall design that matches the known characteristics of Al-Masjid an-Nabawi. The presence of numerous worshippers and the layout of the mosque further support this identification.

Statement 2 is a hallucination because the Blue Mosque in Istanbul has a different architectural style and design, which is not depicted in the image.

Statement 3 is also a hallucination because the Sheikh Zayed Grand Mosque in Abu Dhabi has a unique design with a large central prayer hall and a massive dome, which is not represented in the image.",true
920aef92030ba7a8e1376eb97b650eaaabd275eec84160cdef2dd09ac5734508,1,,false
920aef92030ba7a8e1376eb97b650eaaabd275eec84160cdef2dd09ac5734508,2,,false
fd1fbb4b8a6c1b03c6e4750901821a04d462b950bd1616fe3ad86c9137f2f8ed,0,"Answer: 1

The fabric in the image is primarily styled as a skirt. This is evident from the image of the mannequin, which is dressed in a skirt featuring the same floral pattern as the fabric shown on the left side of the image. The skirt is designed to drape around the mannequin's waist and extend downwards, which is characteristic of a skirt. The other two statements are not supported by the image: the fabric is not styled as a tablecloth, and it is not styled as a scarf.",true
fd1fbb4b8a6c1b03c6e4750901821a04d462b950bd1616fe3ad86c9137f2f8ed,1,,false
fd1fbb4b8a6c1b03c6e4750901821a04d462b950bd1616fe3ad86c9137f2f8ed,2,,false
fb04c169f4bbdf83350c8ac6cfe3366122f0e2e6430cdfd4f08674e24e461e41,0,"Answer: 3

The gold bracelet in the image features floral designs. This is evident from the intricate patterns and shapes that resemble flowers and leaves, which are clearly visible in the image. The other two statements are not supported by the image. The bracelet does not feature geometric patterns or abstract shapes, as these would be more structured and less organic in appearance compared to the floral designs present.",false
fb04c169f4bbdf83350c8ac6cfe3366122f0e2e6430cdfd4f08674e24e461e41,1,,false
fb04c169f4bbdf83350c8ac6cfe3366122f0e2e6430cdfd4f08674e24e461e41,2,,true
942d84d386db40745cff838d7d493b0ee8dee6460148abec4bf54a2fce00a17d,0,"Answer: 3

The equipment shown in the image is a radiator pressure tester kit. This is evident from the presence of pressure gauges, hoses, and a pressure pump, which are typical components of a radiator pressure testing kit. The kit is designed to test the pressure within a radiator system, ensuring it is functioning correctly.

Statement 1: The equipment shown in the image is a medical diagnostic kit. This is a hallucination because the components shown in the image are not typically used for medical diagnostics. Medical diagnostic kits usually include items like blood test tubes, stethoscopes, and other medical instruments, none of which are visible in the image.

Statement 2: The equipment shown in the image is a plumbing repair kit. This is also a hallucination because the components shown in the image are not typical of a plumbing repair kit. Plumbing repair kits usually include items like wrenches, pliers, and various plumbing tools, which are not present in the image. Instead, the image shows pressure gauges and hoses, which are more indicative of a radiator pressure testing kit.",false
942d84d386db40745cff838d7d493b0ee8dee6460148abec4bf54a2fce00a17d,1,,false
942d84d386db40745cff838d7d493b0ee8dee6460148abec4bf54a2fce00a17d,2,,true
cccea5fa9634407807c3e4d32591a2b680025db49e92f1783be16d5891fdd7c0,0,"Answer: 1

The image prominently features stone walls with wooden beams. This is evident from the visible texture and material of the walls and the wooden beams supporting the roof. The other two statements are not supported by the image: there are no concrete walls with steel reinforcements, nor are there any glass walls with metal frames present.",true
cccea5fa9634407807c3e4d32591a2b680025db49e92f1783be16d5891fdd7c0,1,,false
cccea5fa9634407807c3e4d32591a2b680025db49e92f1783be16d5891fdd7c0,2,,false
a52f488750324e73ddc1ecf7ba11cc56427c46bda312d3e3ad9eb1a6387ed141,0,"Answer: 3

The image shows a man wearing traditional Middle Eastern attire, including a keffiyeh and a vest, sitting on a red carpet in a desert-like environment with reddish-brown rock formations in the background. This setting is consistent with a desert region in the Middle East. The other two statements are not supported by the visual evidence in the image.",false
a52f488750324e73ddc1ecf7ba11cc56427c46bda312d3e3ad9eb1a6387ed141,1,,false
a52f488750324e73ddc1ecf7ba11cc56427c46bda312d3e3ad9eb1a6387ed141,2,,true
4546038c51400534317edba9e80c46d890f1d160b259db81aa95d244ee2eb2c5,0,"Answer: 2

The people are observing a collection of historical swords and photographs in the museum. This statement is grounded in the image because the blue wall in the background displays historical swords and photographs, which are clearly visible and relevant to the scene.

Statement 1 is a hallucination because there are no natural history fossils visible in the image. The focus is on historical swords and photographs, not fossils.

Statement 3 is also a hallucination because there are no modern art paintings visible in the image. The wall displays historical items, not modern art.",false
4546038c51400534317edba9e80c46d890f1d160b259db81aa95d244ee2eb2c5,1,,true
4546038c51400534317edba9e80c46d890f1d160b259db81aa95d244ee2eb2c5,2,,false
7d086f02e50b795bd9959ef8410cfe219d96f1a781432b14fb49b0e5bab43987,0,"Answer: 2

The outfit in the image prominently features floral design embroidery. This is evident from the numerous floral patterns and designs present throughout the garment, including the skirt and the upper part of the outfit. The floral motifs are clearly visible and form a significant part of the overall design.

Statement 1 is a hallucination because there are no geometric patterns visible in the outfit. The embroidery is primarily floral, not geometric.

Statement 3 is also a hallucination because there are no abstract motifs present in the outfit. The design is clearly floral, not abstract.",false
7d086f02e50b795bd9959ef8410cfe219d96f1a781432b14fb49b0e5bab43987,1,,true
7d086f02e50b795bd9959ef8410cfe219d96f1a781432b14fb49b0e5bab43987,2,,false
38433f2ef250a6689b515dc31e39f992fdeb5d60b575488bfea9612461e5f705,0,"Answer: 1

The dish featured prominently in the image is stuffed bell peppers. This is evident from the image, which shows a dish that appears to be stuffed bell peppers, identifiable by the bell pepper shape and the filling visible inside. The other two statements are hallucinations because the image clearly shows stuffed bell peppers, not crispy spring rolls or grilled chicken skewers.",true
38433f2ef250a6689b515dc31e39f992fdeb5d60b575488bfea9612461e5f705,1,,false
38433f2ef250a6689b515dc31e39f992fdeb5d60b575488bfea9612461e5f705,2,,false
91ba16b5ee2facf6086b8f44268ef89a0283d3e5c2fa9706522ac3df6a817290,0,"Answer: 2

The 'Youth X Hub' building prominently features a decorative lattice structure. This statement is grounded in the image as the building has a lattice structure visible on the exterior. The other two statements are not supported by the image: there is no glass dome and no rooftop garden visible.",false
91ba16b5ee2facf6086b8f44268ef89a0283d3e5c2fa9706522ac3df6a817290,1,,true
91ba16b5ee2facf6086b8f44268ef89a0283d3e5c2fa9706522ac3df6a817290,2,,false
8d8752a06a54b4d752df6282643655cae228264545b639e143e0bd837207a20a,0,"Answer: 2

Step-by-step explanation:

1. Statement 1: Dried fruits and nuts are commonly sold in markets because they require refrigeration at all times.
   - This statement is false. Dried fruits and nuts do not require refrigeration at all times. They are typically sold in markets because they have a long shelf life and are easy to transport, which is why Statement 2 is true.

2. Statement 2: Dried fruits and nuts are commonly sold in markets because they have a long shelf life and are easy to transport.
   - This statement is true. Dried fruits and nuts are often sold in markets because they have a long shelf life and are easy to transport, making them convenient for vendors and consumers alike.

3. Statement 3: Dried fruits and nuts are commonly sold in markets because they are only used during special festivals.
   - This statement is false. While dried fruits and nuts may be used during special festivals, they are not exclusively sold for such occasions. They are commonly found in markets for everyday consumption and are part of a variety of dishes and snacks.",false
8d8752a06a54b4d752df6282643655cae228264545b639e143e0bd837207a20a,1,,true
8d8752a06a54b4d752df6282643655cae228264545b639e143e0bd837207a20a,2,,false
65982bc2a0553f7635aec12e75c2cc4564bf363d5fb861500125892df2eee95c,0,"Answer: 3

The presence of palm trees and dry vegetation in the image suggests that the climate of this area is warm and dry. This is because palm trees typically thrive in warm, tropical climates, and the dry vegetation indicates a lack of significant rainfall. The other two statements are hallucinations because the climate described in them does not match the visual evidence provided by the image. Cold and snowy climates would not support palm trees, and while tropical and humid climates could support palm trees, the dry vegetation suggests a different climate.",false
65982bc2a0553f7635aec12e75c2cc4564bf363d5fb861500125892df2eee95c,1,,false
65982bc2a0553f7635aec12e75c2cc4564bf363d5fb861500125892df2eee95c,2,,true
ce5ee8bd5d19df0355145536f7d248ff095c30426fcb7a785dcd09e6e591047c,0,"Answer: 1

The wrestling match is likely set in an outdoor sandy arena. This statement is grounded in the image because the ground appears to be sandy, which is typical for outdoor wrestling arenas. The presence of spectators and the open-air environment further support this conclusion.

Statement 2: The wrestling match is likely set in an indoor gymnasium. This statement is a hallucination because the image clearly shows an outdoor setting with sand, not an indoor gymnasium.

Statement 3: The wrestling match is likely set on concrete pavement. This statement is also a hallucination because the ground is visibly sandy, not concrete pavement.",true
ce5ee8bd5d19df0355145536f7d248ff095c30426fcb7a785dcd09e6e591047c,1,,false
ce5ee8bd5d19df0355145536f7d248ff095c30426fcb7a785dcd09e6e591047c,2,,false
9fa0356604435740b33ca6f657dcdc97f25596aa6f1868d6d353a37e573ede62,0,"Answer: 3

The image shows a group of people riding camels in a desert environment, which is a common sight in many parts of the Arab world. This suggests that it is a regular day in the desert rather than a ceremonial procession or a camel racing competition. The camels are not equipped for racing, and the riders are not dressed in ceremonial attire. Therefore, Statement 1 and Statement 2 are hallucinations, while Statement 3 is grounded in the image.",false
9fa0356604435740b33ca6f657dcdc97f25596aa6f1868d6d353a37e573ede62,1,,false
9fa0356604435740b33ca6f657dcdc97f25596aa6f1868d6d353a37e573ede62,2,,true
ec047ea17a31f8211da18782a6ac4405763eba5c693308ed8d44b6e47565ddfd,0,"Answer: 3

The primary focus of the gathering in the square is displaying a Palestinian flag. This is evident from the large flag prominently displayed in the center of the square. The flag is a clear symbol and focal point of the gathering, indicating that the event is centered around this symbol.

Statement 1: The primary focus of the gathering in the square is protesting against transportation issues. This statement is a hallucination because there is no visible evidence in the image that the gathering is focused on transportation issues. The people are gathered around the flag, not around any transportation-related activities or signs.

Statement 2: The primary focus of the gathering in the square is celebrating a cultural festival. This statement is also a hallucination because there is no indication in the image that the gathering is a cultural festival. The presence of the flag suggests a political or nationalistic gathering rather than a cultural celebration.

Therefore, the only statement grounded in the image is Statement 3, which correctly identifies the primary focus of the gathering as displaying a Palestinian flag.",false
ec047ea17a31f8211da18782a6ac4405763eba5c693308ed8d44b6e47565ddfd,1,,false
ec047ea17a31f8211da18782a6ac4405763eba5c693308ed8d44b6e47565ddfd,2,,true
c14b317ae06fb7e4e22fd6011c4e896b9c5eedb0c967fdf2865908bf5ebc9ee5,0,"Answer: 2

The designs on this ceramic dish were most likely created using hand-painting. The intricate and detailed nature of the patterns, along with the variety of colors and the organic shapes, suggest a level of artistry and complexity that is typically associated with hand-painting. The irregularities and variations in the patterns further support the idea that they were crafted by hand rather than through machine printing or embossing.

Statement 1 is a hallucination because embossing typically involves creating designs by pressing a design into a material, which does not produce the vibrant and varied colors seen in this dish.

Statement 3 is also a hallucination because machine printing involves the use of machinery to apply designs uniformly and consistently, which does not match the unique and varied patterns observed in the image.",false
c14b317ae06fb7e4e22fd6011c4e896b9c5eedb0c967fdf2865908bf5ebc9ee5,1,,true
c14b317ae06fb7e4e22fd6011c4e896b9c5eedb0c967fdf2865908bf5ebc9ee5,2,,false
a948ef0275f5de455a887613e3342466f92f9da11f2bf2bb0871ea1d39868fcc,0,"Answer: 1

The graves surrounding the green-domed buildings are part of a cemetery associated with the religious site. This statement is grounded in the image because the graves are clearly visible and are located around the religious buildings, indicating that they are part of the cemetery associated with the site.

Statement 2: The graves surrounding the green-domed buildings are decorative features of the landscape. This statement is a hallucination because the graves are not merely decorative; they are clearly intended for burial purposes, as evidenced by their placement around the religious buildings and their distinct shapes.

Statement 3: The graves surrounding the green-domed buildings are unused burial plots awaiting future use. This statement is also a hallucination because the graves appear to be in use, as they are located around the religious buildings and are not empty or unused.",true
a948ef0275f5de455a887613e3342466f92f9da11f2bf2bb0871ea1d39868fcc,1,,false
a948ef0275f5de455a887613e3342466f92f9da11f2bf2bb0871ea1d39868fcc,2,,false
b3898428f17dbc016a708ae929613d8e9125734e7fada409d2d8e2fcbe319129,0,"Answer: 1

Step-by-step explanation:

1. Statement 1: True or False: A shoreline with people and a boat can be seen in the background of the image.
   - Grounded: The image clearly shows a shoreline in the background with people and a boat. This makes the statement true.

2. Statement 2: True or False: A forest with wildlife can be seen in the background of the image.
   - Hallucination: There is no visible forest or wildlife in the background of the image. The background shows a shoreline and people, not a forest.

3. Statement 3: True or False: A desert landscape can be seen in the background of the image.
   - Hallucination: The background of the image shows a shoreline and people, not a desert landscape. There are no desert elements visible in the image.",true
b3898428f17dbc016a708ae929613d8e9125734e7fada409d2d8e2fcbe319129,1,,false
b3898428f17dbc016a708ae929613d8e9125734e7fada409d2d8e2fcbe319129,2,,false
fe5a007551a94df8a5c2ce4ea508668f37450192ecc2c0fcf934f6ceba2061d8,0,"Answer: 1

The adobe-style buildings in the background are most likely used for storage for goods. This is grounded in the image as the buildings appear to be large and open, which is typical for storage facilities. They do not have the appearance of modern shopping malls, which would likely have more modern architecture and signage. Additionally, the buildings do not have the characteristics of residential housing, which would typically include windows, doors, and more compact structures.

Statement 2: The adobe-style buildings in the background are most likely used for residential housing. This is a plausible-sounding hallucination because the buildings do not have the typical features of residential housing, such as windows and doors.

Statement 3: The adobe-style buildings in the background are most likely used as a modern shopping mall. This is a plausible-sounding hallucination because the buildings do not have the appearance of modern shopping malls, which would likely have more modern architecture and signage.",true
fe5a007551a94df8a5c2ce4ea508668f37450192ecc2c0fcf934f6ceba2061d8,1,,false
fe5a007551a94df8a5c2ce4ea508668f37450192ecc2c0fcf934f6ceba2061d8,2,,false
b3ee6f299203a214f949dc79fe28f4f4faa3073d707da583caf770db2dc7b921,0,"Answer: 1

These sheets of dried bark or fiber material could be associated with boat construction in water transport. This statement is grounded because the image shows a piece of material that could be used in the construction of boats. The material appears to be sturdy and flexible, which are desirable properties for boat construction.

The other two statements are plausible-sounding hallucinations because:

Statement 2: These sheets of dried bark or fiber material could be associated with fishing nets in water transport. This is unlikely because the material shown in the image does not have the specific shape or structure typically used in fishing nets.

Statement 3: These sheets of dried bark or fiber material could be associated with buoys in water transport. This is also unlikely because the material shown in the image does not have the specific shape or structure typically used in buoys.",true
b3ee6f299203a214f949dc79fe28f4f4faa3073d707da583caf770db2dc7b921,1,,false
b3ee6f299203a214f949dc79fe28f4f4faa3073d707da583caf770db2dc7b921,2,,false
f89f089a55f3629d84f841e93d319656eac7fb024677013d813d9d0538a36300,0,"Answer: 2

The river where the kayaking activity is happening is surrounded by rocky terrain with dry hills. This statement is grounded in the image as it clearly shows a rocky and dry landscape with hills surrounding the river.

Statement 1 is a hallucination because the image does not show dense forest or lush greenery surrounding the river. Instead, it shows rocky and dry terrain.

Statement 3 is also a hallucination because the image does not show snow-covered mountains surrounding the river. The mountains in the background are not covered in snow but appear to be dry and rocky.",false
f89f089a55f3629d84f841e93d319656eac7fb024677013d813d9d0538a36300,1,,true
f89f089a55f3629d84f841e93d319656eac7fb024677013d813d9d0538a36300,2,,false
66ccd26487e0649344ce1f939c1f3c6cab41f31a02879cf65c895edfa4966685,0,"Answer: 2

The barrier shown in the background of the image serves multiple purposes, including protecting spectators from the puck and displaying advertisements. This is evident from the advertisements visible on the barrier, as well as the physical design intended to shield the audience from flying pucks. The other two statements are plausible but not directly supported by the image, making them hallucinations.",false
66ccd26487e0649344ce1f939c1f3c6cab41f31a02879cf65c895edfa4966685,1,,true
66ccd26487e0649344ce1f939c1f3c6cab41f31a02879cf65c895edfa4966685,2,,false
84a50fc71eca5fd72072011f57e6a998e1cf2842586e03b8cc1ee62ff85712fc,0,"Answer: 2

The pyramids shown in the image are located in Egypt. This is evident from the distinctive architectural style and the recognizable landscape that is typical of the Giza Plateau in Egypt, where the Great Pyramids of Giza are located. The presence of the Nile River in the background further supports this location.

Statement 1: The pyramids shown in the image are located in Morocco. This is a hallucination because the architectural style and landscape do not match those found in Morocco. Morocco does not have pyramids of the same style as those in Egypt.

Statement 3: The pyramids shown in the image are located in Sudan. This is also a hallucination because while Sudan does have ancient pyramids, they are not of the same style as those in Egypt. The pyramids in Sudan are part of the Meroitic culture and are distinct from the pyramids in Egypt.",false
84a50fc71eca5fd72072011f57e6a998e1cf2842586e03b8cc1ee62ff85712fc,1,,true
84a50fc71eca5fd72072011f57e6a998e1cf2842586e03b8cc1ee62ff85712fc,2,,false
13c74d20a3b76608ef277bc7c80dbd8a4ba6d3d2c07a37e8e56a92a03f2a110e,0,"Answer: 3

The primary purpose of the inflatable boat shown in the image is rescue operations during floods. This is evident from the image, where individuals in uniforms are using the boat to rescue people from the flooded area. The presence of people in life vests and the urgency of the situation further support this purpose.

Statement 1: The primary purpose of the inflatable boat shown in the image is recreational boating in urban areas. This is a hallucination because the image clearly shows the boat being used for rescue operations, not recreational boating.

Statement 2: The primary purpose of the inflatable boat shown in the image is fishing in flooded areas. This is also a hallucination because there is no indication in the image that the boat is being used for fishing. The focus is on rescue and evacuation, not fishing activities.",false
13c74d20a3b76608ef277bc7c80dbd8a4ba6d3d2c07a37e8e56a92a03f2a110e,1,,false
13c74d20a3b76608ef277bc7c80dbd8a4ba6d3d2c07a37e8e56a92a03f2a110e,2,,true
68290e9fbd73c198beef550c3590494594b55824662534cbf1057ac4b89997c1,0,"Answer: 3

The buildings lining the street in this image most prominently feature half-timbered (Tudor-style) architecture. This is evident from the distinctive half-timbered design of the buildings, which is a hallmark of Tudor-style architecture. The image shows buildings with exposed wooden beams and filled spaces, which are characteristic of this architectural style.

Statement 1 is a hallucination because the buildings do not feature modern glass and steel architecture. Instead, they showcase a traditional and historical design.

Statement 2 is also a hallucination because the buildings do not feature brutalist concrete architecture. Brutalism is characterized by raw concrete and geometric forms, which are not present in the buildings shown in the image.",false
68290e9fbd73c198beef550c3590494594b55824662534cbf1057ac4b89997c1,1,,false
68290e9fbd73c198beef550c3590494594b55824662534cbf1057ac4b89997c1,2,,true
d906c249a76d86d8198ebe5124774aa4a71e475fd6d7eedbb301943fdbdcbfda,0,"Answer: 1

Step-by-step explanation:

1. Statement 1: True or False: Clouds and the sky are typically visible from an airplane window during flight.
   - Grounded: This statement is true. The image shows a view of clouds and the sky from an airplane window, which is a common sight during flight.

2. Statement 2: True or False: The interior of the airplane wing is typically visible from an airplane window during flight.
   - Hallucination: This statement is false. The interior of the airplane wing is not typically visible from an airplane window during flight. The window provides a view of the sky and clouds, but not the internal structure of the wing.

3. Statement 3: True or False: A view of the ground and cities below is typically visible from an airplane window during flight.
   - Hallucination: This statement is false. While it is possible to see the ground and cities below during flight, especially during landing or takeoff, the image does not show this view. The image shows a view of clouds and the sky, not the ground or cities.",true
d906c249a76d86d8198ebe5124774aa4a71e475fd6d7eedbb301943fdbdcbfda,1,,false
d906c249a76d86d8198ebe5124774aa4a71e475fd6d7eedbb301943fdbdcbfda,2,,false
5fa4904dab3408f157947154434998f56341b61c550045900582cab249b02c6d,0,"Answer: 3

The most prominent feature visible on the light-skinned hand in the image is a diamond ring. This is evident as the ring is clearly visible on the ring finger of the hand. The other two statements are not supported by the image. There is no visible tattoo or bracelet on the light-skinned hand.",false
5fa4904dab3408f157947154434998f56341b61c550045900582cab249b02c6d,1,,false
5fa4904dab3408f157947154434998f56341b61c550045900582cab249b02c6d,2,,true
263ea61e67545788e3ab77e4b4cf9e48b16bb763d977bc99beb8563c92597bb7,0,"Answer: 2

Catalytic converters are commonly constructed from aluminum. This is because aluminum is lightweight and has good thermal conductivity, which makes it ideal for this application. The image shows a catalytic converter, which appears to be made of aluminum, as indicated by its shiny, metallic surface.

Statement 1 is a hallucination because titanium is not commonly used for catalytic converters due to its high cost and lower thermal conductivity compared to aluminum.

Statement 3 is also a hallucination because steel is not a common material for catalytic converters. While some parts of the converter might be made from steel, the main body is typically aluminum.",false
263ea61e67545788e3ab77e4b4cf9e48b16bb763d977bc99beb8563c92597bb7,1,,true
263ea61e67545788e3ab77e4b4cf9e48b16bb763d977bc99beb8563c92597bb7,2,,false
0b768a050a37d0b2c7414ff81ddf4e6c26e7fffa0d484b0e0e2fdaac8c68df0b,0,"Answer: 1

Step-by-step explanation:

1. The image shows a group of people, including a man, a woman, and a young girl, standing outdoors near a building. This setting is consistent with a casual family outing, where people might gather to spend time together in an outdoor environment.

2. The image does not provide any visual cues that suggest a business meeting, such as documents, laptops, or formal business attire. The people in the image are dressed in casual and semi-formal clothing, which is more typical for a family outing than a business meeting.

3. There are no religious symbols, attire, or decorations that would indicate a religious ceremony. The people in the image are dressed in everyday clothing and are holding a bouquet of flowers, which is more indicative of a celebratory or social event rather than a religious ceremony.

Therefore, Statement 1 is the only statement grounded in the image, making it true. Statements 2 and 3 are plausible-sounding but not supported by the visual evidence in the image, making them false.",true
0b768a050a37d0b2c7414ff81ddf4e6c26e7fffa0d484b0e0e2fdaac8c68df0b,1,,false
0b768a050a37d0b2c7414ff81ddf4e6c26e7fffa0d484b0e0e2fdaac8c68df0b,2,,false
48ca5f9679df64f81542f072909075f9e89a0136bf28d009e9de8f7c464ecdd2,0,"Answer: 1

The airplane shown in the image is likely used for passenger travel. This is grounded in the image because the aircraft has a design typical of commercial passenger planes, including a large fuselage, multiple windows, and a high-wing configuration. These features are characteristic of aircraft designed to carry passengers.

Statement 2: The airplane shown in the image is likely used for cargo transport. This is a plausible-sounding hallucination because the design of the aircraft does not specifically indicate that it is used for cargo transport. The presence of windows and the overall structure suggest it is designed for passenger use rather than cargo.

Statement 3: The airplane shown in the image is likely used for military operations. This is also a plausible-sounding hallucination because the aircraft does not have any visible military markings or features that would indicate its use for military purposes. The design and appearance are consistent with a commercial passenger aircraft.",true
48ca5f9679df64f81542f072909075f9e89a0136bf28d009e9de8f7c464ecdd2,1,,false
48ca5f9679df64f81542f072909075f9e89a0136bf28d009e9de8f7c464ecdd2,2,,false
274ce81b15c1748da00a56ff68068135e66f521eda4df71db2b876396ae2dc94,0,"Answer: 2

The structure depicted in the image is a historical minaret or fortification. This is evident from the architectural style and features visible in the image. The structure has a tall, narrow tower with a balcony and a conical roof, which are characteristic of traditional minarets or fortifications found in many parts of the Arab world. The presence of a door and a small window further supports this identification.

Statement 1: The structure depicted in the image is a modern skyscraper. This is a hallucination because the structure does not have the characteristics of a modern skyscraper, such as a wide base, numerous floors, and a contemporary design.

Statement 3: The structure depicted in the image is a lighthouse. This is also a hallucination because the structure does not have the typical features of a lighthouse, such as a large, cylindrical shape, a lantern room at the top, and a surrounding platform for the light.",false
274ce81b15c1748da00a56ff68068135e66f521eda4df71db2b876396ae2dc94,1,,true
274ce81b15c1748da00a56ff68068135e66f521eda4df71db2b876396ae2dc94,2,,false
d76285f3c1ed4022b169ed928d1fb2b2aa55c78c086e5941836b217b1590e589,0,"Answer: 1

The ancient statue is made of bronze. This statement is grounded in the image because the statue has a reddish-brown coloration and a patina that is characteristic of bronze. The texture and the way the material has aged also support this conclusion.

The other two statements are hallucinations because the statue does not exhibit the characteristics of marble or wood. Marble typically has a smooth, glossy finish and a more uniform color, while wood would have a different texture and appearance, often with visible grain patterns.",true
d76285f3c1ed4022b169ed928d1fb2b2aa55c78c086e5941836b217b1590e589,1,,false
d76285f3c1ed4022b169ed928d1fb2b2aa55c78c086e5941836b217b1590e589,2,,false
fd5aced68ebf575fa1eba6542764fcfaf2bf59488d0d438c7ef740a5a810fa66,0,"Answer: 3

Step-by-step explanation:

1. Statement 1: Tent shelters are predominantly visible in the image.
   - This statement is false. The image shows traditional huts and makeshift shelters, not tent shelters. The huts are constructed with materials like wood and thatch, which are typical of traditional construction methods.

2. Statement 2: Modern apartment buildings are predominantly visible in the image.
   - This statement is false. There are no modern apartment buildings visible in the image. The structures shown are traditional and makeshift, not modern high-rise buildings.

3. Statement 3: Traditional huts are predominantly visible in the image.
   - This statement is true. The image shows several traditional huts made of wood and thatch, which are characteristic of rural or traditional living conditions. These huts are the primary structures visible in the image.",false
fd5aced68ebf575fa1eba6542764fcfaf2bf59488d0d438c7ef740a5a810fa66,1,,false
fd5aced68ebf575fa1eba6542764fcfaf2bf59488d0d438c7ef740a5a810fa66,2,,true
59abf574ec92cadecdbfb126c36763759a06e75d9c8a72bda5080d2bee98d126,0,"Answer: 2

The individuals in the image are most likely performing a Sufi whirling ceremony. This is grounded in the image because they are wearing traditional Sufi attire, including turbans and flowing robes, and are engaged in a dance-like movement that is characteristic of Sufi whirling.

Statement 1: The individuals in the image are most likely performing a military parade. This is a hallucination because there is no indication of military uniforms or equipment, and the attire and movements are not consistent with a military parade.

Statement 3: The individuals in the image are most likely performing a traditional wedding dance. This is also a hallucination because the attire and setting do not resemble traditional wedding attire or a wedding setting, and the movements are more indicative of a ceremonial dance like Sufi whirling.",false
59abf574ec92cadecdbfb126c36763759a06e75d9c8a72bda5080d2bee98d126,1,,true
59abf574ec92cadecdbfb126c36763759a06e75d9c8a72bda5080d2bee98d126,2,,false
e409e79d6f7a916177ddbb3392c84e50e814a36912bc0e907758be43263fce1d,0,"Answer: 1

The purple pot has a design resembling a household object. This statement is grounded in the image because the pot has a shape that resembles a household object, specifically a lamp or a candle holder. The other two statements are hallucinations because the green and white pots do not have designs that resemble household objects. The green pot has a plain design, and the white pot has a design that resembles a plant or a tree, not a household object.",true
e409e79d6f7a916177ddbb3392c84e50e814a36912bc0e907758be43263fce1d,1,,false
e409e79d6f7a916177ddbb3392c84e50e814a36912bc0e907758be43263fce1d,2,,false
8b68eac5b2fc888e20f3e37588a4d7be5016805de0c84a1c5b34e70c41b752ee,0,"Answer: 2

The image most likely depicts a holiday festival. This is because the image shows a decorated area with lights and festive decorations, which are typical of holiday celebrations. The presence of Christmas trees and lights, along with the overall festive atmosphere, strongly suggests that this is a holiday festival.

Statement 1: The image most likely depicts a business conference. This is a hallucination because there are no elements in the image that suggest a business conference, such as tables, chairs, or people engaged in discussions.

Statement 3: The image most likely depicts a sports event. This is also a hallucination because there are no elements in the image that suggest a sports event, such as a field, athletes, or sports equipment.",false
8b68eac5b2fc888e20f3e37588a4d7be5016805de0c84a1c5b34e70c41b752ee,1,,true
8b68eac5b2fc888e20f3e37588a4d7be5016805de0c84a1c5b34e70c41b752ee,2,,false
299318da3baaf4c5b12d108fc5f21635c1db075a227042aaae53dca5a0173128,0,"Answer: 2

The event depicted in the image is a religious ceremony near a mosque. This is grounded in the image as there are numerous people gathered around a large dome structure, which is commonly associated with mosques in the Arab world. The attire of the people, including traditional Islamic clothing, further supports the religious nature of the event.

Statement 1: The event depicted in the image is a political rally in a city. This is a plausible-sounding hallucination because there is no clear indication of political banners, speeches, or any political figures in the image. The focus is on the religious structure and the crowd's attire.

Statement 3: The event depicted in the image is a music festival in a park. This is also a plausible-sounding hallucination because there is no evidence of musical instruments, stages, or any typical elements associated with music festivals. The setting appears to be a religious site, not a park.",false
299318da3baaf4c5b12d108fc5f21635c1db075a227042aaae53dca5a0173128,1,,true
299318da3baaf4c5b12d108fc5f21635c1db075a227042aaae53dca5a0173128,2,,false
5c7ab4ab377c60ef8fadb34d212098f9ce730f10ae01b6f4ae11a6a4ccd47eb8,0,"Answer: 1

The artifact in the image appears to be primarily made of gold, as evidenced by the golden color and the intricate gold detailing visible on the surface. The other two statements are plausible-sounding hallucinations because the artifact does not appear to be primarily made of wood or silver, which are not the dominant colors or materials visible in the image.",true
5c7ab4ab377c60ef8fadb34d212098f9ce730f10ae01b6f4ae11a6a4ccd47eb8,1,,false
5c7ab4ab377c60ef8fadb34d212098f9ce730f10ae01b6f4ae11a6a4ccd47eb8,2,,false
44aa94694c6dee820cddd87766c92fb7b509c42064871fea2fb885f59a979dc8,0,"Answer: 3

1. Warner Bros is mentioned on the labels of the film reels in the image.
   - This statement is false. There is no mention of Warner Bros on the labels of the film reels in the image.

2. Universal Pictures is mentioned on the labels of the film reels in the image.
   - This statement is false. There is no mention of Universal Pictures on the labels of the film reels in the image.

3. Paramount Oxford Films is mentioned on the labels of the film reels in the image.
   - This statement is true. The labels on the film reels clearly show ""Paramount Oxford Films"" as the producer.",false
44aa94694c6dee820cddd87766c92fb7b509c42064871fea2fb885f59a979dc8,1,,false
44aa94694c6dee820cddd87766c92fb7b509c42064871fea2fb885f59a979dc8,2,,true
0465396f13330c509dd7b8bea6ba23ae51b3350bb409e3fc06484c80bfa38ddf,0,"Answer: 1

The people in the image are wearing traditional clothing. This is evident from the attire they are wearing, which includes traditional garments such as the keffiyeh, thobe, and agal, commonly worn in the Arab world. The presence of these traditional items of clothing makes Statement 1 true.

Statement 2 is false because the people are not wearing formal business attire. Formal business attire typically includes suits, ties, and dress shirts, which are not present in the image.

Statement 3 is also false because the people are not wearing casual clothing. Casual clothing generally refers to everyday, informal wear such as jeans, t-shirts, and sneakers, which are not the attire worn by the individuals in the image.",true
0465396f13330c509dd7b8bea6ba23ae51b3350bb409e3fc06484c80bfa38ddf,1,,false
0465396f13330c509dd7b8bea6ba23ae51b3350bb409e3fc06484c80bfa38ddf,2,,false
f2c8265a06afd99374ef169e7f5486a439ace5ba812b871b2b5fb666343afed0,0,"Answer: 3

The soap bars shown in the image are likely intended for personal hygiene. This is grounded in the image because the soap bars are being held by human hands, which implies their use for personal hygiene purposes. The presence of water on the hands further supports this, as it is common for people to use soap for cleaning and hygiene.

Statement 1: The soap bars shown in the image are likely intended for cooking purposes. This is a hallucination because the image does not show any cooking context or equipment, and soap is not typically used for cooking.

Statement 2: The soap bars shown in the image are likely intended for decorative use. This is also a hallucination because the image does not show any decorative context or setting, and soap is not typically used for decorative purposes.",false
f2c8265a06afd99374ef169e7f5486a439ace5ba812b871b2b5fb666343afed0,1,,false
f2c8265a06afd99374ef169e7f5486a439ace5ba812b871b2b5fb666343afed0,2,,true
c6f3d6b43f545109a9b4afd16a519a4b7bcfe3da07669fd8913dcc6f5a37dc2f,0,"Answer: 3

The image shows a scene with significant destruction and debris, which strongly suggests that it is set in a war-affected area. The presence of rubble, damaged structures, and the overall desolate environment are indicative of a region that has experienced conflict or bombing. The individuals in the image appear to be in a state of distress or displacement, which is common in war zones.

Statement 1: The image is likely set in a recreational park. This statement is a hallucination because the image clearly shows a scene of destruction and debris, which is not characteristic of a recreational park.

Statement 2: The image is likely set in a construction site. This statement is also a hallucination because the image shows significant damage and destruction, which is not typical of a construction site. Construction sites usually have ongoing work and machinery, not the extensive destruction seen in the image.

Statement 3: The image is likely set in a war-affected area. This statement is grounded in the image because the scene depicted is consistent with the aftermath of a war or bombing, with significant destruction and debris scattered throughout the area. The individuals in the image also appear to be in a state of distress or displacement, which is common in war zones.",false
c6f3d6b43f545109a9b4afd16a519a4b7bcfe3da07669fd8913dcc6f5a37dc2f,1,,false
c6f3d6b43f545109a9b4afd16a519a4b7bcfe3da07669fd8913dcc6f5a37dc2f,2,,true
5d8d448de9ba55be2a0343ddbd72e50ab7598a228170e85e96af4b6f055e309e,0,"Answer: 2

The people in the image are relaxing in their hotel room with a beverage. This statement is grounded in the image because the individuals are dressed in robes, which are typically provided in hotel rooms for guests to wear during their stay. The setting appears to be a hotel room, and the relaxed posture of the individuals suggests they are unwinding.

Statement 1 is a hallucination because there is no evidence in the image that the people are preparing for a formal event. They are simply standing near the window, not engaging in any preparation activities.

Statement 3 is also a hallucination because there is no kitchen or cooking utensils visible in the image. The setting appears to be a hotel room, not a kitchen, and there are no signs of cooking or breakfast preparation.",false
5d8d448de9ba55be2a0343ddbd72e50ab7598a228170e85e96af4b6f055e309e,1,,true
5d8d448de9ba55be2a0343ddbd72e50ab7598a228170e85e96af4b6f055e309e,2,,false
f1febbc3342d1e75730effa090ad15f07a831e23903347b46ad357376885c5af,0,"Answer: 3

The courtyard in the image appears to be a place for social gatherings and relaxation. This is evident from the presence of benches and tables, which are typically used for people to sit and interact. The overall design and layout of the courtyard, with its open space and seating arrangements, support the idea of it being a place for social activities and relaxation.

Statement 1: The primary function of the courtyard is to serve as a ceremonial space for religious rituals. This statement is a hallucination because there are no visible religious symbols or structures that indicate the courtyard is used for religious ceremonies.

Statement 2: The primary function of the courtyard is to serve as a marketplace for trading goods. This statement is also a hallucination because there are no visible stalls, goods, or any indication that the courtyard is used for trading or commerce. The presence of benches and tables further supports the idea that it is a space for social activities rather than commerce.",false
f1febbc3342d1e75730effa090ad15f07a831e23903347b46ad357376885c5af,1,,false
f1febbc3342d1e75730effa090ad15f07a831e23903347b46ad357376885c5af,2,,true
88e6ab4466b163edc28f32f6041caeab81fd11eb6c942204fdaa0fd3b8faf518,0,"Answer: 2

The garnish visible on the meat in the image is cilantro. This is evident from the green, leafy appearance of the garnish, which matches the typical look of cilantro. The other two statements are hallucinations because basil and parsley have distinctly different appearances compared to the garnish in the image. Basil leaves are usually larger and more rounded, while parsley has a more delicate, flat appearance.",false
88e6ab4466b163edc28f32f6041caeab81fd11eb6c942204fdaa0fd3b8faf518,1,,true
88e6ab4466b163edc28f32f6041caeab81fd11eb6c942204fdaa0fd3b8faf518,2,,false
7534655fa310f33caf1fec5fac55e2d6212dc97c95403143b3b7d759e2696f5c,0,"Answer: 1

The knife shown in the image is a Japanese knife, commonly known as a ""sushi knife"" or ""sashimi knife."" This type of knife is specifically designed for slicing sushi and sashimi, which are traditional Japanese dishes made with raw fish and other ingredients. The blade is sharp and thin, making it ideal for cutting delicate foods like fish and vegetables.

Statement 2: The primary purpose of the knife shown in the image is carving wood. This statement is a hallucination because the knife is not designed for wood carving. Wood carving knives typically have a different shape and design, with a broader blade and a more robust handle.

Statement 3: The primary purpose of the knife shown in the image is peeling fruits. This statement is also a hallucination because the knife is not designed for peeling fruits. Peeling knives are typically used for removing the skin from fruits and vegetables, and they have a different shape and design compared to the sushi knife shown in the image.",true
7534655fa310f33caf1fec5fac55e2d6212dc97c95403143b3b7d759e2696f5c,1,,false
7534655fa310f33caf1fec5fac55e2d6212dc97c95403143b3b7d759e2696f5c,2,,false
7e26097b385f2f17d8145e92c38cf7396b0925aa0df363eafb87856217faabf1,0,"Answer: 2

The main purpose of the tiered serving tray is to organize and display a variety of food items. This is evident from the image, which shows the tray holding different types of food such as scones, sandwiches, pastries, and fruits, all neatly arranged for presentation.

Statement 1 is a hallucination because the main purpose of the tiered serving tray is not to store food for later use, but rather to display and serve food in an organized manner.

Statement 3 is also a hallucination because the main purpose of the tiered serving tray is not to serve drinks like tea and coffee. While the tray does include a teapot and a cup, these items are not the primary focus of the tray, which is primarily for food items.",false
7e26097b385f2f17d8145e92c38cf7396b0925aa0df363eafb87856217faabf1,1,,true
7e26097b385f2f17d8145e92c38cf7396b0925aa0df363eafb87856217faabf1,2,,false
99f5956ed157c88bbf27967fdfc67c62db84115a3e9cd7c40541f73808ae7ea9,0,"Answer: 1

Step-by-step explanation:

1. **Statement 1: Baklava is a sweet pastry made with layers of dough.**
   - This statement is grounded in the image. The image shows what appears to be baklava, a traditional sweet pastry known for its multiple layers of dough and syrup or honey. The golden-brown color and the visible layers of dough are characteristic of baklava.

2. **Statement 2: Baklava is a savory dish made with meat.**
   - This statement is a hallucination. Baklava is traditionally a sweet pastry, not a savory dish, and it does not typically contain meat. The image clearly shows a sweet-looking pastry, not a savory dish with meat.

3. **Statement 3: Baklava is a beverage served cold.**
   - This statement is also a hallucination. Baklava is a pastry, not a beverage, and it is typically served warm or at room temperature, not cold. The image shows a pastry, not a cold beverage.

Therefore, the only statement grounded in the image is Statement 1.",true
99f5956ed157c88bbf27967fdfc67c62db84115a3e9cd7c40541f73808ae7ea9,1,,false
99f5956ed157c88bbf27967fdfc67c62db84115a3e9cd7c40541f73808ae7ea9,2,,false
7be81522c0fd20352dede1739fccc3f0038195701e040e02a489a51f79696a7a,0,"Answer: 2

Step-by-step explanation:

1. The image shows ruins of ancient structures, which are indicative of an ancient temple. This makes Statement 2 true.
2. There is no visible modern church in the foreground of the image, making Statement 1 false.
3. The image does not show a medieval castle in the foreground, making Statement 3 false.",false
7be81522c0fd20352dede1739fccc3f0038195701e040e02a489a51f79696a7a,1,,true
7be81522c0fd20352dede1739fccc3f0038195701e040e02a489a51f79696a7a,2,,false
ecb9ccd3bb7c6f5b9b1db6b64215266ce53454994fc0eeee58eb38b0544814ce,0,"Answer: 2

The interaction captured in the image is likely a guided discussion in an art gallery. This is grounded in the image as the individuals are standing in front of framed artworks, suggesting they are in an art gallery. The woman is pointing at one of the paintings, indicating she is explaining or discussing it, which aligns with a guided discussion.

Statement 1 is a hallucination because there is no indication in the image that the interaction is a business meeting unrelated to art. The setting and context suggest an art-related activity.

Statement 3 is also a hallucination because the interaction does not appear to be casual. The woman's gesture and the man's attentive posture suggest a more formal or guided discussion rather than a casual conversation.",false
ecb9ccd3bb7c6f5b9b1db6b64215266ce53454994fc0eeee58eb38b0544814ce,1,,true
ecb9ccd3bb7c6f5b9b1db6b64215266ce53454994fc0eeee58eb38b0544814ce,2,,false
0f29a91e74f160a1bac71a5110edf53f0632fe375267c1309cc8685c4b89d190,0,"Answer: 3

The backdrop of this live music performance is a colorful abstract design. This statement is grounded in the image because the background clearly shows a vibrant, abstract design with yellow and blue hues. The other two statements are hallucinations because the image does not show a city skyline or a plain black curtain in the background.",false
0f29a91e74f160a1bac71a5110edf53f0632fe375267c1309cc8685c4b89d190,1,,false
0f29a91e74f160a1bac71a5110edf53f0632fe375267c1309cc8685c4b89d190,2,,true
30fbfeabbf4b626fa01df4865c81318371d7314cc7ac88e6b923840609842b20,0,"Answer: 1

The first statement is grounded in the image because one of the women is indeed holding a walking stick and a yellow fruit. This can be clearly seen in the image where the woman on the right is holding both items.

The second statement is a hallucination because there is no handbag or sunglasses being held by any of the women in the image.

The third statement is also a hallucination because there is no book and pen being held by any of the women in the image.",true
30fbfeabbf4b626fa01df4865c81318371d7314cc7ac88e6b923840609842b20,1,,false
30fbfeabbf4b626fa01df4865c81318371d7314cc7ac88e6b923840609842b20,2,,false
bb121876b7c492e69fb6cd30ceb8c541c6f472dfefbf0c19fd66021acb249c75,0,"Answer: 1

Step-by-step explanation:

1. The image shows an inflatable raft, which is a type of equipment used for activities such as rafting in rivers. This makes Statement 1 true.
2. The image does not show any camping gear or forest environment, so Statement 2 is not supported by the image and is therefore false.
3. The image does not show any cycling gear or trail environment, so Statement 3 is not supported by the image and is therefore false.",true
bb121876b7c492e69fb6cd30ceb8c541c6f472dfefbf0c19fd66021acb249c75,1,,false
bb121876b7c492e69fb6cd30ceb8c541c6f472dfefbf0c19fd66021acb249c75,2,,false
6b1dfe10acffbe3859c8a7df921192b6e28fd5a338a9075037ec901693dbd442,0,"Answer: 2

The attire in the image is highly ornate and elaborate, featuring a tiara, earrings, and a dress adorned with numerous crystals and pearls. This type of attire is typically associated with formal and ceremonial events, such as cultural pageants or ceremonies, rather than casual gatherings or sports competitions. The level of detail and the presence of a tiara specifically suggest a formal and significant occasion, making Statement 2 the true statement. Statements 1 and 3 are plausible-sounding but not supported by the visual evidence in the image.",false
6b1dfe10acffbe3859c8a7df921192b6e28fd5a338a9075037ec901693dbd442,1,,true
6b1dfe10acffbe3859c8a7df921192b6e28fd5a338a9075037ec901693dbd442,2,,false
771cb41f03463edbad116e5210de0f877e6b003254d860013e1b74e764923176,0,"Answer: 1

Step-by-step explanation:

1. **Statement 1: Star anise is prominently visible in the image.**
   - True. The star anise is clearly visible in the image, located towards the top left corner. Its star-shaped appearance makes it easily identifiable.

2. **Statement 2: Turmeric is prominently visible in the image.**
   - False. Turmeric is not visible in the image. The image contains star anise, cinnamon, and other spices, but there is no turmeric present.

3. **Statement 3: Nutmeg is prominently visible in the image.**
   - False. Nutmeg is not prominently visible in the image. The image shows star anise, cinnamon, and other spices, but nutmeg is not clearly identifiable or prominently displayed.

Thus, the only statement that is grounded in the image is Statement 1.",true
771cb41f03463edbad116e5210de0f877e6b003254d860013e1b74e764923176,1,,false
771cb41f03463edbad116e5210de0f877e6b003254d860013e1b74e764923176,2,,false
cce67cb8e44284ec2c87ba45243dfd7edac0c5af37b3daf5d55245db75b04855,0,"Answer: 3

Step-by-step explanation:

1. Statement 1: A dense forest is visible through the open window of the aircraft.
   - This statement is false. The image shows a view of a cityscape and fields, not a dense forest. The landscape is mostly flat with some buildings and green fields, but there is no dense forest visible.

2. Statement 2: A mountain covered in snow is visible through the open window of the aircraft.
   - This statement is false. The image shows a clear view of the cityscape and fields, but there is no mountain covered in snow visible. The terrain appears to be relatively flat and does not include any snow-covered mountains.

3. Statement 3: A cityscape with buildings and fields is visible through the open window of the aircraft.
   - This statement is true. The image clearly shows a view of a cityscape with buildings and fields through the open window of the aircraft. The landscape includes various buildings, roads, and green fields, which are visible from the aircraft.

Therefore, the correct answer is Statement 3, as it is the only statement grounded in the image.",false
cce67cb8e44284ec2c87ba45243dfd7edac0c5af37b3daf5d55245db75b04855,1,,false
cce67cb8e44284ec2c87ba45243dfd7edac0c5af37b3daf5d55245db75b04855,2,,true
ed96ad0245b6e371b6dacaad038462ab6872e9fdb448245bd72bc23334eff389,0,"Answer: 1

The purpose of the golden guard on the sword's hilt is to protect the user's hand. This statement is grounded in the image because the golden guard is positioned in a way that it would cover the hand when gripping the sword, providing protection.

Statement 2: The purpose of the golden guard on the sword's hilt is to add decorative appeal. This statement is a plausible-sounding hallucination because, while the guard may have decorative elements, its primary function is to protect the user's hand.

Statement 3: The purpose of the golden guard on the sword's hilt is to enhance the sword's grip. This statement is also a plausible-sounding hallucination because the primary function of the guard is protection, not to enhance grip. The grip is enhanced by the handle design, not the guard.",true
ed96ad0245b6e371b6dacaad038462ab6872e9fdb448245bd72bc23334eff389,1,,false
ed96ad0245b6e371b6dacaad038462ab6872e9fdb448245bd72bc23334eff389,2,,false
387ffb27766cf5f78df00db2bc351eb83fb87d630f856d49f5f5b369a4951d9d,0,"Answer: 3

The likely base ingredient of the sauce shown in the image is tomatoes. This is grounded by the reddish-orange color of the sauce, which is characteristic of tomato-based sauces. The texture and consistency also suggest a tomato base, as it appears smooth and homogeneous, typical of tomato-based dishes.

Statement 1: The likely base ingredient of the sauce shown in the image is spinach. This is a hallucination because spinach would not result in a sauce with such a vibrant orange color. Spinach-based sauces typically have a green hue.

Statement 2: The likely base ingredient of the sauce shown in the image is potatoes. This is also a hallucination because potato-based sauces usually have a different texture and color. Potato-based sauces, such as mashed potatoes or potato puree, do not typically have a vibrant orange color.

Therefore, the correct statement is Statement 3, as the sauce's appearance aligns with a tomato base.",false
387ffb27766cf5f78df00db2bc351eb83fb87d630f856d49f5f5b369a4951d9d,1,,false
387ffb27766cf5f78df00db2bc351eb83fb87d630f856d49f5f5b369a4951d9d,2,,true
1e375fdab80f3aff0bf1dc6823e8673e20a8f1fc2f13de4a07a73e4c0cdd6123,0,"Answer: 1

The primary purpose of the red carpeted flooring in the mosque is to indicate walking paths within the mosque. This is evident from the image, where the red carpet is laid out in a specific pattern that clearly delineates the paths for worshippers to follow. The other two statements are plausible-sounding but not supported by the image. The carpet's aesthetic appeal and comfort for prayer are not explicitly indicated in the image, making them hallucinations.",true
1e375fdab80f3aff0bf1dc6823e8673e20a8f1fc2f13de4a07a73e4c0cdd6123,1,,false
1e375fdab80f3aff0bf1dc6823e8673e20a8f1fc2f13de4a07a73e4c0cdd6123,2,,false
650b79bc852d15a8ed261efee1f069e8e62d2ebbf238ff5441fd1b6a8c37f0d7,0,"Answer: 3

Step-by-step explanation:

1. The image shows a group of people gathered in what appears to be a church or religious building, as indicated by the religious iconography and architecture.
2. The presence of religious iconography and the setting suggest that a religious ceremony is likely taking place.
3. There is no evidence of musical instruments, stage setup, or any indication of a concert taking place. Therefore, Statement 1 is a hallucination.
4. The group is diverse and includes both adults and children, but there is no indication of a family gathering such as a family reunion or celebration. Therefore, Statement 2 is also a hallucination.",false
650b79bc852d15a8ed261efee1f069e8e62d2ebbf238ff5441fd1b6a8c37f0d7,1,,false
650b79bc852d15a8ed261efee1f069e8e62d2ebbf238ff5441fd1b6a8c37f0d7,2,,true
5db6cad7921e474ccd99d4e323448661e14f4a0074a5d6e2454b5dec8dffb148,0,"Answer: 3

The image shows stained glass windows, which are most commonly associated with historic religious or ceremonial buildings. This makes Statement 3 true.

Statement 1 is false because modern lighting fixtures are not commonly associated with historic religious or ceremonial buildings. These buildings typically use traditional lighting fixtures or natural light.

Statement 2 is also false because minimalist wall designs are not commonly associated with historic religious or ceremonial buildings. These buildings often feature intricate and elaborate wall designs, as seen in the image.",false
5db6cad7921e474ccd99d4e323448661e14f4a0074a5d6e2454b5dec8dffb148,1,,false
5db6cad7921e474ccd99d4e323448661e14f4a0074a5d6e2454b5dec8dffb148,2,,true
079b44aa003d91a4750bf588997c349f4559e447d685e228828466c13b1c83c4,0,"Answer: 1

The PCIe slots on the MSI PRO B650-P WIFI motherboard are indeed used to connect a graphics card. This is evident from the image, which shows multiple PCIe slots on the motherboard, specifically designed for graphics cards.

Statement 2 is a hallucination because RAM slots are not used to connect a graphics card. RAM slots are used to install RAM modules, which provide memory for the computer.

Statement 3 is also a hallucination because the CPU socket is used to install the CPU, not a graphics card. The CPU socket is where the central processing unit (CPU) is inserted to enable the computer to function.",true
079b44aa003d91a4750bf588997c349f4559e447d685e228828466c13b1c83c4,1,,false
079b44aa003d91a4750bf588997c349f4559e447d685e228828466c13b1c83c4,2,,false
a465fc107292268f87998a24099cebc69a7cc72fbb81e1cf929de8224cddf84f,0,"Answer: 2

The terrain visible in the image is a dense forest with a winding river. This statement is grounded in the image because the image clearly shows a dense forest with a winding river cutting through it. The presence of trees and the river is evident, making this statement true.

Statement 1 is a hallucination because there is no snow-covered mountain range visible in the image. The terrain is covered with dense greenery, not snow.

Statement 3 is also a hallucination because there are no sand dunes or desert terrain visible in the image. The image shows a forested area with a river, not a desert landscape.",false
a465fc107292268f87998a24099cebc69a7cc72fbb81e1cf929de8224cddf84f,1,,true
a465fc107292268f87998a24099cebc69a7cc72fbb81e1cf929de8224cddf84f,2,,false
ba6e1b34f5ebced19b14226f24707fdae20495a7ec7578703a22a730c3c06129,0,"Answer: 3

The primary artistic feature of the vase shown in the image is Arabic calligraphy. This is evident from the text written in Arabic script on the vase. The calligraphy is prominent and clearly visible, making it the primary artistic feature.

Statement 1: The primary artistic feature of the vase shown in the image is geometric patterns. This is a hallucination because the vase does not primarily feature geometric patterns. The patterns on the vase are more abstract and fluid, rather than geometric.

Statement 2: The primary artistic feature of the vase shown in the image is floral designs. This is also a hallucination because the vase does not primarily feature floral designs. The patterns on the vase are more abstract and do not resemble flowers or any floral motifs.

Therefore, the correct statement is Statement 3, which is grounded in the image.",false
ba6e1b34f5ebced19b14226f24707fdae20495a7ec7578703a22a730c3c06129,1,,false
ba6e1b34f5ebced19b14226f24707fdae20495a7ec7578703a22a730c3c06129,2,,true
80f7b29ccb95ea3f418f4ed2dcfe0a3ba1b92e5c6476e10a35ed7abe37198b4c,0,"Answer: 2

The planks seen in the image are primarily made of wood. This is evident from the visible grain and texture of the planks, which are characteristic of wooden materials. The planks show signs of weathering and aging, which are common in wooden structures exposed to the elements.

Statement 1: The planks seen in the image are primarily made of metal. This is a hallucination because the planks clearly show the natural grain and texture of wood, not the smooth, uniform appearance of metal.

Statement 3: The planks seen in the image are primarily made of concrete. This is also a hallucination because concrete is typically solid and does not have the grainy texture seen in the image. Additionally, concrete is not typically used in the construction of planks or structures in the way depicted.",false
80f7b29ccb95ea3f418f4ed2dcfe0a3ba1b92e5c6476e10a35ed7abe37198b4c,1,,true
80f7b29ccb95ea3f418f4ed2dcfe0a3ba1b92e5c6476e10a35ed7abe37198b4c,2,,false
238af5eb02ce94bed135d5f86a2b558e3a3321ff167b92266d4b73980963abd1,0,"Answer: 2

The primary architectural feature visible in the image that identifies the building as a mosque is the minaret. This is evident from the tall, slender tower with a balcony and a crescent moon at the top, which is a distinctive feature of mosques. The minaret is used for the call to prayer, making it a key identifier of a mosque.

Statement 1: The primary architectural feature visible in the image that identifies the building as a mosque is the stained glass windows. This is a hallucination because stained glass windows are not a typical feature of mosques. Stained glass windows are more commonly associated with churches and cathedrals.

Statement 3: The primary architectural feature visible in the image that identifies the building as a mosque is the dome. This is also a hallucination because the image does not show a dome. While domes are present in some mosques, they are not a defining feature and are not visible in this particular image.",false
238af5eb02ce94bed135d5f86a2b558e3a3321ff167b92266d4b73980963abd1,1,,true
238af5eb02ce94bed135d5f86a2b558e3a3321ff167b92266d4b73980963abd1,2,,false
a064afe4d91592794db98b42ea0d3da7196e9cd851120cc597237a3f0a9ec64e,0,"Answer: 2

The person in the foreground is wearing a suit and tie. This is evident from the image, where the individual is clearly dressed in formal attire consisting of a suit jacket and a tie. The other two statements are not supported by the image: the individual is not wearing traditional cultural clothing, and they are not wearing a casual t-shirt and jeans.",false
a064afe4d91592794db98b42ea0d3da7196e9cd851120cc597237a3f0a9ec64e,1,,true
a064afe4d91592794db98b42ea0d3da7196e9cd851120cc597237a3f0a9ec64e,2,,false
3d6ea02d0bf9c2208be26755ed7f4335f2005818b56c86b9b3c657a129656177,0,"Answer: 3

The perfume bottle in the image appears to be made of glass, as indicated by its transparent and reflective surface. The bottle's shape and the way light interacts with it suggest that it is made of glass, which is a common material for perfume bottles due to its aesthetic appeal and ability to showcase the fragrance inside.

Statement 1: The primary material used for the perfume bottle is plastic. This statement is false because the image clearly shows a bottle that looks like glass, not plastic.

Statement 2: The primary material used for the perfume bottle is metal. This statement is also false because the bottle does not have the characteristics of metal, such as a metallic sheen or weight, and it appears to be transparent, which is not typical for metal perfume bottles.

Therefore, the only statement that is grounded in the image is Statement 3, which correctly identifies the primary material of the perfume bottle as glass.",false
3d6ea02d0bf9c2208be26755ed7f4335f2005818b56c86b9b3c657a129656177,1,,false
3d6ea02d0bf9c2208be26755ed7f4335f2005818b56c86b9b3c657a129656177,2,,true
3eda30fdbe11ba0909a858b6b04adfefad8a2adec44b7eae7351880aa8a213e2,0,"Answer: 3

The ceramic designs in the image are most likely associated with the Middle East. The intricate geometric and floral patterns, along with the vibrant colors, are characteristic of traditional Middle Eastern ceramics. These designs are often found in regions such as Turkey, Iran, and other parts of the Middle East, where such patterns are a significant part of the cultural heritage.

Statement 1: These ceramic designs are most likely associated with Scandinavia. True/False?
- This statement is a hallucination. Scandinavian ceramics typically feature simpler, more minimalist designs with a focus on functionality rather than intricate patterns and vibrant colors. The designs in the image do not align with the typical Scandinavian style.

Statement 2: These ceramic designs are most likely associated with South America. True/False?
- This statement is also a hallucination. South American ceramics often have distinct characteristics, such as bright colors and specific motifs like animals or indigenous symbols, which are not present in the image. The designs in the image do not match the typical South American ceramic styles.",false
3eda30fdbe11ba0909a858b6b04adfefad8a2adec44b7eae7351880aa8a213e2,1,,false
3eda30fdbe11ba0909a858b6b04adfefad8a2adec44b7eae7351880aa8a213e2,2,,true
106824cd08ab3b282400f810cc46cff5cb54cdebc018da59108aead987d75acc,0,"Answer: 2

The image shows a coastal cityscape with buildings and palm trees in the background. This makes Statement 2 true. The other two statements are false because there is no dense forest or snow-covered mountains visible in the background.",false
106824cd08ab3b282400f810cc46cff5cb54cdebc018da59108aead987d75acc,1,,true
106824cd08ab3b282400f810cc46cff5cb54cdebc018da59108aead987d75acc,2,,false
45f1d29bde1395fa551654b534247c56f69451cf2840e9742d6cc381328c6966,0,"Answer: 3

The image shows a 3D printer labeled 'Element HT' by Mosaic, which is a common type of 3D printer used for printing 3D models and components. The presence of a printed object inside the printer confirms its function as a 3D printer. 

Statement 1 is a hallucination because the primary function of a 3D printer like the 'Element HT' is not scanning objects for 3D modeling; it is printing 3D models. 

Statement 2 is also a hallucination because the primary function of a 3D printer is not laser cutting materials; it is additive manufacturing, which involves layering materials to create objects.",false
45f1d29bde1395fa551654b534247c56f69451cf2840e9742d6cc381328c6966,1,,false
45f1d29bde1395fa551654b534247c56f69451cf2840e9742d6cc381328c6966,2,,true
bbb54f88a29dfd702fae41149abe7239c45ac0e1d917167991085b92b8a3a30c,0,"Answer: 2

The coffee or tea pot in the image is made of brass. This is evident from the metallic sheen and the color of the pot, which is consistent with brass. The pot has a distinct golden-brown hue and a smooth, polished finish that is characteristic of brass.

Statement 1: The coffee or tea pot in the image is made of ceramic. This is a hallucination because the pot does not have the porous texture or matte finish typically associated with ceramic.

Statement 3: The coffee or tea pot in the image is made of plastic. This is also a hallucination because the pot does not have the uniform, smooth, and slightly translucent appearance that is typical of plastic. Additionally, the pot's weight and the way it feels to the touch suggest it is made of a heavier, more solid material like brass.",false
bbb54f88a29dfd702fae41149abe7239c45ac0e1d917167991085b92b8a3a30c,1,,true
bbb54f88a29dfd702fae41149abe7239c45ac0e1d917167991085b92b8a3a30c,2,,false
214422d5123b2a44b808910dc560ba8f1b5458c76e5bb622f8a3ba6f3743d676,0,"Answer: 1

Step-by-step explanation:

1. Statement 1: Traditional woven carpets often feature intricate floral and geometric patterns.
   - Grounded: The image shows a carpet with intricate floral and geometric patterns, which supports this statement.

2. Statement 2: Traditional woven carpets are characterized by plain solid colors with no design.
   - Hallucination: The image clearly shows a carpet with multiple colors and detailed patterns, which contradicts this statement.

3. Statement 3: Traditional woven carpets are known for their machine-made uniform texture.
   - Hallucination: The image does not provide any information about the manufacturing process or texture of the carpet, making this statement unsupported by the image.",true
214422d5123b2a44b808910dc560ba8f1b5458c76e5bb622f8a3ba6f3743d676,1,,false
214422d5123b2a44b808910dc560ba8f1b5458c76e5bb622f8a3ba6f3743d676,2,,false
c02610de1d09da503098fdcd3090016041914ee14f0a80eb0d0819f77f367484,0,"Answer: 1

The primary function of the central water fountain in this traditional bathhouse is facilitating water flow for bathing rituals. This is grounded in the image as the central fountain is clearly designed to channel water, which is a key element in traditional bathhouses for bathing purposes. The other two statements are plausible-sounding but not supported by the image:

- Statement 2: The primary function of the central water fountain in this traditional bathhouse is a cooling system for the room. This is a hallucination because the image does not show any evidence that the fountain serves as a cooling system. Bathhouses typically use water for bathing, not for cooling the room.
- Statement 3: The primary function of the central water fountain in this traditional bathhouse is decoration and aesthetic appeal. This is also a hallucination because, while the fountain may have some aesthetic value, its primary function is clearly related to bathing rituals, as evidenced by the design and placement of the fountain in the bathhouse.",true
c02610de1d09da503098fdcd3090016041914ee14f0a80eb0d0819f77f367484,1,,false
c02610de1d09da503098fdcd3090016041914ee14f0a80eb0d0819f77f367484,2,,false
12a869a7570ab1075d15fbacd4e5d7c3935c0111aaeb3f1b296b94c896db1461,0,"Answer: 2

Step-by-step explanation:

1. **Statement 1: Pottery and tagines are most commonly associated with South America.**
   - This statement is a hallucination. The image shows a variety of pottery items, including plates, bowls, and vases, which are commonly associated with North Africa, not South America. South America is known for its indigenous pottery, but not specifically for tagines, which are a type of Moroccan stew pot.

2. **Statement 2: Pottery and tagines are most commonly associated with North Africa.**
   - This statement is grounded in the image. The pottery items in the image, such as plates, bowls, and vases, are typical of North African craftsmanship. Tagines, which are conical earthenware pots used for cooking stews, are also commonly associated with North African cuisine.

3. **Statement 3: Pottery and tagines are most commonly associated with East Asia.**
   - This statement is a hallucination. While East Asia has a rich tradition of pottery, the specific types of pottery shown in the image are not typical of East Asian craftsmanship. Tagines, specifically, are not associated with East Asia but",false
12a869a7570ab1075d15fbacd4e5d7c3935c0111aaeb3f1b296b94c896db1461,1,,true
12a869a7570ab1075d15fbacd4e5d7c3935c0111aaeb3f1b296b94c896db1461,2,,false
c5ebd6929d038278d0eb47abb519e262a0150207ef87807622a6ceff70fa7473,0,"Answer: 2

The purpose of the ice used in this seafood market display is to keep the seafood fresh by maintaining a cold temperature. This statement is grounded in the image because the seafood is displayed on ice, which is commonly used in markets to preserve the freshness of perishable items like fish and seafood.

Statement 1 is a hallucination because the ice is not used to separate different types of seafood; it is used to keep the seafood fresh.

Statement 3 is also a hallucination because the ice is not used to enhance the visual appeal of the seafood; its primary purpose is to maintain a cold temperature to preserve the seafood.",false
c5ebd6929d038278d0eb47abb519e262a0150207ef87807622a6ceff70fa7473,1,,true
c5ebd6929d038278d0eb47abb519e262a0150207ef87807622a6ceff70fa7473,2,,false
49bbcd7b5f7f5284b11a8414e2c76f45dcd0ff0a226039465d929d197cb93acc,0,"Answer: 3

The tray located below the board in the game setup is used to store additional game pieces. This is evident from the image, where we can see that the tray contains extra game pieces that are not currently being used on the board.

Statement 1: The tray located below the board in the game setup is used to keep score during the game. This statement is a hallucination because there is no evidence in the image that the tray is used for keeping score. The tray is clearly used for storing extra game pieces.

Statement 2: The tray located below the board in the game setup is used to hold cards used in the game. This statement is also a hallucination because there are no cards visible in the image, and the tray is filled with game pieces, not cards.",false
49bbcd7b5f7f5284b11a8414e2c76f45dcd0ff0a226039465d929d197cb93acc,1,,false
49bbcd7b5f7f5284b11a8414e2c76f45dcd0ff0a226039465d929d197cb93acc,2,,true
33ddac1970af793d54f682990f452180bbf53ea7f746552d3ad44cb40b6371df,0,"Answer: 3

The person in the image is harvesting from an olive tree. This is evident from the visible olives on the tree and the person's interaction with the tree. The olives are small, round, and green, which are characteristic of olive fruits. The tree itself has a distinct shape and leaf structure typical of olive trees.

Statement 1: The person is harvesting from an apple tree.
This statement is a hallucination because the tree in the image does not resemble an apple tree. Apple trees typically have larger, rounder fruits and a different leaf structure compared to the tree shown in the image.

Statement 2: The person is harvesting from a pine tree.
This statement is also a hallucination because pine trees do not produce olives. Pine trees are coniferous and have needle-like leaves, which are not present in the image. Additionally, the fruits of pine trees are cones, not olives.",false
33ddac1970af793d54f682990f452180bbf53ea7f746552d3ad44cb40b6371df,1,,false
33ddac1970af793d54f682990f452180bbf53ea7f746552d3ad44cb40b6371df,2,,true
424770d9da193d9b9504b073f82ddace04282d8b214bdbb4d5726a18f8fdafa3,0,"Answer: 2

Mizuhiki knots are typically made from silk threads. This statement is grounded in the image as the image shows various Mizuhiki knots made from different colored silk threads. The other two statements are hallucinations because the image does not show any Mizuhiki knots made from metal wires or paper cords coated with lacquer.",false
424770d9da193d9b9504b073f82ddace04282d8b214bdbb4d5726a18f8fdafa3,1,,true
424770d9da193d9b9504b073f82ddace04282d8b214bdbb4d5726a18f8fdafa3,2,,false
3fb2687fe64d445e1c3aa8b10985fd3de0ebc9ae7cdfe72f1028ee6d1a5484b2,0,"Answer: 1

Step-by-step explanation:

1. **Statement 1: Banana leaves are used to wrap some of the food items on the table.**
   - Grounded: The image shows green leaves, which are commonly used banana leaves, wrapped around some of the food items on the table. This makes Statement 1 true.

2. **Statement 2: Plastic wrap is used to wrap some of the food items on the table.**
   - Hallucination: The image does not show any plastic wrap being used to wrap the food items. Instead, it shows banana leaves being used. This makes Statement 2 false.

3. **Statement 3: Paper is used to wrap some of the food items on the table.**
   - Hallucination: The image does not show any paper being used to wrap the food items. It only shows banana leaves and plastic wrap. This makes Statement 3 false.",true
3fb2687fe64d445e1c3aa8b10985fd3de0ebc9ae7cdfe72f1028ee6d1a5484b2,1,,false
3fb2687fe64d445e1c3aa8b10985fd3de0ebc9ae7cdfe72f1028ee6d1a5484b2,2,,false
404b766629a3705101c65132bd0abf07c31d98e9fddbf19b592bde126ea7610f,0,"Answer: 1

1. Whitewashed walls are the most indicative feature of traditional Mediterranean architecture.
   - Grounded: The image shows a building with whitewashed walls, which is a common feature in Mediterranean architecture. The white walls reflect sunlight and help keep the interior cool, which is practical in the hot climate of the region.

2. Bougainvillea flowers are the most indicative feature of traditional Mediterranean architecture.
   - Hallucination: While bougainvillea flowers are indeed common in Mediterranean regions, they are not the most indicative feature of traditional Mediterranean architecture. The architecture itself, such as whitewashed walls and stone-paved paths, is more characteristic of the region.

3. Lantern on the wall is the most indicative feature of traditional Mediterranean architecture.
   - Hallucination: Lanterns on walls are not a defining feature of traditional Mediterranean architecture. While they may be present in some regions, they are not as universally indicative as whitewashed walls or stone-paved paths.",true
404b766629a3705101c65132bd0abf07c31d98e9fddbf19b592bde126ea7610f,1,,false
404b766629a3705101c65132bd0abf07c31d98e9fddbf19b592bde126ea7610f,2,,false
3519d655a5dde66db10907b74b75bde5e909f474d9cbca3dbd1a15cb68c76288,0,"Answer: 2

The door in the image has a distinct design with a yellow color and black and white stripes, which is characteristic of traditional Moroccan architecture. This style is commonly found in North Africa, particularly in Morocco. The other two statements are not supported by the image:

1. Scandinavian doors typically have a different style, often with simpler, more minimalistic designs and less vibrant colors.
2. East Asian doors often have a different architectural style, with more intricate designs and often incorporate elements like calligraphy or traditional motifs.

Therefore, the correct statement is that doors like the one shown in the image are most likely to be found in North Africa.",false
3519d655a5dde66db10907b74b75bde5e909f474d9cbca3dbd1a15cb68c76288,1,,true
3519d655a5dde66db10907b74b75bde5e909f474d9cbca3dbd1a15cb68c76288,2,,false
0fb9a8a97ea2dfcbb0fcce5f4488f2fa8abdf21bb6bc75283e7f97c01b9b66b6,0,"Answer: 3

Step-by-step explanation:

1. **Statement 1: The primary purpose of this seating area based on its design is formal meetings.**
   - This statement is a hallucination. The seating area is designed with a sofa and armchairs, which are more suited for relaxation and conversation rather than formal meetings. Formal meetings typically require a more structured and formal setting, such as a conference room or boardroom.

2. **Statement 2: The primary purpose of this seating area based on its design is dining activities.**
   - This statement is also a hallucination. The seating area does not include a dining table or chairs, which are essential for dining activities. The presence of a sofa and armchairs suggests a space for sitting and conversing rather than eating.

3. **Statement 3: The primary purpose of this seating area based on its design is relaxation and conversation.**
   - This statement is grounded in the image. The seating area features a sofa, armchairs, and a coffee table, which are typical elements of a space designed for relaxation and conversation. The presence of cushions and a decorative rug further supports the idea that this area is intended for comfort and social interaction.

Therefore, the primary purpose of this",false
0fb9a8a97ea2dfcbb0fcce5f4488f2fa8abdf21bb6bc75283e7f97c01b9b66b6,1,,false
0fb9a8a97ea2dfcbb0fcce5f4488f2fa8abdf21bb6bc75283e7f97c01b9b66b6,2,,true
f7f56b45534156e03fc10cdfe69d7c4b1b2b45c58cb56f68d3d4a284fb7b145f,0,"Answer: 1

The event shown in the image is a music festival. This is evident from the large stage setup with multiple screens displaying images and text, the presence of a crowd of people, and the overall atmosphere which is typical of a music festival. The screens show the name ""SOLIDAYS"" and the phrase ""IN LOVE WE TRUST,"" which are likely related to the event's branding or the performing artist(s). The crowd is holding up their phones, capturing the moment, which is a common behavior at music festivals.

Statement 2: The event shown in the image is a political rally. This statement is a hallucination because there is no indication in the image that the event is related to politics. The presence of screens displaying names and phrases, along with the crowd's engagement, strongly suggests a music festival rather than a political rally.

Statement 3: The event shown in the image is a sports competition. This statement is also a hallucination because the image does not show any elements typically associated with sports competitions, such as a playing field, sports equipment, or athletes. The stage setup and the crowd's behavior are more indicative of a music festival.",true
f7f56b45534156e03fc10cdfe69d7c4b1b2b45c58cb56f68d3d4a284fb7b145f,1,,false
f7f56b45534156e03fc10cdfe69d7c4b1b2b45c58cb56f68d3d4a284fb7b145f,2,,false
4fe28cdc58cfbe33a4024c2aee0ba742acea7bcf9e4245b40960e4fd69be7b67,0,"Answer: 2

The image shows a structure that appears to be a historical cave dwelling, characterized by its arched entrances and the overall design of the building. This makes Statement 2 true.

Statement 1 is false because there is no visible natural pool or water body in the image. The ground appears to be dry and dusty.

Statement 3 is also false because there are no visible steep cliffs or any equipment or indications of rock climbing activities in the image. The structure is built into a cliff, but there are no visible cliffs for climbing.",false
4fe28cdc58cfbe33a4024c2aee0ba742acea7bcf9e4245b40960e4fd69be7b67,1,,true
4fe28cdc58cfbe33a4024c2aee0ba742acea7bcf9e4245b40960e4fd69be7b67,2,,false
1d47b6141d53c78abce499898b664663b1fd3c10e01c05b4ce3b82266b18e642,0,"Answer: 3

The shoes in the image are used for traditional dances and ceremonies. This statement is grounded in the image because the shoes have a distinct design and ornamentation that is commonly associated with traditional dances and ceremonies in the Arab world. The intricate patterns and decorations, along with the specific shapes and styles, are characteristic of traditional footwear used in cultural performances and celebrations.

Statement 1: The shoes in the image are modern sports shoes designed for running. This statement is a hallucination because the shoes in the image are not designed for running; they have a decorative and ornamental style, which is not typical of modern sports shoes.

Statement 2: The shoes in the image are casual shoes worn for hiking. This statement is also a hallucination because the shoes are not designed for hiking; they have a more decorative and ceremonial appearance, which is not suitable for outdoor activities like hiking.",false
1d47b6141d53c78abce499898b664663b1fd3c10e01c05b4ce3b82266b18e642,1,,false
1d47b6141d53c78abce499898b664663b1fd3c10e01c05b4ce3b82266b18e642,2,,true
37f7b94248166fea9127c41ac9c7bee8d26a16425aed729411ad19305c6f263f,0,"Answer: 2

These slippers are primarily made of leather. The image shows a pair of slippers with a texture and sheen that are characteristic of leather. The material appears smooth and has a consistent color, which is typical of leather products. The slippers also have a structured shape and a glossy finish, which are common features of leather footwear.

Statement 1: These slippers are primarily made of rubber. This statement is a hallucination because the slippers do not exhibit the typical characteristics of rubber, such as flexibility and a more matte finish. Rubber footwear usually has a more flexible and less structured appearance compared to what is shown in the image.

Statement 3: These slippers are primarily made of canvas. This statement is also a hallucination because canvas typically has a more textured and breathable appearance, which is not evident in the image. Canvas footwear usually has a more casual and less structured look, which does not match the appearance of the slippers shown.",false
37f7b94248166fea9127c41ac9c7bee8d26a16425aed729411ad19305c6f263f,1,,true
37f7b94248166fea9127c41ac9c7bee8d26a16425aed729411ad19305c6f263f,2,,false
504dbd0d6bf8f6d87738e6ff5a7b6cae458336471b03b9cc86223f2069b75f68,0,"Answer: 2

The decorative embroidery on the garment is most likely made with silver thread. This is evident from the shiny, reflective appearance of the embroidery, which is characteristic of silver thread.

Statement 1: The decorative embroidery on the garment is most likely made with painted designs. This is a hallucination because the embroidery has a distinct, shiny texture that is not consistent with painted designs.

Statement 3: The decorative embroidery on the garment is most likely made with plastic beads. This is also a hallucination because the embroidery has a smooth, reflective quality that is more consistent with thread rather than beads.",false
504dbd0d6bf8f6d87738e6ff5a7b6cae458336471b03b9cc86223f2069b75f68,1,,true
504dbd0d6bf8f6d87738e6ff5a7b6cae458336471b03b9cc86223f2069b75f68,2,,false
0a285737f7f27e70b7c3c81c40ba8fd78ce7384538c258ba1bbc31105d8988db,0,"Answer: 1

The pots in the image are made of clay. This is evident from the texture and appearance of the pots, which resemble traditional clay pots used in various cultures around the world. The rough, uneven surface and the way the pots are stacked and tied together with string are characteristic of clay pots.

Statement 2: The pots in the image are made of plastic. This is a hallucination because the pots clearly have the texture and appearance of clay, not plastic.

Statement 3: The pots in the image are made of metal. This is also a hallucination because the pots have the appearance and texture of clay, not metal. Metal pots typically have a shiny, reflective surface, which is not present in this image.",true
0a285737f7f27e70b7c3c81c40ba8fd78ce7384538c258ba1bbc31105d8988db,1,,false
0a285737f7f27e70b7c3c81c40ba8fd78ce7384538c258ba1bbc31105d8988db,2,,false
eb1718ddcb71fb01c2b5545faa38059882e2bc8e799930b322626add66d70d29,0,"Answer: 1

The building shown in the image has characteristics typical of Roman architecture, such as the use of arches and the style of the columns. These features are not commonly associated with Ancient Greek or Ancient Egyptian architecture, making Statement 1 the true statement and the other two plausible-sounding hallucinations.",true
eb1718ddcb71fb01c2b5545faa38059882e2bc8e799930b322626add66d70d29,1,,false
eb1718ddcb71fb01c2b5545faa38059882e2bc8e799930b322626add66d70d29,2,,false
dbd176fc1e508bb0a295782fdf9c4af8429e1413f576e97b9f926042c563d2de,0,"Answer: 1

The person standing in the image is handing food or an item to another person. This is evident from the image where the person is holding a plate and appears to be in the process of passing it to someone seated at the table.

Statement 2: The person standing in the image is cleaning the table. This is a plausible-sounding hallucination because there is no visible evidence in the image that the person is engaged in cleaning activities. The person is holding a plate and appears to be serving food, not cleaning.

Statement 3: The person standing in the image is decorating the room. This is also a plausible-sounding hallucination because there is no evidence in the image that the person is engaged in decorating activities. The person is simply standing and handing out food, not decorating the room.",true
dbd176fc1e508bb0a295782fdf9c4af8429e1413f576e97b9f926042c563d2de,1,,false
dbd176fc1e508bb0a295782fdf9c4af8429e1413f576e97b9f926042c563d2de,2,,false
549d84a492d4e11f192ac9827a50c0efff8bc6cbe5fe5ae9f14041792e4b6b3c,0,"Answer: 3

The house shown in the image has a solar panel roof. This is evident from the presence of solar panels installed on the roof of the structure. The other two statements are not supported by the image:

1. There is no visible wind turbine in the image. The presence of a wind turbine would typically be indicated by a tall, rotating structure, which is not present in this image.

2. The image does not provide any clear evidence of a rainwater harvesting system. Such a system would typically include visible tanks, pipes, or other infrastructure for collecting and storing rainwater, which is not apparent in this image.",false
549d84a492d4e11f192ac9827a50c0efff8bc6cbe5fe5ae9f14041792e4b6b3c,1,,false
549d84a492d4e11f192ac9827a50c0efff8bc6cbe5fe5ae9f14041792e4b6b3c,2,,true
5b85575b7b8c38fe4eee44bf3e0c0d5664f7127abb6052507d21cc45f47f7bfc,0,"Answer: 1

The plaque in the image clearly states ""Presented to Plaque to Reality For passing 100 followers,"" which indicates that it is meant to recognize surpassing 100 followers on Twitch. This makes Statement 1 true.

Statement 2 is a hallucination because there is no mention of a gaming tournament victory on the plaque. The plaque is specifically about reaching 100 followers.

Statement 3 is also a hallucination because the plaque is not meant to celebrate the launch of a new Twitch channel. It is specifically for reaching 100 followers, not for the launch of a channel.",true
5b85575b7b8c38fe4eee44bf3e0c0d5664f7127abb6052507d21cc45f47f7bfc,1,,false
5b85575b7b8c38fe4eee44bf3e0c0d5664f7127abb6052507d21cc45f47f7bfc,2,,false
1f62f1c5f5c9a4053ae7bb3862f74f12c0edb04d8b280b51fd3e74ba73c64c1a,0,"Answer: 2

The primary purpose of the bamboo poles seen on the sailboat in the image is as fishing equipment. This is evident from the image, where the bamboo poles are arranged in a manner that suggests they are part of a fishing net or trap. The presence of the netting further supports this conclusion.

Statement 1: The primary purpose of the bamboo poles seen on the sailboat in the image is for decoration. This is a hallucination because the bamboo poles are clearly used for a functional purpose, not merely decorative.

Statement 3: The primary purpose of the bamboo poles seen on the sailboat in the image is as building material. This is also a hallucination because the bamboo poles are not arranged or used in a way that suggests they are intended for construction or building purposes.",false
1f62f1c5f5c9a4053ae7bb3862f74f12c0edb04d8b280b51fd3e74ba73c64c1a,1,,true
1f62f1c5f5c9a4053ae7bb3862f74f12c0edb04d8b280b51fd3e74ba73c64c1a,2,,false
35a297a52f9c13232cf6907d7e69a315d8a2c7a8d6c317e1e1d565e66ee91f98,0,"Answer: 1

This landscape is most likely associated with hiking and trekking. The image shows a winding road through a mountainous region, which is a common setting for hiking and trekking activities. The rugged terrain and natural beauty of the mountains make it an ideal location for such outdoor activities.

Statement 2: This landscape is most likely associated with urban sightseeing. This statement is a hallucination because the image clearly shows a natural, mountainous landscape, not an urban environment. Urban sightseeing typically involves cityscapes, landmarks, and man-made structures, which are not present in this image.

Statement 3: This landscape is most likely associated with beach volleyball. This statement is also a hallucination because the image shows a mountainous region with no visible beach or volleyball court. Beach volleyball requires a sandy beach and a volleyball court, both of which are absent in this image.",true
35a297a52f9c13232cf6907d7e69a315d8a2c7a8d6c317e1e1d565e66ee91f98,1,,false
35a297a52f9c13232cf6907d7e69a315d8a2c7a8d6c317e1e1d565e66ee91f98,2,,false
e93c50ae85dec9791199529623c2664847037791438ed02292a4d3e0e8ba2197,0,"Answer: 3

The kitchen's design includes a large marble island. This statement is grounded in the image as the central island in the kitchen is made of marble, which can be clearly seen in the image.

Statement 1: The kitchen's design includes bright neon lighting. This statement is a hallucination because there is no bright neon lighting visible in the image. The lighting appears to be more subdued and modern, with no bright neon elements.

Statement 2: The kitchen's design includes a traditional wood-burning stove. This statement is also a hallucination because there is no traditional wood-burning stove visible in the image. The kitchen features modern appliances and a sleek design, but no traditional wood-burning stove is present.",false
e93c50ae85dec9791199529623c2664847037791438ed02292a4d3e0e8ba2197,1,,false
e93c50ae85dec9791199529623c2664847037791438ed02292a4d3e0e8ba2197,2,,true
5e0b25eba9adfbe4ba5f4a86fbb24cbbb03a2433f78f4f912cb992c27be6537c,0,"Answer: 1

The structure in the image appears to be an ancient ruin, likely made of stone. Stonemasons are skilled workers who specialize in the craft of cutting, shaping, and fitting stones together to create structures. Given the nature of the ruins, it is logical to conclude that a stonemason would have been essential for constructing such a structure.

Statement 2: A fisherman would have been most essential for constructing a structure like the one shown in the image. False.
Fishermen are not skilled in stone construction. Their expertise lies in fishing, not in building structures.

Statement 3: A tailor would have been most essential for constructing a structure like the one shown in the image. False.
Tailors are skilled in sewing and garment construction, not in building stone structures. Their expertise is in fabric and clothing, not in stone masonry.",true
5e0b25eba9adfbe4ba5f4a86fbb24cbbb03a2433f78f4f912cb992c27be6537c,1,,false
5e0b25eba9adfbe4ba5f4a86fbb24cbbb03a2433f78f4f912cb992c27be6537c,2,,false
e099270ecc445de55efc5d639f4f4b150bfe53d9dd53b604d431bbc94340a7d3,0,"Answer: 3

The hand-shaped door knockers in the image appear to have a metallic sheen and structure, suggesting they are likely made of metal. The other two statements are plausible-sounding hallucinations because the image does not provide any clear evidence that the door knockers are made of wood or plastic.",false
e099270ecc445de55efc5d639f4f4b150bfe53d9dd53b604d431bbc94340a7d3,1,,false
e099270ecc445de55efc5d639f4f4b150bfe53d9dd53b604d431bbc94340a7d3,2,,true
ae6511d92613ad951406a15da4413388c3fef2e5db18da4611559ce6827a202d,0,"Answer: 3

The image shows a broken ceramic bowl with intricate designs, which is likely displayed in a museum to showcase artistic techniques and cultural heritage. This is evident from the detailed and artistic nature of the bowl's design, which is a common practice in museums to highlight the craftsmanship and cultural significance of artifacts.

Statement 1: The likely purpose of displaying a broken ceramic bowl in a museum is to demonstrate the fragility of ancient artifacts. This statement is a plausible-sounding hallucination because the image does not provide any context or information about the fragility of the artifact. The bowl is displayed in a protective case, suggesting that it is being preserved rather than demonstrating fragility.

Statement 2: The likely purpose of displaying a broken ceramic bowl in a museum is to highlight modern ceramic production methods. This statement is also a plausible-sounding hallucination because the image does not provide any context or information about modern ceramic production methods. The focus is on the historical and artistic aspects of the bowl, not on modern techniques.

Therefore, the correct statement is Statement 3, as it is the only one grounded in the image.",false
ae6511d92613ad951406a15da4413388c3fef2e5db18da4611559ce6827a202d,1,,false
ae6511d92613ad951406a15da4413388c3fef2e5db18da4611559ce6827a202d,2,,true
ed010ca0146ddd1e58700cded2aafa7cffe020262988ed648301b27b4e1aabe7,0,"Answer: 1

The image shows a structure with wooden and reed boats in various stages of construction. This indicates that the primary purpose of the structure is to construct traditional wooden and reed boats. The presence of tools and materials further supports this purpose.

Statement 2 is a hallucination because there is no evidence in the image that the structure is used for storage. The boats are in the process of being built, not stored.

Statement 3 is also a hallucination because the boats are not yet completed; they are still in the process of being constructed. Therefore, the primary purpose is not to display a completed boat.",true
ed010ca0146ddd1e58700cded2aafa7cffe020262988ed648301b27b4e1aabe7,1,,false
ed010ca0146ddd1e58700cded2aafa7cffe020262988ed648301b27b4e1aabe7,2,,false
53de31ab04ca9d558cf3c09eda884d13f680c7adaf145aef3263b906a2c75d6c,0,"Answer: 3

The view from the gym’s windows is a serene ocean view. This statement is grounded in the image as the large windows provide a clear view of the ocean, which is visible and identifiable.

Statement 1: The view from the gym’s windows is a bustling cityscape.
This statement is a hallucination because the image clearly shows an ocean view, not a cityscape.

Statement 2: The view from the gym’s windows is a dense forest.
This statement is also a hallucination because the image shows an ocean view, not a dense forest.",false
53de31ab04ca9d558cf3c09eda884d13f680c7adaf145aef3263b906a2c75d6c,1,,false
53de31ab04ca9d558cf3c09eda884d13f680c7adaf145aef3263b906a2c75d6c,2,,true
6c1fa79aab9a2ab4029dc6734f43f5c51b4d58bbad0ea28be48d3216d938c74f,0,"Answer: 2

The image shows a building with exposed walls, missing plaster, and a generally unkempt appearance. This suggests that the building has been neglected over time, which makes Statement 2 true.

Statement 1 is a hallucination because there is no evidence in the image that the building is undergoing renovations. The exposed walls and missing plaster suggest abandonment rather than active renovation.

Statement 3 is also a hallucination because there is no indication in the image that the building was destroyed by a natural disaster. The damage appears to be due to neglect rather than a sudden event like a natural disaster.",false
6c1fa79aab9a2ab4029dc6734f43f5c51b4d58bbad0ea28be48d3216d938c74f,1,,true
6c1fa79aab9a2ab4029dc6734f43f5c51b4d58bbad0ea28be48d3216d938c74f,2,,false
4e83f315358b21ea9e90f468e0d63cbc8b9d0618d2f1bf99f36026c894b9c38e,0,"Answer: 3

The luxury yacht is flying the United Arab Emirates flag. This is the only statement that is grounded in the image. The flag can be clearly seen flying at the top of the yacht. The other two statements are hallucinations because the flags of the United States and the United Kingdom are not present in the image.",false
4e83f315358b21ea9e90f468e0d63cbc8b9d0618d2f1bf99f36026c894b9c38e,1,,false
4e83f315358b21ea9e90f468e0d63cbc8b9d0618d2f1bf99f36026c894b9c38e,2,,true
3fd8238f7db7be40be6b81f28f58c8ca9f36216915fbedefb8e6f5613ce37da1,0,"Answer: 2

Step-by-step explanation:

1. The image shows a person working on a professional video camera setup, which is a common activity in film production.
2. The presence of multiple individuals in the background, some wearing orange vests, suggests a controlled environment typical of a film set.
3. The equipment and the focused activity indicate that this is likely a behind-the-scenes moment on a film production rather than a live broadcast or a photography workshop.

Statement 1: This scene is likely a live broadcast of a news event. False.
- The image does not show any live broadcasting equipment or a news studio setup. The focus is on the camera equipment, which is more indicative of a film production.

Statement 2: This scene is likely behind-the-scenes work on a film production. True.
- The presence of professional camera equipment, the controlled environment, and the focused activity all point to a film production setting.

Statement 3: This scene is likely a photography workshop. False.
- The image does not show any photography-related equipment or activities. The focus is on video camera equipment, which is not typical of a photography workshop.",false
3fd8238f7db7be40be6b81f28f58c8ca9f36216915fbedefb8e6f5613ce37da1,1,,true
3fd8238f7db7be40be6b81f28f58c8ca9f36216915fbedefb8e6f5613ce37da1,2,,false
2c68884ea3c7a303cf1a08aaf3d5cf0d3095dabc9c14e53e07bf0b1c47834bc1,0,"Answer: 2

Step-by-step explanation:

1. The image shows a street lined with shops, prominently featuring gold jewelry stores. This indicates that the primary activity is shopping for gold jewelry.
2. There is no evidence of a religious service taking place, so Statement 1 is a hallucination.
3. There are no signs of a restaurant or dining activity, so Statement 3 is also a hallucination.",false
2c68884ea3c7a303cf1a08aaf3d5cf0d3095dabc9c14e53e07bf0b1c47834bc1,1,,true
2c68884ea3c7a303cf1a08aaf3d5cf0d3095dabc9c14e53e07bf0b1c47834bc1,2,,false
bad7ef5856db6a56bcfe36712ee7fa308cf59f2ba29508c39af230ec4b3a45cd,0,"Answer: 1

The first statement is grounded in the image because there is indeed a white SUV shown performing dune bashing. The image clearly depicts the SUV kicking up a large cloud of sand as it moves through the desert dunes.

The second statement is a hallucination because there is no motorcycle shown in the image. The vehicles present are an SUV and a quad bike, not a motorcycle.

The third statement is also a hallucination because the quad bike shown in the image is red, not white. The quad bike is performing dune bashing, but it is not white as described in the statement.",true
bad7ef5856db6a56bcfe36712ee7fa308cf59f2ba29508c39af230ec4b3a45cd,1,,false
bad7ef5856db6a56bcfe36712ee7fa308cf59f2ba29508c39af230ec4b3a45cd,2,,false
c86cd34b9d73a70a489fc9cb0b9b6234cf1d3a7c74a890d47c3ac62bd79a60fe,0,"Answer: 1

Step-by-step explanation:

1. Graffiti and murals are prominently displayed on the building in the image.
   - The image clearly shows a large mural on the side of the building, which is a form of street art. Additionally, there are various smaller graffiti pieces visible on the lower part of the building. This makes Statement 1 true.

2. Abstract installations are prominently displayed on the building in the image.
   - The mural on the building is abstract, featuring a colorful, geometric representation of a face. This makes Statement 2 true.

3. Classical sculptures are prominently displayed on the building in the image.
   - There are no classical sculptures visible in the image. The building is adorned with graffiti and murals, not sculptures. This makes Statement 3 false.",true
c86cd34b9d73a70a489fc9cb0b9b6234cf1d3a7c74a890d47c3ac62bd79a60fe,1,,false
c86cd34b9d73a70a489fc9cb0b9b6234cf1d3a7c74a890d47c3ac62bd79a60fe,2,,false
0f4ef05f0f58e55ac526863c82441f624b753eb1fdc99400d5bba76c044621c4,0,"Answer: 3

The art featured on the surface of the coffee in the image is latte art. This is evident from the intricate designs created using the foam on top of the coffee, which is a characteristic of latte art. 

Statement 1: The art featured on the surface of the coffee in the image is foam sculpture. This is a hallucination because foam sculpture typically involves creating three-dimensional shapes out of foam, which is not visible in the image. The designs on the coffee are flat and two-dimensional.

Statement 2: The art featured on the surface of the coffee in the image is chocolate engraving. This is also a hallucination because chocolate engraving involves carving or etching designs into chocolate, which is not present in the image. The designs on the coffee are made from foam and do not involve chocolate.",false
0f4ef05f0f58e55ac526863c82441f624b753eb1fdc99400d5bba76c044621c4,1,,false
0f4ef05f0f58e55ac526863c82441f624b753eb1fdc99400d5bba76c044621c4,2,,true
276ca05162a836bfd41240af0a226f87d7eec84f79f077878a40875e8df11121,0,"Answer: 1

The flooring material used in this outdoor restroom setup is gravel. This is evident from the image, which clearly shows a layer of small, rounded stones covering the ground. The other two statements are hallucinations because there is no visible wood or concrete in the image. The flooring is distinctly gravel, making Statement 1 the only true statement.",true
276ca05162a836bfd41240af0a226f87d7eec84f79f077878a40875e8df11121,1,,false
276ca05162a836bfd41240af0a226f87d7eec84f79f077878a40875e8df11121,2,,false
fe4571223477f601ce47a604e7c272089ed35699808b0fe22b517b9c1f85df10,0,"Answer: 2

The primary activity shown in the image is drinking tea. This is evident from the man holding a cup of tea and the presence of another cup on the table. The other two statements are not supported by the image: there is no evidence of cooking food or reading a book.",false
fe4571223477f601ce47a604e7c272089ed35699808b0fe22b517b9c1f85df10,1,,true
fe4571223477f601ce47a604e7c272089ed35699808b0fe22b517b9c1f85df10,2,,false
6796508f971840ad76ea31a9619944474032c4e45061e6dad9bdf5ee9f0d7add,0,"Answer: 2

The main decorative feature of these earrings is a rose-shaped ornament. This is clearly visible in the image, where two rose-shaped elements are prominently displayed in the center of each earring.

Statement 1: The main decorative feature of these earrings is a star-shaped design. This is a hallucination because the earrings do not have a star-shaped design; they have a teardrop or diamond-like shape with rose-shaped ornamentation.

Statement 3: The main decorative feature of these earrings is a diamond-shaped pendant. This is also a hallucination because the earrings do not have a diamond-shaped pendant; they have a teardrop or diamond-like shape with rose-shaped ornamentation.",false
6796508f971840ad76ea31a9619944474032c4e45061e6dad9bdf5ee9f0d7add,1,,true
6796508f971840ad76ea31a9619944474032c4e45061e6dad9bdf5ee9f0d7add,2,,false
71b799d84743d07dfb6ea951a87bd9f292a65305e2e66fa2ee2e7bd0633150a6,0,"Answer: 2

Step-by-step explanation:

1. The image shows a woman holding a black ceramic pot, which is a Jebena, a clay pot traditionally used in Ethiopian coffee ceremonies.
2. The other two statements are plausible-sounding but not supported by the image:
   - Statement 1: While a ceramic pot is used in coffee ceremonies, it is not traditionally used for brewing coffee. The Jebena is the traditional pot.
   - Statement 3: A woven basket is not traditionally used for brewing coffee. It is not depicted in the image either.",false
71b799d84743d07dfb6ea951a87bd9f292a65305e2e66fa2ee2e7bd0633150a6,1,,true
71b799d84743d07dfb6ea951a87bd9f292a65305e2e66fa2ee2e7bd0633150a6,2,,false
a560f068e6f71b9233bd56bbe0554c48a68918495fb647cb4755d5d45a3bf7ef,0,"Answer: 1

The woven basket filled with popcorn is a traditional snack served during coffee ceremonies in this cultural context. This statement is grounded in the image as the basket is clearly filled with popcorn and is placed on a table with a coffee cup and a traditional teapot, indicating a setting for a coffee ceremony. The other two statements are plausible-sounding hallucinations because there is no evidence in the image to suggest that the basket is used for storing grains or serving as a decorative item.",true
a560f068e6f71b9233bd56bbe0554c48a68918495fb647cb4755d5d45a3bf7ef,1,,false
a560f068e6f71b9233bd56bbe0554c48a68918495fb647cb4755d5d45a3bf7ef,2,,false
cc9e93aba049559b12e404575e46fd0a12a6ab5e984ccdd28a0e2c90b3160594,0,"Answer: 1

The outdoor seating area shown in the image is likely intended to be a restaurant or café. This is grounded by the presence of multiple tables and chairs set up for dining, along with glassware and plates that are typically used in a restaurant setting. The overall arrangement and design of the seating area, including the tables and chairs, suggest that it is meant for public dining rather than a private workspace or a public waiting area. The other two statements are plausible-sounding hallucinations because there is no indication in the image that the area is intended for waiting or working purposes.",true
cc9e93aba049559b12e404575e46fd0a12a6ab5e984ccdd28a0e2c90b3160594,1,,false
cc9e93aba049559b12e404575e46fd0a12a6ab5e984ccdd28a0e2c90b3160594,2,,false
4049075e2fa9b793d1b719b61b136101e093822e4847b385aa3082558d9cda31,0,"Answer: 1

The image shows traditional cargo boats docked at a waterfront with buildings in the background, indicating an urban setting. This makes Statement 1 true. The other two statements are false because there are no luxury yachts or rural fishing village characteristics visible in the image.",true
4049075e2fa9b793d1b719b61b136101e093822e4847b385aa3082558d9cda31,1,,false
4049075e2fa9b793d1b719b61b136101e093822e4847b385aa3082558d9cda31,2,,false
314de5409f0efa4ca05ddd95c57a2b53e4ab431b1b56ea617144fc4ecd6cc8c4,0,"Answer: 1

The decorative detail on the sleeves of the abaya is indeed intricate embroidery with a zigzag pattern, which is clearly visible in the image. The embroidery is white and contrasts with the dark blue fabric of the abaya, making it stand out. 

Statement 2 is a hallucination because there are no metallic studs visible on the sleeves of the abaya. The image clearly shows embroidery, not studs.

Statement 3 is also a hallucination because there is no floral print visible on the sleeves of the abaya. The sleeves have a zigzag embroidery pattern, not a colorful floral print.",true
314de5409f0efa4ca05ddd95c57a2b53e4ab431b1b56ea617144fc4ecd6cc8c4,1,,false
314de5409f0efa4ca05ddd95c57a2b53e4ab431b1b56ea617144fc4ecd6cc8c4,2,,false
6f3712a0349b19c0a36060255ed64485cbb0605271ed1a5fd0242f86ddf73ac3,0,"Answer: 3

The image depicts a rocky desert landscape. This is evident from the presence of large rock formations, sparse vegetation, and the overall arid environment. The sky is clear with a hint of sunset colors, which is common in desert landscapes. The architecture in the image also seems to be designed to blend with the natural surroundings, further indicating that the setting is a desert.

Statement 1 is a hallucination because there is no cityscape depicted in the image. The environment is natural and devoid of urban structures.

Statement 2 is also a hallucination because there is no dense forest depicted in the image. The image shows a rocky desert landscape with sparse vegetation, not a dense forest.",false
6f3712a0349b19c0a36060255ed64485cbb0605271ed1a5fd0242f86ddf73ac3,1,,false
6f3712a0349b19c0a36060255ed64485cbb0605271ed1a5fd0242f86ddf73ac3,2,,true
a5be37dcc7d22446033ae6d44c906357a1c6bd304177fcc72f43d3f1ac0d1dbf,0,"Answer: 1

The image depicts an airport terminal. This is evident from the presence of escalators, a glass barrier, and various shops and food outlets typically found in an airport. The architectural design, including the high ceilings and large windows, is also characteristic of airport terminals. The presence of a security checkpoint and the overall layout further support this conclusion.

Statement 2: The image depicts a train station. This is a hallucination because there are no features in the image that are specific to train stations, such as train tracks or platforms.

Statement 3: The image depicts a shopping mall. This is also a hallucination because, although there are shops and food outlets, the overall design and layout, including the security checkpoint and the architectural style, are more indicative of an airport terminal than a shopping mall.",true
a5be37dcc7d22446033ae6d44c906357a1c6bd304177fcc72f43d3f1ac0d1dbf,1,,false
a5be37dcc7d22446033ae6d44c906357a1c6bd304177fcc72f43d3f1ac0d1dbf,2,,false
75a851e7f088240f2ec431a12e2102aef5f15f1271cd703a267ffb1c5505bb25,0,"Answer: 3

The image shows a playground with various structures designed for children to play on, such as slides, climbing areas, and a bridge. This indicates that the primary purpose of the playground is to provide children with a space for physical activity and play. The other two statements are not supported by the image:

1. The playground is not specifically designed to showcase treehouse architecture, as it includes various other play structures.
2. There is no indication that the playground is used for formal educational classes, as it appears to be a typical playground setting.",false
75a851e7f088240f2ec431a12e2102aef5f15f1271cd703a267ffb1c5505bb25,1,,false
75a851e7f088240f2ec431a12e2102aef5f15f1271cd703a267ffb1c5505bb25,2,,true
87a46cd8272e0a1e40ed5e0470f41906c1aa7e9d8e132329f57eba1f09be641b,0,"Answer: 3

The remote control in the image has a voice control microphone for user convenience, as indicated by the microphone icon on the remote. This makes Statement 3 true.

Statement 1 is false because there is no visible camera on the remote control in the image. The remote has a microphone, but no camera.

Statement 2 is also false because there is no touchscreen pad visible on the remote control in the image. The remote has physical buttons for user interaction.",false
87a46cd8272e0a1e40ed5e0470f41906c1aa7e9d8e132329f57eba1f09be641b,1,,false
87a46cd8272e0a1e40ed5e0470f41906c1aa7e9d8e132329f57eba1f09be641b,2,,true
9536bd4d54aff75a74936cc21d09624ca985156c6d102ac29462270cb46272dd,0,"Answer: 1

Step-by-step explanation:

1. **Statement 1: Cars and motorcycles are visible on the road adjacent to the bridge in the image.**
   - **Grounded**: This statement is true because the image clearly shows cars and motorcycles on the road adjacent to the bridge. The vehicles are visible in the lower part of the image, traveling on the road that runs parallel to the bridge.

2. **Statement 2: Trucks and rickshaws are visible on the road adjacent to the bridge in the image.**
   - **Hallucination**: This statement is false because there are no trucks or rickshaws visible in the image. The vehicles present are cars and motorcycles, as seen in the image.

3. **Statement 3: Buses and bicycles are visible on the road adjacent to the bridge in the image.**
   - **Hallucination**: This statement is false because there are no buses or bicycles visible in the image. The vehicles present are cars and motorcycles, as seen in the image.

In conclusion, the only statement that is grounded in the image is Statement 1, which correctly identifies the presence of cars and motorcycles on the road adjacent to",true
9536bd4d54aff75a74936cc21d09624ca985156c6d102ac29462270cb46272dd,1,,false
9536bd4d54aff75a74936cc21d09624ca985156c6d102ac29462270cb46272dd,2,,false
a0e2fc3c80445f026eefb61d66728620db517bc22b6143d9a7924d612d1b6390,0,"Answer: 1

The tents and shaded areas in the image are positioned in a way that suggests they are being used to control the flow of the crowd, likely to manage the movement of people and maintain order. This is supported by their placement and the way they are arranged to create pathways and boundaries.

Statement 2: The tents and shaded areas are likely intended to provide shelter for attendees.
- This statement is a plausible-sounding hallucination. While it is possible that the tents could be used for shelter, the primary function they appear to serve in the image is crowd control.

Statement 3: The tents and shaded areas are likely intended to serve as storage for equipment.
- This statement is also a plausible-sounding hallucination. While storage could be a secondary function, there is no clear evidence in the image that the tents are being used for this purpose. The primary function seems to be crowd control.",true
a0e2fc3c80445f026eefb61d66728620db517bc22b6143d9a7924d612d1b6390,1,,false
a0e2fc3c80445f026eefb61d66728620db517bc22b6143d9a7924d612d1b6390,2,,false
b2b9ef681ce6c35ad4cc85c0d7d4e657d4abd0e57dae98b2f4878253b7158ad5,0,"Answer: 1

The image shows a large, well-developed waterfront entertainment complex with various structures and facilities that are typical of a place designed for hosting music concerts and cultural events. The presence of large open spaces, stages, and amphitheaters, along with the overall layout and design, supports this conclusion.

Statement 2: Industrial manufacturing is most likely hosted at this waterfront entertainment complex. False.
There is no evidence in the image to suggest that industrial manufacturing is hosted at this location. The structures and facilities visible in the image are designed for entertainment and cultural activities, not industrial manufacturing.

Statement 3: Agricultural exhibitions are most likely hosted at this waterfront entertainment complex. False.
The image does not show any facilities or structures that are typically associated with agricultural exhibitions. The focus of the complex appears to be on entertainment and cultural events rather than agricultural displays.",true
b2b9ef681ce6c35ad4cc85c0d7d4e657d4abd0e57dae98b2f4878253b7158ad5,1,,false
b2b9ef681ce6c35ad4cc85c0d7d4e657d4abd0e57dae98b2f4878253b7158ad5,2,,false
39b7d268b68e9626001a1df4ee22be2b12459fcd3d63d3b47383c9df0cf7ada7,0,"Answer: 3

The most prominent feature of the landscape in this image is a mountainous terrain with rocky paths. This is evident from the rugged, rocky terrain that dominates the foreground and middle ground of the image. The mountains are clearly visible and form the primary landscape feature.

Statement 1: The most prominent feature of the landscape in this image is a dense forest. This is a hallucination because there is no dense forest visible in the image. The landscape is characterized by rocky, barren mountains and sparse vegetation.

Statement 2: The most prominent feature of the landscape in this image is a large lake. This is also a hallucination because there is no large lake visible in the image. The terrain is mountainous and rocky, with no significant water bodies present.

Therefore, the correct statement is Statement 3, as it accurately describes the most prominent feature of the landscape in the image.",false
39b7d268b68e9626001a1df4ee22be2b12459fcd3d63d3b47383c9df0cf7ada7,1,,false
39b7d268b68e9626001a1df4ee22be2b12459fcd3d63d3b47383c9df0cf7ada7,2,,true
9d34c3854b5628e154175147e18ff8f45d3872f1306584d9cdb7b32f861d2e7e,0,"Answer: 2

The attached tablet or screen holder on the chair is primarily for mounting a tablet or screen. This is evident from the design and placement of the holder, which is specifically tailored to securely hold a tablet or screen in an upright position. The other two statements are plausible-sounding hallucinations because the holder is not designed for storing items or holding books.",false
9d34c3854b5628e154175147e18ff8f45d3872f1306584d9cdb7b32f861d2e7e,1,,true
9d34c3854b5628e154175147e18ff8f45d3872f1306584d9cdb7b32f861d2e7e,2,,false
e8cc526d6512d38707477f17b0c82571896a69a7dafccd8056053b8a0f46d55a,0,"Answer: 1

The hangar visible in the background of the image is indeed used for passenger boarding and luggage handling. This is evident from the proximity of the hangar to the aircraft and the presence of ground support equipment typically used for these purposes. The other two statements are plausible-sounding hallucinations because there is no visible evidence in the image to support fueling and refueling operations or aircraft maintenance and storage specifically.",true
e8cc526d6512d38707477f17b0c82571896a69a7dafccd8056053b8a0f46d55a,1,,false
e8cc526d6512d38707477f17b0c82571896a69a7dafccd8056053b8a0f46d55a,2,,false
51248863107d2ae1286de2a6cc7976b0e128687d802e84cc455dc0ebd5be5846,0,"Answer: 2

The image depicts a public transport station. This is evident from the presence of a large, open space with multiple entry points and a structure that appears to be designed for accommodating a large number of people, which is typical of a public transport station. The design elements such as the curved roof and the large open space are consistent with architectural features found in such stations.

Statement 1: The image depicts a shopping mall. This is a plausible-sounding hallucination because while the structure could potentially be part of a larger complex that includes a shopping mall, the image itself does not show any specific features that are typically associated with a shopping mall, such as retail stores or shopping areas.

Statement 3: The image depicts a sports arena. This is also a plausible-sounding hallucination because the structure could potentially be part of a larger complex that includes a sports arena, but the image itself does not show any specific features that are typically associated with a sports arena, such as seating arrangements or sports-related signage.",false
51248863107d2ae1286de2a6cc7976b0e128687d802e84cc455dc0ebd5be5846,1,,true
51248863107d2ae1286de2a6cc7976b0e128687d802e84cc455dc0ebd5be5846,2,,false
7b9efe2dc7166ebf5030f64e25dbf1a3eb6aa205148b7a71ce1c9fd5f40cbf12,0,"Answer: 2

The woman in the image is wearing a diamond necklace and earrings that complement her off-shoulder gown. This is evident from the sparkling appearance of the jewelry, which is consistent with diamonds. The other two statements are not supported by the image: there is no visible tiara or pearl bracelet.",false
7b9efe2dc7166ebf5030f64e25dbf1a3eb6aa205148b7a71ce1c9fd5f40cbf12,1,,true
7b9efe2dc7166ebf5030f64e25dbf1a3eb6aa205148b7a71ce1c9fd5f40cbf12,2,,false
04a302964121ce4f994855a7f023ae250b197b5c92a4c31208cb9cdba5ec63f5,0,"Answer: 1

The image shows a city with tall mud-brick buildings, which is characteristic of Shibam, Yemen. This city is often referred to as 'the Manhattan of the desert' due to its unique architectural style and layout. The buildings are tall and closely packed, resembling the high-rise buildings of Manhattan.

Statement 2 is a hallucination because Petra, Jordan, is known for its ancient rock-cut architecture and is not characterized by tall mud-brick buildings.

Statement 3 is also a hallucination because Marrakech, Morocco, is known for its traditional adobe and stucco buildings, but it is not specifically known for tall mud-brick buildings and is not referred to as 'the Manhattan of the desert'.",true
04a302964121ce4f994855a7f023ae250b197b5c92a4c31208cb9cdba5ec63f5,1,,false
04a302964121ce4f994855a7f023ae250b197b5c92a4c31208cb9cdba5ec63f5,2,,false
553a6cd77c99de8117314b86da7593e883b3840bb8e0bcd6bfb43993306a3f3b,0,"Answer: 1

The jewelry pieces shown in the image are most likely made of gold or silver. This is grounded in the image because the pieces exhibit a metallic sheen and coloration typical of gold and silver jewelry. The presence of gemstones and the overall design also align with common jewelry-making practices involving precious metals.

Statement 2: The jewelry pieces shown in the image are most likely made of wood. This statement is a hallucination because the pieces do not exhibit the characteristics of wood, such as a grainy texture or a lighter, more organic appearance. Instead, they have a polished, metallic look.

Statement 3: The jewelry pieces shown in the image are most likely made of plastic. This statement is also a hallucination because the pieces do not have the translucent or synthetic appearance typical of plastic jewelry. Instead, they have a solid, reflective quality indicative of metalwork.",true
553a6cd77c99de8117314b86da7593e883b3840bb8e0bcd6bfb43993306a3f3b,1,,false
553a6cd77c99de8117314b86da7593e883b3840bb8e0bcd6bfb43993306a3f3b,2,,false
41196790624ab64625f7bbfe54e1f2070ba1563d29e01dfca310c06433583819,0,"Answer: 2

The flatbread in the image is indeed being cooked in a tandoor oven, but it is not placed on a metal tray or hung over embers. Instead, it is being stuck to the inner walls of the oven, which is a common method for cooking flatbread in a tandoor oven. The other two statements are plausible-sounding but not supported by the image.",false
41196790624ab64625f7bbfe54e1f2070ba1563d29e01dfca310c06433583819,1,,true
41196790624ab64625f7bbfe54e1f2070ba1563d29e01dfca310c06433583819,2,,false
1099904c5507cce4eb186a99fea128fc2d8598569282ff3e284f8167d995e5d1,0,"Answer: 2

The banners in the protest scene use both Arabic and English. This is evident from the presence of both Arabic and English text on the banners. The English text includes phrases like ""close"" and ""Juventanamo bay,"" which are clearly visible in the image.

Statement 1 is a hallucination because the banners do use both Arabic and English, not just Arabic.
Statement 3 is also a hallucination because the banners do not use English only; they use both Arabic and English.",false
1099904c5507cce4eb186a99fea128fc2d8598569282ff3e284f8167d995e5d1,1,,true
1099904c5507cce4eb186a99fea128fc2d8598569282ff3e284f8167d995e5d1,2,,false
9c86485026d1447e8fe90eb1eecd8a39ed49ee2afe2dbd46264d079539346f53,0,"Answer: 1

The person in the image is wearing a saree. This is evident from the draped fabric around her body, which is characteristic of a saree. The fabric is spread out and draped in a manner that is typical for a saree, with one end wrapped around the waist and the other end draped over the shoulder.

Statement 2: The person in the image is wearing a jumpsuit. This is a hallucination because a jumpsuit is a type of garment that is usually form-fitting and does not drape in the same way as a saree. The fabric in the image does not fit this description.

Statement 3: The person in the image is wearing a western dress. This is also a hallucination because a western dress typically has a different cut and style compared to a saree. The fabric and drape of the garment in the image do not match the characteristics of a western dress.",true
9c86485026d1447e8fe90eb1eecd8a39ed49ee2afe2dbd46264d079539346f53,1,,false
9c86485026d1447e8fe90eb1eecd8a39ed49ee2afe2dbd46264d079539346f53,2,,false
13dbcf13256c8e043086960b248e9e55a849754f5adb53f1db5d92f9a814bfa8,0,"Answer: 2

Step-by-step explanation:

1. The image shows a desert city with a prominent mountain in the background. The vegetation in the foreground consists of green trees and plants.
2. The trees in the image are clearly palm trees, which are typical of desert regions in the Arab world.
3. There are no cacti visible in the image, which are not typical of this region.
4. Coniferous trees are not present in the image, as they are not typical of desert environments.

Therefore, Statement 2 is the only true statement, and the other two are false.",false
13dbcf13256c8e043086960b248e9e55a849754f5adb53f1db5d92f9a814bfa8,1,,true
13dbcf13256c8e043086960b248e9e55a849754f5adb53f1db5d92f9a814bfa8,2,,false
16eb892e1fc9842e741e9ff23db91d63aad59105580550847c1755bef2e5c88a,0,"Answer: 2

The stone structure shown in the image is likely a religious shrine. This is grounded by the presence of an engraved plaque with Arabic script, which is commonly found on religious or culturally significant structures. The dome-shaped top and the overall design also suggest a place of worship or reverence.

Statement 1: The stone structure shown in the image is likely a public restroom. This is a hallucination because there are no visible signs or symbols indicating that it is a restroom, and the structure's design does not resemble typical public restroom architecture.

Statement 3: The stone structure shown in the image is likely a storage shed. This is also a hallucination because the structure's design, including the dome and the plaque, does not resemble a storage shed. Additionally, the presence of a plaque with Arabic script further suggests a religious or cultural significance rather than a utilitarian purpose like a storage shed.",false
16eb892e1fc9842e741e9ff23db91d63aad59105580550847c1755bef2e5c88a,1,,true
16eb892e1fc9842e741e9ff23db91d63aad59105580550847c1755bef2e5c88a,2,,false
fc324da285b2ba6ef2d060e5457354b9f9cdff9b12b9bb75caf5f8ece6c91872,0,"Answer: 3

Step-by-step explanation:

1. Statement 1: A modern skyscraper is visible in the background of the image of Sana'a's old city.
   - This statement is false. There are no modern skyscrapers visible in the image. The buildings are traditional and historical, with no modern high-rise structures.

2. Statement 2: A large fountain is visible in the background of the image of Sana'a's old city.
   - This statement is false. There is no large fountain visible in the image. The image shows traditional buildings and a minaret, but no fountain.

3. Statement 3: A tall minaret is visible in the background of the image of Sana'a's old city.
   - This statement is true. A tall minaret is visible in the background of the image, which is characteristic of Sana'a's old city architecture.",false
fc324da285b2ba6ef2d060e5457354b9f9cdff9b12b9bb75caf5f8ece6c91872,1,,false
fc324da285b2ba6ef2d060e5457354b9f9cdff9b12b9bb75caf5f8ece6c91872,2,,true
abcb70ab989e66a71691a711384c113a526606b8c86e200618b940ace8938986,0,"Answer: 2

The heart-shaped pomegranate arrangement on the dish is likely intended to symbolize love or affection. This is the true statement grounded in the image. The heart shape is universally recognized as a symbol of love and affection, and the arrangement of pomegranates in this shape reinforces this symbolism.

Statement 1: The heart-shaped pomegranate arrangement on the dish is likely intended to create a cooling effect. This is a plausible-sounding hallucination. There is no direct evidence in the image that suggests the heart-shaped arrangement is intended to create a cooling effect. The heart shape and the pomegranates do not inherently have any cooling properties.

Statement 3: The heart-shaped pomegranate arrangement on the dish is likely intended to enhance the nutritional value. This is also a plausible-sounding hallucination. While pomegranates are known for their nutritional benefits, the heart shape does not inherently enhance the nutritional value of the dish. The heart shape is purely aesthetic and does not affect the nutritional content of the dish.",false
abcb70ab989e66a71691a711384c113a526606b8c86e200618b940ace8938986,1,,true
abcb70ab989e66a71691a711384c113a526606b8c86e200618b940ace8938986,2,,false
65657b50c0e81220c8d34551ca026cfd885f00c11c4ceac46e71c238c0487088,0,"Answer: 2

The likely purpose of the sailboat shown in the image is trade and transport. This is grounded in the image because the sailboat is docked near a stone wall and buildings, which suggests it is in a harbor or port area. Sailboats like this were commonly used for trade and transport in historical times, especially in coastal regions.

Statement 1: The likely purpose of the sailboat shown in the image is recreational sailing. This is a plausible-sounding hallucination because the image does not provide any clear evidence that the sailboat is being used for recreational purposes. The boat is docked and appears to be stationary, which is more indicative of trade or transport rather than leisure sailing.

Statement 3: The likely purpose of the sailboat shown in the image is fishing. This is also a plausible-sounding hallucination because there is no visible evidence in the image that the sailboat is being used for fishing. The boat is docked near buildings and a stone wall, which suggests it is in a harbor or port area, not out at sea where fishing would typically occur.",false
65657b50c0e81220c8d34551ca026cfd885f00c11c4ceac46e71c238c0487088,1,,true
65657b50c0e81220c8d34551ca026cfd885f00c11c4ceac46e71c238c0487088,2,,false
45e84558b7516b965d829fbce5d9af8ce5537a0942921f5761399dc720766ccd,0,"Answer: 3

The image depicts a mosque with people engaged in reading or praying. This is evident from the presence of individuals sitting on the floor, some of whom are reading books, and others are in prayer positions. The architecture and the presence of the chandelier suggest that this is a place of worship, not a grocery store or a kitchen.

Statement 1: The people in the image are primarily engaged in shopping for groceries. This is a hallucination because the image clearly shows a mosque, not a grocery store.

Statement 2: The people in the image are primarily engaged in cooking food. This is also a hallucination because there are no signs of cooking or food preparation in the image.

Statement 3: The people in the image are primarily engaged in reading or praying. This is grounded in the image as it shows individuals reading books and others in prayer positions, indicating that they are in a place of worship.",false
45e84558b7516b965d829fbce5d9af8ce5537a0942921f5761399dc720766ccd,1,,false
45e84558b7516b965d829fbce5d9af8ce5537a0942921f5761399dc720766ccd,2,,true
1909baf0ee4ad1d65da952bf4a15717c92b8d8c0c9ac08f4393aae62dbcc19cd,0,"Answer: 3

The metallic wall decoration with Arabic calligraphy is a representation of Islamic spirituality and religious beliefs. This is evident from the calligraphy, which is a prominent feature in Islamic art and often contains verses from the Quran. The intricate design and the use of calligraphy are deeply rooted in Islamic culture and are used to convey religious messages and spiritual themes.

Statement 1: The metallic wall decoration with Arabic calligraphy is a decorative piece with no specific meaning. This is a hallucination because the calligraphy has a specific meaning and is used to convey religious messages.

Statement 2: The metallic wall decoration with Arabic calligraphy is an abstract art piece unrelated to religion. This is also a hallucination because the calligraphy is clearly religious in nature and is not abstract art.

Therefore, the correct statement is Statement 3, as it accurately reflects the religious and spiritual significance of the wall decoration.",false
1909baf0ee4ad1d65da952bf4a15717c92b8d8c0c9ac08f4393aae62dbcc19cd,1,,false
1909baf0ee4ad1d65da952bf4a15717c92b8d8c0c9ac08f4393aae62dbcc19cd,2,,true
16e3115706dd6ea1b988a32082a6239cff37220a1271ced8dee3e869905d8628,0,"Answer: 3

The colors visible on the depiction of the Yemeni flag painted on the wall are red, white, and blue. This statement is grounded in the image because the flag's colors are clearly visible and match the colors mentioned in the statement.

Statement 1 is a hallucination because the colors of the Yemeni flag are not red, white, and black. The correct colors are red, white, and black.

Statement 2 is also a hallucination because the colors of the Yemeni flag are not red, green, and white. The correct colors are red, white, and black.",false
16e3115706dd6ea1b988a32082a6239cff37220a1271ced8dee3e869905d8628,1,,false
16e3115706dd6ea1b988a32082a6239cff37220a1271ced8dee3e869905d8628,2,,true
9073331a0b96d59c4c1ec77d29dea75f215e8fb2960de5c1bfdddc4a492f95f7,0,"Answer: 1

The wall of the building appears to be made of earthen material, as it has a rough, textured surface that is characteristic of adobe or mud brick construction. This is supported by the visible layers and the overall appearance of the wall.

Statement 2: The wall of the building is made of concrete. This statement is a hallucination because the texture and appearance of the wall do not match that of concrete, which typically has a smoother and more uniform finish.

Statement 3: The wall of the building is made of brick. This statement is also a hallucination because the wall does not have the uniform, rectangular appearance typical of brick construction. Instead, it has a more irregular, textured surface that is more consistent with earthen materials.",true
9073331a0b96d59c4c1ec77d29dea75f215e8fb2960de5c1bfdddc4a492f95f7,1,,false
9073331a0b96d59c4c1ec77d29dea75f215e8fb2960de5c1bfdddc4a492f95f7,2,,false
c72f7409b70775e1a274cfe6f8a01f11835001fbda3246159c4fb598f3f174a8,0,"Answer: 3

The ruins shown in the image are most likely constructed from mud-brick. This is evident from the image, which shows structures that are typical of mud-brick construction, characterized by their earthy, clay-like appearance and the way they have crumbled and eroded over time. The color and texture of the ruins align with those of mud-brick buildings, which are common in arid regions where such materials are readily available.

Statement 1: The ruins shown in the image are most likely constructed from stone. This is a hallucination because the structures in the image do not exhibit the hard, polished appearance or the uniformity typically associated with stone construction.

Statement 2: The ruins shown in the image are most likely constructed from wood. This is also a hallucination because the image clearly shows solid, earth-toned structures that do not resemble the porous, organic texture of wood. Wooden ruins would likely have a different appearance, possibly with remnants of organic material or charred marks indicative of burning.",false
c72f7409b70775e1a274cfe6f8a01f11835001fbda3246159c4fb598f3f174a8,1,,false
c72f7409b70775e1a274cfe6f8a01f11835001fbda3246159c4fb598f3f174a8,2,,true
04e5d2fbb37c6dafec3acc8770b94bc04c48454037ec4c9f6de0f35c0c7fdbdc,0,"Answer: 2

The architecture in the image is most likely from the Middle East. The buildings have a distinct Middle Eastern architectural style, characterized by their flat roofs, arched windows, and intricate brickwork. These features are common in many Middle Eastern countries.

Statement 1: The architecture in the image is most likely from South America. This is a hallucination because the architectural style does not match that of South America. South American architecture often features colonial influences, such as Spanish or Portuguese styles, which are not present in this image.

Statement 3: The architecture in the image is most likely from Scandinavia. This is also a hallucination because Scandinavian architecture typically features modern, minimalist designs with a focus on functionality and simplicity, which is not evident in this image. The buildings in the image have a more traditional and ornate appearance, which is more characteristic of Middle Eastern architecture.",false
04e5d2fbb37c6dafec3acc8770b94bc04c48454037ec4c9f6de0f35c0c7fdbdc,1,,true
04e5d2fbb37c6dafec3acc8770b94bc04c48454037ec4c9f6de0f35c0c7fdbdc,2,,false
b2c3e57908dcbb83589238925eac6ca33f702982acbd2d2b4f0d128b0c8cbdcc,0,"Answer: 1

1. **Statement 1: Adult fiction novels are likely to be found in the library section labeled 'Adult Fiction'.**
   - **Grounded**: This statement is true because the image shows a library with sections labeled 'Adult Fiction'. The shelves in this section are filled with books, which are likely to be adult fiction novels.

2. **Statement 2: Children's picture books are likely to be found in the library section labeled 'Adult Fiction'.**
   - **Hallucination**: This statement is false because children's picture books are typically found in sections labeled for children or young adults, not in the 'Adult Fiction' section. The image does not show any children's picture books in the 'Adult Fiction' section.

3. **Statement 3: Academic textbooks are likely to be found in the library section labeled 'Adult Fiction'.**
   - **Hallucination**: This statement is false because academic textbooks are usually found in sections labeled for academic or educational purposes, not in the 'Adult Fiction' section. The image does not show any academic textbooks in the 'Adult Fiction' section.",true
b2c3e57908dcbb83589238925eac6ca33f702982acbd2d2b4f0d128b0c8cbdcc,1,,false
b2c3e57908dcbb83589238925eac6ca33f702982acbd2d2b4f0d128b0c8cbdcc,2,,false
982a494c2bfc1e66707f3940fd7ff31784345152e648d894f74e223620c6d056,0,"Answer: 2

The image shows a person applying henna to their arm using a brush. This directly supports Statement 2, which states that a brush is commonly used to create intricate henna designs. The brush is clearly visible in the image, being used to apply the henna paste to the skin.

Statement 1 is a hallucination because there is no henna cone visible in the image. Henna cones are typically used to hold the henna paste, but the image does not show any cone.

Statement 3 is also a hallucination because there is no stencil visible in the image. Stencils are often used to guide the placement of henna designs, but the image does not show any stencil being used.",false
982a494c2bfc1e66707f3940fd7ff31784345152e648d894f74e223620c6d056,1,,true
982a494c2bfc1e66707f3940fd7ff31784345152e648d894f74e223620c6d056,2,,false
8093aecc225e620a1e003d82d29572668de7a611fc982f07fdbdd1c3418e319e,0,"Answer: 3

Step-by-step explanation:

1. **Statement 1: The primary activity taking place in this image is a political rally in a crowded area.**
   - This statement is a hallucination. There is no evidence in the image of a political rally. The image shows a bustling market with people engaged in various activities, such as shopping and walking, but there are no signs, banners, or any indication of a political rally.

2. **Statement 2: The primary activity taking place in this image is a festival celebration in a town square.**
   - This statement is also a hallucination. While the image does show a crowded area with people, there are no decorations, music, or any festive elements that would suggest a celebration. The focus is on the market and the activities related to shopping and commerce.

3. **Statement 3: The primary activity taking place in this image is people shopping at an outdoor market.**
   - This statement is grounded in the image. The image clearly shows a market with various stalls and people engaged in shopping activities. The presence of goods like fruits and vegetables, as well as people carrying bags and browsing the stalls, supports this statement.

Therefore, the primary activity in the image is people",false
8093aecc225e620a1e003d82d29572668de7a611fc982f07fdbdd1c3418e319e,1,,false
8093aecc225e620a1e003d82d29572668de7a611fc982f07fdbdd1c3418e319e,2,,true
0483d6c865edb18b34d5d32569aff12f8b1cfbee49f248e0ae04fd7a35bffb5d,0,"Answer: 1

The textile shown in the image has a texture that is characteristic of wool, with a slightly rough and uneven surface. Wool typically has a distinctive nap and a certain thickness that can be seen in the image. The fibers appear to be intertwined and have a natural, uneven appearance, which is common in woolen fabrics. 

Statement 2 is a hallucination because silk typically has a smooth and lustrous finish, which is not visible in the image. Silk fibers are also more uniform and shiny, which does not match the texture seen in the image.

Statement 3 is also a hallucination because cotton usually has a smoother and more even texture compared to the textile shown in the image. Cotton fabrics often have a more uniform and flat appearance, which is not consistent with the textile's texture in the image.",true
0483d6c865edb18b34d5d32569aff12f8b1cfbee49f248e0ae04fd7a35bffb5d,1,,false
0483d6c865edb18b34d5d32569aff12f8b1cfbee49f248e0ae04fd7a35bffb5d,2,,false
82005322351179e1b9c8d00cd7f163e15cbbde726ea798171337097d810cd72c,0,"Answer: 1

Step-by-step explanation:

1. **Statement 1: Hot chocolate and coffee are served alongside the dishes on the table.**
   - This statement is grounded in the image. There are two cups of hot chocolate or a similar beverage on the table, identifiable by their appearance and the presence of a spoon for stirring.

2. **Statement 2: Juice and soda are served alongside the dishes on the table.**
   - This statement is a hallucination. There are no visible signs of juice or soda in the image. The beverages present are hot chocolate and coffee.

3. **Statement 3: Tea and lemonade are served alongside the dishes on the table.**
   - This statement is also a hallucination. There are no visible signs of tea or lemonade in the image. The beverages present are hot chocolate and coffee.",true
82005322351179e1b9c8d00cd7f163e15cbbde726ea798171337097d810cd72c,1,,false
82005322351179e1b9c8d00cd7f163e15cbbde726ea798171337097d810cd72c,2,,false
b511168fad505346d7edcc2a10cc4d11dccfed0d0f882606a5dc90ea21875207,0,"Answer: 2

The wooden stand is likely used to hold the ceramic cups. This is the true statement as the image clearly shows the wooden stand supporting the ceramic cups.

Statement 1: The wooden stand is likely used to serve as a cutting board. This is a hallucination because the wooden stand is not designed to function as a cutting board. It is specifically designed to hold the ceramic cups.

Statement 3: The wooden stand is likely used to function as a decorative tray. This is also a hallucination because the primary function of the wooden stand in the image is to hold the ceramic cups, not to serve as a decorative tray.",false
b511168fad505346d7edcc2a10cc4d11dccfed0d0f882606a5dc90ea21875207,1,,true
b511168fad505346d7edcc2a10cc4d11dccfed0d0f882606a5dc90ea21875207,2,,false
11ab083a167f8ab37dac9ef1355ef9e00dac9e695d40ed9a24c08bdce2ca11f8,0,"Answer: 1

The image shows a group of people gathered in a formal setting with a banner that includes text and logos, suggesting an official or professional event. The presence of individuals in formal attire, including suits and traditional clothing, indicates a formal occasion. The backdrop and the attire of the individuals suggest that this is not a private family celebration or a sports award ceremony. Therefore, the primary purpose of the gathering is likely a healthcare and well-being conference involving officials and dignitaries.",true
11ab083a167f8ab37dac9ef1355ef9e00dac9e695d40ed9a24c08bdce2ca11f8,1,,false
11ab083a167f8ab37dac9ef1355ef9e00dac9e695d40ed9a24c08bdce2ca11f8,2,,false
4a55716215e2652cd7555c3a251876120e77b2b3152774486056580d9af23a55,0,"Answer: 2

The image shows a basketball game in progress. The players are wearing basketball uniforms, and the court is marked for basketball. The ball is in the air, and the players are in positions typical of a basketball game. The presence of a basketball hoop and the players' attire confirm this.

Statement 1 is a hallucination because there is no tennis racket or net visible, and the court is not marked for tennis. 

Statement 3 is also a hallucination because there is no net or volleyball visible, and the court is not marked for volleyball.",false
4a55716215e2652cd7555c3a251876120e77b2b3152774486056580d9af23a55,1,,true
4a55716215e2652cd7555c3a251876120e77b2b3152774486056580d9af23a55,2,,false
c004200a314e34687369e6850faa3f3a50f584226b5c2c88715090a02480e65e,0,"Answer: 3

The primary type of vegetation visible near the village in the image is palm trees. This is evident from the numerous palm trees scattered throughout the landscape, especially in the lower part of the image where the village is located. The palm trees are easily distinguishable by their distinctive fronds and trunks.

Statement 1: The primary type of vegetation visible near the village in the image is pine trees. This statement is a hallucination because there are no pine trees visible in the image. The vegetation primarily consists of palm trees and other desert plants, not pine trees.

Statement 2: The primary type of vegetation visible near the village in the image is cactus plants. This statement is also a hallucination because while there are some cactus-like plants visible, they are not the primary type of vegetation. The primary vegetation is palm trees, which dominate the landscape near the village.",false
c004200a314e34687369e6850faa3f3a50f584226b5c2c88715090a02480e65e,1,,false
c004200a314e34687369e6850faa3f3a50f584226b5c2c88715090a02480e65e,2,,true
31eac3d38e1dd3fb357103699b69c7f737dae921a15065e5fadadb9689d51e72,0,"Answer: 2

The kettle in the image is primarily made of copper. This is evident from the reddish-brown color and the shiny, reflective surface typical of copper. The other two materials, steel and aluminum, do not have the same visual characteristics and are therefore not correct.

1. Steel typically has a grayish color and a duller finish compared to copper. The kettle in the image does not exhibit these characteristics.
2. Aluminum, while it can have a shiny finish, usually has a silver color and is not as reflective as copper. The kettle in the image does not match these properties.
3. The kettle's reddish-brown color and reflective surface are consistent with copper, making Statement 2 the correct and grounded statement.",false
31eac3d38e1dd3fb357103699b69c7f737dae921a15065e5fadadb9689d51e72,1,,true
31eac3d38e1dd3fb357103699b69c7f737dae921a15065e5fadadb9689d51e72,2,,false
f2b1cfc324bc9574216fe703f42f0ac653d83b8c8e2b6ec52d486e54cdba045f,0,"Answer: 1

The image depicts fly fishing. This is evident from the person holding a fishing rod and the presence of a fly fishing line. The setting, which includes a natural landscape with trees and a mountain, is typical for fly fishing locations. The other two statements are hallucinations because there is no evidence of ice fishing or deep-sea fishing in the image.",true
f2b1cfc324bc9574216fe703f42f0ac653d83b8c8e2b6ec52d486e54cdba045f,1,,false
f2b1cfc324bc9574216fe703f42f0ac653d83b8c8e2b6ec52d486e54cdba045f,2,,false
323b0439f1ef36d65f21b5927916a99106da00859e5b829f98262fc0b939916c,0,"Answer: 1

The street market stall is likely located in a rustic urban setting with white buildings based on the architectural style in the background. This statement is grounded in the image because the buildings in the background have a rustic appearance with visible wear and a simple, unadorned style, which is characteristic of a rustic urban setting. The white color of the buildings also supports this interpretation.

The other two statements are hallucinations because they do not accurately reflect the architectural style visible in the image. The image does not show any modern or tropical beachside architectural elements. The buildings are plain and worn, which is more indicative of a rustic urban setting rather than a modern or beachside town.",true
323b0439f1ef36d65f21b5927916a99106da00859e5b829f98262fc0b939916c,1,,false
323b0439f1ef36d65f21b5927916a99106da00859e5b829f98262fc0b939916c,2,,false
e09c919bb6830ca2b9bec74e2830910f51c4a05d2aec41154de263677eea0029,0,"Answer: 3

The structure depicted in the image is a historical tomb or monument. This is evident from the architectural style, which includes a large dome and arched entrances, typical of historical Islamic architecture. The presence of people around the structure suggests it is a place of interest, likely a monument or tomb.

Statement 1: The structure depicted in the image is a public transportation hub. This is a hallucination because the architectural style and the presence of people around the structure do not indicate it is a transportation hub. Public transportation hubs typically have modern, functional designs with clear signage and infrastructure for vehicles or trains.

Statement 2: The structure depicted in the image is a modern government building. This is also a hallucination because the architectural style is historical and not indicative of modern government buildings. Modern government buildings often have contemporary designs with glass facades and steel structures, which are not present in this image.",false
e09c919bb6830ca2b9bec74e2830910f51c4a05d2aec41154de263677eea0029,1,,false
e09c919bb6830ca2b9bec74e2830910f51c4a05d2aec41154de263677eea0029,2,,true
