id,statement_index,raw_prediction,prediction_parsed
39550e3c246330ee49d6f5a3f3889db8418aacf3d9ef71108ad4fb5fd27d7259,0,"Answer: 3

Explanation:
1. The image depicts a rugged desert mountain range with orange rock formations. This is a clear indication of a desert environment, characterized by arid landscapes and sparse vegetation. The presence of sharp, rocky formations is typical of desert environments.
2. The other two statements are grounded in the image. Statement 1 is false because the image shows a desert environment, not a temperate forest. Statement 2 is false because the image shows a desert environment, not a tropical coastal area with sandy beaches.",false
39550e3c246330ee49d6f5a3f3889db8418aacf3d9ef71108ad4fb5fd27d7259,1,,false
39550e3c246330ee49d6f5a3f3889db8418aacf3d9ef71108ad4fb5fd27d7259,2,,true
5f985ee30b7a618a99ff580a47522f7cc271a7a3b17ad62cc6c5859813f6d171,0,"Answer: 2

Explanation:
1. The bus in the image is not a sightseeing tour bus for tourists. The bus displays images of historical figures and scenes, which suggests it is used for cultural or educational purposes rather than tourist tours.
2. The bus in the image is not a mobile museum displaying cultural and historical exhibits. The bus displays images of historical figures and scenes, which suggests it is used for cultural or educational purposes rather than a museum.
3. The bus in the image is not a public transportation bus for daily commuters. The bus displays images of historical figures and scenes, which suggests it is used for cultural or educational purposes rather than daily commuting.",false
5f985ee30b7a618a99ff580a47522f7cc271a7a3b17ad62cc6c5859813f6d171,1,,true
5f985ee30b7a618a99ff580a47522f7cc271a7a3b17ad62cc6c5859813f6d171,2,,false
4eaad96db51485f183fbe3ea0b14ef16e47e4daf99ef10fc29b51fee26d69b52,0,"Answer: 2

Explanation:
Statement 1: False
The image shows a jeweled tiara worn with a decorated headscarf, which is not part of a school uniform. School uniforms typically consist of uniforms that are more practical and less ornate.

Statement 2: True
The jeweled tiara worn with the decorated headscarf is likely used as a decorative accessory for a special occasion. This is because such headpieces are often worn during celebrations, religious events, or other significant gatherings where formal attire is required.

Statement 3: False
The image does not show any indication that the jeweled tiara is worn for sports activities. The tiara is more commonly associated with formal or ceremonial occasions rather than sports.",false
4eaad96db51485f183fbe3ea0b14ef16e47e4daf99ef10fc29b51fee26d69b52,1,,true
4eaad96db51485f183fbe3ea0b14ef16e47e4daf99ef10fc29b51fee26d69b52,2,,false
38a6dc0eb0d96a64eda567173baab7698a6054f285cc82ee26d1b51658820a06,0,"Answer: 2

Explanation:
1. The image shows a cup of tea with a visible steam rising from it. The steam is white and appears to be rising from the surface of the tea, which is a characteristic of steam rising from a hot liquid.
2. The tea itself is golden in color, which is typical of many types of tea, including jasmine tea. Jasmine tea is known for its golden color.
3. The presence of white flowers, which are likely jasmine, in the image supports the idea that jasmine is the primary ingredient of the tea. Jasmine is a common ingredient in many types of tea, including jasmine tea.",false
38a6dc0eb0d96a64eda567173baab7698a6054f285cc82ee26d1b51658820a06,1,,true
38a6dc0eb0d96a64eda567173baab7698a6054f285cc82ee26d1b51658820a06,2,,false
6f0acf368620aba6c02fae6e97dc641c439de3d51333c1a0936753e3e8393c48,0,"Answer: 1

Explanation:
- The aircraft in the image is a military surveillance aircraft. This is grounded because the image clearly shows a large, military-style aircraft with a distinctive radar dome on top, which is characteristic of military surveillance planes. The other two statements are not grounded in the image:
  - Statement 2: The aircraft shown in the image is a commercial passenger plane. This is false because the aircraft has a large, military-style design, which is not typical of commercial passenger planes. Commercial passenger planes usually have a more streamlined and aerodynamic design.
  - Statement 3: The aircraft shown in the image is a cargo transport plane. This is false because the aircraft has a large, military-style design, which is not typical of cargo transport planes. Cargo transport planes usually have a more cargo-focused design with smaller windows and a more compact structure.",true
6f0acf368620aba6c02fae6e97dc641c439de3d51333c1a0936753e3e8393c48,1,,false
6f0acf368620aba6c02fae6e97dc641c439de3d51333c1a0936753e3e8393c48,2,,false
15d81593d6188c3cfc630067c02f70f97a60a7625023833410bc49ead618b773,0,"Answer: 3

Explanation:
1. The primary activity being performed in the image is archery practice. This is grounded in the image as the individual is holding an arrow and appears to be aiming at a target. The presence of the target board and the archery equipment further confirm this.

2. The primary activity being performed in the image is hunting. This is not grounded in the image. There is no hunting equipment or context visible in the image, and the individual is not engaged in any hunting-related activities.

3. The primary activity being performed in the image is archery practice. This is also grounded in the image as the individual is holding an arrow and appears to be aiming at a target. The presence of the target board and the archery equipment further confirm this.",false
15d81593d6188c3cfc630067c02f70f97a60a7625023833410bc49ead618b773,1,,false
15d81593d6188c3cfc630067c02f70f97a60a7625023833410bc49ead618b773,2,,true
3186adf7f819686f71839a1d9a48d43bf2970ec436a345dd705d8fc8f40cf717,0,"Answer: 2

Explanation:
1. The blazer worn in the image is a burnt orange blazer with structured shoulders. This statement is grounded in the image. The blazer has a distinct burnt orange color and structured shoulders, which are clearly visible in the image.
2. The blazer worn in the image is a black leather biker jacket. This statement is not grounded in the image. The blazer in the image is not black leather; it is a burnt orange color with structured shoulders.
3. The blazer worn in the image is a casual denim jacket with patches. This statement is not grounded in the image. The blazer in the image is not a casual denim jacket; it is a burnt orange color with structured shoulders.",false
3186adf7f819686f71839a1d9a48d43bf2970ec436a345dd705d8fc8f40cf717,1,,true
3186adf7f819686f71839a1d9a48d43bf2970ec436a345dd705d8fc8f40cf717,2,,false
431192ee74f3c24a181452b35e20176a105560d01b79db447400d27f446bc30b,0,Answer: 1,true
431192ee74f3c24a181452b35e20176a105560d01b79db447400d27f446bc30b,1,,false
431192ee74f3c24a181452b35e20176a105560d01b79db447400d27f446bc30b,2,,false
13f10cfb4aac3fbd382e210b09c44e70a80be386937aee9f84a3e36b70202564,0,"Answer: 3

Explanation:
1. The primary function of the boats seen in this harbor scene is fishing activities. This is grounded in the image as there are large quantities of fish nets and fish on the boats, indicating that they are used for fishing. The presence of these items is typical of a fishing harbor.
2. The primary function of the boats seen in this harbor scene is police patrol boats. This is false. The boats in the image are not patrol boats; they are fishing boats. Patrol boats are typically larger and have different features, such as radar domes and communication equipment, which are not visible in this image.
3. The primary function of the boats seen in this harbor scene is luxury yachts for tourism. This is also false. The boats in the image are fishing boats, not yachts. Yachts are typically larger and more luxurious than the boats shown in the image.",false
13f10cfb4aac3fbd382e210b09c44e70a80be386937aee9f84a3e36b70202564,1,,false
13f10cfb4aac3fbd382e210b09c44e70a80be386937aee9f84a3e36b70202564,2,,true
f08128c6e27b047e6f33a7b12a8be07eeffb9b812e344c43810e9300f7933942,0,"Answer: 1

Explanation:
- Statement 1: True. The image shows a mosque with two tall minarets and a large central dome. The minarets are a defining feature of Islamic architecture, and the dome is a common element in many mosques, particularly those of significant religious importance.
- Statement 2: False. The image does not show a pagoda-style roof or wooden beams. The mosque in the image has a traditional architectural style with a large central dome and two tall minarets, but it does not have a pagoda-style roof or wooden beams.
- Statement 3: False. The image does not show a bell tower or stained glass windows. The mosque in the image has a large central dome and two tall minarets, but it does not have a bell tower or stained glass windows.",true
f08128c6e27b047e6f33a7b12a8be07eeffb9b812e344c43810e9300f7933942,1,,false
f08128c6e27b047e6f33a7b12a8be07eeffb9b812e344c43810e9300f7933942,2,,false
4701f69d7028310325d3b8746d76691140e64c4caa0385f64a0c5a805d5bb417,0,"Answer: 2

Explanation:
1. The image depicts a desert landscape with tall sandstone formations. This is evident from the image of the landscape, which includes sandstone cliffs and a barren, arid environment typical of desert regions.
2. The statement ""The landscape shown in the image is a lush forest with waterfalls"" is grounded because the image clearly shows a desert landscape, not a forest or waterfall. Therefore, this statement is false.
3. The statement ""The landscape shown in the image is a snowy mountain range"" is also grounded because the image shows a desert landscape, not a snowy mountain range. Therefore, this statement is false.",false
4701f69d7028310325d3b8746d76691140e64c4caa0385f64a0c5a805d5bb417,1,,true
4701f69d7028310325d3b8746d76691140e64c4caa0385f64a0c5a805d5bb417,2,,false
40cc444afe6647f21b3f74100ccadf5e22cae49eb7849b11547127abef202a40,0,"Answer: 3

Explanation:
1. The traditional soup shown in the image is most closely associated with Algeria. True. The image clearly shows a bowl of Algerian Vermicelli Soup, which is a traditional dish from Algeria. The soup is made with vermicelli noodles and a rich, creamy broth, often garnished with fresh herbs like parsley and cilantro. The presence of the bowl and the ingredients strongly indicate that this is an Algerian dish.
2. The traditional soup shown in the image is most closely associated with Italy. False. There is no direct association between the soup shown in the image and Italy. The ingredients and preparation style are more closely associated with Algeria, as mentioned earlier. The image does not provide any information about the soup being associated with Italy.
3. The traditional soup shown in the image is most closely associated with India. False. There is no direct association between the soup shown in the image and India. The ingredients and preparation style are more closely associated with Algeria, as mentioned earlier. The image does not provide any information about the soup being associated with India.",false
40cc444afe6647f21b3f74100ccadf5e22cae49eb7849b11547127abef202a40,1,,false
40cc444afe6647f21b3f74100ccadf5e22cae49eb7849b11547127abef202a40,2,,true
b2960a3818d96f79756dc9b546c3050647565534e55c17f92eb2adbdf4965375,0,"Answer: 1

Explanation:
Statement 1 is grounded in the image. The runner is indeed wearing a white tank top, black shorts, red compression socks, and blue running shoes. The other statements are not grounded in the image. For example:
- Statement 2: The runner is wearing a red jacket, black jeans, hiking boots, and a scarf. This is not mentioned or visible in the image.
- Statement 3: The runner is wearing a yellow t-shirt, green pants, white sneakers, and a sun hat. This is not mentioned or visible in the image.",true
b2960a3818d96f79756dc9b546c3050647565534e55c17f92eb2adbdf4965375,1,,false
b2960a3818d96f79756dc9b546c3050647565534e55c17f92eb2adbdf4965375,2,,false
62e90e2f6be94e3d441b90602c2b748b827e58d44250926aa008b0ce4ea9b159,0,"Answer: 2

Explanation:
1. The image shows a group of sheep with some being adorned with red marks on their backs, which is a common practice in some cultures, particularly in South Asia, to mark sheep for identification or to mark them for sale. This suggests that the gathering is likely a livestock auction.
2. The presence of a crowd, the arrangement of the animals, and the fact that some individuals are holding green plants, possibly for sale, further supports the idea that this is a livestock auction.
3. The setting does not appear to be a religious ritual, as there are no religious symbols or attire that would suggest a religious gathering. The attire of the individuals and the environment do not align with typical religious practices.",false
62e90e2f6be94e3d441b90602c2b748b827e58d44250926aa008b0ce4ea9b159,1,,true
62e90e2f6be94e3d441b90602c2b748b827e58d44250926aa008b0ce4ea9b159,2,,false
bc223d547760f8808409711e32d8dbbf801867e8713f8ae51abcb2c0d02566e4,0,"Answer: 1

Explanation:
- Statement 1: The object shown in the image is a pendant designed to hold small religious scriptures. True. The pendant has intricate designs and patterns that are commonly associated with religious artifacts, particularly those used for holding religious texts or icons.
- Statement 2: The object shown in the image is a compact mirror case. False. The object is not a mirror case; it is a pendant with ornate designs and patterns, not a compact mirror case.
- Statement 3: The object shown in the image is a decorative brooch for clothing. False. The object is not a brooch; it is a pendant with intricate designs and patterns, not a decorative brooch.",true
bc223d547760f8808409711e32d8dbbf801867e8713f8ae51abcb2c0d02566e4,1,,false
bc223d547760f8808409711e32d8dbbf801867e8713f8ae51abcb2c0d02566e4,2,,false
a5f556cefa064d136c22b8c06b2785e9d9fd17064513b377896ed5a183000366,0,"Answer: 1

Explanation:
- Statement 1: A bowl of fruit is not visible in the image. This statement is grounded in the image. The image shows three plates with floral patterns, but there is no visible bowl of fruit. Therefore, this statement is true.
- Statement 2: Decorative ceramic plates are not visible in the image. This statement is also grounded in the image. The image shows three plates with floral patterns, but there is no visible ceramic plates. Therefore, this statement is true.
- Statement 3: A glass of white wine is not visible in the image. This statement is false. The image shows a glass of white wine, which is clearly visible in the foreground. Therefore, this statement is false.",true
a5f556cefa064d136c22b8c06b2785e9d9fd17064513b377896ed5a183000366,1,,false
a5f556cefa064d136c22b8c06b2785e9d9fd17064513b377896ed5a183000366,2,,false
95c3deb1e6d8505899f1da230ed1f9fc984e741b8c9f40425f88ddbcf5c947ba,0,"Answer: 3

Explanation:
1. The image depicts a large, multi-masted ship with various equipment and structures, which is characteristic of a rescue vessel.
2. The ship has the word ""RESCUE ZONE"" written on its side, indicating its purpose.
3. The presence of multiple decks, antennas, and other specialized equipment further supports the identification of this vessel as a rescue vessel.",false
95c3deb1e6d8505899f1da230ed1f9fc984e741b8c9f40425f88ddbcf5c947ba,1,,false
95c3deb1e6d8505899f1da230ed1f9fc984e741b8c9f40425f88ddbcf5c947ba,2,,true
853c3cc79483c345ffa2762b690d6f17d873314b1025a2822ba6ff6e9eec9381,0,"Answer: 1

Explanation:
- The image depicts a desert with rock formations and sand dunes. This is evident from the sandy terrain, the presence of rock formations, and the overall landscape which is characteristic of a desert environment. The sand dunes are also a clear indicator of a desert setting.

- Statement 2 is false. The image shows rock formations and sand dunes, not a coastal beach with sea cliffs. The presence of rock formations and the absence of a beach with sea cliffs are key indicators that this is a desert environment.

- Statement 3 is false. The image shows rock formations and sand dunes, not a mountainous forest with rivers. The presence of rock formations and the absence of a forest with rivers are key indicators that this is a desert environment.",true
853c3cc79483c345ffa2762b690d6f17d873314b1025a2822ba6ff6e9eec9381,1,,false
853c3cc79483c345ffa2762b690d6f17d873314b1025a2822ba6ff6e9eec9381,2,,false
4030235e980ca962459e0fb568e5a9f9da5f802d0b12d2c7b147023872732333,0,"Answer: 2

Explanation:
1. The image shows a set of porcelain tea service items, which are typically used for serving tea and other beverages. The intricate designs and the presence of a teapot and cups are indicative of their use in serving tea.
2. The other statements are not grounded in the image. Statement 1 is false because the primary function of the objects shown is not to decorate a living room. Statement 3 is false because the primary function of the objects shown is not to store food items.",false
4030235e980ca962459e0fb568e5a9f9da5f802d0b12d2c7b147023872732333,1,,true
4030235e980ca962459e0fb568e5a9f9da5f802d0b12d2c7b147023872732333,2,,false
c8db077a0919b5ccb2c27f5cde87bce0ba8adad1373209c479024492c96a64e5,0,"Answer: 1

Explanation:
- The backdrop prominently features the word ""MISS"" and ""USA,"" which are associated with the Miss USA beauty pageant, a well-known event in the United States.
- The presence of these words strongly suggests that the event is taking place in the United States, specifically in Los Angeles, where the Miss USA pageant is traditionally held.
- The other two statements are not grounded in the image. The backdrop does not provide any specific clues about the location of the event, such as New York City or Las Vegas.",true
c8db077a0919b5ccb2c27f5cde87bce0ba8adad1373209c479024492c96a64e5,1,,false
c8db077a0919b5ccb2c27f5cde87bce0ba8adad1373209c479024492c96a64e5,2,,false
6d7552ee0748b7c24fcc23c07a3ebd549228922288d7cc1dfe4dee522ac5f235,0,"Answer: 1

Explanation:
- Statement 1: Rock climbing is most commonly associated with caves like the one shown in the image. True.
- Statement 2: Camping is most commonly associated with caves like the one shown in the image. False.
- Statement 3: Swimming and boating is most commonly associated with caves like the one shown in the image. False.",true
6d7552ee0748b7c24fcc23c07a3ebd549228922288d7cc1dfe4dee522ac5f235,1,,false
6d7552ee0748b7c24fcc23c07a3ebd549228922288d7cc1dfe4dee522ac5f235,2,,false
e9fd9b635b64a7ee090d4ab9da281209da8958037fe9103200260a27bd239c99,0,"Answer: 1

Explanation:
- The image depicts a historical structure that appears to be a large, circular stone structure with a flat top, which is characteristic of ancient tomb or monument constructions. The presence of large stone blocks and the overall design suggest it could be a tomb or monument from a historical period.
- The other two statements are not grounded in the image:
  - Statement 2: The structure does not resemble a Roman amphitheater, which typically has a more rectangular or oval shape and is constructed with a series of arches and columns.
  - Statement 3: The structure does not resemble a medieval castle, which is typically characterized by a more fortified and complex design with multiple towers and walls, often built with stone and surrounded by a moat or ditch.",true
e9fd9b635b64a7ee090d4ab9da281209da8958037fe9103200260a27bd239c99,1,,false
e9fd9b635b64a7ee090d4ab9da281209da8958037fe9103200260a27bd239c99,2,,false
8dba00bbbea7bea5f59da101b271732df61c920732fba975fe34603d5770afe7,0,"Answer: 3

Explanation:
1. The image shows a rectangular piece of fabric with intricate patterns and borders, which is characteristic of a prayer rug.
2. Prayer rugs are commonly used in Islamic rituals and are often characterized by their intricate designs and patterns.
3. The other two statements are not grounded in the image. The image does not show a table runner, tapestry, or any other object that would suggest it is a table runner, tapestry, or prayer rug. Therefore, the statements about the object being a decorative table runner, tapestry for wall decoration, and prayer rug used in Islamic rituals are false.",false
8dba00bbbea7bea5f59da101b271732df61c920732fba975fe34603d5770afe7,1,,false
8dba00bbbea7bea5f59da101b271732df61c920732fba975fe34603d5770afe7,2,,true
1515019169ee631548a685651fc7c9d9f01afc60fcea04babc3aefb3cab124d2,0,"Answer: 1

Explanation:
- Statement 1: The coat in the image is a long, elegant gray coat with ribbed sleeves and a belted waist. True. The coat appears to be a long coat with a belted waist, and the ribbed sleeves are a characteristic feature of such coats.
- Statement 2: The coat in the image is a bright-colored trench coat with floral patterns. False. The coat in the image is a gray coat, not a bright-colored trench coat with floral patterns.
- Statement 3: The coat in the image is a short casual jacket with zipper details. False. The coat in the image is a long coat, not a short casual jacket with zipper details.",true
1515019169ee631548a685651fc7c9d9f01afc60fcea04babc3aefb3cab124d2,1,,false
1515019169ee631548a685651fc7c9d9f01afc60fcea04babc3aefb3cab124d2,2,,false
c94f2378f0c87445df82b24cac7c15dcc4b5ca1f64bf9b6c9341a1c6e4e92a32,0,"Answer: 1

Explanation:
- The image shows a group of camels in a desert landscape, which is a common activity in the Arab world, particularly in regions like the Sahara Desert. This activity is known as camel trekking or caravanning.
- The other two statements are not grounded in the image:
  - Statement 2: Camel racing is not a common activity in the Arab world, as it is not a traditional sport or event.
  - Statement 3: Safari hunting is not a common activity in the Arab world, as it is not a traditional hunting method and is not a recognized sport or event.",true
c94f2378f0c87445df82b24cac7c15dcc4b5ca1f64bf9b6c9341a1c6e4e92a32,1,,false
c94f2378f0c87445df82b24cac7c15dcc4b5ca1f64bf9b6c9341a1c6e4e92a32,2,,false
2571c59db69638eca0d5bef88d7e8725b411dcf07dbd18afa96bc8ca4b4c575f,0,"Answer: 1

Explanation:
- The architectural structure shown in the image is not a medieval castle. The image depicts a large, circular structure with a flat top and a series of steps leading up to it, which is characteristic of ancient Greek or Roman architecture, not medieval European castle architecture. The structure has a more monumental and grandiose appearance, with a central dome and a series of steps leading up to it, which are typical of ancient Greek or Roman temples or public buildings.

- The architectural structure shown in the image is not a royal mausoleum. The image depicts a large, circular structure with a flat top and a series of steps leading up to it, which is characteristic of ancient Greek or Roman architecture, not royal mausoleums. Royal mausoleums typically have a more monumental and grandiose appearance, with a central dome and a series of steps leading up to it, which are typical of ancient Greek or Roman temples or public buildings.

- The architectural structure shown in the image is not a Roman amphitheater. The image depicts a large, circular structure with a flat top and a series of steps leading up to it, which is characteristic of ancient Greek or Roman architecture, not Roman am",true
2571c59db69638eca0d5bef88d7e8725b411dcf07dbd18afa96bc8ca4b4c575f,1,,false
2571c59db69638eca0d5bef88d7e8725b411dcf07dbd18afa96bc8ca4b4c575f,2,,false
e7f60dd1952c62677b6dd6ce1305951631cbbbbc404e174796558660014cbaf8,0,"Answer: 3

Explanation:
1. The image depicts a medical setting, as evidenced by the presence of medical staff and the elderly woman in a wheelchair, which is typical in a hospital or medical facility.
2. The man in the white shirt is likely a doctor or nurse, interacting with the elderly woman in a manner consistent with a healthcare provider's interaction with a patient.
3. The background includes medical equipment and a person in a lab coat, further confirming the setting as a hospital or medical facility.",false
e7f60dd1952c62677b6dd6ce1305951631cbbbbc404e174796558660014cbaf8,1,,false
e7f60dd1952c62677b6dd6ce1305951631cbbbbc404e174796558660014cbaf8,2,,true
09f1068fd4bc7bec23092ddd069d4262996dc9a5790233d64b2357c35c43bbc3,0,"Answer: 2

Explanation:
1. The person in the image is likely engaged in photography. True: The individual is holding a camera, which is a common tool for capturing images, especially in a desert setting where capturing the vastness and beauty of the sand dunes is a common activity.
2. The person in the image is likely engaged in sandboarding. False: The individual is not holding a sandboard; instead, they are in a position that suggests they are moving along the sand dunes, which is characteristic of sandboarding. Sandboarding involves riding on the sand, not photographing it.
3. The person in the image is likely engaged in hiking. False: The individual is not in a hiking pose; instead, they are in a position that suggests they are moving along the sand dunes, which is characteristic of sandboarding. Sandboarding involves riding on the sand, not hiking.",false
09f1068fd4bc7bec23092ddd069d4262996dc9a5790233d64b2357c35c43bbc3,1,,true
09f1068fd4bc7bec23092ddd069d4262996dc9a5790233d64b2357c35c43bbc3,2,,false
84fab13f96e838eab5ed60534d733e6cabf0ab9f1936a797cc93c35f6ea3c2d8,0,"Answer: 1

Explanation:
1. The primary function of the objects in the image is to be woven straw bags used for carrying items. True. The woven texture and the handles suggest that these are bags designed for carrying items.
2. The primary function of the objects in the image is to serve as decorative wall hangings. False. The objects are not wall hangings; they are woven bags.
3. The primary function of the objects in the image is to be containers for storing liquids. False. The objects are not containers; they are woven bags.",true
84fab13f96e838eab5ed60534d733e6cabf0ab9f1936a797cc93c35f6ea3c2d8,1,,false
84fab13f96e838eab5ed60534d733e6cabf0ab9f1936a797cc93c35f6ea3c2d8,2,,false
129215dbc8d8f471c55ad54d930bf74178b998b7477814b303506df5467424f9,0,"Answer: False

Explanation:
1. The image shows a Sikh Gurdwara in San Jose, but there are no pyramids visible in the image. Pyramids are typically large, monumental structures found in various parts of the world, not in a Sikh Gurdwara.
2. The image shows domes on the Sikh Gurdwara, but there are no spiral towers visible in the image. Spiral towers are typically smaller, ornate structures found in various parts of the world, not in a Sikh Gurdwara.
3. The image shows a Sikh Gurdwara with a prominent entrance and a large dome, but there are no spiral towers visible in the image. Spiral towers are typically smaller, ornate structures found in various parts of the world, not in a Sikh Gurdwara. ||| False. The Sikh Gurdwara in San Jose does not have pyramids prominently visible in its architecture. ||| True. ||| False. The image does not show any spiral towers.",false
129215dbc8d8f471c55ad54d930bf74178b998b7477814b303506df5467424f9,1,,true
129215dbc8d8f471c55ad54d930bf74178b998b7477814b303506df5467424f9,2,,false
9212d047d787162f71fc597ad55df5a4c1b665e66240d4749807f3da3aae226c,0,"Answer: 1

Explanation:
- The boys are indeed wearing sports uniforms. This is evident from the image where they are dressed in maroon vests over white shirts and black pants, which are typical sports uniforms. The uniforms are clearly visible and distinct from the formal school uniforms mentioned in the other statements.",true
9212d047d787162f71fc597ad55df5a4c1b665e66240d4749807f3da3aae226c,1,,false
9212d047d787162f71fc597ad55df5a4c1b665e66240d4749807f3da3aae226c,2,,false
651dc2d9956251af80f32b3a1cb2d40f2ff45e482ed0e6daefc9f1f1dec8b380,0,"Answer: 1

Explanation:
1. The heel style of the sandal in the image is a wedge heel. The image shows a sandal with a noticeable heel that is raised above the ankle, which is characteristic of a wedge heel. This is a common feature of wedge heels, which are designed to provide a step-up effect.
2. The heel style of the sandal in the image is a block heel. Block heels are characterized by a thick, flat sole that provides stability and comfort. The sandal in the image does not have this characteristic.
3. The heel style of the sandal in the image is a stiletto heel. Stiletto heels are narrow and elongated, with a pointed toe and a very low heel. The sandal in the image does not have this characteristic either.

Therefore, the statement that the heel style of the sandal in the image is a stiletto heel is false.",true
651dc2d9956251af80f32b3a1cb2d40f2ff45e482ed0e6daefc9f1f1dec8b380,1,,false
651dc2d9956251af80f32b3a1cb2d40f2ff45e482ed0e6daefc9f1f1dec8b380,2,,false
47fb4cc67c7de0ac76a159e8eb8e160686bf80a8b2f823aa7f607c57a7af0355,0,"Answer: 1

Explanation:
1. The image shows the engine compartment of a car, which is clearly designed to house the engine. This is a fundamental function of the compartment, as it is where the engine is located.
2. The image does not show any storage areas or cooling systems, so the statements about storage and cooling are not grounded in the image.
3. The image shows a car engine, not a storage area for personal items, so the statement about storage is false.",true
47fb4cc67c7de0ac76a159e8eb8e160686bf80a8b2f823aa7f607c57a7af0355,1,,false
47fb4cc67c7de0ac76a159e8eb8e160686bf80a8b2f823aa7f607c57a7af0355,2,,false
3a27cf97aa63e2e506eed5a3933ac870fb7c316364f03c3e9c1e9480c92fe2b2,0,"Answer: 2

Explanation:
1. The image shows a luxurious and well-appointed private jet interior, which is characteristic of luxury air travel.
2. The presence of high-end leather seats, a sophisticated dashboard, and a well-organized cabin with a variety of amenities such as a coffee table and a personal bag suggest that this is a high-end, luxury air travel environment.
3. Military air transport typically involves more utilitarian and functional design, which is not evident in this image.",false
3a27cf97aa63e2e506eed5a3933ac870fb7c316364f03c3e9c1e9480c92fe2b2,1,,true
3a27cf97aa63e2e506eed5a3933ac870fb7c316364f03c3e9c1e9480c92fe2b2,2,,false
ae140bcb0ca783c2a56438565507556547c6ce5f5d1f269bedf91daefaf271ce,0,"Answer: 1

Explanation:
1. The image shows a red carpet event with photographers and media personnel, which is typical of film festivals.
2. The attire of the individuals, particularly the elegant dresses and formal wear, is consistent with what one might expect at a film festival.
3. The presence of a crowd and media coverage further supports the likelihood of this being a film festival.",true
ae140bcb0ca783c2a56438565507556547c6ce5f5d1f269bedf91daefaf271ce,1,,false
ae140bcb0ca783c2a56438565507556547c6ce5f5d1f269bedf91daefaf271ce,2,,false
6ae8c37b60d9994eb7d60bd9d36bd77487c555d7580697b17cd60467e11280df,0,"Answer: 2

Explanation:
1. The image shows a modern building entrance with large glass doors and a sign that reads ""MoMA,"" which is the Museum of Modern Art in New York City. This is a well-known and recognizable building entrance.
2. The other two sections of the image do not match the description of a corporate office building, a shopping mall, or the Museum of Modern Art. The left section shows a soccer game with children and adults, the right section shows people walking in front of a building entrance, and the background of the right section is not consistent with the MoMA building. Therefore, these sections are not grounded in the image.",false
6ae8c37b60d9994eb7d60bd9d36bd77487c555d7580697b17cd60467e11280df,1,,true
6ae8c37b60d9994eb7d60bd9d36bd77487c555d7580697b17cd60467e11280df,2,,false
03783038c9e119decab0f571c4d4ea1ecddb201279dcad38f8362879bf6531cc,0,"Answer: 1

Explanation:
1. The image shows a group of people engaged in what appears to be a cultural activity, likely a music performance. The presence of a drum, a traditional instrument, and the attire of the individuals suggest a cultural event. The setting and the way people are gathered around the drum indicate a performance or a gathering centered around music.
2. The other two statements are not grounded in the image:
   - Statement 2: A formal business meeting is unlikely in an outdoor setting with people dressed in traditional attire. The environment and the attire suggest a cultural event, not a business meeting.
   - Statement 3: A sports competition is also improbable in an outdoor setting with people dressed in traditional attire. The environment and the attire suggest a cultural event, not a sports competition.",true
03783038c9e119decab0f571c4d4ea1ecddb201279dcad38f8362879bf6531cc,1,,false
03783038c9e119decab0f571c4d4ea1ecddb201279dcad38f8362879bf6531cc,2,,false
8497eecafff7982cf7e1f1909cce8eb1f3dcdc16aee114be6c53d55ea41c8de6,0,"Answer: 1

Explanation:
- The image shows oil lamps (diyas) being lit in a row, which is a common practice during Diwali in Hindu culture.
- The other two statements are not grounded in the image. Raksha Bandhan and Holi are not traditionally associated with oil lamps (diyas) in Hindu culture.",true
8497eecafff7982cf7e1f1909cce8eb1f3dcdc16aee114be6c53d55ea41c8de6,1,,false
8497eecafff7982cf7e1f1909cce8eb1f3dcdc16aee114be6c53d55ea41c8de6,2,,false
6ed4c9f1c238bb58b061a6690fc12c33b56a01c646a35ab33686b2bcc404595a,0,"Answer: 1

Explanation:
- The striped structure visible near the ruins is likely an archaeological research station. True. The presence of a structure that resembles an archaeological research station is consistent with the context of ruins, which are often sites of historical or archaeological significance. The structure's design, with its distinct color and shape, is typical of such facilities.

- The striped structure visible near the ruins is likely a lifeguard hut. False. The structure's design and location do not suggest a lifeguard hut. Lifeguard huts are typically found near beaches or waterfronts, and the structure's shape and color do not align with typical lifeguard hut designs.",true
6ed4c9f1c238bb58b061a6690fc12c33b56a01c646a35ab33686b2bcc404595a,1,,false
6ed4c9f1c238bb58b061a6690fc12c33b56a01c646a35ab33686b2bcc404595a,2,,false
cf6c9311991c7005203c8e9d0f70a7139f0e9cd81948ebf1a2fa3d8727f07a51,0,"Answer: 1

Explanation:
- The individuals are wearing traditional attire, which is often associated with formal events in the Arab world.
- The presence of lanyards with ID badges is common at formal events, such as conferences, ceremonies, or official gatherings.
- The attire and lanyards strongly suggest that they are attending a formal event, likely a conference or ceremony.

Statement 2 is false because the attire and lanyards do not strongly suggest a wedding ceremony. Wedding ceremonies typically involve more casual and less formal attire compared to the traditional garments worn by the individuals in the image.",true
cf6c9311991c7005203c8e9d0f70a7139f0e9cd81948ebf1a2fa3d8727f07a51,1,,false
cf6c9311991c7005203c8e9d0f70a7139f0e9cd81948ebf1a2fa3d8727f07a51,2,,false
24b619add0d1ccb032a2d128a8a18828351a76a68df2cdde27cf69f56b22e46d,0,"Answer: 1

Explanation:
- The image shows a large cargo ship docked in the port area. The ship is clearly visible with its name and the word ""Cargo"" on its side.
- There are no fishing boats docked in the port area shown in the image.
- There are no passenger ships docked in the port area shown in the image. The image only shows a cargo ship, not a passenger ship.",true
24b619add0d1ccb032a2d128a8a18828351a76a68df2cdde27cf69f56b22e46d,1,,false
24b619add0d1ccb032a2d128a8a18828351a76a68df2cdde27cf69f56b22e46d,2,,false
d1133e8edc66b3b8776417c0464c623fc4044d24cd83ada3f091f95d4ffbbc97,0,"Answer: 2

Explanation:
- Statement 1: The purpose of the tomato roses in the dish is not to add flavor but rather to serve as decorative garnishes. The tomatoes are used to enhance the visual appeal of the dish, not to contribute to its flavor. Therefore, this statement is false.
- Statement 2: The purpose of the tomato roses in the dish is indeed to serve as decorative garnishes. The tomatoes are used to add color and visual interest to the dish, making it more appealing. Therefore, this statement is true.
- Statement 3: The purpose of the tomato roses in the dish is not to provide a source of protein but rather to add flavor and visual appeal. The tomatoes are used to enhance the dish's taste and aesthetic, not to serve as a protein source. Therefore, this statement is false.",false
d1133e8edc66b3b8776417c0464c623fc4044d24cd83ada3f091f95d4ffbbc97,1,,true
d1133e8edc66b3b8776417c0464c623fc4044d24cd83ada3f091f95d4ffbbc97,2,,false
8d0ac4028d178afeee886e4651f03d1092326299ba3c3ecb7f2493fb78fb0bee,0,"Answer: 2

Explanation:
Statement 1: The primary purpose of the minaret in a mosque is not to store religious artifacts. While minarets are indeed used for calling for prayer (Adhan), their primary function is to serve as a visual and auditory landmark for the call to prayer, helping to direct the faithful to the mosque. Therefore, this statement is false.

Statement 2: The primary purpose of the minaret in a mosque is indeed to call for prayer (Adhan). This is true, as minarets are designed to emit the call to prayer, which is a central part of Islamic worship.

Statement 3: The primary purpose of the minaret in a mosque is not to provide shelter for visitors. While minarets can serve as a shelter for the faithful during prayer, their primary function is to call for prayer and serve as a visual landmark. Therefore, this statement is false.",false
8d0ac4028d178afeee886e4651f03d1092326299ba3c3ecb7f2493fb78fb0bee,1,,true
8d0ac4028d178afeee886e4651f03d1092326299ba3c3ecb7f2493fb78fb0bee,2,,false
f2e4eaacb50d09353ca664e50938174235e25df035f08e29c0f1178db47c5566,0,"Answer: 1

Explanation:
- The image shows a modern, large building with a distinctive design, which is not typical of a residential apartment complex or a shopping mall. The building's design and structure suggest it is a cultural center, likely for events and exhibitions, as indicated by the prominent, illuminated red lines and the overall architectural style. The building's design and lighting are more indicative of a cultural or event space rather than a residential or commercial one.",true
f2e4eaacb50d09353ca664e50938174235e25df035f08e29c0f1178db47c5566,1,,false
f2e4eaacb50d09353ca664e50938174235e25df035f08e29c0f1178db47c5566,2,,false
322ec782a08eccba628addde6e3e75cdb65cd1696f94ba7afd0e21a695b8569b,0,"Answer: 2

Explanation:
1. Stuffed grape leaves are not traditionally used to break the fast during Ramadan. Ramadan is a month of fasting, and breaking the fast traditionally involves consuming dates, which are a type of fruit that can be eaten during the day and are considered a break from fasting.
2. Dates are indeed traditionally used to break the fast during Ramadan. Dates are a common and popular break from fasting during this period, as they are rich in natural sugars and can be easily consumed during the day.
3. Rice is not traditionally used to break the fast during Ramadan. Rice is typically consumed during the day as part of a meal, but it is not a traditional way to break the fast.",false
322ec782a08eccba628addde6e3e75cdb65cd1696f94ba7afd0e21a695b8569b,1,,true
322ec782a08eccba628addde6e3e75cdb65cd1696f94ba7afd0e21a695b8569b,2,,false
c91e4c3f9739ebf7121813f888f1952f5c16cef9680cdbaa1e385908fd5120c6,0,"Answer: 1

Explanation:
- The image shows a Formula 1 race track with several Formula 1 cars on the track.
- The prominent display of ""Gulf Air"" on the trackside signage indicates that Gulf Air is a sponsor of the race.
- The prominent display of ""Rolex"" on the trackside signage indicates that Rolex is a sponsor of the race.
- The prominent display of ""Emirates"" on the trackside signage indicates that Emirates is a sponsor of the race.

The other two statements are not grounded in the image:
- Statement 2: ""Rolex is prominently displayed in the image during the Formula 1 race."" This statement is not grounded because Rolex is not prominently displayed on the trackside signage.
- Statement 3: ""Emirates is prominently displayed in the image during the Formula 1 race."" This statement is not grounded because Emirates is not prominently displayed on the trackside signage.",true
c91e4c3f9739ebf7121813f888f1952f5c16cef9680cdbaa1e385908fd5120c6,1,,false
c91e4c3f9739ebf7121813f888f1952f5c16cef9680cdbaa1e385908fd5120c6,2,,false
298509572e3a7162626ea3fcbb3bda2e37a62075c06163b9b8ffff93b60ee5c3,0,"Answer: 3

Explanation:
1. The image shows a person's hands working with clay, which is a material used in pottery making. The cylindrical object being formed is characteristic of pottery, as it is a common form for pottery.
2. The hands are covered in clay, which is a common practice in pottery to ensure a smooth finish. This is not related to glass blowing or wood carving.
3. The image does not show any glass blowing equipment or tools, nor does it show any wood carving tools or materials. The focus is on the pottery-making process, confirming that the skill being demonstrated is pottery making.",false
298509572e3a7162626ea3fcbb3bda2e37a62075c06163b9b8ffff93b60ee5c3,1,,false
298509572e3a7162626ea3fcbb3bda2e37a62075c06163b9b8ffff93b60ee5c3,2,,true
3e8b2d988a32d1982b1b872524d6fab6f9ae61c032a9b39a06770f79ae695014,0,"Answer: 2

Explanation:
1. The seating arrangement in the image is not a formal dining area. The room has a traditional and cozy feel, with a large, plush sofa and matching ottomans, which are more suited for relaxation and socializing rather than formal dining.
2. The primary function of the seating arrangement is not traditional communal seating. The room has a more intimate and cozy feel, with the seating arrangement designed for comfort and conversation rather than for large gatherings.
3. The primary function of the seating arrangement is not an office waiting room. The room has a warm and inviting atmosphere, with the seating arrangement designed for comfort and relaxation rather than for work or meetings.",false
3e8b2d988a32d1982b1b872524d6fab6f9ae61c032a9b39a06770f79ae695014,1,,true
3e8b2d988a32d1982b1b872524d6fab6f9ae61c032a9b39a06770f79ae695014,2,,false
c5600b20c1e8d441c4d1cadabc9cf75cb6713651f7b776ae1b036c6d5afa0628,0,"Answer: 1

Explanation:
- Statement 1: The kettle's long gooseneck spout does make it suitable for precise pouring. The gooseneck spout is designed to direct the flow of liquid with minimal spillage, which is ideal for precise pouring. Therefore, this statement is grounded in the image.
- Statement 2: The kettle's circular lid does not make it suitable for precise pouring. The lid's shape is not specifically designed for precise pouring, as it may not allow for the same level of control and accuracy as a gooseneck spout. Therefore, this statement is false.
- Statement 3: The kettle's black color does not make it suitable for precise pouring. The color of the kettle does not have any inherent properties that would make it suitable for precise pouring. Therefore, this statement is false.",true
c5600b20c1e8d441c4d1cadabc9cf75cb6713651f7b776ae1b036c6d5afa0628,1,,false
c5600b20c1e8d441c4d1cadabc9cf75cb6713651f7b776ae1b036c6d5afa0628,2,,false
069b13c415ef2f565356b87226737992a345bd9b5c54ab3dee3410756c010819,0,"Answer: 2

Explanation:
1. The Arabic calligraphy wall piece in the image is not made of plastic. It is made of gold-plated metal. This is evident from the image, which shows the calligraphy as a gold-colored piece with intricate designs.
2. The Arabic calligraphy wall piece in the image is not made of wood. It is made of gold-plated metal. This is also supported by the image, which clearly shows the calligraphy as a gold-colored piece.
3. The Arabic calligraphy wall piece in the image is not made of wood. It is made of gold-plated metal. This is also supported by the image, which clearly shows the calligraphy as a gold-colored piece with intricate designs.",false
069b13c415ef2f565356b87226737992a345bd9b5c54ab3dee3410756c010819,1,,true
069b13c415ef2f565356b87226737992a345bd9b5c54ab3dee3410756c010819,2,,false
744da12c3e94a02f3f32cceac55188260053c27ebdb862b3da7a3054b210f359,0,"Answer: 1

Explanation:
- The image shows a fort with a flag, which is characteristic of historical fortifications in the Arab world.
- The flag is red with a yellow emblem, which is consistent with the flag of Saudi Arabia.
- The architecture and style of the fort suggest it is a historical fortification, likely from the medieval period in the Arab world.

The other two statements are not grounded in the image:
- Statement 2: The fort shown in the image is called Riffa Fort. False. The fort shown in the image is not called Riffa Fort. The image does not provide any information about a fort called Riffa Fort.
- Statement 3: The fort shown in the image is called Qal'at al-Bahrain. False. The fort shown in the image is not called Qal'at al-Bahrain. The image does not provide any information about a fort called Qal'at al-Bahrain.",true
744da12c3e94a02f3f32cceac55188260053c27ebdb862b3da7a3054b210f359,1,,false
744da12c3e94a02f3f32cceac55188260053c27ebdb862b3da7a3054b210f359,2,,false
d9847923f255a93244d606ec4e743b39a63f47038889bcc93e0cfe4a49ad4f7e,0,"Answer: 3

Explanation:
1. The image shows a corridor with a large concrete structure as the entrance. There is no chandelier hanging from the ceiling inside the corridor.
2. The image shows a corridor with a large concrete structure as the entrance. There is no fountain at the end of the corridor.
3. The image shows a corridor with a large concrete structure as the entrance. There is a single chair placed on a red carpet inside the corridor.",false
d9847923f255a93244d606ec4e743b39a63f47038889bcc93e0cfe4a49ad4f7e,1,,false
d9847923f255a93244d606ec4e743b39a63f47038889bcc93e0cfe4a49ad4f7e,2,,true
7bfddd27d687ac68b67a65a47e7af825837a83f969024158b0f403377428e30a,0,"Answer: 1

Explanation:
- The image shows a stringed musical instrument with a curved body and a series of tuning pegs on the neck. This is characteristic of a guitar.
- The wood grain and design are consistent with guitars, which are typically made from a single piece of wood and have a distinct shape.
- The other instruments (Violin and Oud) have different shapes and designs, which are not consistent with the image provided.",true
7bfddd27d687ac68b67a65a47e7af825837a83f969024158b0f403377428e30a,1,,false
7bfddd27d687ac68b67a65a47e7af825837a83f969024158b0f403377428e30a,2,,false
f8309d0e45c4eed932b1039bed724df16138a3fa96f8d026c0cec7c76fef8bbd,0,"Answer: 1

Explanation:
- The image shows a bronze equestrian statue.
- Bronze is a common material for equestrian statues due to its durability and ability to hold fine details.
- The other materials mentioned (wood, marble) are not commonly used for equestrian statues. Wood is not suitable for such detailed work, and marble is not as durable as bronze.",true
f8309d0e45c4eed932b1039bed724df16138a3fa96f8d026c0cec7c76fef8bbd,1,,false
f8309d0e45c4eed932b1039bed724df16138a3fa96f8d026c0cec7c76fef8bbd,2,,false
fb4c294140d448fe8cb747bb92b2a466e1aa8e53d2abd2a123ec03562f78c7e6,0,"Answer: 3

Explanation:
1. The image depicts a cityscape with modern high-rise buildings, which is characteristic of an urban area.
2. The presence of modern high-rise buildings, large glass structures, and the overall architectural style are indicative of an urban environment.
3. The image does not show any coastal town, rural village, or traditional houses, which eliminates the other two statements.",false
fb4c294140d448fe8cb747bb92b2a466e1aa8e53d2abd2a123ec03562f78c7e6,1,,false
fb4c294140d448fe8cb747bb92b2a466e1aa8e53d2abd2a123ec03562f78c7e6,2,,true
d825c5f93c24b6498e06d67c4a39e6165ee7fe8b3a90639b616fe694fc082510,0,"Answer: 3

Explanation:
1. Fried chicken is commonly included on a charcuterie board. Charcuterie boards often feature a variety of meats, cheeses, and fruits, including fried chicken.
2. Fresh fruits like figs are commonly included on a charcuterie board. Charcuterie boards often include a variety of fruits, cheeses, and meats.
3. Cured meats like salami are commonly included on a charcuterie board. Charcuterie boards often feature a variety of meats, cheeses, and fruits.",false
d825c5f93c24b6498e06d67c4a39e6165ee7fe8b3a90639b616fe694fc082510,1,,false
d825c5f93c24b6498e06d67c4a39e6165ee7fe8b3a90639b616fe694fc082510,2,,true
73a2e7842857d6addac8be8c5acc4f054e6e305821b1bc52f0b1c12be4706411,0,"Answer: 2

Explanation:
1. The red logo above the 'Waterfront Bremen' sign is indeed a wave-like design symbolizing water. This is evident from the image, where the red logo features a stylized wave with red stripes, which is a common symbol for water.
2. The other two statements are not grounded in the image. Statement 1 is false because the red logo does not represent an abstract art piece; it is a recognizable wave design. Statement 3 is also false because the red logo does not represent a flag; it is a specific design element.",false
73a2e7842857d6addac8be8c5acc4f054e6e305821b1bc52f0b1c12be4706411,1,,true
73a2e7842857d6addac8be8c5acc4f054e6e305821b1bc52f0b1c12be4706411,2,,false
955069f8ea8fd4218ef3a90710b9e885defedb7950638da284753754c3eedfc7,0,"Answer: 1

Explanation:
1. The person in the image is holding a microphone, which is typically used for singing or performing.
2. The individual is dressed in an elaborate, sparkling dress, which is more likely to be worn for a performance or a special event rather than for giving a speech.
3. The image does not show any indication that the microphone is being held as an accessory.",true
955069f8ea8fd4218ef3a90710b9e885defedb7950638da284753754c3eedfc7,1,,false
955069f8ea8fd4218ef3a90710b9e885defedb7950638da284753754c3eedfc7,2,,false
82d4f77a43546b79831710cd892e6747d02ce97e0cdd248138ec608f97d49818,0,"Answer: 1

Explanation:
Statement 1: True
The wooden latticework in such architectural designs typically serves to enhance the durability of the facade. This is because the intricate patterns and designs can provide additional strength and resistance to wear and tear, making the facade more resilient and long-lasting.

Statement 2: False
The wooden latticework in such architectural designs typically serves to offer structural support to the building. While latticework can add aesthetic value and complexity to the facade, it is not primarily designed for structural support. The primary purpose of latticework in architecture is often decorative and to enhance the visual appeal of the facade, rather than to provide structural support.

Statement 3: False
The wooden latticework in such architectural designs typically serves to provide ventilation and privacy. This is not accurate. Latticework is primarily decorative and does not serve these functions. The primary purpose of latticework in architecture is to enhance the aesthetic appeal of the facade, not to provide ventilation or privacy.",true
82d4f77a43546b79831710cd892e6747d02ce97e0cdd248138ec608f97d49818,1,,false
82d4f77a43546b79831710cd892e6747d02ce97e0cdd248138ec608f97d49818,2,,false
0382109ef1cca88a96894838aed52b60cb6ee34728e36f4b7844d9c05f21def5,0,"Answer: 1

Explanation:
Statement 1: The primary material used in the golden mask of Tutankhamun is gold. True.
The image shows a golden mask of Tutankhamun, which is a well-known artifact from ancient Egypt. The mask is made of gold, which is a common material used in ancient Egyptian artifacts due to its durability and the reflective quality that makes it highly valuable.

Statement 2: The primary material used in the golden mask of Tutankhamun is bronze. False.
Bronze is not the primary material used in the golden mask of Tutankhamun. The mask is made of gold, which is a precious metal known for its durability and luster. Bronze, on the other hand, is a less valuable metal and is not typically used for such high-value artifacts.

Statement 3: The primary material used in the golden mask of Tutankhamun is marble. False.
Marble is not the primary material used in the golden mask of Tutankhamun. The mask is made of gold, which is a highly valued and durable material. Marble is a different material and is not used for such high-value artifacts.",true
0382109ef1cca88a96894838aed52b60cb6ee34728e36f4b7844d9c05f21def5,1,,false
0382109ef1cca88a96894838aed52b60cb6ee34728e36f4b7844d9c05f21def5,2,,false
0bfc117e6862520853ff46452473295d08b8e33049fff55208afb45a7b215880,0,"Answer: 3

Explanation:
1. The image shows a building with intricate decorations and patterns, which are characteristic of Nubian architecture. The architecture features geometric designs, vibrant colors, and a mix of traditional and decorative elements that are typical of Nubian art.
2. The building's design, with its detailed patterns and vibrant colors, is not indicative of Gothic architecture, which is known for its pointed arches, ribbed vaults, and flying buttresses. Gothic architecture is characterized by its verticality and lightness, which are not present in the image.
3. The image does not depict any elements that are associated with Modernist architecture, which is known for its simplicity, functionality, and lack of ornamentation. Modernist architecture often features clean lines, minimal ornamentation, and a focus on the building's form and function.",false
0bfc117e6862520853ff46452473295d08b8e33049fff55208afb45a7b215880,1,,false
0bfc117e6862520853ff46452473295d08b8e33049fff55208afb45a7b215880,2,,true
44c2b1e4710f3d6e1dc4038a03dbe459069dff3ee02e4a88d39359c03f37927c,0,"Answer: 1

Explanation:
- The architecture shown in the image is most likely associated with the Middle East. True. The image depicts a tall, narrow structure with a conical roof, which is characteristic of traditional Middle Eastern architecture, such as that found in the Middle East. The use of mud bricks and the design of the structure are also indicative of Middle Eastern architecture.",true
44c2b1e4710f3d6e1dc4038a03dbe459069dff3ee02e4a88d39359c03f37927c,1,,false
44c2b1e4710f3d6e1dc4038a03dbe459069dff3ee02e4a88d39359c03f37927c,2,,false
63373f09973d27f0f370d6451a1506550af5f363d15f1d2969456c3b27b2002d,0,"Answer: 3

Explanation:
1. The image shows a performer playing a drum, which is a musical instrument.
2. The performer's attire and the setting suggest a performance, but there is no indication of a sporting event.
3. The image does not show any traditional dance or athletic activity.",false
63373f09973d27f0f370d6451a1506550af5f363d15f1d2969456c3b27b2002d,1,,false
63373f09973d27f0f370d6451a1506550af5f363d15f1d2969456c3b27b2002d,2,,true
9fb60991d818f060788ee7a9666b15c79042f9476394271f0be72236f8c60eac,0,"Answer: 1

Explanation:
- The Empire State Building is a well-known skyscraper in New York City, and its illuminated lights are primarily for aesthetic purposes, enhancing the city's skyline and making it more visually appealing. The lights are not used for signaling weather changes or celebrating holidays or cultural causes. Therefore, Statement 3 is false.",true
9fb60991d818f060788ee7a9666b15c79042f9476394271f0be72236f8c60eac,1,,false
9fb60991d818f060788ee7a9666b15c79042f9476394271f0be72236f8c60eac,2,,false
1c6f2e6a732b947a036850742449784931e5b6232c0da65d1e2ee1dd7fc0f6a1,0,"Answer: 2

Explanation:
1. The background of the image shows snow-covered peaks and forests. This statement is grounded because the image clearly depicts a landscape with snow-capped mountains and a variety of greenery, including trees and bushes, which are typical of a desert region. The presence of snow on the peaks and the greenery in the valley are consistent with a desert environment.

2. The background of the image shows desert mountains and greenery. This statement is false because the image does not show snow-covered mountains. Instead, it shows a landscape with sandy or rocky terrain, which is characteristic of a desert. The presence of greenery, such as trees and bushes, is not typical of a desert environment.

3. The background of the image shows urban skyscrapers and roads. This statement is false because the image does not show any urban structures or roads. Instead, it depicts a natural landscape with mountains, forests, and a body of water. There are no skyscrapers or roads visible in the image.",false
1c6f2e6a732b947a036850742449784931e5b6232c0da65d1e2ee1dd7fc0f6a1,1,,true
1c6f2e6a732b947a036850742449784931e5b6232c0da65d1e2ee1dd7fc0f6a1,2,,false
145c165299df858c1742709b4a728bc906fa748b7f7278cf5f0fb9e13bbdee45,0,"Answer: 3

Explanation:
1. The image shows an oven with a rough, uneven surface, which is characteristic of clay. The texture and appearance of the oven suggest that it is made of clay.
2. The oven's construction does not show any signs of metal, such as the shiny, smooth surface that metal would typically have.
3. The oven's construction does not show any signs of wood, such as the grainy texture that wood would typically have. The oven's surface appears to be more uniform and less grainy, which is more characteristic of clay.",false
145c165299df858c1742709b4a728bc906fa748b7f7278cf5f0fb9e13bbdee45,1,,false
145c165299df858c1742709b4a728bc906fa748b7f7278cf5f0fb9e13bbdee45,2,,true
518cd34da743c76d54a70341f3eaf41a7ea690f75d6320de918bed2676f92bf9,0,"Answer: 2

Explanation:
- The image shows a river that appears to be a significant waterway, likely a major river in the region.
- Rail transport is not typically associated with rivers; it is more commonly associated with railways that run parallel to or on the banks of rivers.
- Water transport is more commonly associated with rivers, as they are natural bodies of water that can be used for transportation.
- Air transport is not typically associated with rivers; it is more commonly associated with airports that are built on or near rivers.",false
518cd34da743c76d54a70341f3eaf41a7ea690f75d6320de918bed2676f92bf9,1,,true
518cd34da743c76d54a70341f3eaf41a7ea690f75d6320de918bed2676f92bf9,2,,false
2da6b996a65dcacc2a84297bd441d464211f7b7d825b4a3e212f600043ea8634,0,"Answer: 2

Explanation:
1. The image most likely depicts sunset. True: The golden hues in the sky and the reflection on the water are characteristic of the sunset. The warm, golden light is typical of the time when the sun is low on the horizon.
2. The image most likely depicts afternoon. False: The image does not show the sun setting, which would typically occur in the afternoon. The sun would be setting in the evening, not during the day.
3. The image most likely depicts morning. False: The image does not show the sun rising, which would typically occur in the morning. The sun would be rising in the morning, not during the day.",false
2da6b996a65dcacc2a84297bd441d464211f7b7d825b4a3e212f600043ea8634,1,,true
2da6b996a65dcacc2a84297bd441d464211f7b7d825b4a3e212f600043ea8634,2,,false
7dcce62842b9df500422b22b6239cef43b45c4ee7644e204efa7569e97909cbc,0,"Answer: 3

Explanation:
1. The woman crouching in the foreground is holding a revolver, which is a strong indicator that she is not an archaeologist or a tourist. Archaeologists and tourists typically do not carry weapons in such a manner.
2. The woman's attire and the setting suggest a historical or archaeological context, which is unlikely for a tourist exploring ruins. Tourists are usually dressed in more casual, comfortable clothing and are not equipped with weapons.
3. The presence of the revolver and the historical setting strongly suggest that the woman is playing the role of a performer in a theatrical act, as revolvers are not typical props for archaeological exploration or casual exploration.",false
7dcce62842b9df500422b22b6239cef43b45c4ee7644e204efa7569e97909cbc,1,,false
7dcce62842b9df500422b22b6239cef43b45c4ee7644e204efa7569e97909cbc,2,,true
46c21f09846000b3f735c0e8371e97f5655f878676d5046690687ac9b850a736,0,"Answer: 1

Explanation:
- The image shows stone statues that are characteristic of the Sphinx of Giza, which is a famous monument in Egypt.
- The statues are not associated with the Mayan civilization, Ancient Egyptian civilization, or Ancient Greek civilization. The Sphinx of Giza is a product of ancient Egyptian culture, specifically linked to the pharaoh Khafre.",true
46c21f09846000b3f735c0e8371e97f5655f878676d5046690687ac9b850a736,1,,false
46c21f09846000b3f735c0e8371e97f5655f878676d5046690687ac9b850a736,2,,false
57dfb319490f24a374c2d3493f19ac6aeacaf31567a5263f44dbbd497fd6aea9,0,"Answer: 2

Explanation:
1. The large windows in the restaurant are most likely intended to provide natural light and outdoor views. This is a plausible-sounding statement because natural light and views are common features in restaurants to enhance the dining experience and create a pleasant atmosphere for customers. The presence of outdoor elements reflected in the windows also supports this.

2. The large windows in the restaurant are most likely intended to separate different sections of the restaurant. This is a plausible-sounding statement as well. However, the primary function of large windows in a restaurant is not to separate different sections but to allow natural light and views to flow into the dining area, creating a more open and inviting atmosphere.

3. The large windows in the restaurant are most likely intended to display advertisements. This is a plausible-sounding statement as well. Many restaurants use large windows to display advertisements to attract customers and increase foot traffic. However, the primary function of large windows in a restaurant is not to display advertisements but to enhance the dining experience by allowing natural light and views to flow into the dining area.",false
57dfb319490f24a374c2d3493f19ac6aeacaf31567a5263f44dbbd497fd6aea9,1,,true
57dfb319490f24a374c2d3493f19ac6aeacaf31567a5263f44dbbd497fd6aea9,2,,false
95ea0537f9a2ba09e19da48d663658674dac7f84ae0a4930c43b3aed70d19f81,0,"Answer: 1

Explanation:
Statement 1: This piece of cloth might represent a ceremonial garment in a religious or spiritual context. True.
The image shows a piece of cloth that appears to be made of a natural material, possibly linen or a similar fabric. Such materials are commonly used in religious and spiritual contexts for ceremonial garments. The texture and weave of the cloth suggest it could be used for rituals or as part of a religious ceremony.

Statement 2: This piece of cloth might represent a decorative tapestry in a religious or spiritual context. True.
The cloth has a textured surface and appears to be made of a natural material, which is typical for tapestries used in religious or spiritual contexts. The craftsmanship and material suggest it could be used for decorative purposes in a religious setting.

Statement 3: This piece of cloth might represent a holy scripture cover in a religious or spiritual context. True.
The cloth has a textured surface and appears to be made of a natural material, which is consistent with the use of cloth for covering sacred texts in religious contexts. The craftsmanship and material suggest it could be used to cover a holy scripture.

Hallucinations:
Statement 2: This piece of cloth might",true
95ea0537f9a2ba09e19da48d663658674dac7f84ae0a4930c43b3aed70d19f81,1,,false
95ea0537f9a2ba09e19da48d663658674dac7f84ae0a4930c43b3aed70d19f81,2,,false
c5dd0e4bbeb8f4e88096107662273de7022800daed25382ff3f2eb6b14abbefc,0,"Answer: 3

Explanation:
1. The image shows three individuals in a professional setting, likely at a conference or exhibition. The presence of lanyards, badges, and the setup of the room with tables and chairs suggests a formal event.
2. The individuals are engaged in a discussion, with one pointing and the other two listening attentively. This indicates a collaborative or informative exchange, typical of professional gatherings.
3. The setting and their attire further support the idea of a professional event, such as a conference or trade show, rather than a social gathering or casual conversation.",false
c5dd0e4bbeb8f4e88096107662273de7022800daed25382ff3f2eb6b14abbefc,1,,false
c5dd0e4bbeb8f4e88096107662273de7022800daed25382ff3f2eb6b14abbefc,2,,true
ea21c22362afe70f1857bda2fec2f04015b3fbd1fd47c7824a1660d9e47327c9,0,"Answer: 3

Explanation:
1. The aircraft in the image is clearly labeled with ""ARAB REPUBLIC OF EGYPT"" on its fuselage, indicating that it belongs to the Arab Republic of Egypt.
2. The insignia on the aircraft, which includes a crescent and star, is also indicative of the Arab Republic of Egypt.
3. The presence of the United Arab Emirates flag on the aircraft further confirms that the aircraft belongs to the United Arab Emirates.",false
ea21c22362afe70f1857bda2fec2f04015b3fbd1fd47c7824a1660d9e47327c9,1,,false
ea21c22362afe70f1857bda2fec2f04015b3fbd1fd47c7824a1660d9e47327c9,2,,true
4dd982036b66409a9574496e18fd6d3a3dd3ff800c5bddec46dcab2f07c93b21,0,"Answer: 1

Explanation:
- The image shows a sandy dune landscape, not a sandy dune. Therefore, the statement about sandy dunes is false.
- The image does not show snow-capped mountains. Therefore, the statement about snow-capped mountains is false.
- The image shows a river with a sailboat, not dense forests. Therefore, the statement about dense forests is false.",true
4dd982036b66409a9574496e18fd6d3a3dd3ff800c5bddec46dcab2f07c93b21,1,,false
4dd982036b66409a9574496e18fd6d3a3dd3ff800c5bddec46dcab2f07c93b21,2,,false
75f70d1e270ea0ef763c291387f11d9b6741cfb5672bbd22d58ca47c51b20d78,0,"Answer: 1

Explanation:
- Statement 1: The individuals in the image most likely represent McLaren and Red Bull Racing based on their uniforms. True.
  - McLaren is known for its racing team, and Red Bull Racing is a prominent racing team in Formula 1.
  - The uniforms have the Red Bull logo and the McLaren logo, which are consistent with the branding of these teams.
- Statement 2: The individuals in the image most likely represent Aston Martin and Alpine based on their uniforms. False.
  - Aston Martin is a British luxury sports car manufacturer, and Alpine is a French luxury sports car manufacturer.
  - The uniforms do not match the branding of Aston Martin and Alpine, which are known for their different brands and designs.
- Statement 3: The individuals in the image most likely represent Ferrari and Mercedes based on their uniforms. False.
  - Ferrari is a renowned Italian luxury sports car manufacturer, and Mercedes is a German luxury car manufacturer.
  - The uniforms do not match the branding of Ferrari and Mercedes, which are known for their different brands and designs.",true
75f70d1e270ea0ef763c291387f11d9b6741cfb5672bbd22d58ca47c51b20d78,1,,false
75f70d1e270ea0ef763c291387f11d9b6741cfb5672bbd22d58ca47c51b20d78,2,,false
07f962d3a52dbeb290bda6b726f41c04daa682415b5d7ae17e1bca682c0dd6a6,0,"Answer: 1

Explanation:
- The dish shown in the image is not Hummus. Hummus is a Middle Eastern dip made from chickpeas, tahini, lemon juice, garlic, and olive oil. The dish in the image has a creamy, tomato-based sauce with visible chunks of meat and vegetables, which is characteristic of a stew or curry rather than a dip.
- The dish shown in the image is not Foul Mudammas. Foul Mudammas is a traditional Lebanese dish made from mashed chickpeas, tahini, lemon juice, garlic, and olive oil, often served with bread. The dish in the image has a tomato-based sauce with chunks of meat and vegetables, which is not characteristic of Foul Mudammas.
- The dish shown in the image is not Tabbouleh. Tabbouleh is a traditional Lebanese salad made from finely chopped parsley, tomatoes, onions, and other vegetables, often served with pita bread. The dish in the image has a creamy sauce with chunks of meat and vegetables, which is not characteristic of Tabbouleh.",true
07f962d3a52dbeb290bda6b726f41c04daa682415b5d7ae17e1bca682c0dd6a6,1,,false
07f962d3a52dbeb290bda6b726f41c04daa682415b5d7ae17e1bca682c0dd6a6,2,,false
ffcabcd8550c8c0ce9ef6daaefcd6262bdfe8062b3bae473e58fba167e1e4bbe,0,"Answer: 2

Explanation:
1. The primary purpose of the umbrellas in the marketplace is not to mark the boundaries of vendor stalls. The umbrellas are placed in the middle of the marketplace to provide shade for the vendors and goods.
2. The primary purpose of the umbrellas in the marketplace is to provide shade for the vendors and goods. This is a plausible-sounding statement because umbrellas are commonly used to shield people from the sun in outdoor markets.
3. The primary purpose of the umbrellas in the marketplace is not to act as a decorative feature. Decorative umbrellas are typically used to enhance the aesthetic appeal of a market, not to mark boundaries or provide shade.",false
ffcabcd8550c8c0ce9ef6daaefcd6262bdfe8062b3bae473e58fba167e1e4bbe,1,,true
ffcabcd8550c8c0ce9ef6daaefcd6262bdfe8062b3bae473e58fba167e1e4bbe,2,,false
631990af5d3cf57251b53816302785cc5937567dda2ec3a0299929bbc0395b99,0,"Answer: 3

Explanation:
1. The image shows three women in traditional attire, which includes headscarves and long robes. These clothing styles are commonly associated with Middle Eastern and North African cultures, particularly in regions like Egypt.
2. The women are carrying large metal bowls, which are often used in traditional crafts such as pottery or textile weaving. The presence of these bowls strongly suggests that one of the women is engaged in a traditional activity related to pottery or textile weaving.
3. The other two statements are not grounded in the image. Statement 1 is false because the image does not show any textile weaving activity. Statement 2 is false because the image does not show any pottery being sold. Statement 3 is true because the image shows women carrying metal bowls, which are commonly used in traditional pottery or textile crafts.",false
631990af5d3cf57251b53816302785cc5937567dda2ec3a0299929bbc0395b99,1,,false
631990af5d3cf57251b53816302785cc5937567dda2ec3a0299929bbc0395b99,2,,true
98e27f27f5456385657ddeff31a004b65a935e019f93a4ba0ceceb6c15e58e1e,0,"Answer: 1

Explanation:
- The image shows a landscape with rock formations, which are characteristic of the Sinai Peninsula in Egypt. This region is known for its unique rock formations, such as the rock formations in Wadi Rum, which are popular for rock climbing and photography.
- Snowboarding is not commonly enjoyed in this landscape as it is not a typical activity in the region. The climate is arid and cold, making snowboarding impractical.
- Desert hiking and camping are not commonly enjoyed in this landscape either. The landscape is characterized by sand dunes and rock formations, which are not typical of a desert environment. The climate is hot and dry, making hiking and camping uncomfortable and impractical.
- Scuba diving is not commonly enjoyed in this landscape as it is not a typical activity in the region. The landscape is characterized by sand dunes and rock formations, which are not typical of a marine environment. The climate is hot and dry, making scuba diving impractical.",true
98e27f27f5456385657ddeff31a004b65a935e019f93a4ba0ceceb6c15e58e1e,1,,false
98e27f27f5456385657ddeff31a004b65a935e019f93a4ba0ceceb6c15e58e1e,2,,false
c917a665b2f4b7be90aeb18104e896168748be3e0f1c328d9ee80c2e934fce31,0,"Answer: 1

Explanation:
Statement 1: The primary purpose of the wooden barrier in the jousting competition is to separate the knights for safety reasons. True.
The wooden barrier serves as a physical barrier between the jousting knights, preventing them from colliding and causing injury. This is a common safety measure in jousting competitions.

Statement 2: The primary purpose of the wooden barrier in the jousting competition is to mark the boundary of the competition area. True.
The wooden barrier is typically placed at the edge of the competition area to clearly demarcate the boundaries, ensuring that the knights stay within the designated area during the competition.

Statement 3: The primary purpose of the wooden barrier in the jousting competition is to provide a visual aesthetic for the event. False.
The wooden barrier is primarily used for safety reasons, separating the knights, and marking the competition area, rather than for aesthetic purposes. While it may contribute to the visual appeal of the event, its primary function is to ensure the safety and organization of the competition.",true
c917a665b2f4b7be90aeb18104e896168748be3e0f1c328d9ee80c2e934fce31,1,,false
c917a665b2f4b7be90aeb18104e896168748be3e0f1c328d9ee80c2e934fce31,2,,false
75591dd4b43385d640abbe27adc3695bf4b2318479b48f930ecebdafd4eaf8a9,0,"Answer: 3

Explanation:
1. The dress displayed on the mannequin in the background is yellow. 
   - This statement is grounded in the image. The dress is indeed yellow. The color is clearly visible and distinct from the other garments in the image.

2. The dress displayed on the mannequin in the background is red.
   - This statement is not grounded in the image. The dress is not red. The color is not visible in the image, and there is no red dress present in the background.

3. The dress displayed on the mannequin in the background is black.
   - This statement is grounded in the image. The dress is black. The color is clearly visible and distinct from the other garments in the image.",false
75591dd4b43385d640abbe27adc3695bf4b2318479b48f930ecebdafd4eaf8a9,1,,false
75591dd4b43385d640abbe27adc3695bf4b2318479b48f930ecebdafd4eaf8a9,2,,true
d109c687ee2d6310bd9aa8cb85e7244326cc1a741e12ae5901b1b75f65485df3,0,"Answer: 1

Explanation:
- Statement 1: True. The image shows a bowl, candles, and crosses on the altar in the foreground of the religious ceremony. The presence of these items is clearly visible and is a common element in many religious ceremonies, particularly those of Christian denominations.
- Statement 2: False. The image does not show books, incense, or a statue on the altar in the foreground. These items are not typically associated with Christian religious ceremonies and are not visible in the image.
- Statement 3: False. The image shows a chalice, bread, and flowers on the altar in the foreground of the religious ceremony. These items are also not typically associated with Christian religious ceremonies and are not visible in the image.",true
d109c687ee2d6310bd9aa8cb85e7244326cc1a741e12ae5901b1b75f65485df3,1,,false
d109c687ee2d6310bd9aa8cb85e7244326cc1a741e12ae5901b1b75f65485df3,2,,false
753f39baf4771f1958d3f344b53ff87850e9913c8a98c560bdfe61e637675f74,0,"Answer: 1

Explanation:
Statement 1: True
The checkered paper wrapping around the cheeseburger is commonly used to keep the food warm. This is a practical method to maintain the temperature of the burger, especially when it is being served at a casual dining establishment or a food truck. The paper helps to trap heat, preventing the burger from cooling down too quickly.

Statement 2: False
The checkered paper wrapping around the cheeseburger is not used to add flavor. While it can add a visual appeal, it does not serve a functional purpose in terms of flavor enhancement. The actual flavor of the burger is derived from the ingredients used, such as the beef patty, cheese, and condiments like ketchup and mustard.

Statement 3: False
The checkered paper wrapping around the cheeseburger is primarily used for presentation purposes. It adds a decorative element to the food, making it look more appealing. It does not serve a practical purpose in keeping the burger warm or enhancing its flavor.",true
753f39baf4771f1958d3f344b53ff87850e9913c8a98c560bdfe61e637675f74,1,,false
753f39baf4771f1958d3f344b53ff87850e9913c8a98c560bdfe61e637675f74,2,,false
2b4b00673758b001d4cc74c8014233d9d962e90c042b513f67d9890310d86947,0,Answer: 1,true
2b4b00673758b001d4cc74c8014233d9d962e90c042b513f67d9890310d86947,1,,false
2b4b00673758b001d4cc74c8014233d9d962e90c042b513f67d9890310d86947,2,,false
9e2e0c16f7fc67d6e6febe95241fc2ab3f0764f27e39f87886e6cee91f8685c2,0,"Answer: 3

Explanation:
- Statement 1: True. French fries are indeed made from ground chickpeas or fava beans and fried into patties.
- Statement 2: False. Pita bread is typically made from ground chickpeas or fava beans and fried into patties. Pita bread is a type of flatbread, not a type of fries.
- Statement 3: True. Falafel is typically made from ground chickpeas or fava beans and fried into patties. Falafel is a type of dish that includes these ingredients.",false
9e2e0c16f7fc67d6e6febe95241fc2ab3f0764f27e39f87886e6cee91f8685c2,1,,false
9e2e0c16f7fc67d6e6febe95241fc2ab3f0764f27e39f87886e6cee91f8685c2,2,,true
529c8680d3fd74338917c8d49dfbf260d04dd6f6056d745c4b00f41c3a28dc21,0,"Answer: 3

Explanation:
1. The image shows a group of people dressed in traditional attire, which is characteristic of a cultural or traditional event.
2. The individuals are holding props that resemble traditional garments, suggesting they are performing a traditional dance.
3. The setting appears to be outdoors, and the attire and props indicate a cultural or festive event rather than a sports competition or musical concert.",false
529c8680d3fd74338917c8d49dfbf260d04dd6f6056d745c4b00f41c3a28dc21,1,,false
529c8680d3fd74338917c8d49dfbf260d04dd6f6056d745c4b00f41c3a28dc21,2,,true
f0d02d26499ca1816d27e09867544c6411852b0698251d5a57e6fe96c91b8115,0,"Answer: 3

Explanation:
1. The kayak used by the person in the image is red. This statement is grounded in the image as the kayak is clearly visible and colored red.
2. The kayak used by the person in the image is blue. This statement is false because the kayak is not blue; it is red.
3. The kayak used by the person in the image is red. This statement is also false because the kayak is not yellow; it is red.",false
f0d02d26499ca1816d27e09867544c6411852b0698251d5a57e6fe96c91b8115,1,,false
f0d02d26499ca1816d27e09867544c6411852b0698251d5a57e6fe96c91b8115,2,,true
b66a90fa52076fa8d2bde619741e460e1d1e93368b836d61b0ad73446b895e66,0,"Answer: 1

Explanation:
- The image shows a Roman amphitheater, which is a well-known historical structure in Rome, Italy.
- The other two statements are not grounded in the image. The amphitheater in the image is not located in Athens, Greece, nor in Amman, Jordan.",true
b66a90fa52076fa8d2bde619741e460e1d1e93368b836d61b0ad73446b895e66,1,,false
b66a90fa52076fa8d2bde619741e460e1d1e93368b836d61b0ad73446b895e66,2,,false
d0d43cc31af6911c34c8a761514fe8fbe1f37288a2c00e2bdc21d5b16572dcb9,0,"Answer: 1

Explanation:
- The image shows a city with a hillside view, which is characteristic of ancient cities in the Middle East, such as those in the region of the Roman Empire. The architecture and layout of the ruins, including the presence of columns and the layout of the city, strongly suggest that this is an ancient Roman city, likely Amman, which was an important city in the Roman Empire. The other cities mentioned (Athens, Rome) do not match the visual characteristics of the ruins shown in the image.",true
d0d43cc31af6911c34c8a761514fe8fbe1f37288a2c00e2bdc21d5b16572dcb9,1,,false
d0d43cc31af6911c34c8a761514fe8fbe1f37288a2c00e2bdc21d5b16572dcb9,2,,false
82482b65958ec1613feba182fe5f3679c514b4ce0077e5245c935c8552d73e2b,0,"Answer: 1

Explanation:
Statement 1: True
Cocktail is most commonly associated with relaxing by a pool at a resort. This is true because cocktails are often enjoyed in a relaxed and leisurely setting, such as a poolside bar or lounge area at a resort. The image shows a poolside area with lounge chairs and umbrellas, which are typical elements of a relaxing environment.

Statement 2: False
Soda is most commonly associated with relaxing by a pool at a resort. This is false because soda is typically consumed in a more casual setting, such as a bar or restaurant, rather than a poolside area. The image shows lounge chairs and umbrellas, which are more associated with relaxation and leisure than with the consumption of soda.

Statement 3: False
Coffee is most commonly associated with relaxing by a pool at a resort. This is false because coffee is typically consumed in a more formal setting, such as a cafe or coffee shop, rather than a poolside area. The image shows lounge chairs and umbrellas, which are more associated with relaxation and leisure than with the consumption of coffee.",true
82482b65958ec1613feba182fe5f3679c514b4ce0077e5245c935c8552d73e2b,1,,false
82482b65958ec1613feba182fe5f3679c514b4ce0077e5245c935c8552d73e2b,2,,false
7547049262a76d15bca0904ef38005c1d66e03d8ad62920fb0611c8d3caf06ac,0,"Answer: 3

Explanation:
1. The primary purpose of the patterned fabric on the walls and ceiling in this room is not to provide insulation from heat. Insulation is typically achieved through materials like fiberglass, foam, or treated wood, which are not visible in the image. Therefore, this statement is false.
2. The primary purpose of the patterned fabric on the walls and ceiling in this room is not to act as soundproofing material. Soundproofing is usually achieved through materials like acoustic foam, acoustic panels, or sound-absorbing materials, which are not visible in the image. Therefore, this statement is false.
3. The primary purpose of the patterned fabric on the walls and ceiling in this room is to create a tent-like ambiance. The image shows a room with a dome-shaped ceiling and a large, open space, which is characteristic of a tent. Therefore, this statement is true.",false
7547049262a76d15bca0904ef38005c1d66e03d8ad62920fb0611c8d3caf06ac,1,,false
7547049262a76d15bca0904ef38005c1d66e03d8ad62920fb0611c8d3caf06ac,2,,true
93e6aa3edcc6e8059a49b04388a45bcaf2fb2e80ceb6524f67cee1e58f347f8b,0,"Answer: 3

Explanation:
1. The fireplace is most associated with music.
   - This statement is grounded in the image. The fireplace is a central feature of the room, and it is surrounded by various musical instruments and items, such as the guitar and the wooden chair. The presence of these items strongly suggests that the fireplace is associated with music.

2. The woven chair is most associated with music.
   - This statement is not grounded in the image. The woven chair is a piece of furniture, and it is not directly related to music. While it may be a common piece of furniture in a cozy, rustic setting, it does not have a strong association with music.

3. The guitar is most associated with music.
   - This statement is also not grounded in the image. The guitar is a musical instrument, but it is not the most prominent or central item in the room. While it is present, it is not the most associated with music. Other items, such as the fireplace and the wooden chair, are more strongly associated with music.",false
93e6aa3edcc6e8059a49b04388a45bcaf2fb2e80ceb6524f67cee1e58f347f8b,1,,false
93e6aa3edcc6e8059a49b04388a45bcaf2fb2e80ceb6524f67cee1e58f347f8b,2,,true
83a55f22bc70e9c6288061058df13dbdca32774999228f859a8e169fd4ab389b,0,"Answer: 1

Explanation:
1. The person in the image is standing behind a baking table with a pizza in the background. This suggests that he is involved in the preparation of food, specifically pizza.
2. The person is wearing an apron, which is commonly associated with chefs and bakers. The apron is a practical garment for food preparation.
3. The presence of a pizza in the background and the person's attire strongly indicate that the primary role of the person is a chef specializing in pizza.",true
83a55f22bc70e9c6288061058df13dbdca32774999228f859a8e169fd4ab389b,1,,false
83a55f22bc70e9c6288061058df13dbdca32774999228f859a8e169fd4ab389b,2,,false
cd8994b2b0b1dc9b024ecdc009749e31ddfb1b974a600ded544be7ea9849e67b,0,"Answer: 1

Explanation:
- The image shows three people holding wine glasses and raising them in a toast, which is a common activity at wine tastings or parties where wine is being served.
- The background is green, which is consistent with a vineyard setting.
- The attire of the individuals, particularly the sleeveless top and the casual yet elegant style, is also consistent with a social event, such as a wine tasting or a party.

The other two statements are not grounded in the image:
- Statement 2: The image is likely set in an indoor restaurant. False. The image shows a vineyard setting, not an indoor restaurant.
- Statement 3: The image is likely set at a beach party. False. The image shows a vineyard setting, not a beach party.",true
cd8994b2b0b1dc9b024ecdc009749e31ddfb1b974a600ded544be7ea9849e67b,1,,false
cd8994b2b0b1dc9b024ecdc009749e31ddfb1b974a600ded544be7ea9849e67b,2,,false
5beaada4b9e022c72730f6aeb9a33f7e5d6afd0cce8011e2db2b3153f9d67734,0,"Answer: 1

Explanation:
1. The men are marching in formation, which is a common characteristic of ceremonial parades.
2. They are wearing uniforms with red sashes and carrying rifles, which are typical of military or ceremonial guards.
3. The presence of a red carpet and the formal attire further suggest that this is a ceremonial event, not a casual walk or military training exercise.",true
5beaada4b9e022c72730f6aeb9a33f7e5d6afd0cce8011e2db2b3153f9d67734,1,,false
5beaada4b9e022c72730f6aeb9a33f7e5d6afd0cce8011e2db2b3153f9d67734,2,,false
7df5d6956082f5e7672c5c54a7b815adf824f486a305af07bd171a6d04776dbb,0,"Answer: 1

Explanation:
- The image shows a food platter with various items such as olives, cheese, strawberries, and a croissant. There is no visible coffee or tea in the image.
- The presence of a glass of juice with a red liquid suggests that juice is indeed served alongside the food platter.",true
7df5d6956082f5e7672c5c54a7b815adf824f486a305af07bd171a6d04776dbb,1,,false
7df5d6956082f5e7672c5c54a7b815adf824f486a305af07bd171a6d04776dbb,2,,false
04f860825d781c26f3dae77c035cf4b9541af09a52a743bffdc28a8aa0d3dee2,0,"Answer: 1

Explanation:
- Statement 1: The transparent straw in the green beverage is likely used to drink the beverage. True. The straw is commonly used to drink beverages, and the transparency of the straw allows for easy drinking.
- Statement 2: The transparent straw in the green beverage is likely used to stir the drink. False. While the straw is transparent, it is not typically used for stirring drinks. Stirring typically involves a utensil with a handle, which is not transparent.
- Statement 3: The transparent straw in the green beverage is likely used to decorate the glass. False. Decorating a glass typically involves using decorative elements like flowers, ribbons, or other embellishments, which are not transparent straws.",true
04f860825d781c26f3dae77c035cf4b9541af09a52a743bffdc28a8aa0d3dee2,1,,false
04f860825d781c26f3dae77c035cf4b9541af09a52a743bffdc28a8aa0d3dee2,2,,false
fed2a1c6c45d118e71e9fcd338f92fdf13911b2ce9af4fc37bc288d4dd25e703,0,"Answer: 1

Explanation:
- The sculpture in the image is most likely made of sandstone. True: The texture and color of the stone are consistent with sandstone, which is known for its light color and grainy texture. Sandstone is a common material used in ancient sculptures due to its availability and workability.

- The sculpture in the image is most likely made of granite. False: Granite is a harder and more durable stone compared to sandstone, and it is not typically used for sculptures due to its strength and resistance to weathering. Additionally, the visible characteristics of the stone in the image do not match the typical appearance of granite.

- The sculpture in the image is most likely made of marble. False: Marble is a softer and more translucent stone compared to sandstone and granite, and it is not commonly used for sculptures due to its fragility and aesthetic qualities. The visible characteristics of the stone in the image do not match the typical appearance of marble.",true
fed2a1c6c45d118e71e9fcd338f92fdf13911b2ce9af4fc37bc288d4dd25e703,1,,false
fed2a1c6c45d118e71e9fcd338f92fdf13911b2ce9af4fc37bc288d4dd25e703,2,,false
b8aa7648586501baef7b49e39ffa2136bdfb2dd588a9b9001f521bc57335bd95,0,"Answer: 1

Explanation:
1. The image shows a marina with various boats, including yachts and fishing boats. The yachts are clearly visible in the image, as they are docked in the marina and have sails on.
2. The image does not show cargo ships, as cargo ships are typically larger and not docked in a marina setting.
3. The image does not show fishing boats, as fishing boats are generally smaller and not docked in a marina setting.",true
b8aa7648586501baef7b49e39ffa2136bdfb2dd588a9b9001f521bc57335bd95,1,,false
b8aa7648586501baef7b49e39ffa2136bdfb2dd588a9b9001f521bc57335bd95,2,,false
74a02d3faa094c4b3669ceb794c769440dc6cb792f78a4f5f5094e56ff6f6011,0,"Answer: 2

Explanation:
1. The image shows two individuals playing musical instruments in a desert landscape. The background features sand dunes and a clear sky, which are typical desert features.
2. The setting is not a mountain valley; it is a desert during sunset, as indicated by the warm lighting and the clear sky.
3. The setting is not a bustling city square; it is a desert landscape, and there is no indication of urban elements such as buildings or streets.",false
74a02d3faa094c4b3669ceb794c769440dc6cb792f78a4f5f5094e56ff6f6011,1,,true
74a02d3faa094c4b3669ceb794c769440dc6cb792f78a4f5f5094e56ff6f6011,2,,false
c6834cf09ae71141d2e082f1723054b80d99f531cd96ff466f7ed393b2da02ff,0,"Answer: 1

Explanation:
Statement 1: True
The ornate hats worn by the women in the image are indeed indicative of their status or rank in the rodeo. In rodeo culture, especially in the traditional attire of the ""Escaramuza,"" the elaborate hats are often worn by the riders to signify their importance and authority on the horseback. These hats are not just for decoration but are a symbol of their role and position within the rodeo event.

Statement 2: False
The primary purpose of the ornate hats worn by the women in the image is not to complement their traditional attire for Escaramuza. Instead, these hats are specifically designed for the rodeo event and are meant to be worn during the competition. They are not meant to be worn in everyday life or for everyday activities.

Statement 3: False
The primary purpose of the ornate hats worn by the women in the image is not to provide shade and protection from the sun. These hats are designed for visibility and are worn to be seen by the audience and judges during the rodeo event. They are not meant for sun protection.",true
c6834cf09ae71141d2e082f1723054b80d99f531cd96ff466f7ed393b2da02ff,1,,false
c6834cf09ae71141d2e082f1723054b80d99f531cd96ff466f7ed393b2da02ff,2,,false
f6c2d56429c296a16f62c53d84f47cd6896377090525842439f90795c3018b10,0,"Answer: 2

Explanation:
1. The people in the image are predominantly wearing traditional layered clothing. This is true. The individuals in the image are dressed in long robes and headscarves, which are characteristic of traditional Middle Eastern or North African attire.
2. The people in the image are predominantly wearing modern casual attire. This is false. The individuals are not wearing formal business suits; instead, they are dressed in traditional garments, which are not typically associated with casual attire.
3. The people in the image are predominantly wearing modern casual attire. This is false. The individuals are not wearing modern casual attire; instead, they are dressed in traditional garments, which are not typically associated with casual attire.",false
f6c2d56429c296a16f62c53d84f47cd6896377090525842439f90795c3018b10,1,,true
f6c2d56429c296a16f62c53d84f47cd6896377090525842439f90795c3018b10,2,,false
def867150d433d0b3fd73c919f2baa9f44fa9f67771359dabc8a275c715db681,0,"Answer: 2

Explanation:
1. The centerpiece of the bracelet is decorated with a scenic painted design. 
   - This statement is grounded in the image. The bracelet features a large, round, painted stone with a scenic design that includes a landscape with blue and green hues, and a white bird flying. This is a painted design, not a geometric pattern.

2. The centerpiece of the bracelet is decorated with a floral design.
   - This statement is not grounded in the image. The bracelet does not have any floral decorations. The centerpiece is a painted design with a scenic landscape, not a floral pattern.

3. The centerpiece of the bracelet is decorated with a floral design.
   - This statement is not grounded in the image. The bracelet does not have any floral decorations. The centerpiece is a painted design with a scenic landscape, not a floral pattern.",false
def867150d433d0b3fd73c919f2baa9f44fa9f67771359dabc8a275c715db681,1,,true
def867150d433d0b3fd73c919f2baa9f44fa9f67771359dabc8a275c715db681,2,,false
673dfa465878dae79a5268ee4f55d412d7322a7d579713498cc1a2cdc30b18c8,0,"Answer: 1

Explanation:
- Statement 1: The primary color of the bottle shown in the image is blue. True. The image clearly shows a bottle with a blue color.
- Statement 2: The primary color of the bottle shown in the image is yellow. False. The image shows a bottle with a blue color, not yellow.
- Statement 3: The primary color of the bottle shown in the image is black. False. The image shows a bottle with a blue color, not black.",true
673dfa465878dae79a5268ee4f55d412d7322a7d579713498cc1a2cdc30b18c8,1,,false
673dfa465878dae79a5268ee4f55d412d7322a7d579713498cc1a2cdc30b18c8,2,,false
77522881923ca506d5bb616852ec5f72892befe30b4dd7f61ebc143604d2711e,0,"Answer: 2

Explanation:
1. The person in the image is most likely applying therapeutic mud. This is grounded because the individual is covered in mud, which is a common practice in mud baths or therapeutic treatments. The mud is applied to the body, which is consistent with the image.
2. The person in the image is most likely building sandcastles. This is not grounded because the image does not show any activity related to building sandcastles. The person is standing on the beach, not engaged in building sandcastles.
3. The person in the image is most likely swimming in the ocean. This is not grounded because the image shows the person standing on the beach, not in the ocean. The person is not swimming, but rather standing and possibly observing the beach or the water.",false
77522881923ca506d5bb616852ec5f72892befe30b4dd7f61ebc143604d2711e,1,,true
77522881923ca506d5bb616852ec5f72892befe30b4dd7f61ebc143604d2711e,2,,false
5e298622d652b407750ecbef4096901a10353915b52dd70330519cb5ca1bb8ae,0,"Answer: 1

Explanation:
1. The sneakers in the image are indeed associated with the brand Nike. This is evident from the prominent ""NIKE"" logo on the box and the design of the sneakers, which are characteristic of Nike's branding. The red and white color scheme, the swoosh logo, and the overall design are all consistent with Nike's product line.

2. The sneakers shown in the image are not associated with the brand Puma. Puma is a different brand that produces athletic footwear, and the design and color scheme of the sneakers in the image do not match the Puma brand's typical aesthetic.

3. The sneakers shown in the image are not associated with the brand Adidas. Adidas is another brand that produces athletic footwear, and the design and color scheme of the sneakers in the image do not match the Adidas brand's typical aesthetic.",true
5e298622d652b407750ecbef4096901a10353915b52dd70330519cb5ca1bb8ae,1,,false
5e298622d652b407750ecbef4096901a10353915b52dd70330519cb5ca1bb8ae,2,,false
55c4e8729d9c87c62f0598d6fa005170cc0eb1d696b84f114e81b3921bf37edb,0,"Answer: 1

Explanation:
- The ruins depicted in the image were built by the Egyptian civilization. True. The image shows a well-preserved ancient structure that resembles the remains of a temple or a palace, which are typical of Egyptian architecture. The presence of columns and the layout of the ruins are characteristic of Egyptian temples and palaces.",true
55c4e8729d9c87c62f0598d6fa005170cc0eb1d696b84f114e81b3921bf37edb,1,,false
55c4e8729d9c87c62f0598d6fa005170cc0eb1d696b84f114e81b3921bf37edb,2,,false
cd2c058ec1815055d59b3ddebae4c07b7c5169d8a06b5bc287150f1c05f6080f,0,"Answer: 1

Explanation:
- The image shows a teapot with a handle and a spout, which are typical features of a teapot.
- The presence of a red cup and a teapot suggests that hot beverages are being prepared, which is consistent with the use of a teapot.
- The other two statements are not grounded in the image. Hot chocolate and coffee are not typically prepared using a teapot, as they require different equipment and methods.",true
cd2c058ec1815055d59b3ddebae4c07b7c5169d8a06b5bc287150f1c05f6080f,1,,false
cd2c058ec1815055d59b3ddebae4c07b7c5169d8a06b5bc287150f1c05f6080f,2,,false
8ac88f867da5c1af690650e25dc54c89e3a7f47c7dd5407e15fbc350d854931f,0,"Answer: 3

Explanation:
1. The primary purpose of camel riding near the Great Pyramid of Giza today is not a recreational activity for tourists. Instead, it is a traditional mode of transportation across the desert. This is evident from the image where the camel is adorned with colorful blankets and is being ridden by a man, indicating its use for travel rather than leisure.
2. The primary purpose of camel riding near the Great Pyramid of Giza today is not a competitive sport in the region. This is also grounded in the image. The man is riding the camel in a manner that suggests it is a routine activity, not a competitive event.
3. The primary purpose of camel riding near the Great Pyramid of Giza today is indeed transportation across the desert. This is clearly depicted in the image where the camel is being ridden by a man, and the man is dressed in casual, comfortable clothing suitable for travel in the desert.",false
8ac88f867da5c1af690650e25dc54c89e3a7f47c7dd5407e15fbc350d854931f,1,,false
8ac88f867da5c1af690650e25dc54c89e3a7f47c7dd5407e15fbc350d854931f,2,,true
51db67baa3f887858c4d93f9648cfca7291fac298834e83cc7ae0f14ec0347fb,0,"Answer: 1

Explanation:
- Statement 1: The residential buildings in the background serve as residential housing. True. The buildings are clearly residential, with balconies and windows typical of residential structures.
- Statement 2: The residential buildings in the background are part of a historical monument. False. The buildings are residential, not historical.
- Statement 3: The residential buildings in the background are used for commercial purposes. False. The buildings are residential, not commercial.",true
51db67baa3f887858c4d93f9648cfca7291fac298834e83cc7ae0f14ec0347fb,1,,false
51db67baa3f887858c4d93f9648cfca7291fac298834e83cc7ae0f14ec0347fb,2,,false
a22f09f5772f40f1d1affd022bf16272c0fb18b7e7756b9098f0ed98c1dc6506,0,"Answer: 2

Explanation:
1. The primary purpose of the scoops visible in the image is for serving grains and legumes. True. The scoops are filled with various grains and legumes, which are commonly served in a market setting.
2. The primary purpose of the scoops visible in the image is for stirring food in pots. False. The scoops are not typically used for stirring food in pots; they are more likely used for serving grains and legumes.",false
a22f09f5772f40f1d1affd022bf16272c0fb18b7e7756b9098f0ed98c1dc6506,1,,true
a22f09f5772f40f1d1affd022bf16272c0fb18b7e7756b9098f0ed98c1dc6506,2,,false
582093f0f94477bec7f02c1be0361d3ef6d0beef930230f223dc2798d64e5406,0,"Answer: False

Explanation:
1. The keffiyeh is a traditional Middle Eastern cap worn by men, not a decorative tablecloth.
2. The keffiyeh is primarily used for its practical purposes, such as protection from the sun and dust, and for its cultural significance in the Middle East.
3. The keffiyeh is not used as a ceremonial flag, as it is a headwear rather than a flag. ||| False. The keffiyeh is primarily used as a protective headscarf in Islam, not as a decorative tablecloth. ||| False. The keffiyeh is a traditional Middle Eastern cap worn by men, typically for protection from the sun and dust. It is not primarily used for warmth. ||| False. The keffiyeh is primarily used as a traditional headscarf in Islam, not as a ceremonial flag.",true
582093f0f94477bec7f02c1be0361d3ef6d0beef930230f223dc2798d64e5406,1,,false
582093f0f94477bec7f02c1be0361d3ef6d0beef930230f223dc2798d64e5406,2,,false
a4c299814f4f128d99816a1f9c4d667bd814aef6e46c3937859dc43405b4a65c,0,"Answer: 2

Explanation:
1. The primary activity being depicted in the image is not building a wooden structure. The image shows a person walking with a group of goats, which is more indicative of herding livestock.
2. The primary activity being depicted in the image is indeed herding livestock. The person is carrying a large number of goats on their back, which is a common practice in rural areas where livestock is herded for transportation and care.
3. The primary activity being depicted in the image is hunting in the wilderness. There is no indication of hunting equipment or activity in the image. The focus is on the person walking with the goats.",false
a4c299814f4f128d99816a1f9c4d667bd814aef6e46c3937859dc43405b4a65c,1,,true
a4c299814f4f128d99816a1f9c4d667bd814aef6e46c3937859dc43405b4a65c,2,,false
33ccafc0abe3388c52f4395435ff6e1427c8a79663863cfecc3d0a62dade7e62,0,"Answer: 2

Explanation:
1. The image shows a large, expansive area with multiple buildings and construction cranes, which is characteristic of a city in the Middle East.
2. The presence of the Grand Mosque and the Kaaba is a well-known landmark in Mecca, Saudi Arabia, and is not typically found in other cities in the region.
3. The city depicted in the image is not Riyadh, but rather a city in the Middle East that is known for its large mosque complexes, such as Mecca.",false
33ccafc0abe3388c52f4395435ff6e1427c8a79663863cfecc3d0a62dade7e62,1,,true
33ccafc0abe3388c52f4395435ff6e1427c8a79663863cfecc3d0a62dade7e62,2,,false
14b3d4fd73a1a2bba6652df81f705185e394b09a36e7f5d85f90d1214775df44,0,"Answer: 1

Explanation:
- The image shows two basketball players in action, celebrating a victory. This is clearly a basketball game.
- The players are wearing basketball uniforms with the word ""BIG"" and the number ""2"" and ""3"" visible, indicating they are basketball players.
- The setting is a basketball court, with a basketball hoop in the background, further confirming the basketball game setting.

The other two statements are not grounded in the image:
- Statement 2: The image shows basketball players, not soccer players.
- Statement 3: The image shows basketball players, not tennis players.",true
14b3d4fd73a1a2bba6652df81f705185e394b09a36e7f5d85f90d1214775df44,1,,false
14b3d4fd73a1a2bba6652df81f705185e394b09a36e7f5d85f90d1214775df44,2,,false
2b59a2c6d3de327c5ca63ed2fcf91fd31bf7b204de5e64779b739cc1e087baa7,0,"Answer: 2

Explanation:
1. The image shows a coastal area with a dense settlement in the middle, surrounded by a coastal plain. The surrounding environment is not lush, forested, or flat with extensive agricultural fields. Instead, it is characterized by arid, mountainous terrain adjacent to the sea. The presence of a coastal plain and agricultural fields is not visible in the image.",false
2b59a2c6d3de327c5ca63ed2fcf91fd31bf7b204de5e64779b739cc1e087baa7,1,,true
2b59a2c6d3de327c5ca63ed2fcf91fd31bf7b204de5e64779b739cc1e087baa7,2,,false
28a7522db63a0638f404221118e6b58d1f7235ea7ef88da120a7b6c125b67a2d,0,"Answer: 3

Explanation:
1. The beanie worn by the person in the image is light green. This statement is grounded in the image. The beanie appears to be a light green color, as described in the image.
2. The beanie worn by the person in the image is black. This statement is not grounded in the image. The beanie is described as light green, not black.
3. The beanie worn by the person in the image is gray. This statement is not grounded in the image. The beanie is described as light green, not gray.",false
28a7522db63a0638f404221118e6b58d1f7235ea7ef88da120a7b6c125b67a2d,1,,false
28a7522db63a0638f404221118e6b58d1f7235ea7ef88da120a7b6c125b67a2d,2,,true
19f9b36ef76b47c74764bd32d4c7c9cab75cc4237d333651f167235f2d5f31f3,0,"Answer: 1

Explanation:
1. The image shows a bowl filled with various fruits, including lemons, limes, and grapes. The bowl is clearly visible and contains these fruits.
2. The statement ""Lemons are not visible in the bowl in the image"" is grounded because the bowl is filled with lemons, which are clearly visible.
3. The statement ""Apples are not visible in the bowl in the image"" is false because the bowl contains grapes, not apples. Apples are not visible in the image.",true
19f9b36ef76b47c74764bd32d4c7c9cab75cc4237d333651f167235f2d5f31f3,1,,false
19f9b36ef76b47c74764bd32d4c7c9cab75cc4237d333651f167235f2d5f31f3,2,,false
7bd6aff6eb87d55c78b65f34d8ad213b685a45d4713cd7c94482bb06cce2530b,0,"Answer: 1

Explanation:
- The translucent blue sole of the sneaker is likely made of rubber. This is grounded in the image as the sole has a distinct translucent blue color and a rubber-like texture, which is characteristic of rubber soles. The other two statements are not grounded in the image:
  - Statement 2: The translucent blue sole is likely made of plastic. This is not true because plastic soles typically have a solid color and a different texture compared to rubber soles.
  - Statement 3: The translucent blue sole is likely made of foam. This is also not true because foam soles usually have a more uniform color and a different texture compared to rubber soles.",true
7bd6aff6eb87d55c78b65f34d8ad213b685a45d4713cd7c94482bb06cce2530b,1,,false
7bd6aff6eb87d55c78b65f34d8ad213b685a45d4713cd7c94482bb06cce2530b,2,,false
5f9aa8d0b1eca017e442a4f3b673e18d2fc46b58978069d72aaa7f06ecda91ef,0,"Answer: 3

Explanation:
1. The dense greenery without any visible structures in the aerial image strongly suggests that the area is used for relaxation or tourism. This is because the lack of visible structures typically indicates a natural, untouched environment that is ideal for leisure activities.
2. The rocky cliffs at the edge of the image strongly suggest that the area is used for relaxation or tourism. This is because rocky cliffs are often associated with natural, rugged landscapes that are popular for hiking, rock climbing, and other outdoor activities.
3. The presence of small huts and pathways among the palm trees in the aerial image strongly suggests that the area is used for relaxation or tourism. This is because huts and pathways are typical features of resorts, hotels, or vacation rentals that cater to tourists seeking relaxation and leisure.",false
5f9aa8d0b1eca017e442a4f3b673e18d2fc46b58978069d72aaa7f06ecda91ef,1,,false
5f9aa8d0b1eca017e442a4f3b673e18d2fc46b58978069d72aaa7f06ecda91ef,2,,true
cc5af2500a4d696a723140f309e49fc390a32c2c2c47f1bd05426d0fef3912ec,0,"Answer: 3

Explanation:
1. The dessert in the image is not gelato. Gelato is a type of Italian ice cream, typically made with milk, cream, sugar, and flavorings. The image shows a dessert that has a creamy, smooth texture and is topped with a chocolate sauce, which is characteristic of a scoop of ice cream.
2. The dessert in the image is not a cupcake. Cupcakes are typically small cakes with a single layer of cake and frosting, often decorated with icing or other toppings. The image shows a dessert that has a cylindrical shape and is topped with a chocolate sauce, which is characteristic of a scoop of ice cream.
3. The dessert in the image is not rolled ice cream. Rolled ice cream is a type of ice cream that is rolled into a cone shape and then frozen. The image shows a dessert that has a cylindrical shape and is topped with a chocolate sauce, which is characteristic of a scoop of ice cream.",false
cc5af2500a4d696a723140f309e49fc390a32c2c2c47f1bd05426d0fef3912ec,1,,false
cc5af2500a4d696a723140f309e49fc390a32c2c2c47f1bd05426d0fef3912ec,2,,true
50e78cf4533828454e89dbedff2c5f643f9b9b075fadd0173921b56e88acb5a8,0,"Answer: False

Explanation:
1. The building's design is most prominently characterized by a thatched roof. This statement is false because the image shows a modern, contemporary building with large glass windows and minimalistic design elements, not a thatched roof. The thatched roof is more commonly associated with traditional or historical architecture, which is not evident in the image.
2. The building's design is most prominently characterized by large glass windows. This statement is false because the image shows a modern, contemporary building with large glass windows, which is a common feature in modern architecture. The large glass windows are not characteristic of traditional or historical designs.
3. The building's design is most prominently characterized by traditional wooden elements. This statement is false because the image shows a modern, contemporary building with minimalistic design elements, not traditional wooden elements. The building's design is more aligned with modern architectural trends rather than traditional wooden elements. ||| False. The building's design is most prominently characterized by a modern, minimalist design with clean lines, large windows, and a combination of concrete and glass materials. There is no thatched roof visible in the image. ||| False. The building's design is most prominently characterized by large glass windows, but it also features a combination of concrete and glass elements. ||| False. The building's design is most prominently characterized by modern, minimalist elements, with clean lines and a neutral color palette.",true
50e78cf4533828454e89dbedff2c5f643f9b9b075fadd0173921b56e88acb5a8,1,,false
50e78cf4533828454e89dbedff2c5f643f9b9b075fadd0173921b56e88acb5a8,2,,false
b22d0e4bb5f4c10b272e107acae12a4ae96e4bf14affc3237122d85a636dc050,0,"Answer: 1

Explanation:
- The primary purpose of the illuminated projections on the building's facade is not to provide construction updates. The image shows a large, detailed projection of a mechanical or industrial object, which is not related to construction or updates.
- The primary purpose of the illuminated projections is not to showcase artistic visuals and cultural themes. The projection appears to be a large, detailed image of a mechanical or industrial object, not an artistic or cultural theme.
- The primary purpose of the illuminated projections is not to act as advertisements for nearby businesses. The projection is a large, detailed image of a mechanical or industrial object, not related to advertising.",true
b22d0e4bb5f4c10b272e107acae12a4ae96e4bf14affc3237122d85a636dc050,1,,false
b22d0e4bb5f4c10b272e107acae12a4ae96e4bf14affc3237122d85a636dc050,2,,false
f79461e2333403b90cea6456cbebe63b9a3748593ddee089e7cac3040d9c1cdd,0,"Answer: 1

Explanation:
- The image shows desserts that are yellow in color, which is a common characteristic of desserts made with turmeric. Turmeric is a spice commonly used in Middle Eastern and South Asian cuisine to give dishes a yellow hue.
- The other two statements are not grounded in the image. Curry powder and saffron are not typically used to create yellow-colored desserts. Curry powder is used in various dishes but not specifically for creating yellow color, and saffron is used in desserts like halwa and kulfi but not for creating yellow color.",true
f79461e2333403b90cea6456cbebe63b9a3748593ddee089e7cac3040d9c1cdd,1,,false
f79461e2333403b90cea6456cbebe63b9a3748593ddee089e7cac3040d9c1cdd,2,,false
80b84869fdb412d166c7474c2e9739eddf0d8354046dc8c866daf487416dda62,0,"Answer: 3

Explanation:
1. The image does highlight the coffee machine's metallic finish and digital display. The metallic finish is clearly visible on the machine, and the digital display is prominently shown on the top of the machine, showing the coffee options.
2. The image does not highlight the coffee machine's ability to brew tea. There is no indication of a tea brewing function in the image.
3. The image does not highlight the coffee machine's compact design for portability. The image shows a large, modern coffee machine, which is not compact.",false
80b84869fdb412d166c7474c2e9739eddf0d8354046dc8c866daf487416dda62,1,,false
80b84869fdb412d166c7474c2e9739eddf0d8354046dc8c866daf487416dda62,2,,true
c6c3eb979d422540e033a3b45bb65494e255e453f73da45d3b4decb293954266,0,"Answer: 1

Explanation:
- The image shows two illuminated towers, which are characteristic of the Sheikh Zayed Grand Mosque in Abu Dhabi, UAE.
- The towers are not representative of Saudi Arabia, Kuwait, or any other country in the Arab world.
- Therefore, the statement that the towers belong to Saudi Arabia is false.",true
c6c3eb979d422540e033a3b45bb65494e255e453f73da45d3b4decb293954266,1,,false
c6c3eb979d422540e033a3b45bb65494e255e453f73da45d3b4decb293954266,2,,false
d14e0c97e4b901dc492d67c879a1b7c282f6e4e4975fc0930863020936ee9865,0,"Answer: X

Explanation:
Statement 1: The purpose of this event is a religious award ceremony. True.
The image shows a young boy dressed in a white robe, seated on a chair, and appears to be receiving an award. The presence of Arabic text on the screen and the formal setting suggest that this is a religious award ceremony. The boy's attire and the setting are consistent with such ceremonies, which often involve religious figures or individuals being honored for their contributions or achievements in a religious context.

Statement 2: The purpose of this event is a business conference. False.
The image does not depict a business conference. Instead, it shows a young boy receiving an award, which is more likely to be a religious or cultural ceremony. The setting and attire suggest a formal event, but not a business conference.

Statement 3: The purpose of this event is a cultural performance. False.
The image does not depict a cultural performance. Instead, it shows a young boy receiving an award, which is more consistent with a religious or cultural ceremony. The setting and attire suggest a formal event, but not a cultural performance. ||| False. ||| False. ||| False.",true
d14e0c97e4b901dc492d67c879a1b7c282f6e4e4975fc0930863020936ee9865,1,,false
d14e0c97e4b901dc492d67c879a1b7c282f6e4e4975fc0930863020936ee9865,2,,false
8371f5bce8a5588462e0d3f36227c023461211875bcfec68b2983a215a9b28c7,0,"Answer: 1

Explanation:
Statement 1: The primary visual feature of the ceramic plates in the image is speckled designs in various colors. True.
The image shows multiple ceramic plates with different colors and speckled designs. The plates have a speckled pattern, which is a common characteristic of ceramic art.

Statement 2: The primary visual feature of the ceramic plates in the image is plain white surfaces. False.
The image shows plates with a speckled pattern, not plain white surfaces. The plates have a speckled design with various colors, not a completely white background.

Statement 3: The primary visual feature of the ceramic plates in the image is engraved patterns. False.
The image shows plates with a speckled design, not engraved patterns. The plates have a speckled pattern, not any kind of engraved design.",true
8371f5bce8a5588462e0d3f36227c023461211875bcfec68b2983a215a9b28c7,1,,false
8371f5bce8a5588462e0d3f36227c023461211875bcfec68b2983a215a9b28c7,2,,false
e565e4996286a9db0f9b0f79e25c953c89891d588000874c1cdc59b5dec83a41,0,"Answer: 2

Explanation:
1. The exterior of these buildings is most prominently characterized by geometric patterns with hexagonal shapes. True. The image clearly shows a building with a geometric pattern consisting of hexagonal shapes, which is a prominent characteristic of the building's exterior design. The other statements are not grounded in the image.",false
e565e4996286a9db0f9b0f79e25c953c89891d588000874c1cdc59b5dec83a41,1,,true
e565e4996286a9db0f9b0f79e25c953c89891d588000874c1cdc59b5dec83a41,2,,false
6e481b17a77fe6cbdeb81b935c1175e30fc4e33fb0b66df85d7105db751d38d2,0,"Answer: 3

Explanation:
1. The image shows a bustling street lined with shops and people walking. This suggests a shopping and walking activity is taking place.
2. The presence of people carrying shopping bags and walking along the street indicates that shopping is a primary activity.
3. The image does not show any signs of dining or live performances, so these activities cannot be confirmed or denied based on the image alone.",false
6e481b17a77fe6cbdeb81b935c1175e30fc4e33fb0b66df85d7105db751d38d2,1,,false
6e481b17a77fe6cbdeb81b935c1175e30fc4e33fb0b66df85d7105db751d38d2,2,,true
9996ce05358ad8f6d0fc539144490f3daeb0bbbc2e01b7b550ab322af0fe41bd,0,"Answer: 2

Explanation:
1. The image clearly states that the volume of the beverage can is 250 mL.
2. The other two statements are not grounded in the image. Statement 1 is true because the image clearly states the volume as 250 mL. Statement 3 is false because the image does not provide information about the volume of the can being 330 mL.",false
9996ce05358ad8f6d0fc539144490f3daeb0bbbc2e01b7b550ab322af0fe41bd,1,,true
9996ce05358ad8f6d0fc539144490f3daeb0bbbc2e01b7b550ab322af0fe41bd,2,,false
32baae2728fdb72971f415cddfa8964ad8118a2ba339b289545558a2038c2776,0,"Answer: 3

Explanation:
1. The image shows a person pouring a beverage from a metal pot into a cup. The pot is designed for hot beverages, and the liquid appears to be a dark, possibly black, liquid, which is characteristic of traditional Arabic coffee.
2. The setting is Middle Eastern, and the presence of a metal pot and the act of pouring coffee are consistent with traditional Arabic coffee culture.
3. The other two statements are not grounded in the image. Green tea with mint is not a common beverage in Middle Eastern settings, and hot chocolate is not typically served in a metal pot in this manner.",false
32baae2728fdb72971f415cddfa8964ad8118a2ba339b289545558a2038c2776,1,,false
32baae2728fdb72971f415cddfa8964ad8118a2ba339b289545558a2038c2776,2,,true
84a00e447d1254e83d803570fbafddb33867eeab9d9f48d3788811e7420a254b,0,"Answer: 1

Explanation:
- The image shows a bar with a variety of drinks on the counter, including what appears to be alcoholic beverages. This suggests that alcoholic beverages are most likely served at this bar. Therefore, Statement 3 is grounded in the image.

- The bar also has a selection of soft drinks and juices, as well as other beverages. This indicates that soft drinks and juices are most likely served at this bar. Therefore, Statement 2 is grounded in the image.

- The bar does not have a large selection of tea or coffee, so it is unlikely that tea and coffee are most likely served at this bar. Therefore, Statement 1 is not grounded in the image.",true
84a00e447d1254e83d803570fbafddb33867eeab9d9f48d3788811e7420a254b,1,,false
84a00e447d1254e83d803570fbafddb33867eeab9d9f48d3788811e7420a254b,2,,false
e13946f305ed6bd37531d28fc586bfa1f3b27eed7e55ad4749e950701d31be26,0,"Answer: 3

Explanation:
1. The architectural design of the buildings in the image is modern glass skyscrapers. This statement is grounded in the image. The buildings in the image are indeed tall, modern skyscrapers with a glass facade, which is a characteristic of contemporary architecture.
2. The architectural design of the buildings in the image is wooden rural houses. This statement is false. The buildings in the image are modern skyscrapers, not wooden rural houses. The image shows buildings with a modern architectural style, not traditional stone structures.
3. The architectural design of the buildings in the image is traditional stone structures. This statement is false. The buildings in the image are modern skyscrapers, not traditional stone structures. The image shows buildings with a modern architectural style, not traditional stone structures.",false
e13946f305ed6bd37531d28fc586bfa1f3b27eed7e55ad4749e950701d31be26,1,,false
e13946f305ed6bd37531d28fc586bfa1f3b27eed7e55ad4749e950701d31be26,2,,true
8388fe21f407730d8d71cffa13b1f5035ca8c01c42ff52905cba44d3e97eee3d,0,"Answer: 2

Explanation:
- The image shows a teapot with a white body and a red and gold pattern. The design and material of the teapot suggest it is made of ceramic. Ceramic teapots are commonly used and are known for their durability and aesthetic appeal. The white color and the glaze finish are typical characteristics of ceramic teapots.

- Statement 1: False. The teapot is not made of metal. The image shows a teapot with a white body and a red and gold pattern, which are typical characteristics of ceramic teapots, not metal.
- Statement 2: True. The teapot is most likely made of ceramic. The design and material of the teapot suggest it is made of ceramic.
- Statement 3: False. The teapot is not made of glass. The image shows a teapot with a white body and a red and gold pattern, which are typical characteristics of ceramic teapots, not glass.",false
8388fe21f407730d8d71cffa13b1f5035ca8c01c42ff52905cba44d3e97eee3d,1,,true
8388fe21f407730d8d71cffa13b1f5035ca8c01c42ff52905cba44d3e97eee3d,2,,false
b1eb98cbc3c4cbdf10d95d84b6dfb7112532ed9af4eee7c24e27075e71f71e0b,0,"Answer: 3

Explanation:
1. The teapots in the image are traditional items used in Middle Eastern tea ceremonies. This is grounded in the image as the teapots are prominently displayed and appear to be part of a traditional setup, which is common in Middle Eastern markets.
2. The teapots in the image are purely decorative items with no cultural ties. This is false. The teapots are not merely decorative; they are also used in traditional Middle Eastern tea ceremonies and are likely made from materials and designs that hold cultural significance.
3. The teapots in the image are modern kitchen appliances for boiling water. This is false. The teapots are not kitchen appliances; they are traditional items used in Middle Eastern tea ceremonies.",false
b1eb98cbc3c4cbdf10d95d84b6dfb7112532ed9af4eee7c24e27075e71f71e0b,1,,false
b1eb98cbc3c4cbdf10d95d84b6dfb7112532ed9af4eee7c24e27075e71f71e0b,2,,true
314d2cfb8e86eeee025acb4694606760a177dc483ceb64d3916b5b7e8352ef74,0,"Answer: 2

Explanation:
1. The primary color of the liquid inside the bottles is brown. This statement is grounded in the image. The liquid inside the bottles appears to be a dark brown color, which is consistent with the description of the liquid as being brown.
2. The primary color of the liquid inside the bottles is transparent. This statement is not grounded in the image. The liquid inside the bottles is not transparent; it is dark brown.
3. The primary color of the liquid inside the bottles is green. This statement is not grounded in the image. The liquid inside the bottles is not green; it is dark brown.",false
314d2cfb8e86eeee025acb4694606760a177dc483ceb64d3916b5b7e8352ef74,1,,true
314d2cfb8e86eeee025acb4694606760a177dc483ceb64d3916b5b7e8352ef74,2,,false
7c4bcf6b99ecee105992796dfb2836645890cb12f892193edf4a5c79561167b0,0,Answer: 1,true
7c4bcf6b99ecee105992796dfb2836645890cb12f892193edf4a5c79561167b0,1,,false
7c4bcf6b99ecee105992796dfb2836645890cb12f892193edf4a5c79561167b0,2,,false
48de441dc39acda5e929126aa0ce321aed218f457ee61015aaf60116086194cf,0,"Answer: 2

Explanation:
- Statement 1: The backing of the earring shown in the image is butterfly-shaped. True. The earring has a butterfly-shaped backing, which is clearly visible in the image.
- Statement 2: The backing of the earring shown in the image is heart-shaped. False. The backing of the earring is not heart-shaped; it is butterfly-shaped.
- Statement 3: The backing of the earring shown in the image is circular-shaped. False. The backing of the earring is not circular; it is butterfly-shaped.",false
48de441dc39acda5e929126aa0ce321aed218f457ee61015aaf60116086194cf,1,,true
48de441dc39acda5e929126aa0ce321aed218f457ee61015aaf60116086194cf,2,,false
37a2f143bf7cb727f93f2ce991e7d634eef3a9b06c2a837e5317fcc0bb84eeb3,0,"Answer: 1

Explanation:
- The bracelet in the image is likely made of silver. This statement is grounded because the bracelet appears to have a metallic sheen and reflective properties, which are characteristic of silver. The other two statements are not grounded because the bracelet does not have the typical appearance of gold or plastic.",true
37a2f143bf7cb727f93f2ce991e7d634eef3a9b06c2a837e5317fcc0bb84eeb3,1,,false
37a2f143bf7cb727f93f2ce991e7d634eef3a9b06c2a837e5317fcc0bb84eeb3,2,,false
e50997375c2d79e82bb7156c29c6f881099c69dad750b14bfee79df2fb391d70,0,"Answer: 1

Explanation:
- The image shows a large shopping mall with various stores and people walking around. This indicates that people are shopping for goods.
- The mall has multiple levels with shops and people on the balconies, which suggests a commercial environment.
- There are no signs or decorations that indicate a musical concert or a historical museum.

The other two statements are not grounded in the image:
- Statement 2: People at this shopping mall are most likely attending a musical concert. False. There are no musical instruments or concert-related decorations visible in the image.
- Statement 3: People at this shopping mall are most likely visiting a historical museum. False. There are no signs or decorations that indicate a historical museum.",true
e50997375c2d79e82bb7156c29c6f881099c69dad750b14bfee79df2fb391d70,1,,false
e50997375c2d79e82bb7156c29c6f881099c69dad750b14bfee79df2fb391d70,2,,false
c09e5097291b5549dcc61836af1d0c37d48e1862d7bb9467f28abd226ffd73db,0,"Answer: 2

Explanation:
1. The image shows a mosque with a prominent archway and a bell tower. The archway is not stained glass, so Statement 1 is false.
2. The image clearly shows a bell tower, which is a prominent feature of the mosque's design. Therefore, Statement 2 is true.
3. The image does not show a minaret, so Statement 3 is false.",false
c09e5097291b5549dcc61836af1d0c37d48e1862d7bb9467f28abd226ffd73db,1,,true
c09e5097291b5549dcc61836af1d0c37d48e1862d7bb9467f28abd226ffd73db,2,,false
1eaf6f707c2a7a04d04f4fe3c9495881c2afddf46ab1420bbf3a505f855ed496,0,"Answer: 1

Explanation:
1. The person in the image is likely participating in falconry. 
   - Falconry is a traditional sport in the Arab world where falcons are trained to hunt birds. The individual is holding a falcon, which is a common tool in falconry. The attire and the falcon's presence strongly suggest that this is falconry.

2. The person in the image is likely participating in horse racing.
   - Horse racing is not a traditional activity in the Arab world, and there is no indication of such in the image. The attire and the falcon are more indicative of falconry, not horse racing.

3. The person in the image is likely participating in archery.
   - Archery is also not a traditional activity in the Arab world. The attire and the falcon are more indicative of falconry, not archery.",true
1eaf6f707c2a7a04d04f4fe3c9495881c2afddf46ab1420bbf3a505f855ed496,1,,false
1eaf6f707c2a7a04d04f4fe3c9495881c2afddf46ab1420bbf3a505f855ed496,2,,false
a648a113187ee3640ff5bbfbca83a14b8f20ac72072cfaf59f7ebdac943d93d1,0,"Answer: 2

Explanation:
1. The most prominent feature of the building in the image is the large dome with gold detailing. This is true because the dome is the most visually striking element in the image, dominating the skyline and drawing the viewer's attention.
2. The most prominent feature of the building in the image is the large dome with gold detailing. This is true because the dome is the most visually striking element in the image, dominating the skyline and drawing the viewer's attention.
3. The most prominent feature of the building in the image is the surrounding trees. This is false because the trees are not the most prominent feature of the building. The building itself, with its large dome and classical architecture, is the most prominent feature.",false
a648a113187ee3640ff5bbfbca83a14b8f20ac72072cfaf59f7ebdac943d93d1,1,,true
a648a113187ee3640ff5bbfbca83a14b8f20ac72072cfaf59f7ebdac943d93d1,2,,false
0b97f0fc2a3326080fff121b55bb7bc492d7e1cd390a0e1173298174b228bb3a,0,"Answer: 1

Explanation:
1. The image depicts a couple dressed in wedding attire, which is a clear indication of a wedding ceremony.
2. The couple is holding hands and appears to be in a tender moment, which is typical of a wedding celebration.
3. The background shows a cityscape with lights, which is not consistent with a business meeting or a casual outing.",true
0b97f0fc2a3326080fff121b55bb7bc492d7e1cd390a0e1173298174b228bb3a,1,,false
0b97f0fc2a3326080fff121b55bb7bc492d7e1cd390a0e1173298174b228bb3a,2,,false
893e4b59b6de29a3a1d50697df4feac821b9a5d8b8de4144071afc327be253cd,0,"Answer: 1

Explanation:
- The traditional wooden sailboat in the image is a traditional vessel used for fishing and trade. This is evident from its design and the fact that it is a traditional wooden sailboat, which is commonly used for these purposes in many coastal regions.
- The primary function of the traditional wooden sailboat is not military operations. Military operations typically involve vehicles, weapons, and personnel, not traditional wooden sailboats.
- The primary function of the traditional wooden sailboat is recreational sports. This is not accurate as traditional wooden sailboats are primarily used for fishing and trade, not for recreational sports.",true
893e4b59b6de29a3a1d50697df4feac821b9a5d8b8de4144071afc327be253cd,1,,false
893e4b59b6de29a3a1d50697df4feac821b9a5d8b8de4144071afc327be253cd,2,,false
6def718e4acfe5057dd09e01c353d37e6487127e677b5f763d0aa8d288c29538,0,"Answer: 3

Explanation:
1. The image shows a decorative candle with a floral design and pearls, which is commonly associated with weddings. The intricate details and the elegant appearance of the candle are typical of wedding decorations.
2. The candle is adorned with a large floral arrangement and pearls, which are often used in wedding ceremonies to symbolize beauty, love, and celebration.
3. The candle is not typically used for birthday celebrations, religious ceremonies, or any other event that requires a more traditional and formal decoration.",false
6def718e4acfe5057dd09e01c353d37e6487127e677b5f763d0aa8d288c29538,1,,false
6def718e4acfe5057dd09e01c353d37e6487127e677b5f763d0aa8d288c29538,2,,true
793f3f7f75193748e50fa4f9b9e540cc4f72da3dc21d89a9e8903aceee23eb00,0,"Answer: 1

Explanation:
Statement 1: The multi-panel wall art with Arabic calligraphy in the living room most strongly reflects Islamic cultural influence. True.
The image shows a set of five panels with Arabic calligraphy, which is a significant element of Islamic art and culture. The calligraphy is prominently displayed, and the overall design and style are consistent with Islamic art, which often incorporates intricate patterns, calligraphy, and geometric designs. Therefore, the wall art strongly reflects Islamic cultural influence.

Statement 2: The blue sofa in the living room most strongly reflects Islamic cultural influence. False.
The blue color of the sofa is not a significant element of Islamic culture. While blue is a common color in Islamic art and architecture, it is not a specific cultural influence. The sofa itself is a modern piece of furniture, and its design and color do not have a strong connection to Islamic culture.

Statement 3: The round wooden coffee tables in the living room most strongly reflect Islamic cultural influence. False.
The round wooden coffee tables are a modern piece of furniture, and their design is not a significant element of Islamic culture. Islamic art and architecture often feature geometric patterns, calligraphy, and other intricate designs, but the coffee tables themselves are",true
793f3f7f75193748e50fa4f9b9e540cc4f72da3dc21d89a9e8903aceee23eb00,1,,false
793f3f7f75193748e50fa4f9b9e540cc4f72da3dc21d89a9e8903aceee23eb00,2,,false
a3ab7378418d3bbc9a8c60e106b3fbf27b5ddb59bee6c0a749b5f774cc0fcca5,0,"Answer: 2

Explanation:
- Statement 1: The gray beard in the image most likely signifies wisdom and experience in the context of religion and spirituality. True.
- Statement 2: The gray beard in the image most likely signifies wisdom and experience in the context of religion and spirituality. True.
- Statement 3: The gray beard in the image most likely signifies a fashion preference in the context of religion and spirituality. False.",false
a3ab7378418d3bbc9a8c60e106b3fbf27b5ddb59bee6c0a749b5f774cc0fcca5,1,,true
a3ab7378418d3bbc9a8c60e106b3fbf27b5ddb59bee6c0a749b5f774cc0fcca5,2,,false
700e485f661d6e5090ffd5eb8d054f3ae7a5cefb9eba5403d691275f9339722c,0,"Answer: 1

Explanation:
- The boats shown in the image are sailboats. True. The image depicts three sailboats with sails fully unfurled, which is characteristic of sailboats. The other two statements are false:
  - Statement 2: The boats shown in the image are rowboats. False. The boats shown are sailboats, not rowboats.
  - Statement 3: The boats shown in the image are motorboats. False. The boats shown are sailboats, not motorboats.",true
700e485f661d6e5090ffd5eb8d054f3ae7a5cefb9eba5403d691275f9339722c,1,,false
700e485f661d6e5090ffd5eb8d054f3ae7a5cefb9eba5403d691275f9339722c,2,,false
b429e3294d4dcfb54b0f2d3a5a9779f2abedc220683344c993dd09afe56b083b,0,"Answer: 2

Explanation:
1. The primary goal when practicing archery is to hit the center of the target. This statement is grounded in the image. The individual is aiming at the center of the target, which is a common practice in archery to ensure accuracy.
2. The primary goal when practicing archery is to shoot arrows as far as possible. This statement is not grounded in the image. The individual is not aiming for the farthest distance possible, but rather focusing on hitting the center of the target.
3. The primary goal when practicing archery is to perform tricks with the bow. This statement is not grounded in the image. The individual is not performing tricks with the bow, but rather focusing on hitting the center of the target.",false
b429e3294d4dcfb54b0f2d3a5a9779f2abedc220683344c993dd09afe56b083b,1,,true
b429e3294d4dcfb54b0f2d3a5a9779f2abedc220683344c993dd09afe56b083b,2,,false
8ed36307aefad04cd04651ac8e77882fbfe012ae3bd54820c937b9f0baf0a514,0,"Answer: 2

Explanation:
1. The image shows a building with peeling paint and bullet holes, which indicates that the building has been exposed to some form of conflict or neglect. This is a strong indicator that the building has not been recently renovated.
2. The presence of peeling paint and bullet holes suggests that the building has been through some form of conflict or neglect, which is a plausible-sounding hallucination.
3. The building does not appear to be newly constructed, as it shows signs of wear and tear, which is another plausible-sounding hallucination.",false
8ed36307aefad04cd04651ac8e77882fbfe012ae3bd54820c937b9f0baf0a514,1,,true
8ed36307aefad04cd04651ac8e77882fbfe012ae3bd54820c937b9f0baf0a514,2,,false
faf9256385913a8852ca3058fb1d998ca8af285ed2a915b1e2aa31fe7ba9a591,0,"Answer: 3

Explanation:
1. The primary function of the area shown in the image is performing ablution before prayer. This is grounded in the image as the individual is seated on a bench with a water fountain nearby, which is a common feature in places of worship for performing ablutions. The presence of the water fountain and the individual's posture suggest that they are engaged in the act of washing their hands or face, which is a typical practice before prayer in many religious traditions.

2. The primary function of the area shown in the image is relaxing and enjoying the outdoors. This is not grounded in the image. The individual is seated on a bench in a paved area, which does not necessarily indicate relaxation or enjoyment of the outdoors. The setting appears to be more formal and structured, possibly a place of worship or a religious site.

3. The primary function of the area shown in the image is conducting religious ceremonies. This is also not grounded in the image. The individual is seated on a bench, which does not necessarily indicate that they are involved in religious ceremonies. The setting appears to be more formal and structured, possibly a place of worship or a religious site.",false
faf9256385913a8852ca3058fb1d998ca8af285ed2a915b1e2aa31fe7ba9a591,1,,false
faf9256385913a8852ca3058fb1d998ca8af285ed2a915b1e2aa31fe7ba9a591,2,,true
00c65ee412817601b3e450f26f088c0eb876f7003825010f1a7c41b3f560f439,0,"Answer: 3

Explanation:
1. The image shows a vehicle with a sign that reads ""N'dhab's Migration Camp,"" indicating that the vehicle is likely used for transporting tourists on wildlife safaris.
2. The vehicle is equipped with large tires and a roof rack, which are typical features for safari vehicles designed to carry passengers and possibly equipment for wildlife encounters.
3. The presence of the sign and the vehicle's design suggest that the primary function of the vehicle is indeed transporting tourists on wildlife safaris.",false
00c65ee412817601b3e450f26f088c0eb876f7003825010f1a7c41b3f560f439,1,,false
00c65ee412817601b3e450f26f088c0eb876f7003825010f1a7c41b3f560f439,2,,true
ff4aa6b830370f47b53b9c955d4c79149497e6e8ff225faa95527f501d73baa3,0,"Answer: 2

Explanation:
1. The athletes are competing on a blue wrestling mat. True. The image clearly shows the athletes on a wrestling mat, which is blue in color.
2. The athletes are competing on a blue wrestling mat. True. The image shows the athletes on a wrestling mat, which is blue in color.
3. The athletes are competing on a grass field. False. The image shows the athletes on a wrestling mat, not a grass field.",false
ff4aa6b830370f47b53b9c955d4c79149497e6e8ff225faa95527f501d73baa3,1,,true
ff4aa6b830370f47b53b9c955d4c79149497e6e8ff225faa95527f501d73baa3,2,,false
170d2edd40b1b1afab8bae70a46f6d926d0be521706b2c51ab3ffd8576226091,0,"Answer: 3

Explanation:
1. The image shows a ruin of ancient architecture, which is characteristic of historical sites rather than modern-day parks or industrial warehouses.
2. The ruins have columns and arches, which are typical of ancient Roman or Greek architecture, not modern constructions.
3. The ruins also have a religious or ceremonial significance, which is consistent with the use of such structures in ancient times for worship or public gatherings.",false
170d2edd40b1b1afab8bae70a46f6d926d0be521706b2c51ab3ffd8576226091,1,,false
170d2edd40b1b1afab8bae70a46f6d926d0be521706b2c51ab3ffd8576226091,2,,true
4437f4253824920510960c5b9a7343a841933d5b79e6f7a86841bb7d9c32d67b,0,"Answer: 1

Explanation:
- Statement 1: The primary function of the ladder on the pier is not to anchor the pier. Instead, it is designed for climbing onto boats. The ladder is typically used to assist in boarding or disembarking from boats, not for anchoring the pier.
- Statement 2: The primary function of the ladder on the pier is not to climb onto boats. It is more likely used for accessing the water for swimming or other activities.
- Statement 3: The primary function of the ladder on the pier is not to access the water for swimming. It is more likely used for climbing onto boats or other activities on the pier.",true
4437f4253824920510960c5b9a7343a841933d5b79e6f7a86841bb7d9c32d67b,1,,false
4437f4253824920510960c5b9a7343a841933d5b79e6f7a86841bb7d9c32d67b,2,,false
8cd93566938e6aacdf58e99b16a3fec7db669c795dfbef9682886cfc0efdc3c3,0,"Answer: 2

Explanation:
- The primary material used to construct the canoe shown in the image is wood. This is evident from the image, which clearly shows the canoe made of wood with a visible grain pattern. The other materials mentioned (plastic, metal) are not visible or discernible in the image.",false
8cd93566938e6aacdf58e99b16a3fec7db669c795dfbef9682886cfc0efdc3c3,1,,true
8cd93566938e6aacdf58e99b16a3fec7db669c795dfbef9682886cfc0efdc3c3,2,,false
a05e955af4d4f801bb40e9182695be9f46ea71f71a1b4bdd16bfaaa72269b695,0,"Answer: 2

Explanation:
1. The background of the image on the left depicts a shopping street. This is grounded because the image shows a street with various signs and storefronts, which are typical of a shopping area.
2. The background of the image on the left depicts a rural area. This is not grounded because the image shows a street with signs and storefronts, which are not typically associated with rural areas.
3. The background of the image on the left depicts a park. This is not grounded because the image shows a street with signs and storefronts, which are not typically associated with a park.",false
a05e955af4d4f801bb40e9182695be9f46ea71f71a1b4bdd16bfaaa72269b695,1,,true
a05e955af4d4f801bb40e9182695be9f46ea71f71a1b4bdd16bfaaa72269b695,2,,false
a4e4b2c332c6c6f1601a79321d4d765ad8db1291566da77c61926073f3e0b0d3,0,"Answer: 1

Explanation:
- The primary material used in the construction of the staircase in the image is stone. This is evident from the image of the staircase being made of stone, which is a common material used in such structures. The other materials mentioned (wood and glass) are not visible or mentioned in the image, making them plausible-sounding hallucinations.",true
a4e4b2c332c6c6f1601a79321d4d765ad8db1291566da77c61926073f3e0b0d3,1,,false
a4e4b2c332c6c6f1601a79321d4d765ad8db1291566da77c61926073f3e0b0d3,2,,false
0a3867d2ce545aa6d8d2547648346365f63ae77fd771a6a06ff6bd44c63e77f8,0,"Answer: 1

Explanation:
- Statement 1: The image shows a coastal landscape with cliffs. The presence of cliffs and the coastal setting are clearly visible in the image. Therefore, this statement is grounded in the image.

- Statement 2: The image shows a coastal landscape with cliffs, but it does not show any mountainous terrain. The image primarily features a coastal area with cliffs, but there are no visible mountains or highland areas. Therefore, this statement is false.

- Statement 3: The image shows a coastal landscape with cliffs, but it does not show any desert with dunes. The image primarily features a coastal area with cliffs, but there are no visible desert or sandy areas. Therefore, this statement is false.",true
0a3867d2ce545aa6d8d2547648346365f63ae77fd771a6a06ff6bd44c63e77f8,1,,false
0a3867d2ce545aa6d8d2547648346365f63ae77fd771a6a06ff6bd44c63e77f8,2,,false
0fd1d1a353d20c58c124ede18c9dbf1b99d84075a6465ba70308276812bf281b,0,"Answer: 1

Explanation:
- Statement 1: Kibbeh is typically made from chickpeas and tahini. True. Kibbeh is a traditional Middle Eastern dish made from ground chickpeas, often mixed with herbs and spices, and served in a flatbread-like pastry. Tahini is a common condiment used to make the paste that coats the kibbeh.
- Statement 2: Tabbouleh is typically made from chickpeas and tahini. False. Tabbouleh is a salad made from finely chopped parsley, mint, and other herbs, often mixed with lemon juice, olive oil, and sometimes other ingredients like olives or feta cheese. Tahini is not typically used in this dish.
- Statement 3: Hummus is typically made from chickpeas and tahini. True. Hummus is a dip made from mashed chickpeas, tahini, lemon juice, garlic, and olive oil. Tahini is a common ingredient in hummus.",true
0fd1d1a353d20c58c124ede18c9dbf1b99d84075a6465ba70308276812bf281b,1,,false
0fd1d1a353d20c58c124ede18c9dbf1b99d84075a6465ba70308276812bf281b,2,,false
604c812cad4549556676691f6c1866e46503b46a20ee22432d0a9942fa29f9c1,0,"Answer: 3

Explanation:
1. The image shows a well-preserved Inca site, which is known for its historical and cultural significance rather than for recreational activities like skiing, scuba diving, or hiking. Therefore, statement 1 is false.
2. The Inca Trail is a famous hiking trail in South America that leads to the ancient Inca city of Machu Picchu. It is not a site for recreational activities like skiing, scuba diving, or hiking. Therefore, statement 2 is false.
3. The Inca Trail is a popular hiking destination for tourists interested in exploring the historical and cultural heritage of the region. Therefore, statement 3 is true.",false
604c812cad4549556676691f6c1866e46503b46a20ee22432d0a9942fa29f9c1,1,,false
604c812cad4549556676691f6c1866e46503b46a20ee22432d0a9942fa29f9c1,2,,true
1a2ead3a3198e5713faa360e4d6643eb46a2f132ba1cbce6b92c01400a08af2a,0,"Answer: 1

Explanation:
1. The image shows a group of people on horseback, which is a common sight at horse racing events. The riders are dressed in traditional attire and are participating in a coordinated activity, which is typical of horse racing competitions.
2. The presence of a crowd and the dust being kicked up by the horses suggest that this is a competitive event, likely a horse racing competition.
3. The attire of the riders, including the elaborate costumes and the presence of flags, is consistent with traditional cultural ceremonies, which often involve horseback riding and ceremonial dress.",true
1a2ead3a3198e5713faa360e4d6643eb46a2f132ba1cbce6b92c01400a08af2a,1,,false
1a2ead3a3198e5713faa360e4d6643eb46a2f132ba1cbce6b92c01400a08af2a,2,,false
950361ed73a83cea3f35285ef749fcb0d431657cbe02ff432608c463b3d80053,0,"Answer: 1

Explanation:
- The image shows a person in a kayak, paddling on a body of water.
- The kayak is clearly visible and is the mode of transportation in the image.
- The other two statements are not grounded in the image:
  - Statement 2: The paddleboard is not visible in the image.
  - Statement 3: The motorboat is not visible in the image.",true
950361ed73a83cea3f35285ef749fcb0d431657cbe02ff432608c463b3d80053,1,,false
950361ed73a83cea3f35285ef749fcb0d431657cbe02ff432608c463b3d80053,2,,false
94b6eca84a1617f55a29d8d2d48200964daa431dad9da10711ff6048a7dccf69,0,Answer: 1,true
94b6eca84a1617f55a29d8d2d48200964daa431dad9da10711ff6048a7dccf69,1,,false
94b6eca84a1617f55a29d8d2d48200964daa431dad9da10711ff6048a7dccf69,2,,false
a92f6043df7ce3a483cd009631d78990225a02fd72180bb3b4c8d0ef41f37aa7,0,"Answer: 3

Explanation:
1. The image depicts a setting that appears to be indoors, as evidenced by the stone walls and the presence of a chandelier, which are typically found in indoor spaces.
2. The individuals are seated on a table with various items such as a lamp, a tray, and what appears to be a bottle, which are more commonly associated with an indoor setting rather than an outdoor picnic area.
3. The rustic and traditional elements, such as the stone walls and the traditional attire of the individuals, suggest a setting that is not modern or outdoor. Therefore, the setting is most likely a rustic traditional space.",false
a92f6043df7ce3a483cd009631d78990225a02fd72180bb3b4c8d0ef41f37aa7,1,,false
a92f6043df7ce3a483cd009631d78990225a02fd72180bb3b4c8d0ef41f37aa7,2,,true
33500f73161cb94909b8d063578b829de116768d8e6c6d35306545e8db450ecf,0,"Answer: 2

Explanation:
1. The image depicts afternoon. True: The image shows a clear sky and the sun is low on the horizon, indicating it is either early morning or late afternoon. The presence of shadows and the warm, golden light suggest it is not midday.
2. The image depicts sunset. True: The sky is clear with a gradient of colors from blue to orange, which is characteristic of a sunset. The sun is low on the horizon, casting long shadows and creating a warm, golden light.
3. The image depicts morning. False: The image does not show the sun rising or the sky being clear and blue. The sky is still clear and the sun is low on the horizon, indicating it is either early morning or late afternoon.",false
33500f73161cb94909b8d063578b829de116768d8e6c6d35306545e8db450ecf,1,,true
33500f73161cb94909b8d063578b829de116768d8e6c6d35306545e8db450ecf,2,,false
fb58606c85e2c63b4fa730df147c43964ee8d23509a5b683ccc29dbc8e4014b0,0,"Answer: 3

Explanation:
1. The woman in the image is most likely dressed for a wedding ceremony. True. The image shows a woman wearing an elaborate, long-sleeved wedding gown with intricate lace detailing, which is typical attire for a bride on her wedding day.
2. The woman in the image is most likely dressed for a wedding ceremony. True. The gown is a traditional bridal dress, and the setting appears to be a wedding venue.
3. The woman in the image is most likely dressed for a wedding ceremony. True. The gown is a traditional bridal dress, and the setting appears to be a wedding venue.",false
fb58606c85e2c63b4fa730df147c43964ee8d23509a5b683ccc29dbc8e4014b0,1,,false
fb58606c85e2c63b4fa730df147c43964ee8d23509a5b683ccc29dbc8e4014b0,2,,true
8138571c4d05ec1c15e0fce658f60d61a4308b2d8a9420c8b86eb67e35a70da2,0,"Answer: 1

Explanation:
- The image shows a sunset, as evidenced by the warm colors in the sky and the reflection on the terminal's glass facade.
- The airport terminal is illuminated, which is typical for a sunset, as artificial lights are often used to enhance the visual appeal of the scene.
- The statement ""The image of the airport terminal depicts morning"" is false. The image shows a sunset, not a morning.",true
8138571c4d05ec1c15e0fce658f60d61a4308b2d8a9420c8b86eb67e35a70da2,1,,false
8138571c4d05ec1c15e0fce658f60d61a4308b2d8a9420c8b86eb67e35a70da2,2,,false
30f34d6c9a22ae43a1177ebca16c784abf2eb034e6b3553492d59924fea0a403,0,"Answer: 1

Explanation:
1. The image shows an ambulance with emergency lights activated, which is a clear indication that it is providing emergency medical assistance.
2. The presence of the ambulance with emergency lights activated suggests that it is transporting a patient to a nearby hospital or clinic for treatment.
3. The image does not show any indication that the ambulance is delivering goods to a local store.",true
30f34d6c9a22ae43a1177ebca16c784abf2eb034e6b3553492d59924fea0a403,1,,false
30f34d6c9a22ae43a1177ebca16c784abf2eb034e6b3553492d59924fea0a403,2,,false
efb0c18fb0200bc56027fe36316c2b6bea772605e8f47d213bffbb9eb50f162b,0,"Answer: 2

Explanation:
1. The image shows a menu board outside 'Comptoir Libanais'. The board displays various food items and beverages, including ""afternoon tea"", ""fresh juices"", ""fresh lemonade"", ""mint tea"", ""beers & wines"", and ""tagine"". These items are typically associated with a relaxed, leisurely atmosphere, which is often associated with a ""Daily Happy Hour"" promotion.
2. The menu board does not specifically mention a ""Christmas Feast"". Christmas is a holiday in the Western calendar, and the menu items shown are more typical of a casual, everyday dining experience rather than a festive one.
3. The menu board does not specifically mention ""Weekend Brunch Specials"". Brunch is typically associated with a more formal dining experience, and the items shown are more typical of a casual, everyday dining experience rather than a special brunch event.",false
efb0c18fb0200bc56027fe36316c2b6bea772605e8f47d213bffbb9eb50f162b,1,,true
efb0c18fb0200bc56027fe36316c2b6bea772605e8f47d213bffbb9eb50f162b,2,,false
1f5719518b163e8178ef96543b59613078fca726dcca78194b766804b9538697,0,"Answer: 2

Explanation:
1. The image shows a gathering of people, which is common in many cultures for various reasons such as celebrations, religious ceremonies, or political events.
2. The presence of individuals holding up pictures of a man in a suit suggests that the gathering might be related to a political event or protest, as people often display pictures of political figures during such gatherings.
3. The other two statements are not grounded in the image. There is no indication of a cultural festival, political protest, or religious ceremony. The people in the image are simply holding up pictures of a man in a suit, which does not necessarily indicate a specific type of gathering.",false
1f5719518b163e8178ef96543b59613078fca726dcca78194b766804b9538697,1,,true
1f5719518b163e8178ef96543b59613078fca726dcca78194b766804b9538697,2,,false
27bbc3dd8a10789d314af80ee09e32dfe121a52f8bad09ec56bd3ec29d6e4d9b,0,"Answer: False

Explanation:
1. The primary color scheme used in the macrame keychains displayed in the image is red and white. This statement is grounded in the image as the keychains are clearly made of red and white threads, and the text ""LEBANON PIONEERS"" is written in red and white letters.
2. The primary color scheme used in the macrame keychains displayed in the image is blue and yellow. This statement is false because there is no mention of blue or yellow in the image. The image shows keychains made of red and white threads, and the text ""LEBANON PIONEERS"" is written in red and white letters. ||| False. The primary color scheme used in the macrame keychains displayed in the image is red and white. ||| False. The primary color scheme used in the macrame keychains displayed in the image is red and white. ||| True.",false
27bbc3dd8a10789d314af80ee09e32dfe121a52f8bad09ec56bd3ec29d6e4d9b,1,,false
27bbc3dd8a10789d314af80ee09e32dfe121a52f8bad09ec56bd3ec29d6e4d9b,2,,true
b1056cb9f2103a137434e744f73fc09406f3891f4c224bea2207d9807fc5c7ae,0,"Answer: 1

Explanation:
- Statement 1: A refrigerator is not visible in this kitchen. True. The kitchen features a built-in refrigerator, which is not visible in the image.
- Statement 2: Decorative jars are not visible in this kitchen. False. There are decorative jars visible on the countertop.
- Statement 3: A large plant is not visible in this kitchen. True. There is no large plant visible in the image.",true
b1056cb9f2103a137434e744f73fc09406f3891f4c224bea2207d9807fc5c7ae,1,,false
b1056cb9f2103a137434e744f73fc09406f3891f4c224bea2207d9807fc5c7ae,2,,false
15480351e96c1bb437eff9f2d52b2795e78c0a5563d058d2b60b5142ee35818c,0,"Answer: 1

Explanation:
- The orange structures in the background are likely public transport shelters. True. The image shows orange structures that are commonly used for public transport shelters, which are designed to protect passengers from the elements and provide a place to wait for public transportation. The color and shape are typical of such shelters.

- The orange structures in the background are likely sports bench covers. False. The image shows orange structures that are not typically associated with sports. Sports benches are usually made of wood or metal and are designed for sports activities, not for public transport or shelter.",true
15480351e96c1bb437eff9f2d52b2795e78c0a5563d058d2b60b5142ee35818c,1,,false
15480351e96c1bb437eff9f2d52b2795e78c0a5563d058d2b60b5142ee35818c,2,,false
791445be6aa8f7aca569a86ecbb42b9f02ccf251fa2962098606806d18c9a311,0,"Answer: 3

Explanation:
1. The image depicts a desert landscape with sand dunes and an oasis. The presence of sand dunes and an oasis is a clear indication of a desert environment. The oasis, with its water source, is a typical feature of desert regions.
2. The image shows a mountainous region with a large, flat-topped hill. This is characteristic of a desert landscape, as mountains are often found in desert regions. The flat-topped hill is a common feature in desert terrain.
3. The image does not show a dense rainforest, flowing river, or snow-covered peaks. These features are not present in the desert landscape depicted in the image.",false
791445be6aa8f7aca569a86ecbb42b9f02ccf251fa2962098606806d18c9a311,1,,false
791445be6aa8f7aca569a86ecbb42b9f02ccf251fa2962098606806d18c9a311,2,,true
f3104096bc233080dff536e2fa7d4344fb5c88bae3ed8f46547b80a25fba81dc,0,"Answer: 1

Explanation:
- The image shows an IV cannula, which is a medical device used to deliver medication or fluids directly into a patient's bloodstream. This is a common practice in medical settings, especially in areas where access to medical facilities may be limited.
- The IV cannula is not used to measure blood sugar levels, administer fluids or medication, or check oxygen levels. These are typically done through other methods such as blood glucose monitors, infusion pumps, or oxygen saturation monitors.",true
f3104096bc233080dff536e2fa7d4344fb5c88bae3ed8f46547b80a25fba81dc,1,,false
f3104096bc233080dff536e2fa7d4344fb5c88bae3ed8f46547b80a25fba81dc,2,,false
0da6303d394b72be0cfbecf9627514ed600c23d69b56f943f2cf62ca9922ffab,0,"Answer: 3

Explanation:
1. The door is an old, rustic wooden door with visible wear and tear, suggesting it is part of a historical or traditional building.
2. The door is not in a museum; it is likely part of a historical structure, as it appears to be aged and weathered.
3. The door does not serve as an entrance to a modern apartment; it is more likely part of a historical or traditional building.",false
0da6303d394b72be0cfbecf9627514ed600c23d69b56f943f2cf62ca9922ffab,1,,false
0da6303d394b72be0cfbecf9627514ed600c23d69b56f943f2cf62ca9922ffab,2,,true
a7afc21caa2943a7d5594ba43b1996a8605fe69813cc6fd7061d62345fd42c05,0,"Answer: 1

Explanation:
- The image shows a large number of people packed tightly onto a small boat, which is clearly an overcrowded migrant boat. This is evident from the image of the boat being packed to capacity with numerous individuals.

- The boat is not a commercial cruise ship, as it is too small and crowded to accommodate the passengers comfortably on a cruise ship. Cruise ships typically have larger decks and more space for passengers.

- The boat is not a fishing vessel, as it is not designed for fishing activities. Fishing vessels are usually larger and have different structures and equipment for fishing purposes.",true
a7afc21caa2943a7d5594ba43b1996a8605fe69813cc6fd7061d62345fd42c05,1,,false
a7afc21caa2943a7d5594ba43b1996a8605fe69813cc6fd7061d62345fd42c05,2,,false
fae4f22c3b9a6aa66a62de5082d4830495bba8fff93e607dcedb959baa2787de,0,"Answer: 1

Explanation:
- Statement 1: The image shows a metallic tripod floor lamp, which is indeed prominently featured in the living room. The lamp has a distinctive metallic finish and is positioned in a way that makes it a focal point of the room. Therefore, this statement is grounded in the image.

- Statement 2: The image does not show a large bookshelf filled with books. There is no bookshelf visible in the image. Therefore, this statement is false.

- Statement 3: The image does not show a fireplace. There is no fireplace visible in the image. Therefore, this statement is false.",true
fae4f22c3b9a6aa66a62de5082d4830495bba8fff93e607dcedb959baa2787de,1,,false
fae4f22c3b9a6aa66a62de5082d4830495bba8fff93e607dcedb959baa2787de,2,,false
b1c3a043524b90fe989716a21903c1c8f9600a90c47e3615e82da03c997bd630,0,"Answer: 3

Explanation:
1. The image shows a person standing on a sand dune with their arms raised in a triumphant or celebratory gesture. This is a clear indication of a sand dune hiking activity.
2. The person is wearing casual clothing and is in a natural setting, which is typical for a sand dune hiking activity.
3. The image does not show any animals or any indication of wildlife photography. The focus is on the person and the sand dune, which is not related to wildlife photography.",false
b1c3a043524b90fe989716a21903c1c8f9600a90c47e3615e82da03c997bd630,1,,false
b1c3a043524b90fe989716a21903c1c8f9600a90c47e3615e82da03c997bd630,2,,true
3e5714ee655519296aafa61e2273055a10b987d41ae6042f84d9dbc4cc7eb063,0,"Answer: 3

Explanation:
1. The stone slab is an ancient artifact, likely from the ancient Near East, such as Mesopotamia or Egypt. The script and style suggest it could be from a civilization like Mesopotamia, where such inscriptions were common.
2. The inscription is not typical of modern architecture, as it lacks the uniformity and clarity that modern stone slabs are designed to achieve. The script is more irregular and less polished, which is more characteristic of ancient artifacts.
3. The inscription is not a gravestone from the medieval period either. Gravestones from the medieval period often have more elaborate and standardized inscriptions, which are not visible in this image.",false
3e5714ee655519296aafa61e2273055a10b987d41ae6042f84d9dbc4cc7eb063,1,,false
3e5714ee655519296aafa61e2273055a10b987d41ae6042f84d9dbc4cc7eb063,2,,true
11caad0015d98e39fdc4b051037a088e1915baa01418fa6c5d4a5f07cb28cb5a,0,"Answer: 2

Explanation:
1. The foreground in the image is covered in vegetation. This statement is grounded because the image shows a clear view of the ground, which is covered in grass and other plants. The vegetation is clearly visible and covers the ground in the foreground.
2. The foreground in the image has debris and trash scattered. This statement is grounded because there are visible pieces of trash and debris scattered on the ground in the foreground. The image shows a clear presence of litter and debris, which is consistent with the statement.
3. The foreground in the image is clean and well-maintained. This statement is false because the image shows a clear view of the ground, which is covered in vegetation and litter, indicating that the ground is not clean and well-maintained.",false
11caad0015d98e39fdc4b051037a088e1915baa01418fa6c5d4a5f07cb28cb5a,1,,true
11caad0015d98e39fdc4b051037a088e1915baa01418fa6c5d4a5f07cb28cb5a,2,,false
6f4aa69c1fb10f8c8d76e8ae814dc1acbb9427d0e89986ab6d206c4b6e749913,0,"Answer: 2

Explanation:
1. The primary purpose of the flags being waved in the image is not to advertise a product. The flags are not commercial products; they are national symbols.
2. The primary purpose of the flags being waved in the image is to represent different nations or political movements. The flags are clearly national symbols, and the people in the image are waving them, indicating a sense of unity or solidarity among the people.
3. The primary purpose of the flags being waved in the image is not to signal a sports event. The flags are not related to sports; they are national symbols.",false
6f4aa69c1fb10f8c8d76e8ae814dc1acbb9427d0e89986ab6d206c4b6e749913,1,,true
6f4aa69c1fb10f8c8d76e8ae814dc1acbb9427d0e89986ab6d206c4b6e749913,2,,false
8bbc2c84190f9d029ceae9e72bbdbe0a7ba61d3cf934145e3c81b5c13d7fd32e,0,"Answer: 3

Explanation:
1. The material shown in the image is likely to be used for carpet flooring. True: The image shows a textured surface that resembles a carpet, characterized by its woven pattern and the presence of small, uniformly shaped pieces. This is consistent with the appearance of carpet fibers.
2. The material shown in the image is likely to be used for wall painting. False: The image does not show any paint or any material typically used for wall painting. The pattern is more indicative of a carpet or a textile material rather than a paint surface.
3. The material shown in the image is likely to be used for glassware production. False: The image does not show any glassware or any material that would be used for glass production. The pattern is more consistent with a carpet or textile material.",false
8bbc2c84190f9d029ceae9e72bbdbe0a7ba61d3cf934145e3c81b5c13d7fd32e,1,,false
8bbc2c84190f9d029ceae9e72bbdbe0a7ba61d3cf934145e3c81b5c13d7fd32e,2,,true
0e0fae945bca83f7b7e4c0a3d498c14ea64ffac50fc5f83caaa34e1424f6903e,0,"Answer: 3

Explanation:
1. The architectural style represented in this building is Portuguese traditional. True. The building features blue and white tiles with intricate designs, which are characteristic of Portuguese architecture, particularly in the Algarve region of Portugal. The design elements, such as the tiled roofs and the decorative mosaics, are typical of Portuguese traditional architecture.
2. The architectural style represented in this building is Gothic revival. False. The building does not exhibit the Gothic revival style, which is characterized by pointed arches, ribbed vaults, and flying buttresses. The building has a more simplified and modern design with clean lines and a focus on functionality rather than ornate details.
3. The architectural style represented in this building is Modern minimalist. False. The building does not exhibit the Modern minimalist style, which is characterized by simplicity, clean lines, and a focus on form and function. The building has a more traditional and ornate design with decorative elements that are not typical of Modern minimalist architecture.",false
0e0fae945bca83f7b7e4c0a3d498c14ea64ffac50fc5f83caaa34e1424f6903e,1,,false
0e0fae945bca83f7b7e4c0a3d498c14ea64ffac50fc5f83caaa34e1424f6903e,2,,true
45bb618fd386f324c45d8e519aedc7bdf968c638fb4546e3cfef4c2be6d53847,0,"Answer: 1

Explanation:
- The vase is made of ceramic. True. The image clearly shows a vase with a distinctive pattern and texture, which are characteristic of ceramic materials. Ceramic is a common material used for vases due to its durability and aesthetic appeal.",true
45bb618fd386f324c45d8e519aedc7bdf968c638fb4546e3cfef4c2be6d53847,1,,false
45bb618fd386f324c45d8e519aedc7bdf968c638fb4546e3cfef4c2be6d53847,2,,false
dd220a6002b9e99da758475fde212490a74a6ddd0bf49b0fc23edc21c5c16e36,0,"Answer: 2

Explanation:
1. The primary function of the industrial port infrastructure visible in the background is cargo handling and storage. This is grounded in the image as there are large cranes and containers visible, which are typical for cargo handling and storage operations.
2. The primary function of the industrial port infrastructure visible in the background is recreational boating. This is not grounded in the image. There are no visible recreational boating activities or facilities in the image.
3. The primary function of the industrial port infrastructure visible in the background is fishing activities. This is also not grounded in the image. There are no visible fishing activities or facilities in the image.",false
dd220a6002b9e99da758475fde212490a74a6ddd0bf49b0fc23edc21c5c16e36,1,,true
dd220a6002b9e99da758475fde212490a74a6ddd0bf49b0fc23edc21c5c16e36,2,,false
08d0f01d274f8422e030d1f9e6e86eed458e74b6836b46b8a12fd6f9dc3e1637,0,"Answer: 2

Explanation:
1. The primary purpose of the fabric in this dance performance is not to provide warmth. The fabric appears to be flowing and vibrant, which is more likely to be used for visual effects and aesthetics rather than for warmth.
2. The primary purpose of the fabric in this dance performance is to enhance the visual dynamics of the dance. The fabric's movement and color contribute significantly to the visual impact of the performance, making it a crucial element in the overall aesthetic of the dance.
3. The primary purpose of the fabric in this dance performance is not to serve as a stage backdrop. The fabric is not large enough to cover the entire stage and is not designed to be a backdrop, which is typically the case with stage curtains or drapes.",false
08d0f01d274f8422e030d1f9e6e86eed458e74b6836b46b8a12fd6f9dc3e1637,1,,true
08d0f01d274f8422e030d1f9e6e86eed458e74b6836b46b8a12fd6f9dc3e1637,2,,false
98f0157e8abf8f4d4370c31e65bb3709ce0fe5d89c44f908bbffc4685c809b1d,0,"Answer: 1

Explanation:
- Statement 1: The dish in the image is not a savory casserole. It is a dish of mixed grains and nuts, which is more characteristic of a traditional Middle Eastern or North African breakfast or brunch. Savory casseroles are typically made with meat or vegetables and are not commonly associated with grains and nuts.
- Statement 2: The dish in the image is not a layered dessert with nuts. It is a dish of mixed grains and nuts, which is more characteristic of a traditional Middle Eastern or North African breakfast or brunch. Layered desserts with nuts are not commonly associated with grains and nuts.
- Statement 3: The dish in the image is not a fruit salad. It is a dish of mixed grains and nuts, which is more characteristic of a traditional Middle Eastern or North African breakfast or brunch. Fruit salads are typically made with fruits and are not commonly associated with grains and nuts.

Thus, the correct answer is 1.",true
98f0157e8abf8f4d4370c31e65bb3709ce0fe5d89c44f908bbffc4685c809b1d,1,,false
98f0157e8abf8f4d4370c31e65bb3709ce0fe5d89c44f908bbffc4685c809b1d,2,,false
b84a15b378b5808748d29a781caf840d4d9aa1ccfa87f9e8d3815e89501d90cb,0,"Answer: 3

Explanation:
1. The image depicts a desert landscape, characterized by sand dunes and a clear sky. This is a typical desert environment, not a tropical rainforest, snowy mountain range, or any other environment.
2. The sand dunes and the clear sky are indicative of a desert, which is a dry, arid region with little precipitation. This is not characteristic of a tropical rainforest, snowy mountain range, or any other environment.
3. The image clearly shows a desert landscape, which is a dry, sandy environment with minimal vegetation. This is not a tropical rainforest, snowy mountain range, or any other environment.",false
b84a15b378b5808748d29a781caf840d4d9aa1ccfa87f9e8d3815e89501d90cb,1,,false
b84a15b378b5808748d29a781caf840d4d9aa1ccfa87f9e8d3815e89501d90cb,2,,true
a730fb90732129d3dabb4d1d26ea4dc9d9f9daf570e359b145656548998d5430,0,"Answer: 1

Explanation:
- The image shows a waterfront scene with various boats and yachts in the water. The sailboats are clearly visible, as they are the most prominent objects in the water. The motorboats and fishing boats are not visible in the image. Therefore, Statement 2 and Statement 3 are false.",true
a730fb90732129d3dabb4d1d26ea4dc9d9f9daf570e359b145656548998d5430,1,,false
a730fb90732129d3dabb4d1d26ea4dc9d9f9daf570e359b145656548998d5430,2,,false
419177719d5b94b5ae78f33505d325f9010845d9f151bdfdee4905670e6701f3,0,"Answer: 1

Explanation:
1. The person in the image is likely to be an airport security officer based on their uniform. True. The uniform includes a cap with a badge and a name tag, which are common features of airport security officers. Additionally, the presence of a name tag is a strong indicator of a security role.
2. The person in the image is likely to be a flight attendant based on their uniform. False. The uniform does not include a name tag or a badge that would suggest a flight attendant role. Flight attendants typically wear a different uniform with a name tag and a badge that identifies their role.
3. The person in the image is likely to be a pilot based on their uniform. False. The uniform does not include a name tag or a badge that would suggest a pilot role. Pilots typically wear a different uniform with a name tag and a badge that identifies their role.",true
419177719d5b94b5ae78f33505d325f9010845d9f151bdfdee4905670e6701f3,1,,false
419177719d5b94b5ae78f33505d325f9010845d9f151bdfdee4905670e6701f3,2,,false
17c4f1010bed9013958742b66e1e3d4ce9a9397e19b808a33a3c214b65260bd3,0,"Answer: 1

Explanation:
- Statement 1: The flat cap features multiple shades of brown, beige, and black in its color scheme. True. The image clearly shows a flat cap with a combination of these colors.
- Statement 2: The flat cap has a solid black color scheme. False. The image shows a flat cap with a combination of brown, beige, and black, not solid black.
- Statement 3: The flat cap is designed with bright neon colors. False. The image shows a flat cap with a combination of brown, beige, and black, not bright neon colors.",true
17c4f1010bed9013958742b66e1e3d4ce9a9397e19b808a33a3c214b65260bd3,1,,false
17c4f1010bed9013958742b66e1e3d4ce9a9397e19b808a33a3c214b65260bd3,2,,false
f99958bee6cf40d10084a53cd982cc1455065bad8467375b486f0205f9dae166,0,"Answer: 1

Explanation:
Statement 1: The 'S C' inscription on the reverse side of the coin stands for 'Senatus Consulto (by decree of the Senate)'.
- This statement is grounded in the image. The reverse side of the coin clearly shows the inscription ""S C"" with the phrase ""Senatus Consulto (by decree of the Senate)"" beneath it. This indicates that the coin was issued by the Senate and was used to pay taxes or other official duties.

Statement 2: The 'S C' inscription on the reverse side of the coin stands for 'Symbol of Caesar'.
- This statement is not grounded in the image. The reverse side of the coin does not depict any figure or symbol associated with Caesar. The inscription ""S C"" is more likely to be related to the Senate or a specific coinage issue rather than a symbol of Caesar.

Statement 3: The 'S C' inscription on the reverse side of the coin stands for 'Sacred Coinage'.
- This statement is not grounded in the image. The reverse side of the coin does not depict any figure or symbol that would suggest it is a sacred or religious coinage. The inscription ""S C"" is more likely to be related to the",true
f99958bee6cf40d10084a53cd982cc1455065bad8467375b486f0205f9dae166,1,,false
f99958bee6cf40d10084a53cd982cc1455065bad8467375b486f0205f9dae166,2,,false
08e7c81a8c393040df8b22d6ecd9e8b5246ea1ccf57d3a5fe681fe694e1573f9,0,"Answer: 2

Explanation:
1. The image shows a ring with gemstones that are primarily green. This is evident from the color of the gemstones visible in the image.
2. The other statements are not grounded in the image. Statement 1 is false because the primary color of the gemstones is green, not red. Statement 3 is false because the primary color of the gemstones is green, not blue.",false
08e7c81a8c393040df8b22d6ecd9e8b5246ea1ccf57d3a5fe681fe694e1573f9,1,,true
08e7c81a8c393040df8b22d6ecd9e8b5246ea1ccf57d3a5fe681fe694e1573f9,2,,false
18e56eedd394321586cffca1a0cf27f7c1528f45fc16ebf89b1e576eec10476a,0,"Answer: 3

Explanation:
1. The primary color of the abaya the woman is wearing in the image is black. This statement is grounded in the image as the abaya is described as being black. The other colors mentioned (purple and white) are not present in the image.
2. The primary color of the abaya the woman is wearing in the image is black. This statement is also grounded in the image as the abaya is described as being black. The other colors mentioned (purple and white) are not present in the image.
3. The primary color of the abaya the woman is wearing in the image is black. This statement is grounded in the image as the abaya is described as being black. The other colors mentioned (purple and white) are not present in the image.",false
18e56eedd394321586cffca1a0cf27f7c1528f45fc16ebf89b1e576eec10476a,1,,false
18e56eedd394321586cffca1a0cf27f7c1528f45fc16ebf89b1e576eec10476a,2,,true
cfe73f670234f873e3059c8b31ab2e61172534b8856076acf94a37b1291ede7b,0,"Answer: 1

Explanation:
- The image shows a coastal shoreline with a beach, rocky coastline, and waves crashing onto the shore. This clearly indicates a coastal shoreline.
- The image does not show any desert landscape, nor does it show any mountainous terrain. The presence of buildings and a beach suggests a coastal area, not a desert or mountainous region.",true
cfe73f670234f873e3059c8b31ab2e61172534b8856076acf94a37b1291ede7b,1,,false
cfe73f670234f873e3059c8b31ab2e61172534b8856076acf94a37b1291ede7b,2,,false
9a8f94060d50ef8e0092b4ab986e765d60cdc7933934a593426fce31115cb322,0,"Answer: 3

Explanation:
1. The image shows dates with shiny and smooth golden-brown skin. This is a factual observation as fresh dates typically have a shiny and smooth texture due to their moisture content and the natural oils on their skin.
2. The image does not show dates with dry and wrinkled skin. This is a false statement as fresh dates have a moist and soft texture, not dry and wrinkled.
3. The image shows dates with a dark and sticky texture. This is a true statement as fresh dates have a sticky and slightly sticky texture due to their natural sugars and juices.",false
9a8f94060d50ef8e0092b4ab986e765d60cdc7933934a593426fce31115cb322,1,,false
9a8f94060d50ef8e0092b4ab986e765d60cdc7933934a593426fce31115cb322,2,,true
7463ffe77168a2e0cae143d5ac06033d7645725d39955e3d7ce7192619b8abc5,0,"Answer: 3

Explanation:
1. The mannequin is wearing patterned fabric. The image shows a mannequin with a red and black patterned fabric around its waist. This is a clear indication that the mannequin is wearing patterned fabric.
2. The mannequin is not wearing silk with embroidery. The image shows a necklace with a metallic finish and embellishments, which is not typically associated with silk. Therefore, this statement is false.
3. The mannequin is not wearing plain cotton fabric. The image shows a mannequin with a red and black patterned fabric around its waist, which is not cotton. Therefore, this statement is false.",false
7463ffe77168a2e0cae143d5ac06033d7645725d39955e3d7ce7192619b8abc5,1,,false
7463ffe77168a2e0cae143d5ac06033d7645725d39955e3d7ce7192619b8abc5,2,,true
cb78c0a787b9664f4bf6e4f8c7d6c16eb7a3f80880bf21425f1c49f5a389a9ae,0,"Answer: 3

Explanation:
1. The image shows a street scene with various items on display, such as fresh produce, vegetables, and possibly other goods. This indicates that people are shopping for fresh produce.
2. The presence of a person standing behind a stall with a variety of vegetables and fruits suggests that they are selling these items, which is consistent with the idea of people shopping for fresh produce.
3. The image does not show any street performance or car repair workshop, so these statements are not grounded in the image.",false
cb78c0a787b9664f4bf6e4f8c7d6c16eb7a3f80880bf21425f1c49f5a389a9ae,1,,false
cb78c0a787b9664f4bf6e4f8c7d6c16eb7a3f80880bf21425f1c49f5a389a9ae,2,,true
d13611f7d1093aa1acb3be1007547c84f89438952c287c3d8f36f27db26462c3,0,"Answer: 1

Explanation:
- The dish shown in the image is most likely associated with Mediterranean cuisine. True. The ingredients such as olives, tomatoes, and feta cheese are commonly found in Mediterranean dishes. The use of couscous and the overall presentation also align with Mediterranean cuisine.",true
d13611f7d1093aa1acb3be1007547c84f89438952c287c3d8f36f27db26462c3,1,,false
d13611f7d1093aa1acb3be1007547c84f89438952c287c3d8f36f27db26462c3,2,,false
2f257c7f16f5c35f8a332d153efc6f6561161862f28b84f05f3935c627728e06,0,Answer: 1,true
2f257c7f16f5c35f8a332d153efc6f6561161862f28b84f05f3935c627728e06,1,,false
2f257c7f16f5c35f8a332d153efc6f6561161862f28b84f05f3935c627728e06,2,,false
5c98048da7e0c2071b2f7db3855de5d584e8558fe26c2a48d7dbfcebeb74cbd3,0,"Answer: 3

Explanation:
1. The man is wearing a formal black suit for a special occasion. This statement is grounded in the image. The man is dressed in a black suit, which is typically associated with formal events or occasions.
2. The man is wearing a formal black suit for a special occasion. This statement is grounded in the image. The man is indeed wearing a formal black suit, which is consistent with the description provided.
3. The man is wearing a casual outfit for a day out. This statement is not grounded in the image. The man is wearing a formal black suit, which is not a casual outfit. Therefore, this statement is a hallucination.",false
5c98048da7e0c2071b2f7db3855de5d584e8558fe26c2a48d7dbfcebeb74cbd3,1,,false
5c98048da7e0c2071b2f7db3855de5d584e8558fe26c2a48d7dbfcebeb74cbd3,2,,true
ca5fb37c5869f96e95b177618c8ea7bb87afe19aef101d7575fdef9f2518b299,0,"Answer: 1

Explanation:
- The image depicts a narrow canyon with a suspension bridge, which is characteristic of the Todgha Gorge in Morocco.
- The landscape, including the red rock formations and the arid environment, is consistent with the geographical features of the Todgha Gorge.
- The presence of a suspension bridge and the style of the bridge are not typical of the Grand Canyon in the USA or Antelope Canyon in the USA.",true
ca5fb37c5869f96e95b177618c8ea7bb87afe19aef101d7575fdef9f2518b299,1,,false
ca5fb37c5869f96e95b177618c8ea7bb87afe19aef101d7575fdef9f2518b299,2,,false
e56b5e26ce0b5f446db2958a76ab87e6d9f2dd7286e6628dd5d0a79c8c640453,0,"Answer: 1

Explanation:
- The image shows a traditional Moroccan hammam (bathhouse) with ornate decorations and a sign in Arabic. The architecture and design elements are characteristic of Moroccan architecture, which includes elements like arches, intricate tile work, and a distinct color palette.
- The statement ""Hammam Ziani is a traditional Moroccan bathhouse"" is grounded because the image clearly depicts a hammam with traditional Moroccan features.
- The statement ""Hammam Ziani is a modern spa"" is false because the image shows a hammam, not a modern spa. Modern spas typically have different architectural styles and design elements.
- The statement ""Hammam Ziani is a cultural museum"" is false because the image shows a hammam, not a museum. Cultural museums typically display artifacts and historical items, not a traditional bathhouse.",true
e56b5e26ce0b5f446db2958a76ab87e6d9f2dd7286e6628dd5d0a79c8c640453,1,,false
e56b5e26ce0b5f446db2958a76ab87e6d9f2dd7286e6628dd5d0a79c8c640453,2,,false
ba929d53b538c3a0ac2d57ee6da15762288ecb64948e22cb481af1a559eaae31,0,"Answer: 1

Explanation:
- The primary function of a mosque minaret is to call worshippers to prayer. This is true. The minaret is designed to be a tall structure that can be seen from a distance, allowing the muezzin to call the faithful to prayer.
- The primary function of a mosque minaret is to house prayer rooms. This is false. While some minarets may have prayer rooms attached, the primary function is to call the faithful to prayer, not to house prayer rooms.
- The primary function of a mosque minaret is to serve as a decorative structure. This is false. The minaret is primarily a religious structure, designed for the purpose of calling people to prayer.",true
ba929d53b538c3a0ac2d57ee6da15762288ecb64948e22cb481af1a559eaae31,1,,false
ba929d53b538c3a0ac2d57ee6da15762288ecb64948e22cb481af1a559eaae31,2,,false
452b46e54415e4a4525bcadcfc1d7590887f189ec9f8cd636a86c87bde2208d1,0,"Answer: 1

Explanation:
- The structure in the image is not Alhambra. The Alhambra is a palace and fortress complex in Granada, Spain, and it is not located in the Arab world.
- The structure in the image is not Taj Mahal. The Taj Mahal is a mausoleum in Agra, India, and it is not located in the Arab world.
- The structure in the image is not El Badi Palace. El Badi Palace is a palace in Morocco, and it is not located in the Arab world.",true
452b46e54415e4a4525bcadcfc1d7590887f189ec9f8cd636a86c87bde2208d1,1,,false
452b46e54415e4a4525bcadcfc1d7590887f189ec9f8cd636a86c87bde2208d1,2,,false
86f7aba040aed7a80f48bdd3bf32195b7796174e9355256ec091d3ccc1c7be6b,0,"Answer: 1

Explanation:
- The person in the image is indeed using a snowboard. This is grounded in the image as the individual is seen standing on a snowboard, which is a common item used for snowboarding in snowy environments.
- The person is not using a skateboard or a sandboard. This is a plausible-sounding hallucination because the image shows the person using a snowboard, not any of the other items mentioned.",true
86f7aba040aed7a80f48bdd3bf32195b7796174e9355256ec091d3ccc1c7be6b,1,,false
86f7aba040aed7a80f48bdd3bf32195b7796174e9355256ec091d3ccc1c7be6b,2,,false
f2ecb7b498eda0b537cc750362867125519781565cddb2648082dc48db1e2397,0,"Answer: 1

Explanation:
1. The structure depicted in the image is likely a palace. 
   - The image shows intricate tile work and arches, which are characteristic of Islamic architecture, particularly in regions like Iran, where such designs are prevalent. The presence of calligraphy and the overall ornate nature of the structure are also indicative of a palace, which often includes such detailed and grand designs.

2. The structure depicted in the image is likely a mosque.
   - While the image does show arches and tile work, the primary focus is on the intricate tile work and calligraphy, which are more commonly associated with Islamic architecture, particularly in regions like Iran. The calligraphy is often found in mosques, but the overall design and style suggest a palace rather than a mosque.

3. The structure depicted in the image is likely a marketplace.
   - The image does not show any elements that are typically associated with a marketplace, such as open spaces, stalls, or goods for sale. The focus is more on the intricate tile work and arches, which are more characteristic of a palace or a significant religious building rather than a marketplace.",true
f2ecb7b498eda0b537cc750362867125519781565cddb2648082dc48db1e2397,1,,false
f2ecb7b498eda0b537cc750362867125519781565cddb2648082dc48db1e2397,2,,false
9dd38d671e905d30f34db8fc5959d28a7943b1368833f96965f8e6bd5d0a8cfe,0,"Answer: 1

Explanation:
- The image shows a street in Chefchaouen, Morocco, which is known for its blue-painted walls and artisanal marketplaces.
- The other two statements are not grounded in the image:
  - Statement 2: Santorini, Greece is famous for its blue-painted streets and artisanal marketplaces. This is not true because Santorini is known for its white-washed buildings and whitewashed streets, not blue.
  - Statement 3: Jaipur, India is famous for its blue-painted streets and artisanal marketplaces. This is not true because Jaipur is known for its red sandstone buildings and red-painted streets, not blue.",true
9dd38d671e905d30f34db8fc5959d28a7943b1368833f96965f8e6bd5d0a8cfe,1,,false
9dd38d671e905d30f34db8fc5959d28a7943b1368833f96965f8e6bd5d0a8cfe,2,,false
35c77c36383a6bbd0c9b410f5b7cfe671767887fc74ad7a2f2682793f9cf384f,0,"Answer: 1

Explanation:
- The image shows a meal that includes ingredients and a serving style commonly associated with Moroccan cuisine. The dish appears to be a stew with a base of vegetables and a topping of spices, which are typical in Moroccan cuisine. The use of a clay pot and the rustic presentation also align with Moroccan culinary traditions.

- The other two statements are not grounded in the image:
  - Statement 2: The image does not show any Japanese ingredients or serving style. Japanese cuisine typically includes rice, sushi, and various side dishes, which are not present in this image.
  - Statement 3: The image does not show any Mediterranean ingredients or serving style. Mediterranean cuisine often includes dishes like hummus, tabbouleh, and various salads, which are not present in this image.",true
35c77c36383a6bbd0c9b410f5b7cfe671767887fc74ad7a2f2682793f9cf384f,1,,false
35c77c36383a6bbd0c9b410f5b7cfe671767887fc74ad7a2f2682793f9cf384f,2,,false
0cf8ade38877aae95963e4e85b5e2612f393478330f286933109feff4519219a,0,"Answer: 3

Explanation:
1. The image shows a large, circular, ornate floor with intricate designs, which is characteristic of a mosque courtyard. The presence of a minaret and the architectural style further support this conclusion.
2. The ground is paved with tiles, which is typical for a mosque courtyard. The design and layout are consistent with a mosque's courtyard.
3. The presence of a minaret and the architectural style are strong indicators that this is a mosque courtyard. The other two statements are not grounded in the image.",false
0cf8ade38877aae95963e4e85b5e2612f393478330f286933109feff4519219a,1,,false
0cf8ade38877aae95963e4e85b5e2612f393478330f286933109feff4519219a,2,,true
284ce606c572469fc1f26375fee3ef6ebba14681879ca9c8ec5f8f68a627cd7e,0,"Answer: 1

Explanation:
- The image shows a marketplace with various items such as jewelry, spices, and food. 
- In the middle of the marketplace, there is a donkey pulling a cart. The donkey is a common animal used for transportation in many parts of the world, including the Arab world.
- The other two statements are not grounded in the image:
  - Statement 2: A camel is pulling a cart in this marketplace scene. This is not grounded because camels are not commonly used for transportation in the Arab world.
  - Statement 3: A donkey is pulling a cart in this marketplace scene. This is grounded because donkeys are indeed used for transportation in the Arab world.",true
284ce606c572469fc1f26375fee3ef6ebba14681879ca9c8ec5f8f68a627cd7e,1,,false
284ce606c572469fc1f26375fee3ef6ebba14681879ca9c8ec5f8f68a627cd7e,2,,false
e16e812ae462d2e8d9b52cedf023f5ab16edaf97fa4566989292623ba23f0708,0,"Answer: 1

Explanation:
- The image shows a traditional lantern with a metal frame and a fabric or glass cover. This indicates that the lantern is indeed crafted from metal.
- The other two statements are false. Traditional lanterns are commonly crafted from wood, not metal. They are also not commonly crafted from plastic.",true
e16e812ae462d2e8d9b52cedf023f5ab16edaf97fa4566989292623ba23f0708,1,,false
e16e812ae462d2e8d9b52cedf023f5ab16edaf97fa4566989292623ba23f0708,2,,false
778681cc7f2d8aa23350f2b0d83fc2489f2417428a1b1fa454c7cba0c60598df,0,"Answer: 2

Explanation:
- Statement 1: A leather belt is not prominently visible in the image. The person is wearing a black jacket, and there is no visible belt.
- Statement 2: Multiple silver rings are not prominently visible in the image. The person is wearing multiple rings on their fingers, but they are not clearly visible.
- Statement 3: A silver necklace is not prominently visible in the image. The person is wearing a black jacket, and there is no visible necklace.",false
778681cc7f2d8aa23350f2b0d83fc2489f2417428a1b1fa454c7cba0c60598df,1,,true
778681cc7f2d8aa23350f2b0d83fc2489f2417428a1b1fa454c7cba0c60598df,2,,false
e7e1e77a40b12a8ae2df942b08a1a423e3cab220af51dce895b21fc64ad99fa3,0,"Answer: 1

Explanation:
- The image shows a large crowd of people and camels, which is typical of a camel race or festival in the Arab world.
- The backdrop includes a large sign with the word ""UNESCO,"" which is a United Nations Educational, Scientific and Cultural Organization.
- The presence of UNESCO suggests that the event is of significant cultural importance, as UNESCO is known for its involvement in preserving and promoting cultural heritage.
- The other two statements are not grounded in the image:
  - Statement 2: United Nations is not prominently featured in the image.
  - Statement 3: World Wildlife Fund is not prominently featured in the image.",true
e7e1e77a40b12a8ae2df942b08a1a423e3cab220af51dce895b21fc64ad99fa3,1,,false
e7e1e77a40b12a8ae2df942b08a1a423e3cab220af51dce895b21fc64ad99fa3,2,,false
fd425a3624e7e7abbe1b652ffc8b445f11d0fb60fc29e56202087199493bdd12,0,"Answer: False

Explanation:
1. The traditional tagine dish is most associated with Morocco. This statement is grounded in the image because the dish shown in the image is a traditional tagine from Morocco, characterized by its red sauce and the inclusion of olives and vegetables. The dish is not associated with Italy, India, or any other country. Therefore, this statement is false. ||| False. The traditional tagine dish is most associated with Morocco. ||| False. The traditional tagine dish is most associated with Morocco. ||| True.",false
fd425a3624e7e7abbe1b652ffc8b445f11d0fb60fc29e56202087199493bdd12,1,,false
fd425a3624e7e7abbe1b652ffc8b445f11d0fb60fc29e56202087199493bdd12,2,,true
ecf6be46870b810f5e5176e3b4af0346fbe627b28423f1b0cc960a4d83320624,0,Answer: 1,true
ecf6be46870b810f5e5176e3b4af0346fbe627b28423f1b0cc960a4d83320624,1,,false
ecf6be46870b810f5e5176e3b4af0346fbe627b28423f1b0cc960a4d83320624,2,,false
06f74f400cae942cf6abc004040471b041056be90a47a3ddecea70dcab1ec106,0,"Answer: 1

Explanation:
- The Moroccan tagine pots in the image are made from terracotta. True. The image clearly shows the pots with a terracotta color and the characteristic shape of tagines, which are traditionally made from terracotta.
- The Moroccan tagine pots in the image are made from metal. False. There is no indication or visual evidence in the image that these pots are made from metal. The image shows pots with a terracotta color and a traditional design, which are characteristic of terracotta pots.",true
06f74f400cae942cf6abc004040471b041056be90a47a3ddecea70dcab1ec106,1,,false
06f74f400cae942cf6abc004040471b041056be90a47a3ddecea70dcab1ec106,2,,false
b8ada52bbf13faef18bbb0558643ef98b378ab23d6f16e600e9de78a66ea9438,0,"Answer: 1

Explanation:
- The image shows a courtyard with recessed niches in the walls. These niches are not decorative sculptures; they are decorative elements that add visual interest to the walls.
- The purpose of the recessed niches is not to provide storage space; that would be more typical of a storage area or a room.
- The purpose of the recessed niches is not to act as windows for ventilation; windows are typically open-air structures, and the niches are not designed to allow natural light or air to pass through.",true
b8ada52bbf13faef18bbb0558643ef98b378ab23d6f16e600e9de78a66ea9438,1,,false
b8ada52bbf13faef18bbb0558643ef98b378ab23d6f16e600e9de78a66ea9438,2,,false
27f59f913951e28b297b1631b310beb350e6adcf46627ed9556865b674b05dc5,0,"Answer: 1

Explanation:
1. The primary function of the ceramic items displayed in the shop is decoration and cultural preservation. True. The image shows a variety of intricately decorated vases and bowls, which are primarily used for decorative purposes. Additionally, the presence of Hebrew inscriptions suggests that these items are culturally significant and preserved for their heritage.
2. The primary function of the ceramic items displayed in the shop is industrial use. False. The items in the image are not primarily used for industrial purposes; they are more likely decorative or culturally significant. The industrial use of ceramic items typically involves mass production for functional purposes such as containers, utensils, or architectural elements.",true
27f59f913951e28b297b1631b310beb350e6adcf46627ed9556865b674b05dc5,1,,false
27f59f913951e28b297b1631b310beb350e6adcf46627ed9556865b674b05dc5,2,,false
bd456b35ed43bebe499dbc4b8a8c89da20b06eea52cc7f12c8ff9292e4b8659b,0,"Answer: 1

Explanation:
- The image depicts a city with a distinctive architecture and color palette, which is characteristic of Fez, Morocco.
- The presence of the minaret and the style of the buildings are consistent with the Islamic architecture found in Fez, Morocco.
- The city's layout and the style of the buildings are distinctly different from Istanbul, Turkey, and Cairo, Egypt.",true
bd456b35ed43bebe499dbc4b8a8c89da20b06eea52cc7f12c8ff9292e4b8659b,1,,false
bd456b35ed43bebe499dbc4b8a8c89da20b06eea52cc7f12c8ff9292e4b8659b,2,,false
9a0bb52062c6b6b883d4d3ef91347fc8c63a191afc92979a479daf61e1ee3dfe,0,"Answer: 1

Explanation:
- The image shows a rug with a textured, woven pattern. The material appears to be a fine, fibrous fabric, which is characteristic of wool. Wool is commonly used for rugs due to its durability, softness, and ability to hold a high pile, which is evident in the image.
- The other materials mentioned (silk, cotton, and cotton) are not commonly used for rugs. Silk is a luxurious material, often used for high-end rugs, but it is not as durable or soft as wool. Cotton is a more common material for carpets and upholstery, but it is not typically used for rugs due to its lower durability and less softness. Cotton is also not as durable as wool, making it less suitable for high-traffic areas.",true
9a0bb52062c6b6b883d4d3ef91347fc8c63a191afc92979a479daf61e1ee3dfe,1,,false
9a0bb52062c6b6b883d4d3ef91347fc8c63a191afc92979a479daf61e1ee3dfe,2,,false
811ff98691f716d2f78b8beef77846a1827188987df54e2cbfbd5da5ee5294b6,0,"Answer: 3

Explanation:
1. The architectural facade in the image is characterized by its intricate tile work and ornamental designs, which are typical of Islamic architecture. The blue tiles and geometric patterns are common in Islamic architecture, particularly in the region of North Africa and the Middle East.
2. The facade does not resemble the Taj Mahal in India, which is known for its white marble and Mughal architectural style. The Taj Mahal is a mausoleum located in Agra, India, and its design is vastly different from the ornate and colorful tile work seen in the image.
3. The facade does not resemble the Blue Mosque in Turkey, which is a mosque in Istanbul, Turkey, known for its blue tiles and Ottoman architectural style. The Blue Mosque is a large mosque with a distinctive blue and white color scheme, which is not present in the image. The Hassan II Mosque in Morocco, while also a significant Islamic structure, does not have the same ornate tile work and intricate designs as the one in the image.",false
811ff98691f716d2f78b8beef77846a1827188987df54e2cbfbd5da5ee5294b6,1,,false
811ff98691f716d2f78b8beef77846a1827188987df54e2cbfbd5da5ee5294b6,2,,true
ad3a8a716fea7f0251663b040f28b3b27ec72b440fcffef181a5b2d3af0d8c74,0,"Answer: 3

Explanation:
1. The image shows a person preparing tea. The act of pouring tea from a teapot into a cup is a common practice in tea ceremonies, which are often associated with Japanese culture.
2. The tea pot and the tea set are typical of tea preparation, further suggesting that the beverage being prepared is tea.
3. The presence of a tea bag in the image supports the idea that tea is being prepared. Tea bags are commonly used in tea ceremonies to add flavor and aroma to the tea.",false
ad3a8a716fea7f0251663b040f28b3b27ec72b440fcffef181a5b2d3af0d8c74,1,,false
ad3a8a716fea7f0251663b040f28b3b27ec72b440fcffef181a5b2d3af0d8c74,2,,true
dbac647dc77367ed928664c1e1fc1f72ed357da489dcb0be344132a2b1144ea3,0,"Answer: 1

Explanation:
- The image shows the signage at Gare Casa Voyageurs written in Arabic. This is a clear and grounded fact in the image.
- The image does not show any signage in French, English, or Spanish. Therefore, the statement about the use of French and Spanish is false.",true
dbac647dc77367ed928664c1e1fc1f72ed357da489dcb0be344132a2b1144ea3,1,,false
dbac647dc77367ed928664c1e1fc1f72ed357da489dcb0be344132a2b1144ea3,2,,false
73fd8f243bcf461d051f07873182747d56220df25bf492f035fa5db64d113b5e,0,"Answer: 1

Explanation:
- The rock depicted in the image has a reddish-brown color and a rough, jagged texture, which are characteristic features of granite.
- Granite is a common igneous rock formed from the slow crystallization of magma beneath the Earth's surface.
- The reddish-brown color is due to the presence of iron and manganese in the minerals, which are common in granite.

Statement 2 is false because the rock's texture and color do not match those of basalt. Basalt is a different type of igneous rock formed from the rapid cooling of lava at or near the surface, which typically has a more uniform, fine-grained texture and a reddish-brown color due to the presence of iron oxides.

Statement 3 is false because the rock's texture and color do not match those of sandstone. Sandstone is a sedimentary rock formed from the accumulation of sand-sized mineral particles or rock fragments, which typically has a more homogeneous, fine-grained texture and a reddish-brown color due to the presence of iron oxides.

Therefore, the correct answer is 1.",true
73fd8f243bcf461d051f07873182747d56220df25bf492f035fa5db64d113b5e,1,,false
73fd8f243bcf461d051f07873182747d56220df25bf492f035fa5db64d113b5e,2,,false
d4b168cf24a39c0253f20ffe08d17d689e23f29fabc8d29e31f481f1a363e5df,0,"Answer: 1

Explanation:
- Statement 1: True. The Moroccan tagine pot is indeed primarily used for slow cooking stews. It is a traditional cooking vessel in Morocco, often used for slow-cooking stews, soups, and other hearty dishes.
- Statement 2: False. While tagines are traditionally used for slow cooking stews, they are not primarily used for serving tea. They are more commonly used for cooking stews and other dishes.
- Statement 3: False. Tagines are not primarily used for baking bread. They are more commonly used for cooking stews, soups, and other hearty dishes.",true
d4b168cf24a39c0253f20ffe08d17d689e23f29fabc8d29e31f481f1a363e5df,1,,false
d4b168cf24a39c0253f20ffe08d17d689e23f29fabc8d29e31f481f1a363e5df,2,,false
472b01378e6d356e47da6b8a1fc73608678a3b4e7ba25b1998daa705265337f8,0,"Answer: 1

Explanation:
- The image shows a platform with people standing on it, which is a common sight in many cities around the world. This suggests that the platform is likely used for public gatherings or events, such as concerts, festivals, or public speeches. Therefore, Statement 1 is grounded in the image.

- The image does not show any clear signs or indications that the platform is designed for sightseeing or panoramic views. The people on the platform are not looking outwards or engaging in activities that would suggest a focus on sightseeing. Therefore, Statement 2 is not grounded in the image.

- The image does not show any clear signs or indications that the platform is designed for launching hot air balloons. The platform is not large enough or equipped with the necessary features to support such activities. Therefore, Statement 3 is not grounded in the image.",true
472b01378e6d356e47da6b8a1fc73608678a3b4e7ba25b1998daa705265337f8,1,,false
472b01378e6d356e47da6b8a1fc73608678a3b4e7ba25b1998daa705265337f8,2,,false
d597111f88ae34f80fa23fdec6f6b90b28edad5bab3b40340c5fa75d44ac9084,0,"Answer: 1

Explanation:
- The architecture shown in the image is most likely associated with North Africa. True. The image depicts a structure with a white-washed wall and an arched doorway, which are common architectural features in North African architecture, particularly in regions like Morocco or Tunisia. The style of the doorway and the overall construction are indicative of North African architecture.",true
d597111f88ae34f80fa23fdec6f6b90b28edad5bab3b40340c5fa75d44ac9084,1,,false
d597111f88ae34f80fa23fdec6f6b90b28edad5bab3b40340c5fa75d44ac9084,2,,false
15871c7d9d4dae5aab98b0639a957de55d38c16d559c8295e0f0c36ef40431bc,0,"Answer: False

Explanation:
1. The image shows a Canadian flag with a prominent mountainous landscape in the background. There is no dense urban cityscape visible in the background of the Canadian flag.
2. The image shows a serene lake surrounded by mountains, which is a true statement. The background of the Canadian flag clearly depicts a lake and mountains.
3. The image shows a desert with sand dunes, which is not visible in the background of the Canadian flag. The background of the Canadian flag shows a mountainous landscape, not a desert. ||| False. The image shows a Canadian flag with a mountainous landscape in the background, not a dense urban cityscape. ||| True ||| False. The Canadian flag in the image does not feature a desert with sand dunes in the background.",false
15871c7d9d4dae5aab98b0639a957de55d38c16d559c8295e0f0c36ef40431bc,1,,true
15871c7d9d4dae5aab98b0639a957de55d38c16d559c8295e0f0c36ef40431bc,2,,false
c9f4d52aee146c5c1ee07722b49bec00f7895a72ecbe5086457f5136abab01dc,0,"Answer: 2

Explanation:
1. The image clearly shows a traditional dress predominantly in a deep blue color.
2. The blue color is the main color of the dress, as it is the most prominent and dominant hue in the image. The other colors, such as gold and red, are present but not the main color.
3. The other two statements are false because the image clearly shows a deep blue dress, not red, green, or any other color.",false
c9f4d52aee146c5c1ee07722b49bec00f7895a72ecbe5086457f5136abab01dc,1,,true
c9f4d52aee146c5c1ee07722b49bec00f7895a72ecbe5086457f5136abab01dc,2,,false
f0b6c336575fcb24a5a9686df93a53b3d24e018beff806f419ddbac883a01517,0,"Answer: 1

Explanation:
- The image clearly shows an airplane with the name ""OMAN AIR"" written on its fuselage. This is a clear indication that the airline represented in the image is Oman Air.
- The other two statements are not grounded in the image. Qatar Airways and Emirates do not have an aircraft with the same livery and design as the one in the image. The design and branding are distinctly different, making them plausible-sounding hallucinations.",true
f0b6c336575fcb24a5a9686df93a53b3d24e018beff806f419ddbac883a01517,1,,false
f0b6c336575fcb24a5a9686df93a53b3d24e018beff806f419ddbac883a01517,2,,false
1313b8eab411543044b44b2e330ff5b2c9db348468047bc457b4d109644562f5,0,"Answer: 2

Explanation:
1. The individuals in the image are likely preparing for a traditional Balinese dance performance. 
   - Balinese dance performances often involve elaborate costumes and traditional headpieces, which are visible in the image. The vibrant yellow and red attire, along with the headpieces, are characteristic of traditional Balinese dance costumes.

2. The individuals in the image are likely preparing for a casual poolside gathering.
   - The image shows three individuals sitting by a pool, which is a common setting for casual gatherings. The relaxed posture and the presence of a pool suggest a leisurely, informal event rather than a religious pilgrimage or a formal dance performance.

3. The individuals in the image are likely preparing for a religious pilgrimage.
   - Religious pilgrimages often involve specific attire and rituals that are not visible in the image. The attire and the setting do not suggest a religious context.",false
1313b8eab411543044b44b2e330ff5b2c9db348468047bc457b4d109644562f5,1,,true
1313b8eab411543044b44b2e330ff5b2c9db348468047bc457b4d109644562f5,2,,false
aa563c2700e58fe7291af169390fb5a0e4ee23fd093a692e994d949d5e887328,0,"Answer: 1

Explanation:
- The athletes on the podium are prominently displaying the flag of Bahrain. True. The athletes are holding the flag of Bahrain, which is clearly visible in the image.
- The athletes on the podium are prominently displaying the flag of Oman. False. The athletes are holding the flag of Bahrain, not Oman.
- The athletes on the podium are prominently displaying the flag of Qatar. False. The athletes are holding the flag of Bahrain, not Qatar.",true
aa563c2700e58fe7291af169390fb5a0e4ee23fd093a692e994d949d5e887328,1,,false
aa563c2700e58fe7291af169390fb5a0e4ee23fd093a692e994d949d5e887328,2,,false
2091623ee84e8a7eb347ea59d71884121b6dce29d94c50994296aa828060aa48,0,"Answer: 2

Explanation:
1. The primary architectural feature visible in the image is a modern high school building. This is true because the image clearly shows a large building with the signage ""MURIEL WILLIAMS BATTLE HIGH SCHOOL"" and a modern design, including a flat roof and large windows.
2. The primary architectural feature visible in the image is a modern high school building. This is true because the image clearly shows a large building with the signage ""MURIEL WILLIAMS BATTLE HIGH SCHOOL"" and a modern design, including a flat roof and large windows.
3. The primary architectural feature visible in the image is a historical monument. This is false because the image shows a modern high school building, not a historical monument.",false
2091623ee84e8a7eb347ea59d71884121b6dce29d94c50994296aa828060aa48,1,,true
2091623ee84e8a7eb347ea59d71884121b6dce29d94c50994296aa828060aa48,2,,false
271907de2d807f9111bdbe4b8798a49da9756c4a360bdb58ce8abe4bf70dfa8c,0,"Answer: 3

Explanation:
1. The image shows a sea turtle on the beach, which is a natural habitat for turtles. Therefore, people are documenting a rare sighting of a sea turtle.
2. The presence of people taking photos and one person holding a camera suggests that they are documenting the turtle's sighting, not preparing it for relocation.
3. The other two statements are not grounded in the image. There is no indication that people are preparing the turtle for relocation or that they are doing so.",false
271907de2d807f9111bdbe4b8798a49da9756c4a360bdb58ce8abe4bf70dfa8c,1,,false
271907de2d807f9111bdbe4b8798a49da9756c4a360bdb58ce8abe4bf70dfa8c,2,,true
651d53b9c746a06872cf8305d7f7db62a9256f8c392520ef2588af892955c145,0,"Answer: 2

Explanation:
1. The image shows a collection of old, well-used books with ornate bindings and gold embossed designs. These characteristics are often associated with religious texts, such as the Quran or the Bible, which are used for religious study and worship.
2. The books are not scientific research and experimentation. Scientific research and experimentation typically involve modern, clean, and organized books with hardcovers and modern bindings. The books in the image have worn covers and are not in the typical format of scientific publications.
3. The books are not casual reading and entertainment. Casual reading and entertainment usually involve more modern, less ornate books with less emphasis on decorative bindings and gold embossing. The books in the image have worn covers and are not in the typical format of casual reading materials.",false
651d53b9c746a06872cf8305d7f7db62a9256f8c392520ef2588af892955c145,1,,true
651d53b9c746a06872cf8305d7f7db62a9256f8c392520ef2588af892955c145,2,,false
0dffdb6536b7ab3e20898d78ad5c33dc1e8442f0f0b5c26cf283e4483dbee61e,0,"Answer: 1

Explanation:
- The image shows a person receiving a blood transfusion, which is a medical procedure. This is a clear indication that the facility is a medical treatment facility.
- The other two statements are not grounded in the image. The image does not show any recreational or classroom activities.",true
0dffdb6536b7ab3e20898d78ad5c33dc1e8442f0f0b5c26cf283e4483dbee61e,1,,false
0dffdb6536b7ab3e20898d78ad5c33dc1e8442f0f0b5c26cf283e4483dbee61e,2,,false
c3bf14f1fb01ec91bb6ced6b377dc55940c1cac3caa2d70acef68788b2285f62,0,"Answer: 1

Explanation:
Statement 1: True
A numismatist is someone who studies and collects coins, often for their historical, monetary, or artistic value. This coin appears to be a currency note, which is a common subject of numismat studies. Therefore, a numismatist would be responsible for studying and authenticating this type of coin.

Statement 2: False
A cartographer is someone who designs maps, often for use in navigation, transportation, or land surveying. This coin does not appear to be a map, as it is a currency note. Therefore, a cartographer would not be responsible for studying and authenticating this type of coin.

Statement 3: False
A linguist is someone who studies language, including its structure, usage, and history. This coin does not appear to be a language, as it is a currency note. Therefore, a linguist would not be responsible for studying and authenticating this type of coin.",true
c3bf14f1fb01ec91bb6ced6b377dc55940c1cac3caa2d70acef68788b2285f62,1,,false
c3bf14f1fb01ec91bb6ced6b377dc55940c1cac3caa2d70acef68788b2285f62,2,,false
c07f9e90a3144f7c18df49b37dc8202f4a0b984e97edca6e5358fde151ca96ed,0,"Answer: 1

Explanation:
- The image shows a man wearing traditional Middle Eastern or North African attire, characterized by a white turban and a richly embroidered robe with gold and dark colors.
- This style of clothing is most closely associated with the Middle East and North Africa, not South Asia, Northern Europe, or East Africa.

Statement 1: True
Statement 2: False
Statement 3: False",true
c07f9e90a3144f7c18df49b37dc8202f4a0b984e97edca6e5358fde151ca96ed,1,,false
c07f9e90a3144f7c18df49b37dc8202f4a0b984e97edca6e5358fde151ca96ed,2,,false
b10b0c5e8478d9a278699d00bc5b9b97f955e2ba9d794c03b8d313104be1663f,0,"Answer: 1

Explanation:
- The architectural features and terracotta pots in the image are most likely representative of the Middle East. True. The architectural style, with its arched doorways and stone walls, is characteristic of Middle Eastern architecture. The terracotta pots also have designs that are commonly found in Middle Eastern pottery. The warm, earthy tones of the terracotta are also typical of Middle Eastern pottery.

- The architectural features and terracotta pots in the image are most likely representative of South America. False. South American architecture is not characterized by the same arched doorways and stone walls as the Middle Eastern architecture shown in the image. Additionally, the terracotta pots in the image do not have the same design and color palette as the pottery found in South America.",true
b10b0c5e8478d9a278699d00bc5b9b97f955e2ba9d794c03b8d313104be1663f,1,,false
b10b0c5e8478d9a278699d00bc5b9b97f955e2ba9d794c03b8d313104be1663f,2,,false
8f811e9841e8ea7e2975849f45f870c756596a495102e30f659972eba2c883ec,0,"Answer: 2

Explanation:
Statement 1: False. The primary purpose of the seating pods in this airplane cabin is not to store luggage during the flight. The pods are designed for passengers to sit and relax, often with personal items such as pillows and blankets. The primary function is to provide a comfortable and private space for passengers to rest during their flight.

Statement 2: True. The primary purpose of the seating pods in this airplane cabin is to provide privacy and comfort for travelers. The pods are designed with padded seats and headrests, which offer a sense of privacy and support for passengers. Additionally, the pods often have personal items such as pillows and blankets, which contribute to the comfort of the passengers.

Statement 3: False. The primary purpose of the seating pods in this airplane cabin is not to serve as entertainment areas for passengers. The pods are primarily designed for relaxation and rest, with features such as headrests and personal items that cater to the comfort of the passengers. Entertainment areas are typically found in the overhead compartments or in the cabin's general area, not in the seating pods.",false
8f811e9841e8ea7e2975849f45f870c756596a495102e30f659972eba2c883ec,1,,true
8f811e9841e8ea7e2975849f45f870c756596a495102e30f659972eba2c883ec,2,,false
e467bf0e9c964b55198e3da52b0c8ff7c40cda79c57fcc580cefd22716bdd69c,0,"Answer: 3

Explanation:
1. The image shows ancient stone ruins in a desert region. This is evident from the arid landscape, sparse vegetation, and the lack of tropical rainforests, which typically have lush greenery and more water.
2. Ancient stone ruins are not commonly found in urban city centers. Urban areas are usually built on solid ground, and the infrastructure to support such ruins would be difficult to maintain. Additionally, urban centers are usually built on more fertile land, making it less likely for ruins to be preserved.
3. Ancient stone ruins are not most commonly found in desert regions. While some desert regions may have ancient ruins, they are not as prevalent as those in more fertile and arid regions.",false
e467bf0e9c964b55198e3da52b0c8ff7c40cda79c57fcc580cefd22716bdd69c,1,,false
e467bf0e9c964b55198e3da52b0c8ff7c40cda79c57fcc580cefd22716bdd69c,2,,true
df32536a386778b3f719be2d6cb7a321d1628b6fa7ca4e2b4d5bb5db8299836c,0,"Answer: 1

Explanation:
- Statement 1: Terracotta pots like those in the image are commonly used to store jewelry and clothing. True.
  - Terracotta pots are often used for decorative purposes and can be repurposed for storage. Jewelry and clothing are common items that people store in such pots. Therefore, this statement is grounded in the image.
  
- Statement 2: Terracotta pots like those in the image are commonly used to store books and papers. False.
  - While terracotta pots can be used for storage, they are not typically used for storing books and papers. These items are usually stored in more durable and specialized containers like wooden boxes or metal baskets. Therefore, this statement is not grounded in the image.

- Statement 3: Terracotta pots like those in the image are commonly used to store water and grains. False.
  - Terracotta pots are not commonly used for storing water and grains. These items are usually stored in more specialized containers like metal buckets or wooden crates. Therefore, this statement is not grounded in the image.",true
df32536a386778b3f719be2d6cb7a321d1628b6fa7ca4e2b4d5bb5db8299836c,1,,false
df32536a386778b3f719be2d6cb7a321d1628b6fa7ca4e2b4d5bb5db8299836c,2,,false
0cd63bcb00b8bb70a566c04cb7568fa27c19bf70d17e3790e13c9b4bd9e2a500,0,"Answer: 1

Explanation:
- The image shows a desert fortress made of mud or sand, which is a common material in desert architecture due to its availability and ease of construction in such environments.
- The other materials mentioned (wood, concrete) are not commonly used in desert construction. Wood is not suitable for desert climates due to its susceptibility to rot and insect damage, while concrete is not durable in such harsh conditions.",true
0cd63bcb00b8bb70a566c04cb7568fa27c19bf70d17e3790e13c9b4bd9e2a500,1,,false
0cd63bcb00b8bb70a566c04cb7568fa27c19bf70d17e3790e13c9b4bd9e2a500,2,,false
e1961f4c6e6dc1cb0dbf374737f16f9742b41afdcad778eb9e987b89cfa1d7c4,0,"Answer: 1

Explanation:
- The woven basket in the image is most likely made of natural fibers. This statement is grounded because the basket appears to have a natural, woven texture that is characteristic of natural fibers like jute or sisal. These materials are commonly used in basket weaving due to their durability and aesthetic appeal.

- The woven basket in the image is most likely made of metal. This statement is false because the basket does not exhibit the typical characteristics of metal, such as a shiny, reflective surface and a uniform, smooth texture. Metal baskets are usually made from materials like wrought iron, aluminum, or plastic, which have different textures and appearances.",true
e1961f4c6e6dc1cb0dbf374737f16f9742b41afdcad778eb9e987b89cfa1d7c4,1,,false
e1961f4c6e6dc1cb0dbf374737f16f9742b41afdcad778eb9e987b89cfa1d7c4,2,,false
8307dff2be6a333f6bed2ffad42585e5803f8f00004919e3ccc1d479794ac7d3,0,"Answer: 3

Explanation:
1. The building in the image prominently features arched doorways. This is true. The image shows a series of arched doorways on the facade of the building, which is a common architectural feature in many Middle Eastern and North African buildings.
2. The building in the image prominently features domes. This is false. The image shows a building with a flat roof, not a dome. Domes are typically found in Islamic architecture, but the building in the image does not have any visible domes.
3. The building in the image prominently features slanted roofs. This is false. The image shows a building with a flat roof, not slanted roofs. Slanted roofs are more common in Mediterranean architecture, not in the Middle East or North Africa.",false
8307dff2be6a333f6bed2ffad42585e5803f8f00004919e3ccc1d479794ac7d3,1,,false
8307dff2be6a333f6bed2ffad42585e5803f8f00004919e3ccc1d479794ac7d3,2,,true
4303f9dc22cbd4d29ac1e39e469b96f907f01132cdfe19d61a05bfc1100c0232,0,"Answer: 2

Explanation:
- The building in the image is primarily made of stone and mud. This is evident from the visible texture and composition of the walls, which are composed of large, irregularly shaped stones and mud. There are no concrete or steel components visible in the image.
- The building is not primarily made of wood and bricks. There are no wooden structures or bricks visible in the image. The walls are made of stone and mud, and there are no visible bricks or wooden elements.",false
4303f9dc22cbd4d29ac1e39e469b96f907f01132cdfe19d61a05bfc1100c0232,1,,true
4303f9dc22cbd4d29ac1e39e469b96f907f01132cdfe19d61a05bfc1100c0232,2,,false
2e817ed5ccc4785dc4a3a7da426d5ab26d9067d72117c237efca06a6f524a2ab,0,"Answer: 1

Explanation:
1. The image shows two men shaking hands in front of a building with flags, which is a common setup for diplomatic meetings.
2. The attire of the men, particularly the man on the left wearing a traditional Arab dress, suggests a formal and official context, which is typical for diplomatic meetings.
3. The presence of the flags, one of which is the national flag of Saudi Arabia, further supports the idea that this is a diplomatic meeting.",true
2e817ed5ccc4785dc4a3a7da426d5ab26d9067d72117c237efca06a6f524a2ab,1,,false
2e817ed5ccc4785dc4a3a7da426d5ab26d9067d72117c237efca06a6f524a2ab,2,,false
da2514d67cfd89f8008d79092b00f89b8bc6d9278556761fd9e40bd9ad2f4e57,0,Answer: 1,true
da2514d67cfd89f8008d79092b00f89b8bc6d9278556761fd9e40bd9ad2f4e57,1,,false
da2514d67cfd89f8008d79092b00f89b8bc6d9278556761fd9e40bd9ad2f4e57,2,,false
47be8b58f25f76e00d3ec008680bcb2cd815608114d170f65c421e423e083478,0,"Answer: 3

Explanation:
1. The primary purpose of the crenellations seen on the walls of the fort is defense against attacks. True. The crenellations are designed to provide a defensive advantage, allowing defenders to fire arrows or other projectiles at attackers from a vantage point. This is a fundamental aspect of fortifications in the Arab world, where such structures were often built to protect against invasions and other military threats.

2. The primary purpose of the crenellations seen on the walls of the fort is ventilation. False. The crenellations are not primarily designed for ventilation; they are more likely intended for defense. Ventilation would be more relevant in structures like palaces or churches, where the primary function is to house people and provide a comfortable environment for worship or living.

3. The primary purpose of the crenellations seen on the walls of the fort is defense against attacks. True. The crenellations are designed to provide a defensive advantage, allowing defenders to fire arrows or other projectiles at attackers from a vantage point. This is a fundamental aspect of fortifications in the Arab world, where such structures were often built to protect against invasions and other military threats.",false
47be8b58f25f76e00d3ec008680bcb2cd815608114d170f65c421e423e083478,1,,false
47be8b58f25f76e00d3ec008680bcb2cd815608114d170f65c421e423e083478,2,,true
9f9ffdf4de8b9316c6cc2a083e20013b35f1926d28cc5977a02713ff1f25a746,0,"Answer: 2

Explanation:
1. The image depicts a person dressed in traditional Islamic attire, which is commonly associated with religious settings such as a church.
2. The architectural elements in the background, like the arched windows and ornate columns, are characteristic of church interiors.
3. The overall ambiance and lighting also suggest a religious setting, which is consistent with a church.",false
9f9ffdf4de8b9316c6cc2a083e20013b35f1926d28cc5977a02713ff1f25a746,1,,true
9f9ffdf4de8b9316c6cc2a083e20013b35f1926d28cc5977a02713ff1f25a746,2,,false
b9cf06abcb106a8ad8d31e454df899218a6c014ce018d888e74b5a084dd7fe4a,0,"Answer: 1

Explanation:
Statement 1: The primary purpose of the omnidirectional treadmills shown in the image is to allow free movement in virtual reality games. True.
The image shows individuals using virtual reality headsets on treadmills, which are designed to simulate movement in a virtual environment. This is a common use case for such treadmills in virtual reality gaming setups.

Statement 2: The primary purpose of the omnidirectional treadmills shown in the image is to improve physical fitness during gaming. False.
While treadmills can be used for physical exercise, the image specifically shows individuals using virtual reality headsets, not physical exercise equipment. The primary purpose here is to simulate movement in a virtual environment, not to improve physical fitness.

Statement 3: The primary purpose of the omnidirectional treadmills shown in the image is to serve as a seating area for gamers. False.
The image shows individuals using virtual reality headsets on treadmills, not as seating areas. The primary purpose is to simulate movement in a virtual environment, not to serve as seating.",true
b9cf06abcb106a8ad8d31e454df899218a6c014ce018d888e74b5a084dd7fe4a,1,,false
b9cf06abcb106a8ad8d31e454df899218a6c014ce018d888e74b5a084dd7fe4a,2,,false
eb95bcfb2c949a836960baeeeb68d5aee8716f679217cb4a4c83707a45f860d5,0,"Answer: 1

Explanation:
- The individuals are raising rifles in this image, which is a common practice during protests and demonstrations in many countries, especially in the Arab world. This is a clear indication that they are partaking in a protest or demonstration.
- The rifles are not being used for a sports competition, as there is no indication of a sports field or equipment in the image. The rifles are being held high in the air, which is a common gesture during protests and demonstrations to show strength and unity.",true
eb95bcfb2c949a836960baeeeb68d5aee8716f679217cb4a4c83707a45f860d5,1,,false
eb95bcfb2c949a836960baeeeb68d5aee8716f679217cb4a4c83707a45f860d5,2,,false
a5ffe93c0ff6398bb717cb1aca18c1e1337876b2789956c80aae3c65d10195ba,0,"Answer: 1

Explanation:
- The image clearly shows a jug with intricate designs and patterns, which are characteristic of copper or brass. The color and texture of the material are consistent with these metals.
- Statement 2 is false because the primary material of the jug is not silver. The image shows a copper or brass jug, not silver.",true
a5ffe93c0ff6398bb717cb1aca18c1e1337876b2789956c80aae3c65d10195ba,1,,false
a5ffe93c0ff6398bb717cb1aca18c1e1337876b2789956c80aae3c65d10195ba,2,,false
122f752d2ca69550fdfa946dab718ed61564539839850c44a57b25dfcdb1ec89,0,"Answer: 1

Explanation:
1. The image shows a cozy, comfortable seating arrangement with cushions and a fireplace, which are typical features of a relaxation lounge. The presence of cushions and the overall ambiance suggest a space designed for relaxation and comfort, which is a primary function of a relaxation lounge.
2. The image does not show any elements that would suggest a business conference room, such as desks, chairs, or a formal setup. The focus is on seating and a fireplace, which are more commonly associated with relaxation spaces rather than conference rooms.
3. The image does not show any elements that would suggest a formal dining area in a restaurant. The seating arrangement is more casual and comfortable, with cushions and a fireplace, which is more typical of a relaxation lounge rather than a formal dining area.",true
122f752d2ca69550fdfa946dab718ed61564539839850c44a57b25dfcdb1ec89,1,,false
122f752d2ca69550fdfa946dab718ed61564539839850c44a57b25dfcdb1ec89,2,,false
f2eb95c464ed84f0c64c2e9f3c5f13b1a5fdb094c2c87b619840fc9a62b9560e,0,"Answer: 1

Explanation:
- The blue boat in the image is a traditional fishing boat, commonly used by fishermen.
- Statement 1: A mountain guide is most closely associated with the use of the blue boat seen on the beach in this image. True. This is grounded because mountain guides are often involved in guiding hikers and climbers, and the blue boat is a common sight on beaches where such activities occur.
- Statement 2: A construction worker is most closely associated with the use of the blue boat seen on the beach in this image. False. Construction workers are not typically associated with fishing or beach activities.
- Statement 3: A fisherman is most closely associated with the use of the blue boat seen on the beach in this image. False. Fishermen are not typically associated with construction sites or beaches.",true
f2eb95c464ed84f0c64c2e9f3c5f13b1a5fdb094c2c87b619840fc9a62b9560e,1,,false
f2eb95c464ed84f0c64c2e9f3c5f13b1a5fdb094c2c87b619840fc9a62b9560e,2,,false
8dca531dbce3a22a749a7c4946e3f0df308b05db2e9fc2e4a75efd004494abe6,0,"Answer: 1

Explanation:
- The image shows a building with ornate architectural details, including statues and decorative elements, which are characteristic of opera houses. The presence of the word ""OPERA"" prominently displayed on the facade further confirms that this building is indeed an opera house. Opera houses are designed to house performances of opera, ballet, and other theatrical productions, which aligns with the architectural style and features visible in the image.",true
8dca531dbce3a22a749a7c4946e3f0df308b05db2e9fc2e4a75efd004494abe6,1,,false
8dca531dbce3a22a749a7c4946e3f0df308b05db2e9fc2e4a75efd004494abe6,2,,false
2a423bdeb63cd24df92f76889e8bff6236baa1361f8faf42f36753730bdbaf2b,0,Answer: 1,true
2a423bdeb63cd24df92f76889e8bff6236baa1361f8faf42f36753730bdbaf2b,1,,false
2a423bdeb63cd24df92f76889e8bff6236baa1361f8faf42f36753730bdbaf2b,2,,false
9d02a19bbe8cc5a6eeff5147df30509b86f1bac44c333d147ee798090b0d24bd,0,"Answer: 1

Explanation:
Statement 1: The primary purpose of the smoke dome on the cocktail glasses is to create a visually appealing presentation. True.
The smoke dome is designed to add a dramatic and visually striking element to the presentation of the cocktail. The smoke is often used to create a sense of luxury and sophistication, making the drink look more appealing and interesting. The smoke dome is not intended to enhance the flavor of the drink, which is the primary function of the smoke in a cocktail. Therefore, this statement is grounded in the image and is true.

Statement 2: The primary purpose of the smoke dome on the cocktail glasses is to enhance the flavor of the drink. False.
The smoke dome is primarily used to create a visually appealing presentation, not to enhance the flavor of the drink. While the smoke can add a unique aroma and flavor profile to the drink, its primary function is to enhance the visual experience of the drink rather than the taste. Therefore, this statement is false.

Statement 3: The primary purpose of the smoke dome on the cocktail glasses is to keep the drink cold. False.
The smoke dome is not used to keep the drink cold. Instead, it is used to create a visually appealing presentation, which can be enhanced by",true
9d02a19bbe8cc5a6eeff5147df30509b86f1bac44c333d147ee798090b0d24bd,1,,false
9d02a19bbe8cc5a6eeff5147df30509b86f1bac44c333d147ee798090b0d24bd,2,,false
7d2b79d132823b8010464afdc0d8a7db4ea83460a6432f184324b07c8af45ad7,0,"Answer: 2

Explanation:
1. The image shows a landscape with undulating sand dunes, which are characteristic of a desert environment. The undulating patterns and the color of the sand are typical of sand dunes found in desert regions.
2. The environment does not resemble a snowy mountain range. Snowy mountain ranges typically have snow-covered peaks and are characterized by their icy and snowy appearance, which is not present in the image.
3. The environment does not resemble a tropical rainforest. Tropical rainforests are characterized by lush greenery, dense vegetation, and a warm, humid climate, which are not present in the image.",false
7d2b79d132823b8010464afdc0d8a7db4ea83460a6432f184324b07c8af45ad7,1,,true
7d2b79d132823b8010464afdc0d8a7db4ea83460a6432f184324b07c8af45ad7,2,,false
4f4d81517d7ee2346145f1f9cf07c63be52ebdf94fdf6fcf4565b0932047aaaf,0,"Answer: 3

Explanation:
1. The text 'NIGHT WIRE' in the background is most likely indicating a gaming event or show. This is grounded because the image shows a person wearing a headset, which is commonly used in gaming or streaming settings. The background also has a futuristic, tech-inspired design, which is often associated with gaming environments.
2. The text 'NIGHT WIRE' in the background is most likely indicating a gaming event or show. This is grounded because the person in the image is wearing a headset, which is commonly used in gaming or streaming settings. The background also has a futuristic, tech-inspired design, which is often associated with gaming environments.
3. The text 'NIGHT WIRE' in the background is most likely indicating a gaming event or show. This is grounded because the person in the image is wearing a headset, which is commonly used in gaming or streaming settings. The background also has a futuristic, tech-inspired design, which is often associated with gaming environments.",false
4f4d81517d7ee2346145f1f9cf07c63be52ebdf94fdf6fcf4565b0932047aaaf,1,,false
4f4d81517d7ee2346145f1f9cf07c63be52ebdf94fdf6fcf4565b0932047aaaf,2,,true
f5a08c5aa47d9f9c4cad2956c40d84f9c45390f9305a5199f1e279f1942491fc,0,"Answer: 1

Explanation:
- Statement 1: The primary color of the garment displayed in the image is red. True. The image clearly shows a garment with a predominant red color, along with black and other colors in the embroidery.
- Statement 2: The primary color of the garment displayed in the image is black. False. The image shows a garment with a predominant black color, along with red and other colors in the embroidery.
- Statement 3: The primary color of the garment displayed in the image is blue. False. The image shows a garment with a predominant black color, along with red and other colors in the embroidery.",true
f5a08c5aa47d9f9c4cad2956c40d84f9c45390f9305a5199f1e279f1942491fc,1,,false
f5a08c5aa47d9f9c4cad2956c40d84f9c45390f9305a5199f1e279f1942491fc,2,,false
9b2ed3bc636fa4782a9c86fe94b9a69969590bea033b217fa2fe7acefb4806f6,0,Answer: 1,true
9b2ed3bc636fa4782a9c86fe94b9a69969590bea033b217fa2fe7acefb4806f6,1,,false
9b2ed3bc636fa4782a9c86fe94b9a69969590bea033b217fa2fe7acefb4806f6,2,,false
6d63fdf22861f4859527657306e13d4eab0222da2563bda142410d564545dc0c,0,"Answer: False

Explanation:
1. The building labeled 'QUERCUS' and 'ARP' is not a residential apartment complex. It is a large office building.
2. The building labeled 'QUERCUS' and 'ARP' is not an office or corporate building. It is a commercial building.
3. The building labeled 'QUERCUS' and 'ARP' is not a shopping mall. It is a commercial building. ||| False. The building labeled 'QUERCUS' and 'ARP' is a commercial building, not a residential apartment complex. ||| True. ||| False. The building labeled 'QUERCUS' and 'ARP' is not a shopping mall.",false
6d63fdf22861f4859527657306e13d4eab0222da2563bda142410d564545dc0c,1,,true
6d63fdf22861f4859527657306e13d4eab0222da2563bda142410d564545dc0c,2,,false
b8513cdf9719b2e6c83aeceaae1d3dc8f37711fd18d2b58731bca64b2684af57,0,"Answer: 3

Explanation:
1. The image shows a medical procedure being performed on a person, which is typically done in a hospital room.
2. The presence of a medical professional and the use of medical equipment further supports the idea that this is a hospital setting.
3. The setting does not resemble a pharmacy, emergency tent, or any other typical medical facility. The environment is more consistent with a hospital room.",false
b8513cdf9719b2e6c83aeceaae1d3dc8f37711fd18d2b58731bca64b2684af57,1,,false
b8513cdf9719b2e6c83aeceaae1d3dc8f37711fd18d2b58731bca64b2684af57,2,,true
a0b57786384396d5e4cfb122c657477422616c9e0b1613ee153c87157eef95ad,0,"Answer: False

Explanation:
1. The image shows a soap product with Arabic script on it. The script is not palm oil, olive oil, or coconut oil. It is likely a product from the Middle East, specifically from a region where these oils are not commonly used in soap production.
2. The product is labeled ""Nablus,"" which is a city in Palestine. Soap from this region is typically made using natural ingredients like palm oil, coconut oil, and sometimes beeswax.
3. The use of palm oil, olive oil, or coconut oil in soap production is not typical for Nablus soap. The product is likely made using other natural ingredients, which are common in soap production from the Middle East. ||| False. Nablus soap is traditionally made using palm oil, but the specific type of soap is not palm oil. ||| False. Nablus soap is traditionally made using palm oil. ||| False. Nablus soap is traditionally made using palm oil, not coconut oil.",true
a0b57786384396d5e4cfb122c657477422616c9e0b1613ee153c87157eef95ad,1,,false
a0b57786384396d5e4cfb122c657477422616c9e0b1613ee153c87157eef95ad,2,,false
63c4fa592916c49b082f5c19fa15aaecf6454485d1578086dcbf07cc3926aaaf,0,"Answer: 1

Explanation:
- Statement 1: True. The image does not show any solid shampoo. The products visible include a shampoo bottle, a deodorant stick, and a soap bar, but none of them are solid shampoo. The other two statements are false because toothpaste and wool dryer balls are visible in the image.",true
63c4fa592916c49b082f5c19fa15aaecf6454485d1578086dcbf07cc3926aaaf,1,,false
63c4fa592916c49b082f5c19fa15aaecf6454485d1578086dcbf07cc3926aaaf,2,,false
28e2b8ead0d749ff66a2b5a8a3acccbd1348a5eec5a4e4dd202a3fb4540131f4,0,"Answer: 1

Explanation:
- The image depicts a sunrise. This is evident from the position of the sun near the horizon, which is characteristic of the early morning hours. The sky is lightening, and the sun is rising, casting a warm glow over the scene. This is a clear indication of morning.

- The image depicts a sunrise. This is evident from the position of the sun near the horizon, which is characteristic of the early morning hours. The sky is lightening, and the sun is rising, casting a warm glow over the scene. This is a clear indication of morning.

- The image depicts a sunrise. This is evident from the position of the sun near the horizon, which is characteristic of the early morning hours. The sky is lightening, and the sun is rising, casting a warm glow over the scene. This is a clear indication of morning.

The other two statements are not grounded in the image:
- Statement 2: The image depicts afternoon based on the lighting and position of the sun.
- Statement 3: The image depicts sunset based on the lighting and position of the sun.",true
28e2b8ead0d749ff66a2b5a8a3acccbd1348a5eec5a4e4dd202a3fb4540131f4,1,,false
28e2b8ead0d749ff66a2b5a8a3acccbd1348a5eec5a4e4dd202a3fb4540131f4,2,,false
dccf8d188975ee269b7598ca8317513f23bb669e2fe67d27738c3417db149f8e,0,Answer: 1,true
dccf8d188975ee269b7598ca8317513f23bb669e2fe67d27738c3417db149f8e,1,,false
dccf8d188975ee269b7598ca8317513f23bb669e2fe67d27738c3417db149f8e,2,,false
e9ad5a1956dc1ec172cea80a02ec1280943e385d5cd8996ac9d44ba13e344a6d,0,"Answer: 3

Explanation:
1. The image shows a gaming setup with multiple gaming computers and monitors, which is clearly indicative of a gaming environment. This is a common setup for gaming tournaments, esports events, and gaming rooms.
2. The presence of gaming equipment, such as the gaming computers, monitors, and gaming peripherals, strongly suggests that the primary purpose of this space is hosting esports tournaments.
3. The other two statements are not grounded in the image. There is no indication of office meetings, art exhibitions, or any other activities that would suggest these purposes. The image primarily focuses on gaming equipment and setups, which are clearly related to gaming and esports.",false
e9ad5a1956dc1ec172cea80a02ec1280943e385d5cd8996ac9d44ba13e344a6d,1,,false
e9ad5a1956dc1ec172cea80a02ec1280943e385d5cd8996ac9d44ba13e344a6d,2,,true
b5dfb06be5f689953b1d6eccfd49dc1b96b2854a5fac03c72a08477790430a96,0,"Answer: 1

Explanation:
- The image shows a group of students and adults, likely teachers, gathered outside a building. The students are wearing uniforms, which suggests they are students. The adults are wearing work uniforms, which suggests they are teachers or staff. The presence of a building and the uniforms indicate that this is a school assembly. The students are waving at the camera, which is a common gesture in school assemblies to greet the audience. Therefore, the gathering is a school assembly to promote education and awareness.",true
b5dfb06be5f689953b1d6eccfd49dc1b96b2854a5fac03c72a08477790430a96,1,,false
b5dfb06be5f689953b1d6eccfd49dc1b96b2854a5fac03c72a08477790430a96,2,,false
0a8891aa1329a8c55ebfee1b098f47540f40176e23c855d1fb53aa48162d2457,0,"Answer: 3

Explanation:
1. The image shows a large gathering of people, many of whom are wearing red berets and uniforms, which are commonly associated with military or paramilitary groups. This suggests that a military parade is likely taking place.
2. The presence of a large crowd, flags, and the historical architecture in the background, which includes a church, further supports the idea that this is a military parade. Military parades often involve large public gatherings and are often held near religious sites to honor both the military and the community.
3. The festive decorations, such as the Christmas tree, indicate that this event is taking place during a holiday season. This is not typically associated with a political rally, which would likely be held during a different time of year. Therefore, the statement about a political rally is false.",false
0a8891aa1329a8c55ebfee1b098f47540f40176e23c855d1fb53aa48162d2457,1,,false
0a8891aa1329a8c55ebfee1b098f47540f40176e23c855d1fb53aa48162d2457,2,,true
e7ddde6c7e4d5f85cc5b667bdf5cdd07e9f422ad16a7059fe17a12357d705f7e,0,"Answer: 1

Explanation:
- Statement 1: The Star of David on the Israeli flag represents Judaism and Jewish identity. True. The Star of David is a well-known symbol of Judaism and Jewish identity, representing the Jewish people and their connection to the ancient Jewish people. It is prominently displayed on the Israeli flag to signify the nation's identity and heritage.

- Statement 2: The Star of David on the Israeli flag symbolizes peace and unity. True. The Star of David is a symbol of peace and unity, representing the unity of the Jewish people and their desire for peace and reconciliation. It is prominently displayed on the Israeli flag to signify the nation's commitment to peace and unity.

- Statement 3: The Star of David on the Israeli flag is a decorative design with no specific meaning. False. The Star of David is a significant symbol with deep religious and cultural meaning, representing Judaism and Jewish identity. It is not a decorative design but a symbol with a specific meaning.",true
e7ddde6c7e4d5f85cc5b667bdf5cdd07e9f422ad16a7059fe17a12357d705f7e,1,,false
e7ddde6c7e4d5f85cc5b667bdf5cdd07e9f422ad16a7059fe17a12357d705f7e,2,,false
5cd6b2cb0c17580da11f38f22447f4f0841ddc06773b69478e68ed08a000908a,0,"Answer: 2

Explanation:
1. The tall city buildings in the background do not contribute most to the ambiance of this outdoor dining setting. They are not visible in the image, so this statement is false.
2. The gradient colors of the sunset sky contribute most to the ambiance of this outdoor dining setting. The soft, pastel hues of the sky create a serene and peaceful atmosphere, which is ideal for dining. This statement is true.
3. The presence of sports equipment does not contribute most to the ambiance of this outdoor dining setting. The image focuses on the dining area and the sunset, not on sports equipment. This statement is false.",false
5cd6b2cb0c17580da11f38f22447f4f0841ddc06773b69478e68ed08a000908a,1,,true
5cd6b2cb0c17580da11f38f22447f4f0841ddc06773b69478e68ed08a000908a,2,,false
09fe2909fd5f095ae05fdabd1939beead6ffa8db51157f07e5e9eb37ca4d0fa1,0,"Answer: 2

Explanation:
1. The mural in the background of the image features an abstract and colorful design. This statement is grounded in the image. The mural is indeed colorful and abstract, with various shapes and patterns that are characteristic of such artworks.
2. The mural in the background of the image features an abstract and colorful design. This statement is grounded in the image. The mural is described as having an abstract and colorful design, which is consistent with the visual information provided in the image.
3. The mural in the background of the image features minimalist geometric shapes. This statement is grounded in the image. The mural does not feature minimalist geometric shapes; instead, it has a more complex and colorful design with various shapes and patterns.",false
09fe2909fd5f095ae05fdabd1939beead6ffa8db51157f07e5e9eb37ca4d0fa1,1,,true
09fe2909fd5f095ae05fdabd1939beead6ffa8db51157f07e5e9eb37ca4d0fa1,2,,false
4af9a07aff7759bb3bc0ff9ce1eb613b95c1c1a354487622c731ecd4c174eae4,0,"Answer: X

Explanation:
Statement 1: The crucifix is most likely constructed from wood and metal. True.
The image shows a crucifix that appears to be made of wood and metal. The wood has a natural grain pattern, and the metal parts, including the cross arms and the base, are visible and appear to be made of metal. The crucifix is a common religious symbol, and it is common for such symbols to be made of wood and metal.

Statement 2: The crucifix is most likely constructed from plastic and glass. False.
Plastic and glass are not materials commonly used for religious crucifixes. The crucifix in the image is made of metal, which is a durable and traditional material for such religious symbols.

Statement 3: The crucifix is most likely constructed from stone and ceramic. False.
Stone and ceramic are not materials commonly used for religious crucifixes. The crucifix in the image is made of metal, which is a durable and traditional material for such religious symbols. ||| True ||| False. The crucifix is most likely constructed from wood and metal. ||| False",true
4af9a07aff7759bb3bc0ff9ce1eb613b95c1c1a354487622c731ecd4c174eae4,1,,false
4af9a07aff7759bb3bc0ff9ce1eb613b95c1c1a354487622c731ecd4c174eae4,2,,false
34e68cb39b33220621fc39a8dbaaae0150262b02de045dab8516c34908a61005,0,"Answer: 1

Explanation:
- The image depicts a Middle Eastern city, as evidenced by the architecture, the presence of a mosque, and the style of the buildings. The mosque's minaret and the overall design of the buildings are characteristic of Middle Eastern architecture.
- The other two statements are not grounded in the image. Statement 2 is plausible-sounding but not accurate because the architecture and general appearance of the buildings do not suggest a European city. The image shows a Middle Eastern city, not a European one. Statement 3 is also plausible-sounding but not accurate because the architecture and general appearance of the buildings do not suggest a South American city. The image shows a Middle Eastern city, not a South American one.",true
34e68cb39b33220621fc39a8dbaaae0150262b02de045dab8516c34908a61005,1,,false
34e68cb39b33220621fc39a8dbaaae0150262b02de045dab8516c34908a61005,2,,false
3dc6730a21a436da006081244906771f6a7e58e471fde3349a88ea07150c0ece,0,"Answer: 1

Explanation:
- The image shows a group of people dancing, which is characteristic of Arabic dance. The dancers are wearing traditional attire and are engaged in a lively performance, which is typical of Arabic dance styles.
- The other two statements are not grounded in the image. There is no indication of Western ballet or Indian classical dance in the image. The dancers are wearing traditional attire and performing a dance style that is commonly associated with Arabic dance.",true
3dc6730a21a436da006081244906771f6a7e58e471fde3349a88ea07150c0ece,1,,false
3dc6730a21a436da006081244906771f6a7e58e471fde3349a88ea07150c0ece,2,,false
7b1c3cfcfb14efc917cb493837052fa06b1297a72a8c1c5220eae5df73312d01,0,Answer: 1,true
7b1c3cfcfb14efc917cb493837052fa06b1297a72a8c1c5220eae5df73312d01,1,,false
7b1c3cfcfb14efc917cb493837052fa06b1297a72a8c1c5220eae5df73312d01,2,,false
9bc56a33ed0006f7034a9b56be06e58ac8c8ee214611268364fdd10ed7bacd11,0,"Answer: 3

Explanation:
1. The building with the 'Old City Pharmacy' sign is likely a pharmacy. This is grounded in the image as the sign clearly indicates that it is a pharmacy.
2. The building with the 'Old City Pharmacy' sign is likely a pharmacy. This is also grounded in the image as the sign clearly indicates that it is a pharmacy.
3. The building with the 'Old City Pharmacy' sign is likely a pharmacy. This is grounded in the image as the sign clearly indicates that it is a pharmacy.",false
9bc56a33ed0006f7034a9b56be06e58ac8c8ee214611268364fdd10ed7bacd11,1,,false
9bc56a33ed0006f7034a9b56be06e58ac8c8ee214611268364fdd10ed7bacd11,2,,true
d420ebb7925086882bc394b4763871b0039ef1db091adb2e14028b50b1dbc364,0,"Answer: 1

Explanation:
- The image shows a cave with stone walls and domes, which is a well-known site in the Middle East, specifically in Jerusalem. This is a historical and religious site, and the description matches the actual appearance of the Cave of the Patriarchs.
- The statement ""Glass panels and steel beams can be observed in the Cave of the Patriarchs in the image"" is false. There are no glass panels or steel beams visible in the image. The image shows stone walls and domes, which are characteristic of the cave's architecture.",true
d420ebb7925086882bc394b4763871b0039ef1db091adb2e14028b50b1dbc364,1,,false
d420ebb7925086882bc394b4763871b0039ef1db091adb2e14028b50b1dbc364,2,,false
bb2bf3a692d94989c4072f90246e5d9c6bf5f44c8d7f6d3adb869eccaca99b03,0,"Answer: 2

Explanation:
1. The statement ""The primary purpose of the screened porch visible in the cabin is to act as a decorative feature"" is grounded in the image. The porch is clearly visible and appears to be designed with aesthetic appeal in mind. The porch is also well-lit, suggesting it is meant to be a welcoming and visually appealing feature of the cabin.
2. The statement ""The primary purpose of the screened porch visible in the cabin is to provide an outdoor space free from insects"" is not grounded in the image. The porch is not visible in the image, and there is no indication that it is designed to provide an outdoor space free from insects. The porch is likely a screened porch, but it is not visible in the image.
3. The statement ""The primary purpose of the screened porch visible in the cabin is to serve as storage for tools"" is not grounded in the image. The porch is not visible in the image, and there is no indication that it is designed for storage of tools. The porch is likely a screened porch, but it is not visible in the image.",false
bb2bf3a692d94989c4072f90246e5d9c6bf5f44c8d7f6d3adb869eccaca99b03,1,,true
bb2bf3a692d94989c4072f90246e5d9c6bf5f44c8d7f6d3adb869eccaca99b03,2,,false
f6934f8de9cb64ff3639e46e8b44b2549754aa674b5671d74f6ddd70e724284f,0,"Answer: 1

Explanation:
- The image shows food items such as falafel, which is a staple in Middle Eastern cuisine.
- The presence of falafel, along with other items like pickles and vegetables, strongly suggests that the cuisine is Middle Eastern.

Statement 2 is false because the food items shown do not resemble Italian cuisine. Italian cuisine typically includes pasta, pizza, and various types of meat dishes, none of which are present in the image.

Statement 3 is false because the food items shown do not resemble Mexican cuisine. Mexican cuisine includes dishes like tacos, enchiladas, and various types of rice and beans, none of which are present in the image.",true
f6934f8de9cb64ff3639e46e8b44b2549754aa674b5671d74f6ddd70e724284f,1,,false
f6934f8de9cb64ff3639e46e8b44b2549754aa674b5671d74f6ddd70e724284f,2,,false
36746a766496ac85da822d8954982f261c1efc97bb1d8ec26e723a0b864324dc,0,"Answer: 1

Explanation:
- The stacked stones in the image are clearly part of a natural formation, not a modern art installation. The stones are arranged in a way that suggests they have been naturally deposited over time, likely by water flow or wind erosion. This is a common feature in many natural rock formations.
- The statement that the stones are part of an ancient dwelling or structure is not grounded in the image. The stones do not appear to be part of any human-made structures or artifacts. They are simply part of the natural landscape.",true
36746a766496ac85da822d8954982f261c1efc97bb1d8ec26e723a0b864324dc,1,,false
36746a766496ac85da822d8954982f261c1efc97bb1d8ec26e723a0b864324dc,2,,false
75137521cfa7da02e3c1fbe6781272109c71c2a8b9395aa58094fa8e446fe209,0,"Answer: 2

Explanation:
1. The planter in the image is made of woven natural fibers. This statement is grounded in the image. The planter is clearly visible and has a woven texture, which is characteristic of natural fibers.
2. The planter in the image is made of metal. This statement is not grounded in the image. The planter is made of a woven natural fiber, not metal. The image clearly shows the woven texture of the planter, which is different from the smooth, shiny surface of metal.
3. The planter in the image is made of plastic. This statement is not grounded in the image. The planter is made of a woven natural fiber, not plastic. The image clearly shows the woven texture of the planter, which is different from the smooth, shiny surface of plastic.",false
75137521cfa7da02e3c1fbe6781272109c71c2a8b9395aa58094fa8e446fe209,1,,true
75137521cfa7da02e3c1fbe6781272109c71c2a8b9395aa58094fa8e446fe209,2,,false
3329d973bbe7104e2f633eece86ffd1f2c1b7bb05f4355a9f5a6aa9e3176f191,0,"Answer: 2

Explanation:
- The image clearly shows that the handles of the handbag are made from wood. The handles are described as being made from a natural material, which is consistent with the appearance of wood. The other options are not supported by the image: metal, plastic, and other materials are not mentioned or implied in the image.",false
3329d973bbe7104e2f633eece86ffd1f2c1b7bb05f4355a9f5a6aa9e3176f191,1,,true
3329d973bbe7104e2f633eece86ffd1f2c1b7bb05f4355a9f5a6aa9e3176f191,2,,false
d29bbbf0c52ccecc47a37cc07cc4ae855f44ff4c612e609f2670a6cbd5afd9b6,0,"Answer: 1

Explanation:
- The manuscript is written in Arabic script, not Greek, Hebrew, or Latin.
- The script is consistent with Arabic script, which is used in the Arabic language.
- The other two options are not supported by the visual evidence in the image.",true
d29bbbf0c52ccecc47a37cc07cc4ae855f44ff4c612e609f2670a6cbd5afd9b6,1,,false
d29bbbf0c52ccecc47a37cc07cc4ae855f44ff4c612e609f2670a6cbd5afd9b6,2,,false
14e6efea3eac5ff92178bba9dcd00378ffd780cb0445a1a81df7dbef9e667a26,0,"Answer: 3

Explanation:
1. The image shows a landscape with olive trees. Olive trees are known for their characteristic shape and foliage, which is consistent with the trees visible in the image.
2. The image does not show any palm trees, which are typically characterized by their broad, flat leaves and palmate shape.
3. The image does not show any pine trees, which are typically evergreen and have needle-like leaves.",false
14e6efea3eac5ff92178bba9dcd00378ffd780cb0445a1a81df7dbef9e667a26,1,,false
14e6efea3eac5ff92178bba9dcd00378ffd780cb0445a1a81df7dbef9e667a26,2,,true
1335e0592fa2a0a8a3a32a34d205df1a9071db99d9e637734c3732a32d017555,0,"Answer: 1

Explanation:
Statement 1: True
The fort's location along the coastline was indeed intended to serve as a defensive structure against naval attacks. Fortifications along coastlines were common in ancient times to protect against invasions by sea. The strategic positioning of the fort would have provided a vantage point to monitor and defend against incoming naval forces.

Statement 2: False
The fort's location along the coastline was not intended to act as a storage facility for trade goods. Storage facilities for trade goods were typically located inland, away from coastal defenses. The primary purpose of coastal fortifications was to protect against naval attacks, not to store goods.

Statement 3: False
The fort's location along the coastline was not intended to provide a scenic tourist attraction. Coastal fortifications were primarily built for defensive purposes and were not designed to be attractive or appealing to tourists. The primary focus of such structures was to protect the inhabitants and resources from invaders, not to serve as a tourist attraction.",true
1335e0592fa2a0a8a3a32a34d205df1a9071db99d9e637734c3732a32d017555,1,,false
1335e0592fa2a0a8a3a32a34d205df1a9071db99d9e637734c3732a32d017555,2,,false
977cfea717bac9e874cffd295341223d8faae55d66eeefb333ac9c10b621ba23,0,"Answer: 2

Explanation:
1. The image shows a facility with multiple people engaged in golf activities. The individuals are using golf clubs and practicing their swings on green mats placed on the ground.
2. The primary purpose of the facility shown in the image is practicing golf swings. This is evident from the presence of golf clubs, the green mats, and the individuals engaged in golf-related activities.",false
977cfea717bac9e874cffd295341223d8faae55d66eeefb333ac9c10b621ba23,1,,true
977cfea717bac9e874cffd295341223d8faae55d66eeefb333ac9c10b621ba23,2,,false
06c36a70dc8535a9316c1cb3a26003c141d02cc0a39a26b52089bc33f1416586,0,"Answer: 1

Explanation:
- The image shows a nighttime scene with a starry sky and a series of undulating sand dunes. The primary visual feature is indeed the sand dunes illuminated under the starry sky.
- Statement 2 is false because the image does not depict a cityscape with lights. The image is of a desert landscape at night, not a city.
- Statement 3 is false because the image does not depict a dense forest at night. The image shows sand dunes, not a forest.",true
06c36a70dc8535a9316c1cb3a26003c141d02cc0a39a26b52089bc33f1416586,1,,false
06c36a70dc8535a9316c1cb3a26003c141d02cc0a39a26b52089bc33f1416586,2,,false
5577cc59b56fa5692b2a1e51d2aaee52d73a6550ebfec2d55249a96bb8b3a60b,0,"Answer: 1

Explanation:
- The dish shown in the image is not Paella. Paella is a Spanish rice dish, typically made with saffron, seafood, and vegetables, and is not the same as the dish in the image. The dish in the image is a chicken and rice dish, which is more characteristic of a Spanish or Mediterranean cuisine, not a Spanish rice dish.

- The dish shown in the image is not Biryani. Biryani is a North Indian dish made with rice, meat (usually chicken or lamb), and spices, and is not the same as the dish in the image. The dish in the image is a chicken and rice dish, which is more characteristic of a Spanish or Mediterranean cuisine, not a North Indian dish.

- The dish shown in the image is not Risotto. Risotto is an Italian rice dish, typically made with broth, wine, and cheese, and is not the same as the dish in the image. The dish in the image is a chicken and rice dish, which is more characteristic of a Spanish or Mediterranean cuisine, not an Italian dish.",true
5577cc59b56fa5692b2a1e51d2aaee52d73a6550ebfec2d55249a96bb8b3a60b,1,,false
5577cc59b56fa5692b2a1e51d2aaee52d73a6550ebfec2d55249a96bb8b3a60b,2,,false
e7964d23045b0cd421bcf387c86a8b2b073f553c5492c8fe7ecceff6bd96699e,0,"Answer: 2

Explanation:
1. The primary function of the red carpet in the mosque is not to reduce noise within the mosque. In fact, the red carpet is often used to create a sense of order and to guide worshippers towards the prayer area.
2. The primary function of the red carpet in the mosque is to serve as a prayer area for worshippers. This is a well-known function of the carpet, as it is often placed in the center of the prayer hall to facilitate the procession of the faithful during prayers.
3. The primary function of the red carpet in the mosque is not to enhance the visual appeal of the mosque. While the carpet does add a decorative element to the space, its primary purpose is functional, specifically to guide the congregation towards the prayer area.",false
e7964d23045b0cd421bcf387c86a8b2b073f553c5492c8fe7ecceff6bd96699e,1,,true
e7964d23045b0cd421bcf387c86a8b2b073f553c5492c8fe7ecceff6bd96699e,2,,false
87541278eafea5178d69886a36f37e2bef5a9613add380dc054040c7ae0b327f,0,"Answer: 3

Explanation:
1. The large golden thumb sculpture is located in an outdoor plaza surrounded by traditional buildings. This statement is grounded in the image as the sculpture is clearly situated in an open area with buildings in the background. The plaza and traditional buildings provide context for its location.
2. The large golden thumb sculpture is located inside a museum setting. This statement is false because the sculpture is not inside a museum; it is in an outdoor plaza. Museums typically have enclosed spaces with glass walls or ceilings, which are not visible in the image.
3. The large golden thumb sculpture is located on a busy street intersection. This statement is false because the sculpture is not located on a street intersection; it is in an open plaza surrounded by buildings.",false
87541278eafea5178d69886a36f37e2bef5a9613add380dc054040c7ae0b327f,1,,false
87541278eafea5178d69886a36f37e2bef5a9613add380dc054040c7ae0b327f,2,,true
58923b56fdd28e58025099068541a8b59b4846ea58bde6b95db925f41fceaa07,0,"Answer: 1

Explanation:
1. The image shows a lively outdoor dining scene with people seated at tables under umbrellas, enjoying the evening. This clearly indicates that the primary activity taking place is outdoor dining.
2. The image does not show any cultural performances or markets. The focus is on the dining area, and there are no indications of cultural performances or market activities.
3. The image does not show any shopping activities. The primary focus is on the dining area, and there are no indications of shopping activities.",true
58923b56fdd28e58025099068541a8b59b4846ea58bde6b95db925f41fceaa07,1,,false
58923b56fdd28e58025099068541a8b59b4846ea58bde6b95db925f41fceaa07,2,,false
45b58277ea3e68d85193c0816f5cb484dd20e3896e86a7c43cb0a8d2c75e1682,0,"Answer: 3

Explanation:
1. The circular platform visible in the image is not a rooftop restaurant. Rooftop restaurants typically have a flat roof, while the platform in the image has a curved, tiered design, which is characteristic of a helipad.
2. The circular platform visible in the image is not a swimming pool. Swimming pools are usually rectangular or oval-shaped, with a flat bottom and a sloping top, which is not the design of the platform in the image.
3. The circular platform visible in the image is a helicopter landing pad. Helicopter landing pads are designed to accommodate helicopters and have a circular shape with a flat surface at the top, which matches the design of the platform in the image.",false
45b58277ea3e68d85193c0816f5cb484dd20e3896e86a7c43cb0a8d2c75e1682,1,,false
45b58277ea3e68d85193c0816f5cb484dd20e3896e86a7c43cb0a8d2c75e1682,2,,true
cda242553d0ba9f1813b5d1a7e3810d8d0134e4784a4da3d240c426235d9e2d6,0,"Answer: 2

Explanation:
1. The dhow boat in this image is not powered by advanced engines and modern technologies. The boat appears to be a traditional wooden vessel, which is not indicative of modern technology or advanced engines.
2. The dhow boat in this image is made entirely of wood and showcases traditional craftsmanship. This statement is grounded because the boat is clearly made of wood and has traditional design elements, such as the wooden structure and the wooden railing.
3. The dhow boat in this image is designed for high-speed racing. This statement is false because the boat is a traditional wooden dhow, which is not designed for high-speed racing. It is more likely used for leisure or short-distance travel rather than for racing.",false
cda242553d0ba9f1813b5d1a7e3810d8d0134e4784a4da3d240c426235d9e2d6,1,,true
cda242553d0ba9f1813b5d1a7e3810d8d0134e4784a4da3d240c426235d9e2d6,2,,false
3d398b623d455f0195413a2b961cd229ca06709d31239ac9ed7f4fd4991eef62,0,"Answer: 1

Explanation:
Statement 1: The colorful building facades are most likely intended to enhance aesthetic appeal. True.
The colorful building facades are visually striking and can attract attention, which is a common design strategy to enhance aesthetic appeal. The vibrant colors and modern design can make the building more visually appealing and attractive to passersby.

Statement 2: The colorful building facades are most likely intended to reduce heat absorption. False.
Colorful building facades are generally not designed to reduce heat absorption. Instead, they are often used to reflect sunlight and reduce cooling costs by minimizing the need for air conditioning. The primary purpose of colorful facades is to enhance visual appeal and attractiveness, not to reduce heat absorption.

Statement 3: The colorful building facades are most likely intended to provide structural support. False.
Colorful building facades are not typically designed to provide structural support. The primary purpose of colorful facades is aesthetic enhancement rather than structural support. Structural support is usually provided by the building's foundation, walls, and other structural elements.",true
3d398b623d455f0195413a2b961cd229ca06709d31239ac9ed7f4fd4991eef62,1,,false
3d398b623d455f0195413a2b961cd229ca06709d31239ac9ed7f4fd4991eef62,2,,false
7db71561f1dbb62ed2cf6bfaf1d41c49368ef795eebf4f10ce062430b7b9f895,0,"Answer: 3

Explanation:
1. The primary activity shown in the image is a traditional dhow sailing race. This is grounded because the image depicts multiple traditional dhow boats with sails unfurled, indicating a sailing race. The presence of multiple boats and the organized nature of the scene suggest a competitive sailing event.
2. The primary activity shown in the image is a leisure boat ride. This is false. The primary activity is a traditional dhow sailing race, not a leisure boat ride. The image shows boats engaged in a competitive sailing event, not a leisurely ride.
3. The primary activity shown in the image is a fishing expedition. This is false. The primary activity is a traditional dhow sailing race, not a fishing expedition. The image shows boats engaged in a sailing race, not fishing.",false
7db71561f1dbb62ed2cf6bfaf1d41c49368ef795eebf4f10ce062430b7b9f895,1,,false
7db71561f1dbb62ed2cf6bfaf1d41c49368ef795eebf4f10ce062430b7b9f895,2,,true
504f1d7203d2b9358ea756410c3aa40b37fa86b10114e337eff7519ed7e80dd9,0,"Answer: 3

Explanation:
1. The traditional dhow boat in the image is a type of fishing boat, not a military or luxury boat.
2. The primary function of the traditional dhow boat is indeed fishing and trading, as it is a type of boat commonly used for these purposes.
3. The statement that the primary function of the traditional dhow boat is military operations is false. The primary function is fishing and trading, not military operations.",false
504f1d7203d2b9358ea756410c3aa40b37fa86b10114e337eff7519ed7e80dd9,1,,false
504f1d7203d2b9358ea756410c3aa40b37fa86b10114e337eff7519ed7e80dd9,2,,true
5d855e7ffd6a9d99385d14ef078cabd01e2ccccbfc243656bd69b75b841b6be2,0,"Answer: 2

Explanation:
1. The image shows a large crowd of people in a stadium, many of whom are wearing traditional Middle Eastern attire, such as white robes and headscarves. This suggests that the event is culturally significant and likely has a religious or ceremonial purpose.
2. The presence of people holding flags and banners, as well as the overall atmosphere of the crowd, indicates that the event is organized and has a specific purpose, which is more likely to be a political rally rather than a music concert or sports event. Political rallies often involve large gatherings of people wearing traditional attire and holding flags, which is consistent with the image.
3. The image does not show any musical instruments, stage equipment, or signs indicating a music concert. Therefore, the main activity taking place is not a music concert.",false
5d855e7ffd6a9d99385d14ef078cabd01e2ccccbfc243656bd69b75b841b6be2,1,,true
5d855e7ffd6a9d99385d14ef078cabd01e2ccccbfc243656bd69b75b841b6be2,2,,false
ecd6cc45aff64746aa989788fbc92b63d54c1575232b30a5d15edfc530cccac3,0,"Answer: 1

Explanation:
- Statement 1: The image shows a museum exhibit with various artifacts and a large framed piece of art. The artifacts appear to be historical or religious in nature, such as ancient scripts and artifacts. The large framed piece of art also seems to be of historical or religious significance. Therefore, the primary purpose of the exhibit is to showcase religious artifacts and scriptures. This statement is grounded in the image.

- Statement 2: The exhibit does not display modern art pieces. The large framed piece of art is of historical or religious significance, and the artifacts on display are also ancient. Therefore, the primary purpose of the exhibit is not to exhibit modern art pieces. This statement is false.

- Statement 3: The exhibit does not display ancient scientific instruments. The artifacts on display are ancient and religious in nature, and the large framed piece of art is also of historical or religious significance. Therefore, the primary purpose of the exhibit is not to display ancient scientific instruments. This statement is false.",true
ecd6cc45aff64746aa989788fbc92b63d54c1575232b30a5d15edfc530cccac3,1,,false
ecd6cc45aff64746aa989788fbc92b63d54c1575232b30a5d15edfc530cccac3,2,,false
5b71bbf20182b6d949477f3614318e05e59d56f1cf91eb1808fd47ec3652cc69,0,"Answer: 1

Explanation:
Statement 1: The sculpture featured on the waterfront is a metallic abstract form inspired by Arabic calligraphy. True.
The sculpture is indeed a metallic abstract form with Arabic calligraphy inscribed on it. The calligraphy is a traditional art form in the Arab world, often used in public art to convey messages or celebrate cultural heritage.

Statement 2: The sculpture featured on the waterfront is a stone statue depicting a historical figure. False.
The sculpture is not a stone statue; it is a metallic abstract form. It does not depict a historical figure; instead, it is inspired by Arabic calligraphy.

Statement 3: The sculpture featured on the waterfront is a wooden installation shaped like a musical instrument. False.
The sculpture is not wooden; it is metallic. It is an abstract form, not a musical instrument.",true
5b71bbf20182b6d949477f3614318e05e59d56f1cf91eb1808fd47ec3652cc69,1,,false
5b71bbf20182b6d949477f3614318e05e59d56f1cf91eb1808fd47ec3652cc69,2,,false
a93ce30da83648067b73e70527ff9dd5ce4565d94ced5b45b23bb69d5c634f92,0,"Answer: 1

Explanation:
- The image shows a marketplace scene with traditional Middle Eastern architecture. The buildings have a distinct style with stone walls and arched windows, which is characteristic of traditional Middle Eastern architecture. This style is not Victorian or modern glass architecture, which are distinctly different architectural styles.",true
a93ce30da83648067b73e70527ff9dd5ce4565d94ced5b45b23bb69d5c634f92,1,,false
a93ce30da83648067b73e70527ff9dd5ce4565d94ced5b45b23bb69d5c634f92,2,,false
515cec218ca2944d0ea49ebdb05d56dd40fe6212fba0008844465f48fa6bfc28,0,"Answer: 1

Explanation:
- The metallic sculpture primarily represents Arabic calligraphy. True. The intricate and flowing lines and shapes are characteristic of Arabic calligraphy, which is a form of writing and artistic expression that originated in the Arab world. The sculpture's design and structure are reminiscent of traditional Arabic calligraphy, which often features intricate patterns and calligraphic motifs.

- The metallic sculpture primarily represents African wood carving. False. The sculpture does not resemble traditional African wood carving, which typically involves intricate patterns and designs carved into wood. The design of the sculpture is more aligned with Islamic art, which often features geometric patterns and calligraphy.",true
515cec218ca2944d0ea49ebdb05d56dd40fe6212fba0008844465f48fa6bfc28,1,,false
515cec218ca2944d0ea49ebdb05d56dd40fe6212fba0008844465f48fa6bfc28,2,,false
734044ecb95d9f104b61e778b785049006a35fcc6a8b6b6991db1708a86467a3,0,"Answer: 1

Explanation:
The image shows the exterior of the Louvre Abu Dhabi, which is known for its unique and innovative architecture. The building features a series of interlocking disc shapes that create a dynamic and fluid form. This architectural style is inspired by the desert rose, a symbol of the UAE, and is a distinctive feature of the Louvre Abu Dhabi.

Statement 1 is grounded because the image clearly shows the Louvre Abu Dhabi with its distinctive interlocking disc shapes. The other two statements are not grounded because they either mention a different museum (Guggenheim Museum Bilbao) or a different architectural style (National Museum of Qatar) that do not feature interlocking disc shapes.",true
734044ecb95d9f104b61e778b785049006a35fcc6a8b6b6991db1708a86467a3,1,,false
734044ecb95d9f104b61e778b785049006a35fcc6a8b6b6991db1708a86467a3,2,,false
b21820e5ac32afe5d568380b20010b2d2b041f61cddf119d89d413f1d8978072,0,"Answer: 3

Explanation:
1. The image shows a gaming cafe with vibrant wall art featuring characters from popular comic books and movies. The wall art prominently features Spider-Man and Iron Man.
2. The other two statements are not grounded in the image. Batman and Superman are not featured in the wall art, and Thor and Hulk are not depicted in the image. The wall art only shows Spider-Man and Iron Man.",false
b21820e5ac32afe5d568380b20010b2d2b041f61cddf119d89d413f1d8978072,1,,false
b21820e5ac32afe5d568380b20010b2d2b041f61cddf119d89d413f1d8978072,2,,true
b4e0d22b37c3aa6cda0e692208b111d25f56e11e4ee59e5d5c4cacdb0fae6f07,0,"Answer: 3

Explanation:
1. The image depicts a desert with sedimentary rock formations. True. The image shows a large, eroded rock formation with a distinct texture and coloration typical of sedimentary rocks found in desert environments.
2. The image depicts a desert with sedimentary rock formations. True. The image shows a large, eroded rock formation with a distinct texture and coloration typical of sedimentary rocks found in desert environments.
3. The image depicts a desert with sedimentary rock formations. True. The image shows a large, eroded rock formation with a distinct texture and coloration typical of sedimentary rocks found in desert environments.",false
b4e0d22b37c3aa6cda0e692208b111d25f56e11e4ee59e5d5c4cacdb0fae6f07,1,,false
b4e0d22b37c3aa6cda0e692208b111d25f56e11e4ee59e5d5c4cacdb0fae6f07,2,,true
841801281a0fdfbf869099ad2228e592a62349c4bbdf772b6798e40b9c537f05,0,"Answer: 1

Explanation:
The image depicts a logo with the letters ""DA"" and ""ZN"" in a stylized manner. This logo is not associated with any specific sport. Therefore, the statement that the sport depicted in the image is Mixed Martial Arts is false. The other two statements, ""Boxing"" and ""Wrestling,"" are also false because the image does not represent any of these sports.",true
841801281a0fdfbf869099ad2228e592a62349c4bbdf772b6798e40b9c537f05,1,,false
841801281a0fdfbf869099ad2228e592a62349c4bbdf772b6798e40b9c537f05,2,,false
1ffddf3a6d0845ef11b4770bdcb950f589b04ccf490152e84c0f31bfe3812f29,0,"Answer: 1

Explanation:
Statement 1: True
The image shows a decorative signboard with Arabic calligraphy, which is a common feature in Islamic architecture. Islamic calligraphy is often used to display sacred texts or spiritual messages, such as the Quran. The presence of Arabic calligraphy in the image supports this statement.

Statement 2: False
The primary function of the decorative signboard in Islamic architecture is not to serve as a directional guide for visitors. While Islamic architecture often includes directional signs, these are typically in Arabic script and are meant to provide guidance to visitors, not to display messages. The focus is more on the spiritual and aesthetic aspects of the architecture.

Statement 3: False
The primary function of the decorative signboard in Islamic architecture is not to indicate the entrance to a marketplace. Islamic architecture often includes signboards for markets, but these are typically in Arabic script and are meant to provide information about the market, such as its name, location, and operating hours. The focus is more on the spiritual and aesthetic aspects of the architecture.",true
1ffddf3a6d0845ef11b4770bdcb950f589b04ccf490152e84c0f31bfe3812f29,1,,false
1ffddf3a6d0845ef11b4770bdcb950f589b04ccf490152e84c0f31bfe3812f29,2,,false
5552ca02fc9726322cb39361e72325e422411e104673ebb616498f137877c551,0,"Answer: 1

Explanation:
- The image shows ornate lanterns with intricate designs, which are commonly associated with Islamic culture, particularly during the Islamic holy month of Ramadan.
- Ramadan is a time of fasting, prayer, and reflection, and lanterns are often used in mosques and homes during this period to create a warm and inviting atmosphere.
- The lanterns in the image have intricate patterns and designs that are typical of Islamic art, further supporting their association with Ramadan.

The other two statements are not grounded in the image:
- Christmas is a Christian holiday celebrated on December 25th, and it is not associated with ornate lanterns.
- Diwali, also known as the Festival of Lights, is a Hindu festival celebrated on the 14th day of the lunar month of Kartik, typically in October or November. It is not associated with ornate lanterns either.",true
5552ca02fc9726322cb39361e72325e422411e104673ebb616498f137877c551,1,,false
5552ca02fc9726322cb39361e72325e422411e104673ebb616498f137877c551,2,,false
0ce75b901a6c60bda24eb425e876f020dea77ea2a3ec6b7ae80bd9c78a1f2b46,0,"Answer: 2

Explanation:
1. The building depicted in the image is not a modern museum. The architectural style and materials used suggest it is a historic structure, likely a monastery or a church.
2. The building depicted in the image is not a historic monastery. The architectural style and materials used suggest it is a medieval castle or fortress.
3. The building depicted in the image is not a medieval castle. The architectural style and materials used suggest it is a historic monastery.",false
0ce75b901a6c60bda24eb425e876f020dea77ea2a3ec6b7ae80bd9c78a1f2b46,1,,true
0ce75b901a6c60bda24eb425e876f020dea77ea2a3ec6b7ae80bd9c78a1f2b46,2,,false
9305bb3647a16addd7ebc99c808f2f5cef48af4a48775bc885ca23a4e20060ec,0,"Answer: 2

Explanation:
1. The wooden podium with microphones in the foreground suggests that the space is used for public speeches or religious sermons. This is grounded because the presence of the podium and microphones typically indicates a setting where speeches or sermons are given, which is common in religious or public speaking contexts.
2. The wooden podium with microphones in the foreground suggests that the space is part of a musical performance setup. This is not grounded because the image does not show any musical instruments or musical equipment, nor does it show any indication that the space is used for musical performances.
3. The wooden podium with microphones in the foreground suggests that the space is a market stall for selling goods. This is not grounded because the image does not show any market stalls or any indication that the space is used for selling goods.",false
9305bb3647a16addd7ebc99c808f2f5cef48af4a48775bc885ca23a4e20060ec,1,,true
9305bb3647a16addd7ebc99c808f2f5cef48af4a48775bc885ca23a4e20060ec,2,,false
d390bce021e187e3ea9a54f24b586673cecd31353c60146dcfa76f363b6ffafd,0,"Answer: 1

Explanation:
1. The image shows a paved pathway with people jogging and walking along it. This is evident from the presence of people in motion, walking and jogging, and the pathway itself being clearly visible.
2. The other two statements are not grounded in the image. Statement 2 mentions cycling races, which are not visible or implied in the image. Statement 3 mentions fishing competitions, which are also not present in the image. The image only shows a paved pathway with people walking and jogging, and no indication of fishing or cycling races.",true
d390bce021e187e3ea9a54f24b586673cecd31353c60146dcfa76f363b6ffafd,1,,false
d390bce021e187e3ea9a54f24b586673cecd31353c60146dcfa76f363b6ffafd,2,,false
f5923b613425908d1762bee076ba7023a7ef76a7c0b25201f779d99208396a75,0,"Answer: 2

Explanation:
1. The image shows a café with chairs that have colorful patterned upholstery. This is clearly visible in the image.
2. The statement claiming that the café predominantly features metal stools is false. The image shows metal stools as well, but they are not the primary seating option.
3. The statement claiming that the café predominantly features wooden benches is also false. The image shows wooden benches, but they are not the primary seating option either.",false
f5923b613425908d1762bee076ba7023a7ef76a7c0b25201f779d99208396a75,1,,true
f5923b613425908d1762bee076ba7023a7ef76a7c0b25201f779d99208396a75,2,,false
6c5aa79d0797a37eb1eb5b175565bc24a787d8f8f11ade429a6858e524abd640,0,"Answer: 1

Explanation:
- The image depicts an automated train system. True. The train is clearly an automated train, characterized by its streamlined design and the presence of overhead electric lines, which are typical of modern automated train systems. The train is also moving on tracks, which is another characteristic of automated train systems.

- The image depicts a cable car system. False. There is no visible cable car system in the image. The image shows a modern train system, not a cable car system. Additionally, the train is not moving on tracks that are typically used for cable cars, which are usually elevated above the ground.",true
6c5aa79d0797a37eb1eb5b175565bc24a787d8f8f11ade429a6858e524abd640,1,,false
6c5aa79d0797a37eb1eb5b175565bc24a787d8f8f11ade429a6858e524abd640,2,,false
f33660d26463e55f45c6ec239ec12520a626eb4dd4edc178a5c5bd2eae104ea8,0,"Answer: 1

Explanation:
- The image shows a traditional wooden dhow docked by the shore. This is evident from the image of the boat being a traditional wooden dhow, which is a type of sailing vessel commonly used in the Arab world for fishing and transport.
- The other two statements are not grounded in the image. Statement 2 mentions a modern yacht, which is not visible in the image. Statement 3 mentions a fishing trawler, which is also not visible in the image. The image shows a traditional wooden dhow, not a modern yacht or a fishing trawler.",true
f33660d26463e55f45c6ec239ec12520a626eb4dd4edc178a5c5bd2eae104ea8,1,,false
f33660d26463e55f45c6ec239ec12520a626eb4dd4edc178a5c5bd2eae104ea8,2,,false
f56157039ac4ae1f02bcc670974abb2b7c55861388dd63e331d62211362cc645,0,"Answer: 1

Explanation:
1. The central painting in the gallery is a colorful abstract work featuring stylized human figures and a detailed background. True. The painting is vibrant and abstract, with stylized human figures and a detailed background, which is characteristic of abstract art. The colors and shapes used are not realistic representations of people and objects, but rather stylized and imaginative interpretations.
2. The central painting in the gallery is a monochrome landscape with minimal detail. False. The painting is not monochrome; it is colorful and abstract. The details in the painting are minimal, focusing more on the overall composition and color scheme rather than fine details.
3. The central painting in the gallery is a realistic portrait of a single individual. False. The painting is abstract and does not depict a realistic portrait of a single individual. It features stylized human figures and a detailed background, not a realistic portrait.",true
f56157039ac4ae1f02bcc670974abb2b7c55861388dd63e331d62211362cc645,1,,false
f56157039ac4ae1f02bcc670974abb2b7c55861388dd63e331d62211362cc645,2,,false
7414d2cbe73a8c258ec24483aff81cf2141cbd85c092017e8559d9ec1455e9d5,0,"Answer: 3

Explanation:
1. The primary style of the room where the group is gathered is industrial-style. 
   - The image shows a room with exposed brick walls, high ceilings, and industrial lighting fixtures. These elements are characteristic of an industrial-style space. The concrete floor and the large, abstract sculpture also contribute to the industrial aesthetic.

2. The primary style of the room where the group is gathered is minimalist-style.
   - The image does not show any minimalist-style elements such as clean lines, simple shapes, or a lack of decoration. The room has a more industrial feel, which is different from minimalist-style spaces.

3. The primary style of the room where the group is gathered is Victorian-style.
   - The image does not show any Victorian-style elements such as ornate details, intricate patterns, or a historical or romantic aesthetic. The room has a more modern industrial feel, which is different from Victorian-style spaces.",false
7414d2cbe73a8c258ec24483aff81cf2141cbd85c092017e8559d9ec1455e9d5,1,,false
7414d2cbe73a8c258ec24483aff81cf2141cbd85c092017e8559d9ec1455e9d5,2,,true
1fca5455a9bc0144853d07fbb9bf91c6bd3bf4dcae9ac3f7d169c1eb3ad5d642,0,"Answer: 3

Explanation:
1. The image shows a body of water with a clear horizon line, which is characteristic of a boat.
2. The railing and the perspective suggest that it is a moving vessel, which is consistent with a boat.
3. The absence of any visible structure or design that is typical of a train or an airplane makes it unlikely to be either of those.",false
1fca5455a9bc0144853d07fbb9bf91c6bd3bf4dcae9ac3f7d169c1eb3ad5d642,1,,false
1fca5455a9bc0144853d07fbb9bf91c6bd3bf4dcae9ac3f7d169c1eb3ad5d642,2,,true
da01de58b9eb98475e60bbbcc120520e8007cfc6d48004b913a945d86be19f41,0,"Answer: 2

Explanation:
1. The primary function of the red carpet is not to provide a soft surface for walking. The red carpet is typically used to guide people walking in a procession, as it creates a clear path and adds a ceremonial touch to the event.
2. The primary function of the red carpet is indeed to guide people walking in a procession. This is a common use of red carpets in formal events and ceremonies.
3. The primary function of the red carpet is not to add color to the room's decor. While red carpets can add a vibrant color to the room, their primary purpose is to guide people in a procession, not to enhance the room's decor.",false
da01de58b9eb98475e60bbbcc120520e8007cfc6d48004b913a945d86be19f41,1,,true
da01de58b9eb98475e60bbbcc120520e8007cfc6d48004b913a945d86be19f41,2,,false
12f9128f8ffc520cfe180ed5a8546145805adfb93d0e4610baa75c9fb2f82f70,0,"Answer: 3

Explanation:
1. The image shows camels being ridden by people, which indicates that camels are primarily used for transportation and carrying goods.
2. The presence of people interacting with the camels and the fact that they are being ridden suggests that camels are used for transportation and carrying goods.
3. The other two statements are not grounded in the image. Camels are not primarily used for guarding property, racing, or carrying goods.",false
12f9128f8ffc520cfe180ed5a8546145805adfb93d0e4610baa75c9fb2f82f70,1,,false
12f9128f8ffc520cfe180ed5a8546145805adfb93d0e4610baa75c9fb2f82f70,2,,true
bc41823c33193898b0b0661b0b2c9d8475dd17293e79ef40b1b9d2915c321708,0,"Answer: 1

Explanation:
- The image depicts a large gathering of people in a large, open space, which is characteristic of the Hajj pilgrimage. The large number of people and the central location of the Kaaba in the image are indicative of the Hajj pilgrimage, where millions of Muslims from around the world gather to perform the pilgrimage to Mecca.

- The other two statements are not grounded in the image:
  - Statement 2: The image does not show a regular Friday prayer gathering. While the Kaaba is a significant site in Islam, it is not typically the focus of a Friday prayer gathering. The Friday prayer is a communal prayer performed by Muslims around the world, but it is not a large-scale event like the Hajj pilgrimage.
  - Statement 3: The image does not depict the ceremonial replacement of the Kaaba's cloth covering (Kiswa). This event is a significant part of the Hajj pilgrimage, but it is not the central focus of the image. The Kaaba is the most sacred site in Islam, and the Kiswa is a symbol of its sanctity, but it is not the main event shown in the image.",true
bc41823c33193898b0b0661b0b2c9d8475dd17293e79ef40b1b9d2915c321708,1,,false
bc41823c33193898b0b0661b0b2c9d8475dd17293e79ef40b1b9d2915c321708,2,,false
ef6a7c5b7782e4cca6367aa7dae0f6dc1fb210c9d36f9e1cd94933639a48050b,0,"Answer: 2

Explanation:
1. The image shows a grand interior with ornate decorations and columns, which is characteristic of a mosque. Mosques are primarily used for religious gatherings and prayers, not for markets or art exhibitions.
2. The architectural style, with its intricate designs and calligraphy, is typical of Islamic architecture, which is used for religious purposes. Therefore, the primary purpose of the space shown in the image is to host religious gatherings and prayers.",false
ef6a7c5b7782e4cca6367aa7dae0f6dc1fb210c9d36f9e1cd94933639a48050b,1,,true
ef6a7c5b7782e4cca6367aa7dae0f6dc1fb210c9d36f9e1cd94933639a48050b,2,,false
341ba0dbec8b2080e3222ac00c54d32afa3e5f1114fcc0e1348b8b2a71179c3f,0,"Answer: 1

Explanation:
- The dish in the image most likely belongs to Indian cuisine. True. The dish features rice, a common component in Indian cuisine, and the presence of a creamy white sauce, which is often seen in Indian dishes like biryani or pilaf. Additionally, the garnish of cilantro is a common ingredient in Indian dishes. The overall presentation and ingredients align with typical Indian culinary practices.",true
341ba0dbec8b2080e3222ac00c54d32afa3e5f1114fcc0e1348b8b2a71179c3f,1,,false
341ba0dbec8b2080e3222ac00c54d32afa3e5f1114fcc0e1348b8b2a71179c3f,2,,false
4836a89f12bca1d7053e5ea0408e86e5e6b670eb5ec40e33d6fc678d199f8fbd,0,"Answer: 1

Explanation:
- The image shows mud-brick architecture and palm trees, which are characteristic of the Middle East. The Middle Eastern landscape is known for its use of mud-brick construction and the presence of palm trees.
- The other two statements are not grounded in the image. Mud-brick architecture and palm trees are not commonly found in South America, Scandinavia, or the Middle East. These regions have different architectural styles and climates that do not support the use of mud-brick and palm trees.",true
4836a89f12bca1d7053e5ea0408e86e5e6b670eb5ec40e33d6fc678d199f8fbd,1,,false
4836a89f12bca1d7053e5ea0408e86e5e6b670eb5ec40e33d6fc678d199f8fbd,2,,false
22ec4a987fcc96e513e9504376b7739a40dd1cfafd92967bc87629d08abf6803,0,"Answer: 1

Explanation:
- The image shows a large gathering of people around the Kaaba, which is the most sacred site in Islam. The Kaaba is the direction towards Mecca, and the ritual being performed around it is Salah, the Islamic prayer.
- Salah is a daily prayer performed by Muslims around the Kaaba, and it is a fundamental part of Islamic worship.
- The other two statements are not grounded in the image:
  - Tawaf is a ritual performed around the Kaaba during the Hajj pilgrimage, not a daily prayer.
  - Zakat is a financial donation to the poor, which is not performed around the Kaaba.",true
22ec4a987fcc96e513e9504376b7739a40dd1cfafd92967bc87629d08abf6803,1,,false
22ec4a987fcc96e513e9504376b7739a40dd1cfafd92967bc87629d08abf6803,2,,false
2206b28c4b0e34d224639b28a8e3a5c28f446eac06e463b0fed095f7b03d6819,0,"Answer: 3

Explanation:
1. The golden ornament is not a lighting element. It is a decorative item with Arabic script and a floral design, which is not typically associated with lighting.
2. The golden ornament does not provide structural support. It is a decorative item, not a structural component.
3. The golden ornament adds cultural significance to the arrangement. The Arabic script and floral design are culturally significant elements in the image.",false
2206b28c4b0e34d224639b28a8e3a5c28f446eac06e463b0fed095f7b03d6819,1,,false
2206b28c4b0e34d224639b28a8e3a5c28f446eac06e463b0fed095f7b03d6819,2,,true
4f4f5fdeeea2f66c197138e9e675bfead96977069846e12796bdd5a659a50e73,0,"Answer: 2

Explanation:
1. The wristwatch's bracelet appears to be made of a metallic material, likely stainless steel, as indicated by its shiny, polished surface and the way it reflects light.
2. The statement claiming the bracelet is made of plastic is incorrect. The bracelet's surface is smooth and reflective, which is characteristic of stainless steel, not plastic.
3. The statement claiming the bracelet is made of leather is also incorrect. Leather is typically not shiny and smooth, and the texture and color of the bracelet in the image do not match the appearance of leather.",false
4f4f5fdeeea2f66c197138e9e675bfead96977069846e12796bdd5a659a50e73,1,,true
4f4f5fdeeea2f66c197138e9e675bfead96977069846e12796bdd5a659a50e73,2,,false
9c38cba22aa3b9b9e4d01b28091f5b5daa657aafd70976f5cbe55abf72b938f1,0,"Answer: 1

Explanation:
- The image depicts a train station. True. The presence of escalators, a platform, and people walking towards the train doors are indicative of a train station. The architectural design, with its modern and spacious layout, is also characteristic of a train station.",true
9c38cba22aa3b9b9e4d01b28091f5b5daa657aafd70976f5cbe55abf72b938f1,1,,false
9c38cba22aa3b9b9e4d01b28091f5b5daa657aafd70976f5cbe55abf72b938f1,2,,false
6d65c38313ad5110ff07dc021203ddcdf877c54d169b2595ffea2ce497f1c9db,0,"Answer: 1

Explanation:
- The dish shown in the image is chocolate truffles. True. The image depicts a dish with dark, glossy, and smooth appearance, which is characteristic of chocolate truffles. The presence of chopped nuts and a drizzle of oil on top further supports this identification. The other two statements are not grounded in the image.",true
6d65c38313ad5110ff07dc021203ddcdf877c54d169b2595ffea2ce497f1c9db,1,,false
6d65c38313ad5110ff07dc021203ddcdf877c54d169b2595ffea2ce497f1c9db,2,,false
25183efc69b18c7a1e2e17d60a62784edd12b3b910b5c168d7b271a6f8777c7a,0,"Answer: 3

Explanation:
1. The image shows a large circular structure with a central area that appears to be covered in snow. This structure is most closely associated with the Hajj pilgrimage, which is a major Islamic religious event that involves traveling to Mecca to perform the Hajj and Umrah rituals. The Hajj pilgrimage is a significant event in Islam, and the structure in the image resembles the Kaaba, which is the most sacred site in Islam.

2. The circular structure in the image is surrounded by a large number of people, indicating that it is a significant religious site. The Hajj pilgrimage is a major event in Islam, and the large gathering of people suggests that this site is a focal point for the pilgrimage.

3. The structure in the image has a dome-like appearance, which is typical of Islamic architecture. The Hajj pilgrimage is a major event in Islam, and the architecture of the site is designed to accommodate large numbers of people, which is consistent with the Hajj pilgrimage.

Therefore, the statement that the site shown in the image is most closely associated with the Hajj pilgrimage is true. The other two statements are not grounded in the image and are likely halluc",false
25183efc69b18c7a1e2e17d60a62784edd12b3b910b5c168d7b271a6f8777c7a,1,,false
25183efc69b18c7a1e2e17d60a62784edd12b3b910b5c168d7b271a6f8777c7a,2,,true
aac74723d8ae9f8cf08bc13f9e8e9b315f0504a1ca10a1b6f75c01a7502ebd24,0,"Answer: 2

Explanation:
1. The image depicts a large group of people gathered on a stage, with a large screen displaying the text ""ESPORTS WORLD CUP"" and logos, indicating an event related to sports, specifically esports.
2. The presence of a stage, audience, and stage lighting, along with the large screen and logos, strongly suggest that this is an esports championship event.
3. The other two statements are not grounded in the image:
   - Statement 1: The atmosphere is not best described as a musical concert. The image shows a stage event, not a concert.
   - Statement 3: The atmosphere is not best described as a formal business conference. The image shows a stage event, not a business conference.",false
aac74723d8ae9f8cf08bc13f9e8e9b315f0504a1ca10a1b6f75c01a7502ebd24,1,,true
aac74723d8ae9f8cf08bc13f9e8e9b315f0504a1ca10a1b6f75c01a7502ebd24,2,,false
76f31011e3230675f33beb2026442f0e94f636bb2b1190410bd6175407571660,0,"Answer: 1

Explanation:
- The image shows an outdoor farmers market with a variety of fresh produce, indicating that the primary purpose is to sell fresh produce to the community.
- The presence of people browsing and walking around the market suggests that it is a place for community interaction and access to fresh food.
- The other two statements are not grounded in the image:
  - Statement 2: The image does not show any cultural festival taking place.
  - Statement 3: The image does not show any handmade crafts being sold at the market.",true
76f31011e3230675f33beb2026442f0e94f636bb2b1190410bd6175407571660,1,,false
76f31011e3230675f33beb2026442f0e94f636bb2b1190410bd6175407571660,2,,false
387fcb0ab6031124337f598fbd13fd635d4307943f95e2b2be5fff3dc902e917,0,"Answer: 2

Explanation:
1. The image shows a mosque situated on a rocky shoreline. The presence of rocks and the shoreline are typical features of coastal regions, not deserts.
2. The mosque is located near a rocky shoreline, which is a plausible-sounding location for a mosque. The description of the mosque being on a rocky shoreline aligns with the typical setting of many mosques in coastal regions.
3. The image does not show any features that would suggest the mosque is located in a forested area. The description of the mosque as being on a rocky shoreline is consistent with coastal regions, not forests.",false
387fcb0ab6031124337f598fbd13fd635d4307943f95e2b2be5fff3dc902e917,1,,true
387fcb0ab6031124337f598fbd13fd635d4307943f95e2b2be5fff3dc902e917,2,,false
9a267c7ae99096c9acb4274c57c78db18d6a51cbb4c3d70db1b03d8edda31f68,0,"Answer: 1

Explanation:
1. The image shows a group of men performing on stage, which is a common setup for a musical concert.
2. The presence of a large screen displaying Arabic text and the performers' traditional attire suggest that this is a cultural event, likely a musical concert.
3. The other two statements are not grounded in the image. A wedding ceremony typically involves a priest officiating, which is not depicted here. A celebration for Saudi National Day would likely involve national symbols and flags, which are not visible in the image.",true
9a267c7ae99096c9acb4274c57c78db18d6a51cbb4c3d70db1b03d8edda31f68,1,,false
9a267c7ae99096c9acb4274c57c78db18d6a51cbb4c3d70db1b03d8edda31f68,2,,false
75a2c118351401499f159f11ce5c1bbdf5fcfdd0d102310b20b9d0ebadeb2391,0,"Answer: 2

Explanation:
Statement 1: True
The image shows a large tent city, which is a common feature in the Hajj pilgrimage in Mecca, Saudi Arabia. The Hajj is a major religious event in Islam, and the pilgrimage involves traveling to Mecca to perform the Umrah, a daily prayer, and to visit the Kaaba, the most sacred site in Islam. The large number of tents and the layout suggest that this is a significant pilgrimage site.

Statement 2: True
The image shows a large tent city, which is a common feature in the Hajj pilgrimage in Mecca, Saudi Arabia. The Hajj is a major religious event in Islam, and the pilgrimage involves traveling to Mecca to perform the Umrah, a daily prayer, and to visit the Kaaba, the most sacred site in Islam. The large number of tents and the layout suggest that this is a significant pilgrimage site.

Statement 3: False
The image shows a large tent city, which is a common feature in the Hajj pilgrimage in Mecca, Saudi Arabia. The Hajj is a major religious event in Islam, and the pilgrimage involves traveling to Mecca",false
75a2c118351401499f159f11ce5c1bbdf5fcfdd0d102310b20b9d0ebadeb2391,1,,true
75a2c118351401499f159f11ce5c1bbdf5fcfdd0d102310b20b9d0ebadeb2391,2,,false
5d77de1efc2f2eb9aa4c3bd9e6941af1ed864ee6410b31ff1c31a63a468456ed,0,"Answer: 2

Explanation:
- The image shows a decorative object that appears to be made of wood. The wood grain and texture are clearly visible, indicating that it is indeed made of wood.
- The other two statements are not grounded in the image:
  - Statement 1: The object is not made of plastic. The wood grain and texture are distinctly visible, which is characteristic of wood.
  - Statement 3: The object is not made of metal. The object has a distinct wood grain pattern, which is not typical of metal.",false
5d77de1efc2f2eb9aa4c3bd9e6941af1ed864ee6410b31ff1c31a63a468456ed,1,,true
5d77de1efc2f2eb9aa4c3bd9e6941af1ed864ee6410b31ff1c31a63a468456ed,2,,false
920aef92030ba7a8e1376eb97b650eaaabd275eec84160cdef2dd09ac5734508,0,"Answer: 1

Explanation:
1. The mosque depicted in the image is indeed Al-Masjid an-Nabawi in Medina. This is evident from the architectural features such as the minarets, the domes, and the overall design which are characteristic of the Al-Masjid an-Nabawi in Medina. The image shows a mosque with these specific elements, confirming its identity.

2. The mosque depicted in the image is not the Blue Mosque in Istanbul. The Blue Mosque is a famous mosque in Istanbul, Turkey, known for its blue tiles and intricate designs. The image shows a mosque with white and grey colors, which is different from the Blue Mosque's blue tiles and intricate designs.

3. The mosque depicted in the image is not Sheikh Zayed Grand Mosque in Abu Dhabi. The Sheikh Zayed Grand Mosque is located in Abu Dhabi, United Arab Emirates, and is known for its large size and grandeur. The image shows a mosque with white and grey colors, which is different from the Sheikh Zayed Grand Mosque's white and grey colors and large size.",true
920aef92030ba7a8e1376eb97b650eaaabd275eec84160cdef2dd09ac5734508,1,,false
920aef92030ba7a8e1376eb97b650eaaabd275eec84160cdef2dd09ac5734508,2,,false
fd1fbb4b8a6c1b03c6e4750901821a04d462b950bd1616fe3ad86c9137f2f8ed,0,"Answer: 3

Explanation:
1. The image shows a mannequin wearing a skirt. The skirt is designed to cover the entire body, extending from the waist down to the feet. The fabric appears to be a skirt, as it covers the entire lower part of the mannequin.
2. The image does not show any tablecloth. The fabric is not flat and extends beyond the mannequin, which is characteristic of a tablecloth.
3. The image shows a scarf, not a skirt. The fabric is long and extends from the waist down, resembling a scarf rather than a skirt.",false
fd1fbb4b8a6c1b03c6e4750901821a04d462b950bd1616fe3ad86c9137f2f8ed,1,,false
fd1fbb4b8a6c1b03c6e4750901821a04d462b950bd1616fe3ad86c9137f2f8ed,2,,true
fb04c169f4bbdf83350c8ac6cfe3366122f0e2e6430cdfd4f08674e24e461e41,0,"Answer: 3

Explanation:
1. The gold bracelet in the image features floral designs. This statement is grounded in the image. The bracelet has intricate floral patterns, which are clearly visible and clearly defined in the image.
2. The gold bracelet in the image features abstract shapes. This statement is false. The image shows the bracelet with detailed floral designs, which are not abstract shapes but rather intricate floral patterns.
3. The gold bracelet in the image features geometric patterns. This statement is false. The image shows the bracelet with detailed floral designs, which are not geometric patterns but rather floral designs.",false
fb04c169f4bbdf83350c8ac6cfe3366122f0e2e6430cdfd4f08674e24e461e41,1,,false
fb04c169f4bbdf83350c8ac6cfe3366122f0e2e6430cdfd4f08674e24e461e41,2,,true
942d84d386db40745cff838d7d493b0ee8dee6460148abec4bf54a2fce00a17d,0,"Answer: 3

Explanation:
1. The image shows a variety of tools and equipment typically used in automotive maintenance and repair. The presence of a radiator pressure tester, a hose, and various hoses and connectors is indicative of a radiator pressure tester kit.
2. The other two statements are not grounded in the image. Statement 1 is false because the equipment shown is not a medical diagnostic kit. Medical diagnostic kits typically include items like blood pressure cuffs, stethoscopes, and other medical instruments. The image shows a radiator pressure tester, which is a tool used for checking the pressure in a vehicle's radiator, not a medical diagnostic kit.
3. Statement 2 is false because the equipment shown is not a plumbing repair kit. Plumbing repair kits typically include items like wrenches, pliers, and various types of pipes and fittings, which are not present in the image. The image shows a radiator pressure tester, which is a tool used for checking the pressure in a vehicle's radiator, not a plumbing repair kit.",false
942d84d386db40745cff838d7d493b0ee8dee6460148abec4bf54a2fce00a17d,1,,false
942d84d386db40745cff838d7d493b0ee8dee6460148abec4bf54a2fce00a17d,2,,true
cccea5fa9634407807c3e4d32591a2b680025db49e92f1783be16d5891fdd7c0,0,"Answer: 1

Explanation:
- The image prominently features stone walls with wooden beams. This statement is grounded in the image. The stone walls and wooden beams are clearly visible, and the structure has a rustic, traditional appearance.
- The other two statements are not grounded in the image. Statement 2 mentions concrete walls with steel reinforcements, which is not present in the image. Statement 3 mentions glass walls with metal frames, which is also not present in the image. The image shows a stone structure with wooden beams, not glass walls with metal frames.",true
cccea5fa9634407807c3e4d32591a2b680025db49e92f1783be16d5891fdd7c0,1,,false
cccea5fa9634407807c3e4d32591a2b680025db49e92f1783be16d5891fdd7c0,2,,false
a52f488750324e73ddc1ecf7ba11cc56427c46bda312d3e3ad9eb1a6387ed141,0,"Answer: 3

Explanation:
1. The image depicts an individual playing a traditional instrument, which is commonly associated with Middle Eastern cultures.
2. The individual is wearing traditional Middle Eastern attire, including a keffiyeh and a keffiyeh cap, which are typical in the Middle East.
3. The background features a red rock formation, which is characteristic of desert regions in the Middle East.",false
a52f488750324e73ddc1ecf7ba11cc56427c46bda312d3e3ad9eb1a6387ed141,1,,false
a52f488750324e73ddc1ecf7ba11cc56427c46bda312d3e3ad9eb1a6387ed141,2,,true
4546038c51400534317edba9e80c46d890f1d160b259db81aa95d244ee2eb2c5,0,"Answer: 2

Explanation:
1. The image shows a group of people in a museum, and the wall displays various items such as historical swords and photographs. This is a clear indication that the people are observing historical swords and photographs in the museum.
2. The other two statements are not grounded in the image. Statement 1 is false because the people are not observing natural history fossils. Statement 3 is false because the people are not observing modern art paintings. The wall displays historical items, not contemporary art.",false
4546038c51400534317edba9e80c46d890f1d160b259db81aa95d244ee2eb2c5,1,,true
4546038c51400534317edba9e80c46d890f1d160b259db81aa95d244ee2eb2c5,2,,false
7d086f02e50b795bd9959ef8410cfe219d96f1a781432b14fb49b0e5bab43987,0,"Answer: 2

Explanation:
1. The image prominently features a floral design embroidery. The skirt of the outfit is adorned with a large floral pattern, which is clearly visible and distinct from the geometric and abstract patterns mentioned in the other statements.
2. The statement claiming geometric pattern embroidery is false. The image clearly shows a floral design embroidery, not a geometric pattern.
3. The statement claiming abstract motif embroidery is false. The image does not show any abstract patterns; it has a floral design embroidery.",false
7d086f02e50b795bd9959ef8410cfe219d96f1a781432b14fb49b0e5bab43987,1,,true
7d086f02e50b795bd9959ef8410cfe219d96f1a781432b14fb49b0e5bab43987,2,,false
38433f2ef250a6689b515dc31e39f992fdeb5d60b575488bfea9612461e5f705,0,"Answer: 1

Explanation:
- The dish prominently featured in the image is not stuffed bell peppers. The image shows rolls that are rolled up and have a filling inside, which is characteristic of stuffed rolls, not stuffed bell peppers. Therefore, Statement 1 is false.

- The dish prominently featured in the image is not crispy spring rolls. The image shows rolls that are rolled up and have a filling inside, which is characteristic of stuffed rolls, not crispy spring rolls. Therefore, Statement 2 is false.

- The dish prominently featured in the image is not grilled chicken skewers. The image shows rolls that are rolled up and have a filling inside, which is characteristic of stuffed rolls, not grilled chicken skewers. Therefore, Statement 3 is false.",true
38433f2ef250a6689b515dc31e39f992fdeb5d60b575488bfea9612461e5f705,1,,false
38433f2ef250a6689b515dc31e39f992fdeb5d60b575488bfea9612461e5f705,2,,false
91ba16b5ee2facf6086b8f44268ef89a0283d3e5c2fa9706522ac3df6a817290,0,"Answer: False

Explanation:
1. The 'Youth X Hub' building prominently features a glass dome. This statement is false because the image shows a large, modern building with a geometric pattern and a large, white signboard, but there is no visible glass dome. The architectural design is more modern and abstract, not featuring a dome.
2. The 'Youth X Hub' building prominently features a decorative lattice structure. This statement is false because the image shows a large, modern building with a geometric pattern and a large, white signboard, but there is no visible lattice structure. The architectural design is more modern and abstract, not featuring a lattice.
3. The 'Youth X Hub' building prominently features a rooftop garden. This statement is false because the image shows a large, modern building with a geometric pattern and a large, white signboard, but there is no visible rooftop garden. The architectural design is more modern and abstract, not featuring a rooftop garden. ||| False. The 'Youth X Hub' building prominently features a modern, geometric design with a wooden facade and a large, white signboard. There is no mention of a glass dome in the image. ||| True. The image shows a building with a decorative lattice structure on its facade. ||| False. The image does not show a rooftop garden.",false
91ba16b5ee2facf6086b8f44268ef89a0283d3e5c2fa9706522ac3df6a817290,1,,true
91ba16b5ee2facf6086b8f44268ef89a0283d3e5c2fa9706522ac3df6a817290,2,,false
8d8752a06a54b4d752df6282643655cae228264545b639e143e0bd837207a20a,0,"Answer: 2

Explanation:
1. The image shows various types of dried fruits and nuts, which are commonly sold in markets for their long shelf life and ease of transport. This is evident from the variety of dried fruits and nuts displayed, including dates, figs, almonds, and pistachios, which are all known for their long shelf life and are often transported in bulk.
2. The statement ""Dried fruits and nuts are commonly sold in markets because they have a long shelf life and are easy to transport"" is grounded in the image. The presence of these dried fruits and nuts in large quantities, along with their ability to be transported easily, supports this claim.
3. The statement ""Dried fruits and nuts are commonly sold in markets because they are only used during special festivals"" is not grounded in the image. The image does not provide any information about the specific use of these dried fruits and nuts during festivals.",false
8d8752a06a54b4d752df6282643655cae228264545b639e143e0bd837207a20a,1,,true
8d8752a06a54b4d752df6282643655cae228264545b639e143e0bd837207a20a,2,,false
65982bc2a0553f7635aec12e75c2cc4564bf363d5fb861500125892df2eee95c,0,"Answer: False

Explanation:
1. The presence of palm trees and dry vegetation in the image suggests that the climate of this area is warm and dry. This is not true because palm trees and dry vegetation are typically associated with tropical and subtropical climates, which are characterized by high temperatures and high humidity. The image shows a landscape that is more consistent with a warm and dry climate, not a cold and snowy one.
2. The presence of palm trees and dry vegetation in the image suggests that the climate of this area is tropical and humid. This is also not true because palm trees and dry vegetation are typically associated with tropical and subtropical climates, which are characterized by high temperatures and high humidity. The image shows a landscape that is more consistent with a warm and dry climate, not a tropical and humid one.
3. The presence of palm trees and dry vegetation in the image suggests that the climate of this area is warm and dry. This is not true because palm trees and dry vegetation are typically associated with tropical and subtropical climates, which are characterized by high temperatures and high humidity. The image shows a landscape that is more consistent with a warm and dry climate, not a tropical and humid one. ||| False. The presence of palm trees and dry vegetation in the image suggests that the climate of this area is hot and arid. ||| False. The presence of palm trees and dry vegetation in the image suggests that the climate of this area is arid and dry, not tropical and humid. ||| True.",false
65982bc2a0553f7635aec12e75c2cc4564bf363d5fb861500125892df2eee95c,1,,false
65982bc2a0553f7635aec12e75c2cc4564bf363d5fb861500125892df2eee95c,2,,true
ce5ee8bd5d19df0355145536f7d248ff095c30426fcb7a785dcd09e6e591047c,0,"Answer: 1

Explanation:
- The image shows a wrestling match taking place on a dirt surface, which is characteristic of an outdoor sandy arena. The presence of dirt and the lack of any indoor structures or artificial surfaces support this conclusion. Therefore, Statement 1 is grounded in the image.",true
ce5ee8bd5d19df0355145536f7d248ff095c30426fcb7a785dcd09e6e591047c,1,,false
ce5ee8bd5d19df0355145536f7d248ff095c30426fcb7a785dcd09e6e591047c,2,,false
9fa0356604435740b33ca6f657dcdc97f25596aa6f1868d6d353a37e573ede62,0,"Answer: 3

Explanation:
1. The image shows three camels with riders, which is a common sight in the desert where camels are used for transportation and carrying goods.
2. The riders are dressed in traditional attire, which is typical for desert regions in the Arab world. This attire is often worn during special occasions or ceremonies.
3. The background shows a clear sky and some greenery, which indicates that it is a day in the desert, not a regular day. The presence of camels and riders suggests a special event or activity, which is more likely to be a ceremonial procession.",false
9fa0356604435740b33ca6f657dcdc97f25596aa6f1868d6d353a37e573ede62,1,,false
9fa0356604435740b33ca6f657dcdc97f25596aa6f1868d6d353a37e573ede62,2,,true
ec047ea17a31f8211da18782a6ac4405763eba5c693308ed8d44b6e47565ddfd,0,"Answer: 3

Explanation:
1. The image shows a large gathering of people in a square, with a prominent display of the Palestinian flag. This indicates that the primary focus of the gathering is indeed displaying the Palestinian flag.
2. The people in the square are not protesting against transportation issues, as there is no visible sign of protest or any indication of a protest-related activity. The image does not provide any context that suggests a protest.
3. The primary focus of the gathering is not celebrating a cultural festival, as there is no visible sign of festivity or celebration-related activities. The image does not provide any context that suggests a cultural festival.",false
ec047ea17a31f8211da18782a6ac4405763eba5c693308ed8d44b6e47565ddfd,1,,false
ec047ea17a31f8211da18782a6ac4405763eba5c693308ed8d44b6e47565ddfd,2,,true
c14b317ae06fb7e4e22fd6011c4e896b9c5eedb0c967fdf2865908bf5ebc9ee5,0,"Answer: 2

Explanation:
Statement 1: True
The designs on the ceramic dish are intricate and detailed, which is characteristic of hand-painting. Embossing would typically result in smoother, more uniform lines and less detail, which is not the case here.

Statement 2: True
The designs on the ceramic dish are highly detailed and appear to have been hand-painted. The brush strokes and the way the colors are applied are consistent with traditional hand-painting techniques.

Statement 3: False
The designs on the ceramic dish are not created using machine printing. Machine printing would likely result in a more uniform and less detailed pattern, which is not the case here. The designs are more organic and varied, characteristic of hand-painting.",false
c14b317ae06fb7e4e22fd6011c4e896b9c5eedb0c967fdf2865908bf5ebc9ee5,1,,true
c14b317ae06fb7e4e22fd6011c4e896b9c5eedb0c967fdf2865908bf5ebc9ee5,2,,false
a948ef0275f5de455a887613e3342466f92f9da11f2bf2bb0871ea1d39868fcc,0,"Answer: 1

Explanation:
- The image shows a religious site with green-domed buildings and numerous graves. The graves are arranged in a pattern around the buildings, which is typical for a cemetery associated with a religious site in the Arab world. This is a factual observation.
- The graves are not decorative features of the landscape; they are part of the burial plots for the religious site. This is a grounded statement as it accurately describes the purpose of the graves.
- The graves are not unused burial plots awaiting future use; they are already in use for the religious site. This is a false statement as it contradicts the known use of the graves.",true
a948ef0275f5de455a887613e3342466f92f9da11f2bf2bb0871ea1d39868fcc,1,,false
a948ef0275f5de455a887613e3342466f92f9da11f2bf2bb0871ea1d39868fcc,2,,false
b3898428f17dbc016a708ae929613d8e9125734e7fada409d2d8e2fcbe319129,0,"Answer: 1

Explanation:
- The image shows a shoreline with people and a boat in the background. This is clearly visible and can be confirmed by the presence of the people on the shore and the boat in the water.
- The other two statements are not grounded in the image. Statement 2 mentions a forest with wildlife, which is not visible in the image. Statement 3 mentions a desert landscape, which is also not visible in the image.",true
b3898428f17dbc016a708ae929613d8e9125734e7fada409d2d8e2fcbe319129,1,,false
b3898428f17dbc016a708ae929613d8e9125734e7fada409d2d8e2fcbe319129,2,,false
fe5a007551a94df8a5c2ce4ea508668f37450192ecc2c0fcf934f6ceba2061d8,0,"Answer: 1

Explanation:
1. The adobe-style buildings in the background are most likely used for storage for goods. 
   - This is grounded in the image. The buildings have a traditional, earthy appearance, which is characteristic of adobe construction, often used for storage in arid regions. The buildings are built with mud bricks, which are commonly used for storage in desert areas.

2. The adobe-style buildings in the background are most likely used for residential housing. 
   - This is not grounded in the image. The buildings do not have the typical features of residential housing, such as large windows, balconies, or modern amenities. They are more likely to be used for storage or as a community center.

3. The adobe-style buildings in the background are most likely used as a modern shopping mall. 
   - This is not grounded in the image. The buildings do not have the modern architectural features, such as glass facades, high ceilings, or large parking lots, which are typical of modern shopping malls. They are more likely to be used for storage or as a community center.",true
fe5a007551a94df8a5c2ce4ea508668f37450192ecc2c0fcf934f6ceba2061d8,1,,false
fe5a007551a94df8a5c2ce4ea508668f37450192ecc2c0fcf934f6ceba2061d8,2,,false
b3ee6f299203a214f949dc79fe28f4f4faa3073d707da583caf770db2dc7b921,0,"Answer: 1

Explanation:
Statement 1: True
The image shows sheets of dried bark or fiber material. These materials are commonly used in boat construction, especially in the construction of canoes and other watercraft. The fibrous nature of the material allows it to be easily molded and shaped, making it ideal for boat construction.

Statement 2: False
The image does not show any material that is typically used for fishing nets. Fishing nets are typically made from synthetic fibers, such as nylon or polyester, and are designed for catching fish rather than being used for water transport.

Statement 3: False
The image does not show any material that is typically used for buoys. Buoys are typically made from buoyant materials like foam or plastic, and are used for marking the boundaries of waterways or for buoyancy in boats.",true
b3ee6f299203a214f949dc79fe28f4f4faa3073d707da583caf770db2dc7b921,1,,false
b3ee6f299203a214f949dc79fe28f4f4faa3073d707da583caf770db2dc7b921,2,,false
f89f089a55f3629d84f841e93d319656eac7fb024677013d813d9d0538a36300,0,"Answer: 2

Explanation:
1. The image shows a river surrounded by rocky terrain with dry hills. This is clearly visible in the background of the image.
2. The statement claiming that the river is surrounded by dense forest with lush greenery is not grounded in the image. The image shows dry hills and rocky terrain, not dense forest.",false
f89f089a55f3629d84f841e93d319656eac7fb024677013d813d9d0538a36300,1,,true
f89f089a55f3629d84f841e93d319656eac7fb024677013d813d9d0538a36300,2,,false
66ccd26487e0649344ce1f939c1f3c6cab41f31a02879cf65c895edfa4966685,0,"Answer: 2

Explanation:
1. The primary function of the barrier shown in the background of the image is not to display advertisements. The barrier is primarily used to protect spectators from the puck, which is a hockey puck, and to provide a clear boundary for the playing area.
2. The primary function of the barrier shown in the background of the image is to protect spectators from the puck. This is evident from the image where the player is in a crouched position, ready to block the puck, and the barrier is positioned to shield the audience from the moving puck.
3. The primary function of the barrier shown in the background of the image is not to protect spectators from the puck. This is a hallucination because the barrier is designed to protect spectators from the puck, not to shield them from the puck itself.",false
66ccd26487e0649344ce1f939c1f3c6cab41f31a02879cf65c895edfa4966685,1,,true
66ccd26487e0649344ce1f939c1f3c6cab41f31a02879cf65c895edfa4966685,2,,false
84a50fc71eca5fd72072011f57e6a998e1cf2842586e03b8cc1ee62ff85712fc,0,"Answer: 1

Explanation:
- The image shows pyramids in a desert landscape, which is characteristic of Egypt. The pyramids are a well-known archaeological site in Egypt.
- The pyramids in the image are not located in Morocco, Sudan, or any other country in the Arab world. They are specifically in Egypt.",true
84a50fc71eca5fd72072011f57e6a998e1cf2842586e03b8cc1ee62ff85712fc,1,,false
84a50fc71eca5fd72072011f57e6a998e1cf2842586e03b8cc1ee62ff85712fc,2,,false
13c74d20a3b76608ef277bc7c80dbd8a4ba6d3d2c07a37e8e56a92a03f2a110e,0,"Answer: 3

Explanation:
1. The primary purpose of the inflatable boat shown in the image is rescue operations during floods. This is grounded in the image as the individuals in the boat are actively assisting others who are struggling in the flooded area. The presence of rescue personnel and the efforts to help those in distress clearly indicate that the primary purpose is rescue operations.
2. The primary purpose of the inflatable boat shown in the image is recreational boating in urban areas. This is false. The image shows a rescue operation rather than recreational boating. The individuals in the boat are not engaging in leisure activities but are instead providing assistance to others in need.
3. The primary purpose of the inflatable boat shown in the image is fishing in flooded areas. This is false. The image does not show any fishing activity or any individuals engaged in fishing. The focus is on rescue operations and helping those affected by the flood.",false
13c74d20a3b76608ef277bc7c80dbd8a4ba6d3d2c07a37e8e56a92a03f2a110e,1,,false
13c74d20a3b76608ef277bc7c80dbd8a4ba6d3d2c07a37e8e56a92a03f2a110e,2,,true
68290e9fbd73c198beef550c3590494594b55824662534cbf1057ac4b89997c1,0,"Answer: 3

Explanation:
1. The buildings lining the street in this image most prominently feature half-timbered (Tudor-style) architecture. This is true. The image shows buildings with distinctive half-timbered facades, which are characteristic of Tudor-style architecture.
2. The buildings lining the street in this image most prominently feature brutalist concrete architecture. This is false. The buildings in the image have a more traditional, possibly historical appearance with wooden facades and intricate detailing, rather than brutalist concrete architecture.
3. The buildings lining the street in this image most prominently feature modern glass and steel architecture. This is false. The buildings in the image have a more traditional, possibly historical appearance with wooden facades and intricate detailing, rather than modern glass and steel architecture.",false
68290e9fbd73c198beef550c3590494594b55824662534cbf1057ac4b89997c1,1,,false
68290e9fbd73c198beef550c3590494594b55824662534cbf1057ac4b89997c1,2,,true
d906c249a76d86d8198ebe5124774aa4a71e475fd6d7eedbb301943fdbdcbfda,0,"Answer: 1

Explanation:
- Statement 1: True. The image shows a view of the sky and clouds from an airplane window during flight. The airplane wing is visible, and the view of the sky and clouds is indeed visible.
- Statement 2: False. The interior of the airplane wing is typically not visible from an airplane window during flight. The wing itself is a structural component of the airplane, and passengers do not typically have a view of the wing from their seats.
- Statement 3: False. A view of the ground and cities below is typically not visible from an airplane window during flight. The window provides a view of the sky and the clouds, but passengers do not have a view of the ground or cities below.",true
d906c249a76d86d8198ebe5124774aa4a71e475fd6d7eedbb301943fdbdcbfda,1,,false
d906c249a76d86d8198ebe5124774aa4a71e475fd6d7eedbb301943fdbdcbfda,2,,false
5fa4904dab3408f157947154434998f56341b61c550045900582cab249b02c6d,0,"Answer: 3

Explanation:
1. The most prominent feature visible on the light-skinned hand in the image is a diamond ring. This statement is grounded in the image because the ring is clearly visible on the ring finger of the hand. The other two statements are not grounded in the image:
   - Statement 1: The most prominent feature visible on the light-skinned hand in the image is a tattoo. This statement is false because there is no visible tattoo on the hand.
   - Statement 2: The most prominent feature visible on the light-skinned hand in the image is a bracelet. This statement is false because there is no visible bracelet on the hand.",false
5fa4904dab3408f157947154434998f56341b61c550045900582cab249b02c6d,1,,false
5fa4904dab3408f157947154434998f56341b61c550045900582cab249b02c6d,2,,true
263ea61e67545788e3ab77e4b4cf9e48b16bb763d977bc99beb8563c92597bb7,0,"Answer: 1

Explanation:
- Statement 1: Catalytic converters are commonly constructed from titanium. True. This is true because titanium is a lightweight, strong, and corrosion-resistant material, making it ideal for use in catalytic converters. It also has excellent thermal properties, which are crucial for the efficient operation of the catalytic converter.
- Statement 2: Catalytic converters are commonly constructed from aluminum. False. This is false because aluminum is not the most suitable material for catalytic converters. Aluminum is a good conductor of electricity but not as effective as titanium in terms of heat resistance and durability. Additionally, aluminum is prone to oxidation and corrosion, which can lead to reduced performance and longevity of the catalytic converter.
- Statement 3: Catalytic converters are commonly constructed from steel. False. This is false because steel is not the most suitable material for catalytic converters. Steel is a strong and durable material but lacks the necessary properties for catalytic converter performance, such as good heat resistance and resistance to oxidation.",true
263ea61e67545788e3ab77e4b4cf9e48b16bb763d977bc99beb8563c92597bb7,1,,false
263ea61e67545788e3ab77e4b4cf9e48b16bb763d977bc99beb8563c92597bb7,2,,false
0b768a050a37d0b2c7414ff81ddf4e6c26e7fffa0d484b0e0e2fdaac8c68df0b,0,"Answer: 1

Explanation:
- The image shows a group of people standing outdoors near a building, which suggests a casual, public gathering rather than a private or formal event.
- The presence of a young girl and a woman in a formal setting, along with the man in a suit, indicates that this could be a public event, possibly a family outing or a community gathering.
- The other two statements are not grounded in the image:
  - Statement 2: A business meeting is unlikely to be outdoors near a building, as it usually takes place indoors.
  - Statement 3: A religious ceremony would typically be held indoors, not outdoors near a building.",true
0b768a050a37d0b2c7414ff81ddf4e6c26e7fffa0d484b0e0e2fdaac8c68df0b,1,,false
0b768a050a37d0b2c7414ff81ddf4e6c26e7fffa0d484b0e0e2fdaac8c68df0b,2,,false
48ca5f9679df64f81542f072909075f9e89a0136bf28d009e9de8f7c464ecdd2,0,"Answer: 1

Explanation:
- The airplane in the image is a commercial passenger jet, as indicated by the word ""Passenger"" written on the fuselage. This is a clear indication that the airplane is used for passenger travel.
- The airplane does not have any visible markings or features that suggest it is used for cargo transport or military operations. Therefore, the other two statements are grounded in the image and are not plausible-sounding hallucinations.",true
48ca5f9679df64f81542f072909075f9e89a0136bf28d009e9de8f7c464ecdd2,1,,false
48ca5f9679df64f81542f072909075f9e89a0136bf28d009e9de8f7c464ecdd2,2,,false
274ce81b15c1748da00a56ff68068135e66f521eda4df71db2b876396ae2dc94,0,"Answer: 3

Explanation:
1. The structure depicted in the image is not a modern skyscraper. The image shows a traditional, whitewashed tower with a conical roof and a small balcony, which is characteristic of a lighthouse. Modern skyscrapers typically have flat roofs and are much taller and more modern in appearance.
2. The structure depicted in the image is not a historical minaret or fortification. Minarets are typically tall towers used for religious purposes, often found in mosques or churches, and are not typically associated with historical fortifications. Fortifications are structures built for defense, often with thick walls and towers, and are not typically associated with lighthouses.
3. The structure depicted in the image is a lighthouse. The image shows a tall, whitewashed tower with a conical roof and a small balcony, which is characteristic of a lighthouse. Lighthouses are designed to guide ships safely to shore and are typically built in coastal areas.",false
274ce81b15c1748da00a56ff68068135e66f521eda4df71db2b876396ae2dc94,1,,false
274ce81b15c1748da00a56ff68068135e66f521eda4df71db2b876396ae2dc94,2,,true
d76285f3c1ed4022b169ed928d1fb2b2aa55c78c086e5941836b217b1590e589,0,"Answer: 1

Explanation:
- The ancient statue is made of bronze. True. The image shows a statue that appears to be made of bronze, characterized by its dark color and the way it has been weathered over time. The texture and patina are consistent with bronze statues.

- The ancient statue is made of marble. False. The image shows a statue that appears to be made of bronze, not marble. The color and texture are different, and the surface has a different patina.",true
d76285f3c1ed4022b169ed928d1fb2b2aa55c78c086e5941836b217b1590e589,1,,false
d76285f3c1ed4022b169ed928d1fb2b2aa55c78c086e5941836b217b1590e589,2,,false
fd5aced68ebf575fa1eba6542764fcfaf2bf59488d0d438c7ef740a5a810fa66,0,"Answer: 3

Explanation:
1. The image shows traditional huts, which are clearly visible in the background. These huts are made of thatch and have a distinct, rustic appearance.
2. The image does not show any modern apartment buildings. The structures in the background are not consistent with the architectural style of modern apartment buildings, which are typically made of concrete, steel, and glass.
3. The image does not show any tents. Instead, there are structures that resemble traditional huts, which are not tents.",false
fd5aced68ebf575fa1eba6542764fcfaf2bf59488d0d438c7ef740a5a810fa66,1,,false
fd5aced68ebf575fa1eba6542764fcfaf2bf59488d0d438c7ef740a5a810fa66,2,,true
59abf574ec92cadecdbfb126c36763759a06e75d9c8a72bda5080d2bee98d126,0,"Answer: 2

Explanation:
1. The individuals in the image are most likely performing a Sufi whirling ceremony. 
   - The image shows a group of men in traditional attire, including keffiyehs and long robes, which are typical of Sufi practices. The central figure is holding a musical instrument, which is often used in Sufi music and dance. The other men are performing movements that are characteristic of Sufi whirling, a form of dance that involves circular movements and rhythmic chanting. This matches the description of a Sufi whirling ceremony.

2. The individuals in the image are most likely performing a traditional wedding dance.
   - The image shows a group of men in traditional attire, including keffiyehs and long robes, which are typical of wedding celebrations in the Arab world. The central figure is holding a musical instrument, which is often used in wedding celebrations. The other men are performing movements that are characteristic of wedding dances, such as dancing around a central point or holding hands. This matches the description of a traditional wedding dance.

3. The individuals in the image are most likely performing a military parade.
   - The image shows a group of men in traditional",false
59abf574ec92cadecdbfb126c36763759a06e75d9c8a72bda5080d2bee98d126,1,,true
59abf574ec92cadecdbfb126c36763759a06e75d9c8a72bda5080d2bee98d126,2,,false
e409e79d6f7a916177ddbb3392c84e50e814a36912bc0e907758be43263fce1d,0,"Answer: 2

Explanation:
1. The purple pot has a design resembling a household object. 
   - The pot has a design that looks like a teapot or a similar household object. The design includes a handle and a spout, which are common features of teapots.
   - This statement is grounded in the image because the pot has a design that resembles a teapot.

2. The green pot has a design resembling a household object.
   - The pot has a design that looks like a teapot or a similar household object. The design includes a handle and a spout, which are common features of teapots.
   - This statement is grounded in the image because the pot has a design that resembles a teapot.

3. The white pot has a design resembling a household object.
   - The pot has a design that looks like a teapot or a similar household object. The design includes a handle and a spout, which are common features of teapots.
   - This statement is grounded in the image because the pot has a design that resembles a teapot.",false
e409e79d6f7a916177ddbb3392c84e50e814a36912bc0e907758be43263fce1d,1,,true
e409e79d6f7a916177ddbb3392c84e50e814a36912bc0e907758be43263fce1d,2,,false
8b68eac5b2fc888e20f3e37588a4d7be5016805de0c84a1c5b34e70c41b752ee,0,"Answer: 2

Explanation:
1. The image most likely depicts a holiday festival. True. The presence of Christmas decorations, such as the large ornament resembling a Christmas tree, and the festive lights suggest a holiday theme. Additionally, the structures in the background with lights and decorations are typical of holiday celebrations.
2. The image most likely depicts a holiday festival. True. The festive lights, decorations, and overall ambiance are consistent with holiday celebrations.
3. The image most likely depicts a sports event. False. The image does not show any sports-related elements such as players, equipment, or sports fields.",false
8b68eac5b2fc888e20f3e37588a4d7be5016805de0c84a1c5b34e70c41b752ee,1,,true
8b68eac5b2fc888e20f3e37588a4d7be5016805de0c84a1c5b34e70c41b752ee,2,,false
299318da3baaf4c5b12d108fc5f21635c1db075a227042aaae53dca5a0173128,0,"Answer: 2

Explanation:
1. The image depicts a large gathering of people, which is characteristic of a religious ceremony. The presence of a large crowd, the architectural style of the buildings, and the traditional attire of the participants strongly suggest that this is a religious ceremony, likely near a mosque.
2. The image does not show any political rally or music festival. The crowd is focused on the central building, which is not typical of a political rally or a music festival. Political rallies usually involve a large number of people standing in a specific area, while music festivals usually have a more diverse crowd and are often held in open spaces.
3. The image does not show any musical instruments or performances, which are common in music festivals. The crowd is mainly composed of people standing and observing, which is more characteristic of a religious ceremony.",false
299318da3baaf4c5b12d108fc5f21635c1db075a227042aaae53dca5a0173128,1,,true
299318da3baaf4c5b12d108fc5f21635c1db075a227042aaae53dca5a0173128,2,,false
5c7ab4ab377c60ef8fadb34d212098f9ce730f10ae01b6f4ae11a6a4ccd47eb8,0,"Answer: 1

Explanation:
- The artifact in the image is primarily made of gold. This is evident from the image of the artifact as having a ""golden"" appearance and the use of gold in its design and decoration. The other materials mentioned (wood and silver) are not visible or implied in the image, making them plausible-sounding hallucinations.",true
5c7ab4ab377c60ef8fadb34d212098f9ce730f10ae01b6f4ae11a6a4ccd47eb8,1,,false
5c7ab4ab377c60ef8fadb34d212098f9ce730f10ae01b6f4ae11a6a4ccd47eb8,2,,false
44aa94694c6dee820cddd87766c92fb7b509c42064871fea2fb885f59a979dc8,0,"Answer: 3

Explanation:
1. Warner Bros is not mentioned on the labels of the film reels in the image. The labels show ""PARAMOUNT OXFORD FILMS"" and ""CORONET,"" but there is no mention of Warner Bros.
2. Universal Pictures is not mentioned on the labels of the film reels in the image. The labels show ""PARAMOUNT OXFORD FILMS"" and ""CORONET,"" but there is no mention of Universal Pictures.
3. Paramount Oxford Films is mentioned on the labels of the film reels in the image. The labels show ""PARAMOUNT OXFORD FILMS"" and ""CORONET,"" and ""PARAMOUNT OXFORD FILMS"" is clearly visible on the label.",false
44aa94694c6dee820cddd87766c92fb7b509c42064871fea2fb885f59a979dc8,1,,false
44aa94694c6dee820cddd87766c92fb7b509c42064871fea2fb885f59a979dc8,2,,true
0465396f13330c509dd7b8bea6ba23ae51b3350bb409e3fc06484c80bfa38ddf,0,"Answer: 1

Explanation:
- The people in the image are indeed wearing traditional clothing. This is evident from the image of the individuals wearing garments that are characteristic of traditional Middle Eastern attire, such as the man in the white robe and the woman in the black dress with gold patterns. These garments are commonly associated with cultural and religious events in the Arab world.

- The other two statements are not grounded in the image. Statement 2 is false because the individuals are not wearing formal business attire. Instead, they are dressed in casual, everyday clothing, which is more typical of a cultural or celebratory event rather than a formal business setting. Statement 3 is also false because the individuals are not wearing casual clothing; they are dressed in traditional Middle Eastern attire, which is more formal and culturally appropriate.",true
0465396f13330c509dd7b8bea6ba23ae51b3350bb409e3fc06484c80bfa38ddf,1,,false
0465396f13330c509dd7b8bea6ba23ae51b3350bb409e3fc06484c80bfa38ddf,2,,false
f2c8265a06afd99374ef169e7f5486a439ace5ba812b871b2b5fb666343afed0,0,"Answer: 1

Explanation:
- The soap bars in the image are likely intended for personal hygiene. This is grounded in the image as the soap bars are being held by hands, which are typically used for washing and personal hygiene. The presence of soap bars in this context strongly suggests their use for personal hygiene purposes.",true
f2c8265a06afd99374ef169e7f5486a439ace5ba812b871b2b5fb666343afed0,1,,false
f2c8265a06afd99374ef169e7f5486a439ace5ba812b871b2b5fb666343afed0,2,,false
c6f3d6b43f545109a9b4afd16a519a4b7bcfe3da07669fd8913dcc6f5a37dc2f,0,"Answer: 3

Explanation:
1. The image shows a scene with destroyed buildings and debris, which is indicative of a war-affected area.
2. The presence of destroyed buildings, rubble, and the overall condition of the area strongly suggest that it is a war-affected area.
3. The other two statements are not grounded in the image. There is no indication of a recreational park, construction site, or any other specific setting. The image shows a scene of destruction, which is more consistent with a war-affected area rather than a recreational park or a construction site.",false
c6f3d6b43f545109a9b4afd16a519a4b7bcfe3da07669fd8913dcc6f5a37dc2f,1,,false
c6f3d6b43f545109a9b4afd16a519a4b7bcfe3da07669fd8913dcc6f5a37dc2f,2,,true
5d8d448de9ba55be2a0343ddbd72e50ab7598a228170e85e96af4b6f055e309e,0,Answer: 1,true
5d8d448de9ba55be2a0343ddbd72e50ab7598a228170e85e96af4b6f055e309e,1,,false
5d8d448de9ba55be2a0343ddbd72e50ab7598a228170e85e96af4b6f055e309e,2,,false
f1febbc3342d1e75730effa090ad15f07a831e23903347b46ad357376885c5af,0,"Answer: 3

Explanation:
1. The image shows a courtyard with arches and a building with a sign that reads ""KOMOYOR."" This suggests that the courtyard is part of a religious or historical site, likely a mosque or a historical building.
2. The presence of arches and the architectural style indicate that the courtyard is designed for religious purposes, such as prayer or gatherings.
3. The courtyard does not have any features that suggest it is used for trading goods, markets, or social gatherings. The architectural style and the signage indicate a religious or historical site, not a marketplace.",false
f1febbc3342d1e75730effa090ad15f07a831e23903347b46ad357376885c5af,1,,false
f1febbc3342d1e75730effa090ad15f07a831e23903347b46ad357376885c5af,2,,true
88e6ab4466b163edc28f32f6041caeab81fd11eb6c942204fdaa0fd3b8faf518,0,"Answer: 1

Explanation:
- The garnish visible on the meat in the image is not basil, cilantro, or parsley. The garnish is actually green herbs, likely parsley, given their color and common use in meat dishes.",true
88e6ab4466b163edc28f32f6041caeab81fd11eb6c942204fdaa0fd3b8faf518,1,,false
88e6ab4466b163edc28f32f6041caeab81fd11eb6c942204fdaa0fd3b8faf518,2,,false
7534655fa310f33caf1fec5fac55e2d6212dc97c95403143b3b7d759e2696f5c,0,"Answer: 1

Explanation:
1. The primary purpose of the knife shown in the image is cutting sushi or sashimi. True. The knife has a sharp edge and a wooden handle, which are typical features of a knife used for slicing and cutting delicate foods like sushi or sashimi.
2. The primary purpose of the knife shown in the image is carving wood. False. The knife has a wooden handle and a black blade with a pattern, which are not typical features of a knife used for carving wood. Carving wood typically requires a different type of tool, such as a chisel or a carving knife.",true
7534655fa310f33caf1fec5fac55e2d6212dc97c95403143b3b7d759e2696f5c,1,,false
7534655fa310f33caf1fec5fac55e2d6212dc97c95403143b3b7d759e2696f5c,2,,false
7e26097b385f2f17d8145e92c38cf7396b0925aa0df363eafb87856217faabf1,0,"Answer: 2

Explanation:
1. The image shows a tiered serving tray with various food items such as scones, sandwiches, and pastries. This suggests that the main purpose of the tiered serving tray is to organize and display a variety of food items.
2. The tray is designed to hold and present different types of food items, which is evident from the variety of items on the tray, including scones, sandwiches, and pastries.
3. The image does not show any serving of drinks like tea and coffee, so the statement about serving drinks is not grounded in the image.",false
7e26097b385f2f17d8145e92c38cf7396b0925aa0df363eafb87856217faabf1,1,,true
7e26097b385f2f17d8145e92c38cf7396b0925aa0df363eafb87856217faabf1,2,,false
99f5956ed157c88bbf27967fdfc67c62db84115a3e9cd7c40541f73808ae7ea9,0,"Answer: 1

Explanation:
- Statement 1: Baklava is a sweet pastry made with layers of dough. True. Baklava is indeed a sweet pastry made with layers of dough, typically consisting of layers of phyllo dough, chopped nuts, and syrup. This is a well-known and widely recognized dish in the Arab world.
- Statement 2: Baklava is a savory dish made with meat. False. Baklava is not a savory dish; it is a sweet pastry. While some variations of Baklava may include meat, it is not a traditional or common component.
- Statement 3: Baklava is a beverage served cold. False. Baklava is not a beverage; it is a sweet pastry. It is typically served warm or hot, not cold.",true
99f5956ed157c88bbf27967fdfc67c62db84115a3e9cd7c40541f73808ae7ea9,1,,false
99f5956ed157c88bbf27967fdfc67c62db84115a3e9cd7c40541f73808ae7ea9,2,,false
7be81522c0fd20352dede1739fccc3f0038195701e040e02a489a51f79696a7a,0,"Answer: 2

Explanation:
- Statement 1: The image shows ruins of ancient structures, but there is no modern church visible in the foreground. Therefore, this statement is false.
- Statement 2: The image shows ruins of ancient structures, including a prominent temple with columns. Therefore, this statement is true.
- Statement 3: The image does not show any medieval castle. Therefore, this statement is false.",false
7be81522c0fd20352dede1739fccc3f0038195701e040e02a489a51f79696a7a,1,,true
7be81522c0fd20352dede1739fccc3f0038195701e040e02a489a51f79696a7a,2,,false
ecb9ccd3bb7c6f5b9b1db6b64215266ce53454994fc0eeee58eb38b0544814ce,0,"Answer: 2

Explanation:
1. The image shows a man and a woman in an art gallery, looking at a painting. This suggests that they are engaged in an art-related activity, not a business meeting.
2. The setting is an art gallery, which is a place where people typically go to view and discuss art. The presence of the painting and the individuals' focus on it further supports the idea that they are discussing art.
3. The interaction appears to be casual and focused on the art, rather than a business meeting or a casual conversation about art. The man's gesture and the woman's pointing towards the painting suggest they are discussing the artwork, not a business matter.",false
ecb9ccd3bb7c6f5b9b1db6b64215266ce53454994fc0eeee58eb38b0544814ce,1,,true
ecb9ccd3bb7c6f5b9b1db6b64215266ce53454994fc0eeee58eb38b0544814ce,2,,false
0f29a91e74f160a1bac71a5110edf53f0632fe375267c1309cc8685c4b89d190,0,"Answer: 3

Explanation:
1. The image shows a live music performance with a colorful abstract design as the backdrop.
2. The backdrop is not a city skyline, a plain black curtain, or any other object that can be clearly identified as such.
3. The colorful abstract design is the actual backdrop, which is a common feature in live music performances to enhance the visual experience.",false
0f29a91e74f160a1bac71a5110edf53f0632fe375267c1309cc8685c4b89d190,1,,false
0f29a91e74f160a1bac71a5110edf53f0632fe375267c1309cc8685c4b89d190,2,,true
30fbfeabbf4b626fa01df4865c81318371d7314cc7ac88e6b923840609842b20,0,"Answer: 1

Explanation:
- Statement 1: The image shows one of the women holding a walking stick and a yellow fruit. This statement is grounded in the image because the woman in the foreground is holding a walking stick and a yellow fruit in her hands. The other two women are not holding any of these items.
- Statement 2: The image shows one of the women holding a handbag and sunglasses. This statement is false because there is no visible handbag or sunglasses in the image.
- Statement 3: The image shows one of the women holding a book and a pen. This statement is false because there is no visible book or pen in the image.",true
30fbfeabbf4b626fa01df4865c81318371d7314cc7ac88e6b923840609842b20,1,,false
30fbfeabbf4b626fa01df4865c81318371d7314cc7ac88e6b923840609842b20,2,,false
bb121876b7c492e69fb6cd30ceb8c541c6f472dfefbf0c19fd66021acb249c75,0,"Answer: False

Explanation:
Statement 1: Inflatable rafts are most commonly associated with rafting in rivers. True or False?
- Inflatable rafts are indeed commonly used for rafting in rivers. They are designed to be buoyant and stable, making them ideal for navigating through water bodies.
- Therefore, this statement is grounded in the image.

Statement 2: Inflatable rafts are most commonly associated with camping in forests. True or False?
- While inflatable rafts can be used for camping, they are not typically associated with camping in forests. Camping usually involves more permanent structures and equipment, such as tents, sleeping bags, and camping gear, which are not present in the image.
- Therefore, this statement is false.

Statement 3: Inflatable rafts are most commonly associated with cycling on trails. True or False?
- Inflatable rafts are not commonly associated with cycling on trails. Cycling typically involves more specialized equipment, such as bikes, helmets, and cycling shoes, which are not present in the image.
- Therefore, this statement is false. ||| True ||| False. Inflatable rafts are most commonly associated with water activities such as swimming, kayaking, and canoeing, rather than camping in forests. ||| False. Inflatable rafts are most commonly associated with recreational activities such as swimming, kayaking, and canoeing, not with cycling on trails.",true
bb121876b7c492e69fb6cd30ceb8c541c6f472dfefbf0c19fd66021acb249c75,1,,false
bb121876b7c492e69fb6cd30ceb8c541c6f472dfefbf0c19fd66021acb249c75,2,,false
6b1dfe10acffbe3859c8a7df921192b6e28fd5a338a9075037ec901693dbd442,0,"Answer: 2

Explanation:
1. The attire is highly ornate and elaborate, which is characteristic of formal events rather than casual gatherings.
2. The presence of a tiara and elaborate jewelry suggests that this attire is associated with a cultural pageant or ceremony, as these elements are often used in such events to signify royalty or high status.
3. The attire does not resemble traditional sports competition attire, which typically includes more functional and less ornate clothing.",false
6b1dfe10acffbe3859c8a7df921192b6e28fd5a338a9075037ec901693dbd442,1,,true
6b1dfe10acffbe3859c8a7df921192b6e28fd5a338a9075037ec901693dbd442,2,,false
771cb41f03463edbad116e5210de0f877e6b003254d860013e1b74e764923176,0,"Answer: 1

Explanation:
- The image shows a clear glass bowl filled with green, unopened star anise pods. The star anise is prominently visible and clearly identifiable.
- The other two statements are not grounded in the image:
  - Turmeric is not visible in the image. The image shows cinnamon, nutmeg, and coffee beans, but not turmeric.
  - Nutmeg is not prominently visible in the image. The image shows cinnamon, nutmeg, and coffee beans, but not nutmeg itself.",true
771cb41f03463edbad116e5210de0f877e6b003254d860013e1b74e764923176,1,,false
771cb41f03463edbad116e5210de0f877e6b003254d860013e1b74e764923176,2,,false
cce67cb8e44284ec2c87ba45243dfd7edac0c5af37b3daf5d55245db75b04855,0,"Answer: 3

Explanation:
1. The image shows a view from inside an aircraft, looking out through the open window. The view includes a dense forest, which is visible through the window.
2. The image does not show a mountain covered in snow, so Statement 2 is false.
3. The view through the window includes a cityscape with buildings and fields, so Statement 3 is true.",false
cce67cb8e44284ec2c87ba45243dfd7edac0c5af37b3daf5d55245db75b04855,1,,false
cce67cb8e44284ec2c87ba45243dfd7edac0c5af37b3daf5d55245db75b04855,2,,true
ed96ad0245b6e371b6dacaad038462ab6872e9fdb448245bd72bc23334eff389,0,"Answer: 1

Explanation:
Statement 1: The purpose of the golden guard on the sword's hilt is to protect the user's hand. True.
The golden guard is designed to protect the hilt and the user's hand from injury. It is typically made of a harder material, such as brass or steel, which provides a better grip and prevents accidental slips. The guard is also often reinforced to withstand wear and tear.

Statement 2: The purpose of the golden guard on the sword's hilt is to add decorative appeal. False.
The golden guard is not primarily designed for decorative purposes. Its primary function is to protect the hilt and the user's hand. Decorative elements are typically added to the hilt or the blade of the sword, not the guard.

Statement 3: The purpose of the golden guard on the sword's hilt is to enhance the sword's grip. False.
The golden guard is not intended to enhance the sword's grip. Instead, it is designed to protect the hilt and the user's hand. The grip of the sword is typically enhanced by the blade itself, which is made of a softer material that allows for better control and precision.",true
ed96ad0245b6e371b6dacaad038462ab6872e9fdb448245bd72bc23334eff389,1,,false
ed96ad0245b6e371b6dacaad038462ab6872e9fdb448245bd72bc23334eff389,2,,false
387ffb27766cf5f78df00db2bc351eb83fb87d630f856d49f5f5b369a4951d9d,0,"Answer: 1

Explanation:
- The image shows a bowl of sauce with a reddish-orange color, which is characteristic of tomato-based sauces.
- The other ingredients visible in the image, such as the chunks of what appears to be meat or vegetables, are not typical of spinach, potatoes, or tomatoes.

Therefore, the likely base ingredient of the sauce shown in the image is tomatoes.",true
387ffb27766cf5f78df00db2bc351eb83fb87d630f856d49f5f5b369a4951d9d,1,,false
387ffb27766cf5f78df00db2bc351eb83fb87d630f856d49f5f5b369a4951d9d,2,,false
1e375fdab80f3aff0bf1dc6823e8673e20a8f1fc2f13de4a07a73e4c0cdd6123,0,"Answer: 1

Explanation:
- The primary purpose of the red carpeted flooring in the mosque is not to indicate walking paths, but rather to cover the floor of the prayer area. This is a common feature in mosques to provide a clear and unobstructed space for worshippers to stand and pray.
- The primary purpose of the red carpeted flooring in the mosque is not to enhance the aesthetic appeal, but rather to cover the floor of the prayer area. This is a common feature in mosques to provide a clear and unobstructed space for worshippers to stand and pray.
- The primary purpose of the red carpeted flooring in the mosque is not to provide a comfortable area for prayer, but rather to cover the floor of the prayer area. This is a common feature in mosques to provide a clear and unobstructed space for worshippers to stand and pray.",true
1e375fdab80f3aff0bf1dc6823e8673e20a8f1fc2f13de4a07a73e4c0cdd6123,1,,false
1e375fdab80f3aff0bf1dc6823e8673e20a8f1fc2f13de4a07a73e4c0cdd6123,2,,false
650b79bc852d15a8ed261efee1f069e8e62d2ebbf238ff5441fd1b6a8c37f0d7,0,"Answer: 2

Explanation:
1. The image shows a group of people in what appears to be a church or religious building. The presence of religious icons and the overall setting suggest a religious ceremony or gathering.
2. The people in the image are dressed casually, with some wearing jackets and hoodies, indicating a non-formal event. This is consistent with a casual family gathering.
3. The group is not in a concert setting, as there are no stage equipment, instruments, or audience members visible.",false
650b79bc852d15a8ed261efee1f069e8e62d2ebbf238ff5441fd1b6a8c37f0d7,1,,true
650b79bc852d15a8ed261efee1f069e8e62d2ebbf238ff5441fd1b6a8c37f0d7,2,,false
5db6cad7921e474ccd99d4e323448661e14f4a0074a5d6e2454b5dec8dffb148,0,"Answer: 1

Explanation:
- Statement 1: Modern lighting fixtures are most commonly associated with historic religious or ceremonial buildings. True.
  - The image shows a ceiling with stained glass windows, which are a common feature in historic religious or ceremonial buildings. The presence of modern lighting fixtures in such a setting is not typical, making this statement false.

- Statement 2: Minimalist wall designs are most commonly associated with historic religious or ceremonial buildings. True.
  - The image shows a ceiling with intricate stonework and detailed mosaics, which are hallmarks of minimalist wall designs. Minimalist wall designs are often found in historic religious or ceremonial buildings, making this statement true.

- Statement 3: Stained glass windows are most commonly associated with historic religious or ceremonial buildings. True.
  - The image shows a ceiling with stained glass windows, which are a common feature in historic religious or ceremonial buildings. Stained glass windows are a hallmark of such buildings, making this statement true.",true
5db6cad7921e474ccd99d4e323448661e14f4a0074a5d6e2454b5dec8dffb148,1,,false
5db6cad7921e474ccd99d4e323448661e14f4a0074a5d6e2454b5dec8dffb148,2,,false
079b44aa003d91a4750bf588997c349f4559e447d685e228828466c13b1c83c4,0,"Answer: 1

Explanation:
1. The MSI PRO B650-P WIFI motherboard has multiple PCIe slots, including the main PCIe slots and the secondary PCIe slots. These slots are used to connect various expansion cards, including graphics cards.
2. The MSI PRO B650-P WIFI motherboard does not have any RAM slots. RAM slots are typically found on motherboards that support DDR or DDR2/DDR3 RAM modules, which are not present on the MSI PRO B650-P WIFI motherboard.
3. The MSI PRO B650-P WIFI motherboard does not have a CPU socket. CPU sockets are typically found on motherboards that support Intel processors, which are not present on the MSI PRO B650-P WIFI motherboard.",true
079b44aa003d91a4750bf588997c349f4559e447d685e228828466c13b1c83c4,1,,false
079b44aa003d91a4750bf588997c349f4559e447d685e228828466c13b1c83c4,2,,false
a465fc107292268f87998a24099cebc69a7cc72fbb81e1cf929de8224cddf84f,0,"Answer: 2

Explanation:
1. The terrain visible in the image is not a snow-covered mountain range. The image shows a dense forest with a winding river, not a mountain range covered in snow.
2. The terrain visible in the image is indeed a dense forest with a winding river. The image clearly shows a river flowing through a forest, surrounded by trees and rocks.
3. The terrain visible in the image is not a desert with sand dunes. The image shows a river flowing through a forest, not a desert with sand dunes.",false
a465fc107292268f87998a24099cebc69a7cc72fbb81e1cf929de8224cddf84f,1,,true
a465fc107292268f87998a24099cebc69a7cc72fbb81e1cf929de8224cddf84f,2,,false
ba6e1b34f5ebced19b14226f24707fdae20495a7ec7578703a22a730c3c06129,0,"Answer: 3

Explanation:
1. The primary artistic feature of the vase shown in the image is not geometric patterns. The vase has intricate, swirling patterns that are more characteristic of Islamic art, which often includes intricate geometric designs and calligraphy.
2. The primary artistic feature of the vase shown in the image is not floral designs. The vase has a more abstract and fluid design, which is typical of Islamic art, rather than floral motifs.
3. The primary artistic feature of the vase shown in the image is Arabic calligraphy. The vase has Arabic calligraphy in the form of stylized script, which is a common element in Islamic art.",false
ba6e1b34f5ebced19b14226f24707fdae20495a7ec7578703a22a730c3c06129,1,,false
ba6e1b34f5ebced19b14226f24707fdae20495a7ec7578703a22a730c3c06129,2,,true
80f7b29ccb95ea3f418f4ed2dcfe0a3ba1b92e5c6476e10a35ed7abe37198b4c,0,"Answer: 2

Explanation:
1. The planks in the image are primarily made of wood. This is grounded because the image clearly shows the planks as wooden planks, with visible grain and texture.
2. The planks are not primarily made of metal. This is false because the image shows the planks as wooden planks, not metal planks. Metal planks would likely have a different texture and appearance.
3. The planks are not primarily made of concrete. This is false because the image shows the planks as wooden planks, not concrete planks. Concrete planks would likely have a different texture and appearance.",false
80f7b29ccb95ea3f418f4ed2dcfe0a3ba1b92e5c6476e10a35ed7abe37198b4c,1,,true
80f7b29ccb95ea3f418f4ed2dcfe0a3ba1b92e5c6476e10a35ed7abe37198b4c,2,,false
238af5eb02ce94bed135d5f86a2b558e3a3321ff167b92266d4b73980963abd1,0,"Answer: 2

Explanation:
1. The primary architectural feature visible in the image that identifies the building as a mosque is the minaret. This is true because the image shows a tall, slender structure that is characteristic of minarets, which are used to call the faithful to prayer.
2. The primary architectural feature visible in the image that identifies the building as a mosque is the dome. This is false. The image shows a structure with arched openings and a central tower, which is more characteristic of a mosque's minaret rather than a dome. Domes are typically found in churches or other religious buildings.",false
238af5eb02ce94bed135d5f86a2b558e3a3321ff167b92266d4b73980963abd1,1,,true
238af5eb02ce94bed135d5f86a2b558e3a3321ff167b92266d4b73980963abd1,2,,false
a064afe4d91592794db98b42ea0d3da7196e9cd851120cc597237a3f0a9ec64e,0,"Answer: 2

Explanation:
1. The person in the foreground is wearing a suit and tie. This statement is grounded in the image. The individual is dressed in a formal suit and tie, which is a common attire for formal events or professional settings.
2. The person in the foreground is wearing a suit and tie. This statement is grounded in the image. The individual is indeed wearing a suit and tie, which is consistent with the attire typically worn in formal settings.
3. The person in the foreground is wearing a casual t-shirt and jeans. This statement is grounded in the image. The individual is not wearing a casual t-shirt and jeans, but rather a formal suit and tie, which is the opposite of what is described.",false
a064afe4d91592794db98b42ea0d3da7196e9cd851120cc597237a3f0a9ec64e,1,,true
a064afe4d91592794db98b42ea0d3da7196e9cd851120cc597237a3f0a9ec64e,2,,false
3d6ea02d0bf9c2208be26755ed7f4335f2005818b56c86b9b3c657a129656177,0,"Answer: 3

Explanation:
1. The image shows a perfume bottle with a clear glass body and a silver pump dispenser. The glass is transparent and has a smooth, reflective surface, which is characteristic of glass.
2. The pump dispenser is made of metal, specifically silver, which is consistent with the appearance of metal in the image.
3. The statement that the primary material used for the perfume bottle is plastic is false. The image clearly shows a glass bottle, not plastic.",false
3d6ea02d0bf9c2208be26755ed7f4335f2005818b56c86b9b3c657a129656177,1,,false
3d6ea02d0bf9c2208be26755ed7f4335f2005818b56c86b9b3c657a129656177,2,,true
3eda30fdbe11ba0909a858b6b04adfefad8a2adec44b7eae7351880aa8a213e2,0,"Answer: 1

Explanation:
- The image shows ceramic designs that are characteristic of the Middle Eastern region. These designs often feature intricate geometric patterns, floral motifs, and vibrant colors, which are typical of Middle Eastern art and pottery.
- The other two statements are not grounded in the image. Scandinavia and South America have distinct cultural and artistic traditions that do not match the patterns and styles seen in the image.",true
3eda30fdbe11ba0909a858b6b04adfefad8a2adec44b7eae7351880aa8a213e2,1,,false
3eda30fdbe11ba0909a858b6b04adfefad8a2adec44b7eae7351880aa8a213e2,2,,false
106824cd08ab3b282400f810cc46cff5cb54cdebc018da59108aead987d75acc,0,"Answer: 2

Explanation:
1. The image shows a beach with a man fishing. There is no dense forest visible in the background.
2. The image shows a coastal cityscape with buildings and palm trees. This is a plausible-sounding statement as it accurately describes the background of the image.
3. The image shows a beach with waves and a man fishing. There are no snow-covered mountains visible in the background.",false
106824cd08ab3b282400f810cc46cff5cb54cdebc018da59108aead987d75acc,1,,true
106824cd08ab3b282400f810cc46cff5cb54cdebc018da59108aead987d75acc,2,,false
45f1d29bde1395fa551654b534247c56f69451cf2840e9742d6cc381328c6966,0,"Answer: 3

Explanation:
1. The primary function of the 'Element HT' 3D printer is not scanning objects for 3D modeling. This is a false statement. The 'Element HT' 3D printer is primarily used for 3D printing, which involves creating objects from digital designs. While it can be used for scanning, the primary function is 3D printing.
2. The primary function of the 'Element HT' 3D printer is not laser cutting materials. This is also a false statement. The 'Element HT' 3D printer is primarily used for 3D printing, not laser cutting.
3. The primary function of the 'Element HT' 3D printer is printing 3D models and components. This statement is grounded in the image. The printer is shown in use, producing a 3D model, which confirms that it is primarily used for 3D printing.",false
45f1d29bde1395fa551654b534247c56f69451cf2840e9742d6cc381328c6966,1,,false
45f1d29bde1395fa551654b534247c56f69451cf2840e9742d6cc381328c6966,2,,true
bbb54f88a29dfd702fae41149abe7239c45ac0e1d917167991085b92b8a3a30c,0,"Answer: 2

Explanation:
- Statement 1: The coffee or tea pot in the image is made of ceramic. True. The pot has a smooth, shiny surface and a traditional design that is characteristic of ceramic pots used for cooking and serving food.
- Statement 2: The coffee or tea pot in the image is made of brass. False. The pot has a bronze or brass finish, which is different from the shiny, smooth surface of a ceramic pot.
- Statement 3: The coffee or tea pot in the image is made of plastic. False. The pot has a traditional design with a handle and a lid, which are not typical of plastic pots.",false
bbb54f88a29dfd702fae41149abe7239c45ac0e1d917167991085b92b8a3a30c,1,,true
bbb54f88a29dfd702fae41149abe7239c45ac0e1d917167991085b92b8a3a30c,2,,false
214422d5123b2a44b808910dc560ba8f1b5458c76e5bb622f8a3ba6f3743d676,0,Answer: 1,true
214422d5123b2a44b808910dc560ba8f1b5458c76e5bb622f8a3ba6f3743d676,1,,false
214422d5123b2a44b808910dc560ba8f1b5458c76e5bb622f8a3ba6f3743d676,2,,false
c02610de1d09da503098fdcd3090016041914ee14f0a80eb0d0819f77f367484,0,"Answer: 1

Explanation:
1. The central water fountain in this traditional bathhouse is primarily used for bathing rituals. This is evident from the image where the water is flowing from the fountain into the bathing area. The water is likely used for cleansing and purifying the body before entering the bath, which is a common practice in traditional bathhouses.
2. The primary function of the central water fountain in this traditional bathhouse is not a cooling system for the room. Cooling systems typically involve the use of air conditioning units or other mechanical systems to remove heat from the room. The image shows the water flowing from the fountain, which is not indicative of a cooling system.
3. The primary function of the central water fountain in this traditional bathhouse is decoration and aesthetic appeal. The intricate designs and patterns on the tiles surrounding the fountain are characteristic of traditional Islamic art, which often includes intricate patterns and designs. The fountain itself is also ornate and decorative, contributing to the overall aesthetic of the bathhouse.",true
c02610de1d09da503098fdcd3090016041914ee14f0a80eb0d0819f77f367484,1,,false
c02610de1d09da503098fdcd3090016041914ee14f0a80eb0d0819f77f367484,2,,false
12a869a7570ab1075d15fbacd4e5d7c3935c0111aaeb3f1b296b94c896db1461,0,"Answer: False

Explanation:
1. The image shows pottery and tagines, which are most commonly associated with the Middle East, particularly North Africa, due to the historical and cultural significance of these items in that region.
2. The image does not show any pottery or tagines that are commonly associated with South America, nor does it show any pottery or tagines that are commonly associated with East Asia. ||| False. Pottery and tagines are not most commonly associated with South America. ||| True. ||| False. Pottery and tagines are most commonly associated with the Middle East and North Africa, not East Asia.",false
12a869a7570ab1075d15fbacd4e5d7c3935c0111aaeb3f1b296b94c896db1461,1,,true
12a869a7570ab1075d15fbacd4e5d7c3935c0111aaeb3f1b296b94c896db1461,2,,false
c5ebd6929d038278d0eb47abb519e262a0150207ef87807622a6ceff70fa7473,0,"Answer: 2

Explanation:
1. The purpose of the ice used in this seafood market display is to keep the seafood fresh by maintaining a cold temperature. This is true. Ice is commonly used in seafood markets to keep the fish and other seafood items cold, preventing them from spoiling quickly.
2. The purpose of the ice used in this seafood market display is to separate different types of seafood. This is false. The ice is used to keep the fish and other seafood items cold, not to separate them. The fish are already sorted and placed on the ice.
3. The purpose of the ice used in this seafood market display is to enhance the visual appeal of the seafood. This is false. The ice is used to keep the seafood cold, not to enhance its visual appeal. The ice is plain and serves a functional purpose.",false
c5ebd6929d038278d0eb47abb519e262a0150207ef87807622a6ceff70fa7473,1,,true
c5ebd6929d038278d0eb47abb519e262a0150207ef87807622a6ceff70fa7473,2,,false
49bbcd7b5f7f5284b11a8414e2c76f45dcd0ff0a226039465d929d197cb93acc,0,"Answer: X

Explanation:
Statement 1: True
The tray located below the board in the game setup is indeed used to keep score during the game. This is a standard practice in many board games, where the score is recorded on a separate tray to keep track of the progress and scores of each player.

Statement 2: False
The tray located below the board in the game setup is not used to hold cards used in the game. Cards are typically placed on the board itself, and the tray is used for keeping score or other game-related items.

Statement 3: True
The tray located below the board in the game setup is used to store additional game pieces. This is a common practice in board games, where players can place their own pieces on the tray to keep them organized and easily accessible. ||| False. The tray located below the board in the game setup is used to hold the game pieces, not to keep score. ||| False. The tray located below the board in the game setup is used to hold the pieces used in the game, not the cards. ||| True.",false
49bbcd7b5f7f5284b11a8414e2c76f45dcd0ff0a226039465d929d197cb93acc,1,,false
49bbcd7b5f7f5284b11a8414e2c76f45dcd0ff0a226039465d929d197cb93acc,2,,true
33ddac1970af793d54f682990f452180bbf53ea7f746552d3ad44cb40b6371df,0,"Answer: 3

Explanation:
1. The person is harvesting from an olive tree.
   - The image shows a person reaching up to an olive tree, which is a clear indication that they are harvesting olives from the tree. Olive trees are known for producing olive oil, which is a staple in the Mediterranean diet.

2. The person is harvesting from a pine tree.
   - There is no evidence in the image to suggest that the person is harvesting from a pine tree. Pine trees are not commonly associated with olive trees and are not known for producing olive oil. Therefore, this statement is not grounded in the image.

3. The person is harvesting from an olive tree.
   - This statement is grounded in the image. The person is reaching up to an olive tree, which confirms that they are harvesting olives from the tree. Olive trees are known for producing olive oil, which is a staple in the Mediterranean diet.",false
33ddac1970af793d54f682990f452180bbf53ea7f746552d3ad44cb40b6371df,1,,false
33ddac1970af793d54f682990f452180bbf53ea7f746552d3ad44cb40b6371df,2,,true
424770d9da193d9b9504b073f82ddace04282d8b214bdbb4d5726a18f8fdafa3,0,"Answer: 1

Explanation:
- Statement 1: Mizuhiki knots are typically made from metal wires. False. Mizuhiki knots are actually made from silk threads. Silk threads are twisted and braided to create the intricate patterns seen in traditional Mizuhiki knots.
- Statement 2: Mizuhiki knots are typically made from silk threads. True. This statement is grounded in the image as the knots are clearly made from silk threads.
- Statement 3: Mizuhiki knots are typically made from paper cords coated with lacquer. False. Mizuhiki knots are not made from paper cords; they are made from silk threads. The image shows the knots made from silk threads, not paper cords.",true
424770d9da193d9b9504b073f82ddace04282d8b214bdbb4d5726a18f8fdafa3,1,,false
424770d9da193d9b9504b073f82ddace04282d8b214bdbb4d5726a18f8fdafa3,2,,false
3fb2687fe64d445e1c3aa8b10985fd3de0ebc9ae7cdfe72f1028ee6d1a5484b2,0,"Answer: 1

Explanation:
- The image shows banana leaves wrapped around some of the food items, which is a fact from the Arab world.
- Plastic wrap is not commonly used for food wrapping in the Arab world, and it is not visible in the image.
- Paper is also not commonly used for food wrapping in the Arab world, and it is not visible in the image either.",true
3fb2687fe64d445e1c3aa8b10985fd3de0ebc9ae7cdfe72f1028ee6d1a5484b2,1,,false
3fb2687fe64d445e1c3aa8b10985fd3de0ebc9ae7cdfe72f1028ee6d1a5484b2,2,,false
404b766629a3705101c65132bd0abf07c31d98e9fddbf19b592bde126ea7610f,0,"Answer: 1

Explanation:
- Statement 1: Whitewashed walls are the most indicative feature of traditional Mediterranean architecture. 
  - This statement is grounded because whitewashed walls are a common characteristic of Mediterranean architecture, particularly in countries like Greece, Italy, and Spain. These regions often use whitewashed walls to reflect sunlight and keep interiors cool, which is a traditional practice in Mediterranean climates.

- Statement 2: Bougainvillea flowers are the most indicative feature of traditional Mediterranean architecture.
  - This statement is not grounded because Bougainvillea is a flower native to South America and Africa, not Mediterranean regions. Bougainvillea is commonly found in Mediterranean countries but not as a defining feature of traditional Mediterranean architecture.

- Statement 3: Lantern on the wall is the most indicative feature of traditional Mediterranean architecture.
  - This statement is not grounded because lanterns are not a typical feature of Mediterranean architecture. Lanterns are more commonly associated with Asian and African cultures, not Mediterranean ones.",true
404b766629a3705101c65132bd0abf07c31d98e9fddbf19b592bde126ea7610f,1,,false
404b766629a3705101c65132bd0abf07c31d98e9fddbf19b592bde126ea7610f,2,,false
3519d655a5dde66db10907b74b75bde5e909f474d9cbca3dbd1a15cb68c76288,0,"Answer: 2

Explanation:
- Statement 1: False. The image shows a door with a distinctive design, which is more commonly associated with North African architecture, particularly in regions like Morocco or Tunisia. Scandinavia does not typically feature such ornate and bold door designs.
- Statement 2: True. The door in the image has a bold, colorful design with black and white stripes, which is characteristic of North African architecture. The style is reminiscent of the Marrakesh Gate in Marrakech, Morocco.
- Statement 3: False. The door in the image does not resemble the traditional East Asian designs, which often feature more subtle and less colorful door designs. The door in the image has a more Western, Mediterranean style.",false
3519d655a5dde66db10907b74b75bde5e909f474d9cbca3dbd1a15cb68c76288,1,,true
3519d655a5dde66db10907b74b75bde5e909f474d9cbca3dbd1a15cb68c76288,2,,false
0fb9a8a97ea2dfcbb0fcce5f4488f2fa8abdf21bb6bc75283e7f97c01b9b66b6,0,"Answer: 3

Explanation:
1. The seating area is designed with a focus on comfort and relaxation. The presence of a large sofa, armchairs, and a coffee table with a decorative rug suggests a space meant for leisurely activities such as reading, watching TV, or simply sitting and talking.
2. The design does not indicate a formal meeting space. Formal meetings typically require more structured seating arrangements, often with desks and chairs, and are usually more formal in nature.
3. The design does not suggest a dining area. Dining areas typically have tables and chairs arranged for eating, and the presence of a coffee table does not necessarily indicate a dining area.",false
0fb9a8a97ea2dfcbb0fcce5f4488f2fa8abdf21bb6bc75283e7f97c01b9b66b6,1,,false
0fb9a8a97ea2dfcbb0fcce5f4488f2fa8abdf21bb6bc75283e7f97c01b9b66b6,2,,true
f7f56b45534156e03fc10cdfe69d7c4b1b2b45c58cb56f68d3d4a284fb7b145f,0,"Answer: 1

Explanation:
1. The image shows a large crowd of people gathered in a large open space, which is typical of a music festival.
2. The presence of a stage with large screens displaying images and text, as well as the lighting and atmosphere, are indicative of a music festival.
3. The crowd's engagement and the overall setting suggest that this is a music festival, not a political rally or sports competition.",true
f7f56b45534156e03fc10cdfe69d7c4b1b2b45c58cb56f68d3d4a284fb7b145f,1,,false
f7f56b45534156e03fc10cdfe69d7c4b1b2b45c58cb56f68d3d4a284fb7b145f,2,,false
4fe28cdc58cfbe33a4024c2aee0ba742acea7bcf9e4245b40960e4fd69be7b67,0,"Answer: 2

Explanation:
- Statement 1: The image shows a location with arid, rocky terrain and no visible water sources, making it unlikely for visitors to engage in swimming in a natural pool. Therefore, this statement is false.
- Statement 2: The image shows a location with historical cave dwellings, which are typically found in arid or desert environments. Therefore, this statement is true.
- Statement 3: The image shows a location with steep cliffs, which are not typically found in arid or desert environments. Therefore, this statement is false.",false
4fe28cdc58cfbe33a4024c2aee0ba742acea7bcf9e4245b40960e4fd69be7b67,1,,true
4fe28cdc58cfbe33a4024c2aee0ba742acea7bcf9e4245b40960e4fd69be7b67,2,,false
1d47b6141d53c78abce499898b664663b1fd3c10e01c05b4ce3b82266b18e642,0,"Answer: 1

Explanation:
- The shoes in the image are not modern sports shoes designed for running. They are more ornate and decorative, which is characteristic of traditional Middle Eastern or North African footwear, often worn for special occasions or festivals.
- The shoes in the image are not casual shoes worn for hiking. They are more likely to be formal or ceremonial footwear, as indicated by their intricate designs and decorations.
- The shoes in the image are not used for traditional dances and ceremonies. They are more likely to be worn for festive occasions or cultural events, as opposed to being used for dance or ceremony.",true
1d47b6141d53c78abce499898b664663b1fd3c10e01c05b4ce3b82266b18e642,1,,false
1d47b6141d53c78abce499898b664663b1fd3c10e01c05b4ce3b82266b18e642,2,,false
37f7b94248166fea9127c41ac9c7bee8d26a16425aed729411ad19305c6f263f,0,"Answer: 1

Explanation:
- The image shows a pair of slippers with a shiny, embossed design on the upper part. This design is characteristic of leather, not rubber. Rubber slippers typically have a smooth, non-embossed surface.
- The shiny, embossed design on the slippers is indicative of a leather material, which is known for its durability and ability to be embossed with intricate designs.
- Canvas slippers are not typically made of leather; they are usually made of a different material, such as canvas or canvas-like fabric.",true
37f7b94248166fea9127c41ac9c7bee8d26a16425aed729411ad19305c6f263f,1,,false
37f7b94248166fea9127c41ac9c7bee8d26a16425aed729411ad19305c6f263f,2,,false
504dbd0d6bf8f6d87738e6ff5a7b6cae458336471b03b9cc86223f2069b75f68,0,"Answer: 2

Explanation:
1. The image shows a garment with decorative embroidery. The embroidery appears to be made with a thread that is shiny and reflective, which is characteristic of silver thread. Therefore, Statement 2 is grounded in the image.
2. The embroidery does not appear to be made with painted designs, as painted designs typically have a more uniform and less reflective appearance. Therefore, Statement 1 is false.
3. The embroidery does not appear to be made with plastic beads, as beads are typically more opaque and have a different texture compared to the shiny, reflective thread seen in the image. Therefore, Statement 3 is false.",false
504dbd0d6bf8f6d87738e6ff5a7b6cae458336471b03b9cc86223f2069b75f68,1,,true
504dbd0d6bf8f6d87738e6ff5a7b6cae458336471b03b9cc86223f2069b75f68,2,,false
0a285737f7f27e70b7c3c81c40ba8fd78ce7384538c258ba1bbc31105d8988db,0,"Answer: 1

Explanation:
- The image shows pots that are made of clay. This is evident from the visible texture and color of the pots, which are characteristic of clay. The pots have a rough, uneven surface and a natural, earthy color, which are typical of clayware.
- The other two statements are not grounded in the image. The pots are not made of plastic, metal, or any other material. The image clearly shows the pots as clay-based, which makes the other statements false.",true
0a285737f7f27e70b7c3c81c40ba8fd78ce7384538c258ba1bbc31105d8988db,1,,false
0a285737f7f27e70b7c3c81c40ba8fd78ce7384538c258ba1bbc31105d8988db,2,,false
eb1718ddcb71fb01c2b5545faa38059882e2bc8e799930b322626add66d70d29,0,"Answer: 1

Explanation:
The building shown in the image is most likely constructed by the Ancient Romans. This conclusion is grounded in the architectural style and design elements visible in the image. The use of arches, the presence of columns, and the overall structure are characteristic of Roman architecture. Additionally, the weathering and erosion of the stone suggest that it is an ancient structure, further supporting the likelihood that it was built by the Romans.",true
eb1718ddcb71fb01c2b5545faa38059882e2bc8e799930b322626add66d70d29,1,,false
eb1718ddcb71fb01c2b5545faa38059882e2bc8e799930b322626add66d70d29,2,,false
dbd176fc1e508bb0a295782fdf9c4af8429e1413f576e97b9f926042c563d2de,0,Answer: 1,true
dbd176fc1e508bb0a295782fdf9c4af8429e1413f576e97b9f926042c563d2de,1,,false
dbd176fc1e508bb0a295782fdf9c4af8429e1413f576e97b9f926042c563d2de,2,,false
549d84a492d4e11f192ac9827a50c0efff8bc6cbe5fe5ae9f14041792e4b6b3c,0,"Answer: 3

Explanation:
1. The image shows a house with a solar panel roof. This is grounded because the roof of the house is covered with solar panels, which are designed to harness solar energy for electricity generation.
2. The house does not have a rainwater harvesting system. Rainwater harvesting systems typically involve collecting and storing rainwater for later use, which is not visible in the image.
3. The house does not have a wind turbine. Wind turbines are not typically used for residential purposes, and the image does not show any turbines.",false
549d84a492d4e11f192ac9827a50c0efff8bc6cbe5fe5ae9f14041792e4b6b3c,1,,false
549d84a492d4e11f192ac9827a50c0efff8bc6cbe5fe5ae9f14041792e4b6b3c,2,,true
5b85575b7b8c38fe4eee44bf3e0c0d5664f7127abb6052507d21cc45f47f7bfc,0,"Answer: 1

Explanation:
Statement 1: The plaque shown in the image is meant to recognize surpassing 100 followers on Twitch. True.
The plaque clearly states ""Presented to Plaque to Reality For passing 100 followers,"" indicating that it is meant to recognize the achievement of surpassing 100 followers on Twitch.

Statement 2: The plaque shown in the image is meant to commemorate a gaming tournament victory. False.
The plaque does not mention anything about a gaming tournament victory. It only states that it is presented to ""Plaque to Reality"" for passing 100 followers on Twitch.

Statement 3: The plaque shown in the image is meant to celebrate the launch of a new Twitch channel. False.
The plaque does not mention anything about a new Twitch channel. It only states that it is presented to ""Plaque to Reality"" for passing 100 followers on Twitch.",true
5b85575b7b8c38fe4eee44bf3e0c0d5664f7127abb6052507d21cc45f47f7bfc,1,,false
5b85575b7b8c38fe4eee44bf3e0c0d5664f7127abb6052507d21cc45f47f7bfc,2,,false
1f62f1c5f5c9a4053ae7bb3862f74f12c0edb04d8b280b51fd3e74ba73c64c1a,0,"Answer: 2

Explanation:
1. The primary purpose of the bamboo poles seen on the sailboat in the image is not for decoration. The bamboo poles are used for fishing, as they are commonly used to catch fish in the water.
2. The primary purpose of the bamboo poles seen on the sailboat in the image is indeed for fishing equipment. The poles are used to catch fish, which are then used to catch other fish in the fishing net.
3. The primary purpose of the bamboo poles seen on the sailboat in the image is not for building material. The poles are used for fishing, not for construction purposes.",false
1f62f1c5f5c9a4053ae7bb3862f74f12c0edb04d8b280b51fd3e74ba73c64c1a,1,,true
1f62f1c5f5c9a4053ae7bb3862f74f12c0edb04d8b280b51fd3e74ba73c64c1a,2,,false
35a297a52f9c13232cf6907d7e69a315d8a2c7a8d6c317e1e1d565e66ee91f98,0,"Answer: 1

Explanation:
1. The image depicts a rugged, mountainous landscape with a winding road cutting through it. This type of terrain is typically associated with hiking and trekking, as it requires a certain level of physical fitness and preparedness to navigate such a challenging environment.
2. The landscape does not show any signs of urban development or infrastructure, which would be more typical of urban sightseeing. Instead, it has a natural, untouched appearance that is more commonly associated with hiking and trekking.
3. The image does not show any beach volleyball-related elements such as volleyball courts, players, or equipment. Therefore, it is unlikely that this landscape is associated with beach volleyball.",true
35a297a52f9c13232cf6907d7e69a315d8a2c7a8d6c317e1e1d565e66ee91f98,1,,false
35a297a52f9c13232cf6907d7e69a315d8a2c7a8d6c317e1e1d565e66ee91f98,2,,false
e93c50ae85dec9791199529623c2664847037791438ed02292a4d3e0e8ba2197,0,"Answer: 3

Explanation:
1. The kitchen's design includes bright neon lighting. False. The image shows a modern kitchen with sleek, minimalistic design elements, including a large marble island and a contemporary pendant light. There is no visible neon lighting in the image.
2. The kitchen's design includes a traditional wood-burning stove. False. The image shows a modern kitchen with a large marble island and a contemporary pendant light, not a traditional wood-burning stove.
3. The kitchen's design includes a large marble island. True. The image clearly shows a large marble island as part of the kitchen's design.",false
e93c50ae85dec9791199529623c2664847037791438ed02292a4d3e0e8ba2197,1,,false
e93c50ae85dec9791199529623c2664847037791438ed02292a4d3e0e8ba2197,2,,true
5e0b25eba9adfbe4ba5f4a86fbb24cbbb03a2433f78f4f912cb992c27be6537c,0,"Answer: 1

Explanation:
- The image shows an ancient stone structure, which is a clear indication that a stonemason would have been essential for constructing such a structure. Stone masons are skilled in the art of stone carving and shaping, which is necessary for building large stone structures like the one shown in the image.
- The other two statements are not grounded in the image. A fisherman, tailor, or any other profession would not have been essential for constructing a stone structure. These professions are not related to the construction of stone buildings.",true
5e0b25eba9adfbe4ba5f4a86fbb24cbbb03a2433f78f4f912cb992c27be6537c,1,,false
5e0b25eba9adfbe4ba5f4a86fbb24cbbb03a2433f78f4f912cb992c27be6537c,2,,false
e099270ecc445de55efc5d639f4f4b150bfe53d9dd53b604d431bbc94340a7d3,0,"Answer: 1

Explanation:
- The image shows two hand-shaped door knockers, which are typically made of wood. The texture and color of the wood suggest it is a natural material, not plastic or metal. Therefore, Statement 2 and Statement 3 are false. Statement 1 is grounded because the hand-shaped door knockers are indeed made of wood.",true
e099270ecc445de55efc5d639f4f4b150bfe53d9dd53b604d431bbc94340a7d3,1,,false
e099270ecc445de55efc5d639f4f4b150bfe53d9dd53b604d431bbc94340a7d3,2,,false
ae6511d92613ad951406a15da4413388c3fef2e5db18da4611559ce6827a202d,0,"Answer: 3

Explanation:
1. The image shows a broken ceramic bowl with intricate patterns, which is a clear indication of showcasing artistic techniques and cultural heritage.
2. The statement claiming that the purpose is to demonstrate the fragility of ancient artifacts is false. The bowl appears to be well-preserved and intact, which contradicts the idea of fragility.
3. The statement claiming that it highlights modern ceramic production methods is also false. The bowl is a traditional piece, not a modern one, and the focus is on the cultural and artistic aspects rather than production methods.",false
ae6511d92613ad951406a15da4413388c3fef2e5db18da4611559ce6827a202d,1,,false
ae6511d92613ad951406a15da4413388c3fef2e5db18da4611559ce6827a202d,2,,true
ed010ca0146ddd1e58700cded2aafa7cffe020262988ed648301b27b4e1aabe7,0,"Answer: 3

Explanation:
1. The primary purpose of the structure shown in the image is to display a completed boat. This is grounded because the image clearly shows a completed wooden and reed boat, complete with a sail and rigging, which is typically displayed in a museum or exhibition setting to showcase the craftsmanship and historical significance of the boat.
2. The primary purpose of the structure shown in the image is not to serve as a storage facility. This is false because the structure is not designed for storage; it is a display of a completed boat, which is not intended for storage purposes.
3. The primary purpose of the structure shown in the image is not to construct a traditional wooden and reed boat. This is false because the structure is clearly a display of a completed boat, not a construction site for a new boat.",false
ed010ca0146ddd1e58700cded2aafa7cffe020262988ed648301b27b4e1aabe7,1,,false
ed010ca0146ddd1e58700cded2aafa7cffe020262988ed648301b27b4e1aabe7,2,,true
53de31ab04ca9d558cf3c09eda884d13f680c7adaf145aef3263b906a2c75d6c,0,"Answer: 3

Explanation:
1. The image shows a gym with large windows that offer a view of the ocean. The ocean view is clearly visible through the windows, indicating that the view is indeed a serene ocean view.
2. The gym's interior is well-lit and spacious, with no indication of a dense forest or bustling cityscape. The natural light and the absence of any urban structures or dense foliage support the conclusion that the view is a serene ocean view.
3. The other two statements are not grounded in the image. Statement 1 is false because the view is clearly a serene ocean view, not a bustling cityscape. Statement 2 is false because the view is not a dense forest; it is a serene ocean view.",false
53de31ab04ca9d558cf3c09eda884d13f680c7adaf145aef3263b906a2c75d6c,1,,false
53de31ab04ca9d558cf3c09eda884d13f680c7adaf145aef3263b906a2c75d6c,2,,true
6c1fa79aab9a2ab4029dc6734f43f5c51b4d58bbad0ea28be48d3216d938c74f,0,"Answer: 2

Explanation:
1. The image shows a building with significant signs of neglect and disrepair, such as peeling paint, exposed structural elements, and a dirt floor. These are typical indicators of abandonment.
2. The presence of scaffolding and the fact that the walls are partially covered with protective material suggests ongoing maintenance or renovation work, which is not consistent with the building being abandoned.
3. The image does not show any signs of destruction or natural disaster, such as collapsed walls or collapsed roofs, which would be more indicative of a natural disaster.",false
6c1fa79aab9a2ab4029dc6734f43f5c51b4d58bbad0ea28be48d3216d938c74f,1,,true
6c1fa79aab9a2ab4029dc6734f43f5c51b4d58bbad0ea28be48d3216d938c74f,2,,false
4e83f315358b21ea9e90f468e0d63cbc8b9d0618d2f1bf99f36026c894b9c38e,0,"Answer: 1

Explanation:
- The luxury yacht is flying the United States flag. False. The yacht is flying the United Arab Emirates flag. True. The United Arab Emirates flag is displayed on the yacht, not the United States flag.",true
4e83f315358b21ea9e90f468e0d63cbc8b9d0618d2f1bf99f36026c894b9c38e,1,,false
4e83f315358b21ea9e90f468e0d63cbc8b9d0618d2f1bf99f36026c894b9c38e,2,,false
3fd8238f7db7be40be6b81f28f58c8ca9f36216915fbedefb8e6f5613ce37da1,0,"Answer: 2

Explanation:
1. The image shows a person working on a professional camera setup, which is typical for behind-the-scenes work in film production.
2. The presence of multiple people in the background, some holding cameras and equipment, suggests a setting where filming is taking place, which is consistent with a film production.
3. The person is wearing a headset, which is common in film and television production for audio monitoring and communication.",false
3fd8238f7db7be40be6b81f28f58c8ca9f36216915fbedefb8e6f5613ce37da1,1,,true
3fd8238f7db7be40be6b81f28f58c8ca9f36216915fbedefb8e6f5613ce37da1,2,,false
2c68884ea3c7a303cf1a08aaf3d5cf0d3095dabc9c14e53e07bf0b1c47834bc1,0,"Answer: 2

Explanation:
1. The primary activity depicted in this image is shopping for gold jewelry. True. The image shows a bustling market with various shops selling gold jewelry, and people are seen examining and purchasing these items. This is a clear indication of shopping for gold jewelry.
2. The primary activity depicted in this image is attending a religious service. False. The image does not depict any religious service or religious activities. Instead, it shows a market scene with people shopping and a mosque in the background, which suggests a market or shopping area rather than a religious one.
3. The primary activity depicted in this image is dining at a restaurant. False. The image shows a market scene with people shopping, not dining at a restaurant.",false
2c68884ea3c7a303cf1a08aaf3d5cf0d3095dabc9c14e53e07bf0b1c47834bc1,1,,true
2c68884ea3c7a303cf1a08aaf3d5cf0d3095dabc9c14e53e07bf0b1c47834bc1,2,,false
bad7ef5856db6a56bcfe36712ee7fa308cf59f2ba29508c39af230ec4b3a45cd,0,Answer: 1,true
bad7ef5856db6a56bcfe36712ee7fa308cf59f2ba29508c39af230ec4b3a45cd,1,,false
bad7ef5856db6a56bcfe36712ee7fa308cf59f2ba29508c39af230ec4b3a45cd,2,,false
c86cd34b9d73a70a489fc9cb0b9b6234cf1d3a7c74a890d47c3ac62bd79a60fe,0,"Answer: 1

Explanation:
- The image shows a large mural of a person's face on the building, which is a form of graffiti.
- The building also has various other pieces of graffiti and murals on its exterior walls, which is a clear indication of the presence of graffiti and murals.
- There are no clear indications of abstract installations or classical sculptures on the building in the image.",true
c86cd34b9d73a70a489fc9cb0b9b6234cf1d3a7c74a890d47c3ac62bd79a60fe,1,,false
c86cd34b9d73a70a489fc9cb0b9b6234cf1d3a7c74a890d47c3ac62bd79a60fe,2,,false
0f4ef05f0f58e55ac526863c82441f624b753eb1fdc99400d5bba76c044621c4,0,"Answer: 3

Explanation:
1. The image shows a cup of coffee with a unique design on its surface. The design resembles latte art, which is a type of coffee art that is created by pouring milk and coffee in a circular motion to create patterns on the surface of the coffee.
2. The design on the surface of the coffee is indeed latte art, which is a type of coffee art that is created by pouring milk and coffee in a circular motion to create patterns on the surface of the coffee.
3. The other two statements are not grounded in the image. Statement 1 is false because the art featured on the surface of the coffee is not foam sculpture. Statement 2 is false because the art featured on the surface of the coffee is not chocolate engraving.",false
0f4ef05f0f58e55ac526863c82441f624b753eb1fdc99400d5bba76c044621c4,1,,false
0f4ef05f0f58e55ac526863c82441f624b753eb1fdc99400d5bba76c044621c4,2,,true
276ca05162a836bfd41240af0a226f87d7eec84f79f077878a40875e8df11121,0,"Answer: 1

Explanation:
- The flooring material used in this outdoor restroom setup is gravel. This is clearly visible in the image, where the gravel is laid out on the ground. The other options (wood and concrete) are not visible or present in the image.",true
276ca05162a836bfd41240af0a226f87d7eec84f79f077878a40875e8df11121,1,,false
276ca05162a836bfd41240af0a226f87d7eec84f79f077878a40875e8df11121,2,,false
fe4571223477f601ce47a604e7c272089ed35699808b0fe22b517b9c1f85df10,0,"Answer: 2

Explanation:
1. The primary activity shown in the image is drinking tea. This is grounded in the image as the person is holding a cup of tea, which is a common beverage in many Arab cultures.
2. The primary activity shown in the image is cooking food. This is not grounded in the image as there is no visible cooking activity or any indication of food preparation.
3. The primary activity shown in the image is reading a book. This is not grounded in the image as there is no indication of reading or any activity related to reading.",false
fe4571223477f601ce47a604e7c272089ed35699808b0fe22b517b9c1f85df10,1,,true
fe4571223477f601ce47a604e7c272089ed35699808b0fe22b517b9c1f85df10,2,,false
6796508f971840ad76ea31a9619944474032c4e45061e6dad9bdf5ee9f0d7add,0,"Answer: 2

Explanation:
1. The main decorative feature of these earrings is a rose-shaped ornament. This statement is grounded in the image. The earrings prominently feature a large, white rose with a pink center, which is clearly visible and serves as the main decorative element.
2. The other two statements are not grounded in the image. Statement 1 is false because the earrings do not have a star-shaped design. Statement 3 is false because the earrings do not have a diamond-shaped pendant. The earrings have a rose-shaped ornament, a green gemstone, and a clear gemstone, but no diamond-shaped pendant.",false
6796508f971840ad76ea31a9619944474032c4e45061e6dad9bdf5ee9f0d7add,1,,true
6796508f971840ad76ea31a9619944474032c4e45061e6dad9bdf5ee9f0d7add,2,,false
71b799d84743d07dfb6ea951a87bd9f292a65305e2e66fa2ee2e7bd0633150a6,0,"Answer: 2

Explanation:
1. The image shows a person pouring water into a ceramic pot, which is a common practice in Ethiopian coffee ceremonies. This practice involves brewing coffee using a specific type of pot.
2. The statement ""A Jebena (clay pot) is traditionally used to brew coffee during Ethiopian coffee ceremonies"" is grounded in the image. The person is pouring water into a ceramic pot, which is a Jebena.
3. The statement ""A woven basket is traditionally used to brew coffee during Ethiopian coffee ceremonies"" is not grounded in the image. There is no visible woven basket in the image, and the focus is on the ceramic pot.",false
71b799d84743d07dfb6ea951a87bd9f292a65305e2e66fa2ee2e7bd0633150a6,1,,true
71b799d84743d07dfb6ea951a87bd9f292a65305e2e66fa2ee2e7bd0633150a6,2,,false
a560f068e6f71b9233bd56bbe0554c48a68918495fb647cb4755d5d45a3bf7ef,0,"Answer: 1

Explanation:
1. The woven basket filled with popcorn is a traditional snack served during coffee ceremonies in this cultural context. True. This is a common practice in many Arab cultures, especially in regions like Morocco, where coffee is a central part of the daily routine and is often accompanied by snacks like popcorn.
2. The woven basket filled with popcorn is used for storing grains in this cultural context. False. While popcorn is a popular snack in many Arab countries, it is not typically used for storing grains. Grains are usually stored in traditional woven baskets or containers, and popcorn is more commonly consumed as a snack.
3. The woven basket filled with popcorn serves as a decorative item in this cultural context. False. Decorative items are typically made from materials like fabric, paper, or plastic, and are not woven baskets filled with popcorn.",true
a560f068e6f71b9233bd56bbe0554c48a68918495fb647cb4755d5d45a3bf7ef,1,,false
a560f068e6f71b9233bd56bbe0554c48a68918495fb647cb4755d5d45a3bf7ef,2,,false
cc9e93aba049559b12e404575e46fd0a12a6ab5e984ccdd28a0e2c90b3160594,0,"Answer: 1

Explanation:
1. The image shows an outdoor seating area with tables and chairs, which are typical features of a restaurant or café.
2. The presence of glass walls and a covered structure suggests a design that is meant to provide shelter and a pleasant view, which is common in restaurants and cafés.
3. The setting does not appear to be intended for a public waiting area, as there are no visible signs or indications of a waiting area.
4. The design does not suggest a private workspace, as the setting is clearly intended for dining purposes.",true
cc9e93aba049559b12e404575e46fd0a12a6ab5e984ccdd28a0e2c90b3160594,1,,false
cc9e93aba049559b12e404575e46fd0a12a6ab5e984ccdd28a0e2c90b3160594,2,,false
4049075e2fa9b793d1b719b61b136101e093822e4847b385aa3082558d9cda31,0,"Answer: 1

Explanation:
- The image shows a waterfront with traditional cargo boats, which are indeed cargo boats used for transporting goods. This is grounded in the image.
- The background features modern buildings and a clear sky, which are not characteristic of a private marina or a rural fishing village. This makes the other two statements false.",true
4049075e2fa9b793d1b719b61b136101e093822e4847b385aa3082558d9cda31,1,,false
4049075e2fa9b793d1b719b61b136101e093822e4847b385aa3082558d9cda31,2,,false
314de5409f0efa4ca05ddd95c57a2b53e4ab431b1b56ea617144fc4ecd6cc8c4,0,"Answer: 1

Explanation:
- Statement 1: The decorative detail on the sleeves of the abaya is indeed intricate embroidery with a zigzag pattern. This is grounded in the image as the description mentions ""intricate embroidery with a zigzag pattern."" Therefore, this statement is true.
- Statement 2: The decorative detail on the sleeves of the abaya consists of rows of metallic studs. This is not grounded in the image. The description mentions ""intricate embroidery with a zigzag pattern,"" not metallic studs. Therefore, this statement is false.
- Statement 3: The decorative detail on the sleeves of the abaya is a colorful floral print. This is also not grounded in the image. The description mentions ""intricate embroidery with a zigzag pattern,"" not a floral print. Therefore, this statement is false.",true
314de5409f0efa4ca05ddd95c57a2b53e4ab431b1b56ea617144fc4ecd6cc8c4,1,,false
314de5409f0efa4ca05ddd95c57a2b53e4ab431b1b56ea617144fc4ecd6cc8c4,2,,false
6f3712a0349b19c0a36060255ed64485cbb0605271ed1a5fd0242f86ddf73ac3,0,"Answer: 3

Explanation:
1. The image depicts a rocky desert landscape. True: The image shows a desert with rocky formations, which is a characteristic of a desert environment. The presence of large rock formations and sparse vegetation is typical of desert landscapes.
2. The image depicts a dense forest. False: The image does not depict a forest. There are no trees or greenery visible in the image, and the landscape is primarily composed of rocky formations and arid terrain.
3. The image depicts a bustling cityscape. False: The image does not depict a cityscape. There are no buildings, streets, or human activity visible in the image. The focus is on the rocky desert landscape.",false
6f3712a0349b19c0a36060255ed64485cbb0605271ed1a5fd0242f86ddf73ac3,1,,false
6f3712a0349b19c0a36060255ed64485cbb0605271ed1a5fd0242f86ddf73ac3,2,,true
a5be37dcc7d22446033ae6d44c906357a1c6bd304177fcc72f43d3f1ac0d1dbf,0,"Answer: 1

Explanation:
1. The image shows a large, open space with multiple levels, escalators, and a high ceiling with architectural features such as arches and lighting fixtures. These characteristics are typical of an airport terminal.
2. The presence of multiple levels, escalators, and a large open space with a high ceiling are indicative of an airport terminal, not a train station or a shopping mall.
3. The image does not show any elements that are characteristic of a train station, such as train tracks, train cars, or train stations themselves.",true
a5be37dcc7d22446033ae6d44c906357a1c6bd304177fcc72f43d3f1ac0d1dbf,1,,false
a5be37dcc7d22446033ae6d44c906357a1c6bd304177fcc72f43d3f1ac0d1dbf,2,,false
75a851e7f088240f2ec431a12e2102aef5f15f1271cd703a267ffb1c5505bb25,0,"Answer: 3

Explanation:
1. The image shows a playground with various play structures and equipment designed for children's activities. The presence of slides, climbing structures, and a treehouse-like tower indicates that the primary purpose is to provide children with a space for physical activity and play.
2. The image does not show any formal educational classes or educational materials. The focus is on recreational activities and play.
3. The image does not show any educational posters or signs that would suggest the playground is used for formal educational classes. The primary focus is on the play activities and the natural environment.",false
75a851e7f088240f2ec431a12e2102aef5f15f1271cd703a267ffb1c5505bb25,1,,false
75a851e7f088240f2ec431a12e2102aef5f15f1271cd703a267ffb1c5505bb25,2,,true
87a46cd8272e0a1e40ed5e0470f41906c1aa7e9d8e132329f57eba1f09be641b,0,"Answer: 2

Explanation:
Statement 1: The remote control does not have a built-in camera. The image shows a remote control with a microphone icon, which is typically used for voice control, not for a camera. Therefore, this statement is false.

Statement 2: The remote control does not have a touchscreen pad. The image shows a remote control with a directional pad and other buttons, which are typical for touchscreen controls. Therefore, this statement is false.

Statement 3: The remote control does not have a voice control microphone. The image shows a remote control with a microphone icon, which is typically used for voice control. Therefore, this statement is false.",false
87a46cd8272e0a1e40ed5e0470f41906c1aa7e9d8e132329f57eba1f09be641b,1,,true
87a46cd8272e0a1e40ed5e0470f41906c1aa7e9d8e132329f57eba1f09be641b,2,,false
9536bd4d54aff75a74936cc21d09624ca985156c6d102ac29462270cb46272dd,0,"Answer: 1

Explanation:
- The image shows a bridge with vehicles on the road below it. Specifically, there are cars and motorcycles visible on the road adjacent to the bridge. This statement is grounded in the image because the vehicles are clearly visible on the road below the bridge.

- The other two statements are not grounded in the image. Trucks and rickshaws are not visible on the road adjacent to the bridge in the image. The image shows cars and motorcycles, but not trucks or rickshaws. Similarly, buses and bicycles are not visible on the road adjacent to the bridge in the image. The image shows cars and motorcycles, but not buses or bicycles.",true
9536bd4d54aff75a74936cc21d09624ca985156c6d102ac29462270cb46272dd,1,,false
9536bd4d54aff75a74936cc21d09624ca985156c6d102ac29462270cb46272dd,2,,false
a0e2fc3c80445f026eefb61d66728620db517bc22b6143d9a7924d612d1b6390,0,"Answer: 2

Explanation:
1. The tents and shaded areas are likely intended to provide shelter for attendees. This is a plausible-sounding statement because such setups are commonly used in outdoor events to protect attendees from the sun and elements.
2. The tents and shaded areas are likely intended to act as barriers for crowd control. This is a plausible-sounding statement because such setups are often used to manage and direct crowds, especially in large events.
3. The tents and shaded areas are likely intended to serve as storage for equipment. This is a plausible-sounding statement because such setups are often used to store and organize equipment needed for the event.",false
a0e2fc3c80445f026eefb61d66728620db517bc22b6143d9a7924d612d1b6390,1,,true
a0e2fc3c80445f026eefb61d66728620db517bc22b6143d9a7924d612d1b6390,2,,false
b2b9ef681ce6c35ad4cc85c0d7d4e657d4abd0e57dae98b2f4878253b7158ad5,0,"Answer: 1

Explanation:
- Statement 1: Music concerts and cultural events are most likely hosted at this waterfront entertainment complex. True.
  - The image shows a large complex with various recreational and entertainment facilities, including a waterfront area with a large pool and a water slide. These features are typical for venues that host concerts, cultural events, and other large gatherings.
  
- Statement 2: Industrial manufacturing is most likely hosted at this waterfront entertainment complex. False.
  - The image shows a complex with a large waterfront area, but there are no visible industrial manufacturing facilities or large machinery. The focus is more on recreational and entertainment purposes.

- Statement 3: Agricultural exhibitions are most likely hosted at this waterfront entertainment complex. False.
  - The image shows a complex with a large waterfront area, but there are no visible agricultural exhibitions or farming equipment. The focus is more on recreational and entertainment purposes.",true
b2b9ef681ce6c35ad4cc85c0d7d4e657d4abd0e57dae98b2f4878253b7158ad5,1,,false
b2b9ef681ce6c35ad4cc85c0d7d4e657d4abd0e57dae98b2f4878253b7158ad5,2,,false
39b7d268b68e9626001a1df4ee22be2b12459fcd3d63d3b47383c9df0cf7ada7,0,"Answer: 3

Explanation:
1. The image shows a mountainous terrain with rocky paths. This is clearly visible in the image, with the rocky paths winding through the landscape.
2. The most prominent feature of the landscape in this image is a mountainous terrain with rocky paths. This is grounded in the image as the rocky paths are clearly visible and prominent.
3. The most prominent feature of the landscape in this image is a mountainous terrain with rocky paths. This is also grounded in the image as the rocky paths are clearly visible and prominent.",false
39b7d268b68e9626001a1df4ee22be2b12459fcd3d63d3b47383c9df0cf7ada7,1,,false
39b7d268b68e9626001a1df4ee22be2b12459fcd3d63d3b47383c9df0cf7ada7,2,,true
9d34c3854b5628e154175147e18ff8f45d3872f1306584d9cdb7b32f861d2e7e,0,"Answer: 2

Explanation:
Statement 1: The primary purpose of the attached tablet or screen holder on the chair is for mounting a tablet or screen. True. The image shows a tablet holder with a cable, which is designed to hold a tablet or screen securely in place.

Statement 2: The primary purpose of the attached tablet or screen holder on the chair is for mounting a tablet or screen. True. The image shows a cable with a holder, which is designed to hold a tablet or screen in place.

Statement 3: The primary purpose of the attached tablet or screen holder on the chair is for holding books. False. The image shows a holder for a tablet or screen, not for holding books.",false
9d34c3854b5628e154175147e18ff8f45d3872f1306584d9cdb7b32f861d2e7e,1,,true
9d34c3854b5628e154175147e18ff8f45d3872f1306584d9cdb7b32f861d2e7e,2,,false
e8cc526d6512d38707477f17b0c82571896a69a7dafccd8056053b8a0f46d55a,0,"Answer: 1

Explanation:
1. The hangar visible in the background of the image is likely used for aircraft maintenance and storage. This is a common function of hangars, which are designed to house and service aircraft. The presence of the aircraft, the hangar's structure, and the general setting all support this conclusion.
2. The hangar is not specifically designed for passenger boarding and luggage handling. While it may be used for such purposes, the primary function of a hangar is to house and service aircraft, not to handle passenger luggage or boarding processes.
3. The hangar is not used for fueling and refueling operations. This function is typically handled by fueling stations or refueling trucks, which are not visible in the image.",true
e8cc526d6512d38707477f17b0c82571896a69a7dafccd8056053b8a0f46d55a,1,,false
e8cc526d6512d38707477f17b0c82571896a69a7dafccd8056053b8a0f46d55a,2,,false
51248863107d2ae1286de2a6cc7976b0e128687d802e84cc455dc0ebd5be5846,0,"Answer: 1

Explanation:
- The image depicts a modern building with a distinctive curved design, which is not typical of a shopping mall, public transport station, or sports arena. The architectural style and structure suggest it is a building of significance, possibly a government or corporate headquarters, which is more likely to be found in a city center or a significant urban area. Therefore, the statement that the image depicts a shopping mall is false.

- The image does not show any elements that would suggest it is a public transport station or a sports arena. The design and structure do not resemble typical public transport stations or sports arenas. The presence of a large, curved building with a distinctive design is more indicative of a corporate or governmental building, which is not characteristic of a public transport station or a sports arena. Therefore, the statement that the image depicts a public transport station or a sports arena is false.",true
51248863107d2ae1286de2a6cc7976b0e128687d802e84cc455dc0ebd5be5846,1,,false
51248863107d2ae1286de2a6cc7976b0e128687d802e84cc455dc0ebd5be5846,2,,false
7b9efe2dc7166ebf5030f64e25dbf1a3eb6aa205148b7a71ce1c9fd5f40cbf12,0,"Answer: 2

Explanation:
- Statement 1: The woman is wearing a golden tiara that complements her off-shoulder gown. This statement is grounded in the image. The woman is indeed wearing a golden tiara that matches her off-shoulder gown. The tiara is a statement of elegance and complements her overall look.
- Statement 2: The woman is wearing a diamond necklace and earrings that complement her off-shoulder gown. This statement is also grounded in the image. The woman is indeed wearing a diamond necklace and earrings that match her off-shoulder gown. The necklace and earrings are accessories that enhance her outfit and complement her overall look.
- Statement 3: The woman is wearing a pearl bracelet that complements her off-shoulder gown. This statement is not grounded in the image. There is no visible pearl bracelet on the woman in the image. The woman is wearing a necklace and earrings, not a bracelet. Therefore, this statement is a plausible-sounding hallucination.",false
7b9efe2dc7166ebf5030f64e25dbf1a3eb6aa205148b7a71ce1c9fd5f40cbf12,1,,true
7b9efe2dc7166ebf5030f64e25dbf1a3eb6aa205148b7a71ce1c9fd5f40cbf12,2,,false
04a302964121ce4f994855a7f023ae250b197b5c92a4c31208cb9cdba5ec63f5,0,Answer: 1,true
04a302964121ce4f994855a7f023ae250b197b5c92a4c31208cb9cdba5ec63f5,1,,false
04a302964121ce4f994855a7f023ae250b197b5c92a4c31208cb9cdba5ec63f5,2,,false
553a6cd77c99de8117314b86da7593e883b3840bb8e0bcd6bfb43993306a3f3b,0,"Answer: 1

Explanation:
- Statement 1: The jewelry pieces shown in the image are most likely made of gold or silver. True. The image displays a variety of jewelry pieces with a metallic sheen, which is characteristic of gold and silver. The colors and designs also suggest a metallic material, as they are often associated with precious metals.
- Statement 2: The jewelry pieces shown in the image are most likely made of wood. False. The image shows jewelry pieces with a metallic finish, which is not typical of wood. Wood typically has a more natural, organic appearance and is not commonly used for jewelry making.
- Statement 3: The jewelry pieces shown in the image are most likely made of plastic. False. The image displays jewelry pieces with a metallic finish, which is not characteristic of plastic. Plastic is a synthetic material and is not used for jewelry making.",true
553a6cd77c99de8117314b86da7593e883b3840bb8e0bcd6bfb43993306a3f3b,1,,false
553a6cd77c99de8117314b86da7593e883b3840bb8e0bcd6bfb43993306a3f3b,2,,false
41196790624ab64625f7bbfe54e1f2070ba1563d29e01dfca310c06433583819,0,"Answer: 1

Explanation:
- The flatbread is cooked in a tandoor oven by placing it on a metal tray. This statement is grounded in the image. The flatbread is indeed placed on a metal tray inside the tandoor oven, which is a common method for cooking flatbreads in tandoors.
- The flatbread is cooked in a tandoor oven by sticking it to the inner walls of the oven. This statement is false. Tandoors do not have inner walls; they are open, and the flatbread is placed directly on the tandoor floor or on a metal tray.
- The flatbread is cooked in a tandoor oven by hanging it over the embers. This statement is false. Tandoors do not have embers; they are open, and the flatbread is placed directly on the tandoor floor or on a metal tray.",true
41196790624ab64625f7bbfe54e1f2070ba1563d29e01dfca310c06433583819,1,,false
41196790624ab64625f7bbfe54e1f2070ba1563d29e01dfca310c06433583819,2,,false
1099904c5507cce4eb186a99fea128fc2d8598569282ff3e284f8167d995e5d1,0,"Answer: 1

Explanation:
- The banners in the protest scene use Arabic only. This statement is grounded in the image. The banners prominently feature Arabic script, which is the primary language used in the protest. The presence of Arabic text on the banners confirms that the protest is taking place in an Arabic-speaking region.

- The banners in the protest scene use both Arabic and English. This statement is false. The banners in the image clearly display Arabic text, but there is no English text present. The banners are exclusively in Arabic script, and there is no English text accompanying them.",true
1099904c5507cce4eb186a99fea128fc2d8598569282ff3e284f8167d995e5d1,1,,false
1099904c5507cce4eb186a99fea128fc2d8598569282ff3e284f8167d995e5d1,2,,false
9c86485026d1447e8fe90eb1eecd8a39ed49ee2afe2dbd46264d079539346f53,0,Answer: 1,true
9c86485026d1447e8fe90eb1eecd8a39ed49ee2afe2dbd46264d079539346f53,1,,false
9c86485026d1447e8fe90eb1eecd8a39ed49ee2afe2dbd46264d079539346f53,2,,false
13dbcf13256c8e043086960b248e9e55a849754f5adb53f1db5d92f9a814bfa8,0,"Answer: 2

Explanation:
1. The image shows a desert city with a prominent mountain in the background. The vegetation in the foreground consists of palm trees, which are commonly found in arid regions, particularly in regions like the Middle East and North Africa.
2. The statement claiming that cacti are the most prominent type of vegetation in the desert city is false. Cacti are typically found in arid and semi-arid regions, but they are not the most prominent type of vegetation in the city shown in the image.
3. The statement claiming that palm groves are the most prominent type of vegetation in the desert city is false. Palm groves are typically found in regions with consistent rainfall and are not the most prominent vegetation in the city shown in the image.",false
13dbcf13256c8e043086960b248e9e55a849754f5adb53f1db5d92f9a814bfa8,1,,true
13dbcf13256c8e043086960b248e9e55a849754f5adb53f1db5d92f9a814bfa8,2,,false
16eb892e1fc9842e741e9ff23db91d63aad59105580550847c1755bef2e5c88a,0,"Answer: 1

Explanation:
- The stone structure in the image is not a public restroom. Public restrooms typically have glass doors and are designed for public use, whereas this structure has a more traditional stone construction and a barred window, which is more characteristic of a religious shrine.
- The stone structure in the image is not a religious shrine. Religious shrines are usually constructed with more elaborate and sacred designs, often featuring religious symbols and inscriptions, which are not visible in this image.",true
16eb892e1fc9842e741e9ff23db91d63aad59105580550847c1755bef2e5c88a,1,,false
16eb892e1fc9842e741e9ff23db91d63aad59105580550847c1755bef2e5c88a,2,,false
fc324da285b2ba6ef2d060e5457354b9f9cdff9b12b9bb75caf5f8ece6c91872,0,"Answer: 3

Explanation:
1. The image shows a densely built urban area with numerous buildings, but there is no visible modern skyscraper in the background.
2. The image does not show any large fountain, so the statement about a large fountain is false.
3. The image clearly shows a tall minaret in the background, which is a distinctive feature of Sana'a's old city.",false
fc324da285b2ba6ef2d060e5457354b9f9cdff9b12b9bb75caf5f8ece6c91872,1,,false
fc324da285b2ba6ef2d060e5457354b9f9cdff9b12b9bb75caf5f8ece6c91872,2,,true
abcb70ab989e66a71691a711384c113a526606b8c86e200618b940ace8938986,0,"Answer: 2

Explanation:
Statement 1: The heart-shaped pomegranate arrangement on the dish is likely intended to create a cooling effect. True.
The heart shape is often associated with love and affection, and pomegranates are known for their cooling and refreshing properties. Therefore, the heart shape could be intended to create a cooling effect, making the dish more appealing and refreshing.

Statement 2: The heart-shaped pomegranate arrangement on the dish is likely intended to symbolize love or affection. True.
The heart shape is commonly used to represent love and affection, and pomegranates are often associated with these concepts due to their sweet and refreshing taste. Therefore, the heart shape could be intended to symbolize love or affection.

Statement 3: The heart-shaped pomegranate arrangement on the dish is likely intended to enhance the nutritional value. False.
While pomegranates are known for their nutritional benefits, the heart shape is not typically associated with enhancing nutritional value. The focus is more on the visual appeal and symbolic meaning rather than nutritional enhancement.",false
abcb70ab989e66a71691a711384c113a526606b8c86e200618b940ace8938986,1,,true
abcb70ab989e66a71691a711384c113a526606b8c86e200618b940ace8938986,2,,false
65657b50c0e81220c8d34551ca026cfd885f00c11c4ceac46e71c238c0487088,0,"Answer: 1

Explanation:
1. The image shows a sailboat with sails unfurled, which is a common sight in coastal areas where sailing is a popular recreational activity.
2. The presence of a dock and the calm water suggest that the sailboat is likely moored for leisure rather than being used for trade or transport.
3. The sailboat does not appear to have any visible fishing equipment or gear, which further supports the idea that it is not used for fishing.",true
65657b50c0e81220c8d34551ca026cfd885f00c11c4ceac46e71c238c0487088,1,,false
65657b50c0e81220c8d34551ca026cfd885f00c11c4ceac46e71c238c0487088,2,,false
45e84558b7516b965d829fbce5d9af8ce5537a0942921f5761399dc720766ccd,0,"Answer: 3

Explanation:
1. The image shows people in a mosque, which is a place of worship and not typically associated with shopping or cooking.
2. The people in the image are engaged in reading or praying, which are activities commonly found in mosques.
3. The image does not depict any shopping or cooking activities.",false
45e84558b7516b965d829fbce5d9af8ce5537a0942921f5761399dc720766ccd,1,,false
45e84558b7516b965d829fbce5d9af8ce5537a0942921f5761399dc720766ccd,2,,true
1909baf0ee4ad1d65da952bf4a15717c92b8d8c0c9ac08f4393aae62dbcc19cd,0,"Answer: 3

Explanation:
1. The metallic wall decoration with Arabic calligraphy is a representation of Islamic spirituality and religious beliefs. This is grounded in the image as the calligraphy is clearly an Islamic scripture, which is a representation of Islamic spirituality and religious beliefs. The calligraphy is a form of art that is deeply rooted in Islamic culture and tradition.

2. The metallic wall decoration with Arabic calligraphy is an abstract art piece unrelated to religion. This is false because the calligraphy is clearly an Islamic scripture, which is a representation of Islamic spirituality and religious beliefs. Abstract art, on the other hand, does not have a specific religious meaning and is not related to Islamic spirituality.

3. The metallic wall decoration with Arabic calligraphy is a decorative piece with no specific meaning. This is false because the calligraphy is clearly an Islamic scripture, which is a representation of Islamic spirituality and religious beliefs. Decorative pieces do not necessarily have religious significance and can be purely aesthetic.",false
1909baf0ee4ad1d65da952bf4a15717c92b8d8c0c9ac08f4393aae62dbcc19cd,1,,false
1909baf0ee4ad1d65da952bf4a15717c92b8d8c0c9ac08f4393aae62dbcc19cd,2,,true
16e3115706dd6ea1b988a32082a6239cff37220a1271ced8dee3e869905d8628,0,"Answer: 1

Explanation:
Statement 1: The colors visible on the depiction of the Yemeni flag painted on the wall are red, white, and black. True.
The image shows the Yemeni flag with the colors red, white, and black clearly visible. The flag is divided into three horizontal sections, each with a different color: red on the left, white in the middle, and black on the right. The colors are distinct and accurately represented in the image.

Statement 2: The colors visible on the depiction of the Yemeni flag painted on the wall are red, green, and white. False.
The colors visible in the image are red, white, and black, not red, green, and white. The image shows the flag with the colors red, white, and black clearly visible, while the other colors (green and white) are not present.

Statement 3: The colors visible on the depiction of the Yemeni flag painted on the wall are red, white, and blue. False.
The colors visible in the image are red, white, and black, not red, green, and white. The image shows the flag with the colors red, white, and black clearly visible, while the other colors (green",true
16e3115706dd6ea1b988a32082a6239cff37220a1271ced8dee3e869905d8628,1,,false
16e3115706dd6ea1b988a32082a6239cff37220a1271ced8dee3e869905d8628,2,,false
9073331a0b96d59c4c1ec77d29dea75f215e8fb2960de5c1bfdddc4a492f95f7,0,"Answer: 1

Explanation:
- The wall of the building is made of earthen material. True. The image shows a wall with a texture that resembles earthen or clay, which is a common material used in traditional architecture in the Arab world.
- The wall of the building is made of concrete. False. The image shows a wall with a texture that resembles earthen or clay, not concrete.
- The wall of the building is made of brick. False. The image shows a wall with a texture that resembles earthen or clay, not brick.",true
9073331a0b96d59c4c1ec77d29dea75f215e8fb2960de5c1bfdddc4a492f95f7,1,,false
9073331a0b96d59c4c1ec77d29dea75f215e8fb2960de5c1bfdddc4a492f95f7,2,,false
c72f7409b70775e1a274cfe6f8a01f11835001fbda3246159c4fb598f3f174a8,0,"Answer: 1

Explanation:
- The ruins in the image are most likely constructed from stone. This is grounded because the image shows a structure made of large, flat, and rectangular blocks that are typical of stone construction. The texture and color of the blocks also suggest they are made of stone, which is common in many historical and archaeological sites in the Arab world.",true
c72f7409b70775e1a274cfe6f8a01f11835001fbda3246159c4fb598f3f174a8,1,,false
c72f7409b70775e1a274cfe6f8a01f11835001fbda3246159c4fb598f3f174a8,2,,false
04e5d2fbb37c6dafec3acc8770b94bc04c48454037ec4c9f6de0f35c0c7fdbdc,0,"Answer: 2

Explanation:
1. The architecture in the image is most likely from the Middle East. 
   - The buildings in the image have a distinct Middle Eastern architectural style, characterized by the use of brick, arched windows, and intricate tile work. The presence of domes and minarets is also typical of Middle Eastern architecture.

2. The architecture in the image is most likely from the Middle East. 
   - This statement is grounded because the architecture in the image closely resembles traditional Middle Eastern designs, such as the use of brick, arched windows, and tile work.

3. The architecture in the image is most likely from Scandinavia. 
   - This statement is false because the architecture in the image does not resemble Scandinavian designs. Scandinavian architecture is known for its use of light-colored stone, simple geometric shapes, and minimal ornamentation. The buildings in the image have a more rustic and traditional appearance, which is not characteristic of Scandinavian architecture.",false
04e5d2fbb37c6dafec3acc8770b94bc04c48454037ec4c9f6de0f35c0c7fdbdc,1,,true
04e5d2fbb37c6dafec3acc8770b94bc04c48454037ec4c9f6de0f35c0c7fdbdc,2,,false
b2c3e57908dcbb83589238925eac6ca33f702982acbd2d2b4f0d128b0c8cbdcc,0,"Answer: 1

Explanation:
- Statement 1: Adult fiction novels are likely to be found in the library section labeled 'Adult Fiction'. This statement is grounded in the image. The image shows a section labeled 'Adult Fiction', and the individuals are browsing through books that are typically categorized under this section. Therefore, this statement is true.

- Statement 2: Children's picture books are likely to be found in the library section labeled 'Adult Fiction'. This statement is not grounded in the image. The image shows a section labeled 'Adult Fiction', but there are no visible books that are specifically categorized as children's picture books. Therefore, this statement is false.

- Statement 3: Academic textbooks are likely to be found in the library section labeled 'Adult Fiction'. This statement is not grounded in the image. The image shows a section labeled 'Adult Fiction', but there are no visible books that are specifically categorized as academic textbooks. Therefore, this statement is false.",true
b2c3e57908dcbb83589238925eac6ca33f702982acbd2d2b4f0d128b0c8cbdcc,1,,false
b2c3e57908dcbb83589238925eac6ca33f702982acbd2d2b4f0d128b0c8cbdcc,2,,false
982a494c2bfc1e66707f3940fd7ff31784345152e648d894f74e223620c6d056,0,"Answer: 2

Explanation:
- Statement 1: A henna cone is commonly used to create intricate henna designs. This statement is grounded in the image. The person is using a henna cone to create the intricate design on the person's leg.
- Statement 2: A brush is commonly used to create intricate henna designs. This statement is not grounded in the image. The person is using a henna brush to apply the henna design, not a brush itself.
- Statement 3: A stencil is commonly used to create intricate henna designs. This statement is not grounded in the image. The person is using a henna brush to apply the henna design, not a stencil.",false
982a494c2bfc1e66707f3940fd7ff31784345152e648d894f74e223620c6d056,1,,true
982a494c2bfc1e66707f3940fd7ff31784345152e648d894f74e223620c6d056,2,,false
8093aecc225e620a1e003d82d29572668de7a611fc982f07fdbdd1c3418e319e,0,"Answer: 3

Explanation:
1. The image shows a bustling outdoor market with numerous people, fruits, and goods on display. This is a typical scene of a market where people are shopping.
2. The presence of people carrying bags and the variety of goods such as fruits and possibly vegetables indicate that this is a place where people are buying and selling goods.
3. The image does not show any signs of a political rally or a festival celebration. The crowd is more focused on shopping and moving around the market, which is not characteristic of these activities.",false
8093aecc225e620a1e003d82d29572668de7a611fc982f07fdbdd1c3418e319e,1,,false
8093aecc225e620a1e003d82d29572668de7a611fc982f07fdbdd1c3418e319e,2,,true
0483d6c865edb18b34d5d32569aff12f8b1cfbee49f248e0ae04fd7a35bffb5d,0,"Answer: 1

Explanation:
- The image shows a textile with a consistent, tightly woven pattern, which is characteristic of wool. Wool is known for its strong, durable fibers and the tight weave seen in the image is typical of woolen fabrics.
- The other two statements are not grounded in the image. Silk is typically made from the fibers of the silk worm, which is not visible in the image. Cotton is known for its fluffy, open weave, which is not visible in the image either.",true
0483d6c865edb18b34d5d32569aff12f8b1cfbee49f248e0ae04fd7a35bffb5d,1,,false
0483d6c865edb18b34d5d32569aff12f8b1cfbee49f248e0ae04fd7a35bffb5d,2,,false
82005322351179e1b9c8d00cd7f163e15cbbde726ea798171337097d810cd72c,0,"Answer: 1

Explanation:
- Statement 1: Hot chocolate and coffee are not typically served alongside dishes in the Arab world. They are more commonly found in Western-style cafes or restaurants. Therefore, this statement is false.
- Statement 2: Juice and soda are not commonly served alongside dishes in the Arab world. They are more commonly found in Western-style cafes or restaurants. Therefore, this statement is false.
- Statement 3: Tea and lemonade are not typically served alongside dishes in the Arab world. They are more commonly found in Western-style cafes or restaurants. Therefore, this statement is false.",true
82005322351179e1b9c8d00cd7f163e15cbbde726ea798171337097d810cd72c,1,,false
82005322351179e1b9c8d00cd7f163e15cbbde726ea798171337097d810cd72c,2,,false
b511168fad505346d7edcc2a10cc4d11dccfed0d0f882606a5dc90ea21875207,0,"Answer: 2

Explanation:
1. The wooden stand is likely used to hold the ceramic cups. True. The image shows a wooden stand with two ceramic cups placed on it, indicating that it is designed to hold such items.
2. The wooden stand is likely used to serve as a cutting board. False. The image does not show any cutting board or any objects that would suggest it is used for that purpose.
3. The wooden stand is likely used to function as a decorative tray. False. The image does not show any tray or any objects that would suggest it is used for that purpose.",false
b511168fad505346d7edcc2a10cc4d11dccfed0d0f882606a5dc90ea21875207,1,,true
b511168fad505346d7edcc2a10cc4d11dccfed0d0f882606a5dc90ea21875207,2,,false
11ab083a167f8ab37dac9ef1355ef9e00dac9e695d40ed9a24c08bdce2ca11f8,0,"Answer: 1

Explanation:
1. The image shows a group of men in formal attire, including suits and traditional garments, standing in a room with a banner and flags. This setting is indicative of a formal event, likely a conference or meeting.
2. The presence of flags and formal attire suggests a professional gathering, not a private family celebration or sports award ceremony.
3. The image does not show any decorations or symbols typically associated with a sports award ceremony, such as medals or trophies.",true
11ab083a167f8ab37dac9ef1355ef9e00dac9e695d40ed9a24c08bdce2ca11f8,1,,false
11ab083a167f8ab37dac9ef1355ef9e00dac9e695d40ed9a24c08bdce2ca11f8,2,,false
4a55716215e2652cd7555c3a251876120e77b2b3152774486056580d9af23a55,0,"Answer: 2

Explanation:
1. The image shows a basketball game. The player in the white jersey is dribbling the ball and attempting to make a shot, which is a common action in a basketball game.
2. The other two statements are not grounded in the image. The image clearly shows a basketball game, not a tennis match, volleyball match, or any other sport. The players are wearing basketball uniforms and the court is marked for basketball play.",false
4a55716215e2652cd7555c3a251876120e77b2b3152774486056580d9af23a55,1,,true
4a55716215e2652cd7555c3a251876120e77b2b3152774486056580d9af23a55,2,,false
c004200a314e34687369e6850faa3f3a50f584226b5c2c88715090a02480e65e,0,"Answer: 3

Explanation:
1. The image shows a village with a variety of vegetation. The majority of the area around the village is covered with greenery, which includes palm trees. Palm trees are commonly found in arid and semi-arid regions, such as the Middle East and North Africa, where the climate is generally dry and sunny.
2. The image does not show any cactus plants. Cactus plants are typically found in desert environments, which are not depicted in the image.
3. The image does not show any pine trees. Pine trees are typically found in cooler, temperate climates, which are not depicted in the image.",false
c004200a314e34687369e6850faa3f3a50f584226b5c2c88715090a02480e65e,1,,false
c004200a314e34687369e6850faa3f3a50f584226b5c2c88715090a02480e65e,2,,true
31eac3d38e1dd3fb357103699b69c7f737dae921a15065e5fadadb9689d51e72,0,"Answer: 2

Explanation:
- Statement 1: The kettle in the image is primarily made of copper. True. The image clearly shows a kettle with a copper-colored exterior, which is characteristic of copper. Copper is a common material for kettles due to its durability and resistance to corrosion.
- Statement 2: The kettle in the image is primarily made of copper. True. The image shows a kettle with a copper-colored exterior, which is consistent with the material of the kettle.
- Statement 3: The kettle in the image is primarily made of aluminum. False. The image shows a kettle with a copper-colored exterior, which is characteristic of copper, not aluminum.",false
31eac3d38e1dd3fb357103699b69c7f737dae921a15065e5fadadb9689d51e72,1,,true
31eac3d38e1dd3fb357103699b69c7f737dae921a15065e5fadadb9689d51e72,2,,false
f2b1cfc324bc9574216fe703f42f0ac653d83b8c8e2b6ec52d486e54cdba045f,0,"Answer: 1

Explanation:
- The image depicts fly fishing. True: The individual is using a fly fishing rod and reel, which are characteristic of fly fishing. The person is also holding a green fishing line, which is a common tool used in fly fishing. The setting also appears to be a natural environment, which is typical for fly fishing.
- The image depicts ice fishing. False: Ice fishing is typically done in cold climates, often in winter, and involves using a fishing rod and reel to catch fish from frozen bodies of water. The individual in the image is wearing a jacket and a cap, which are not typical clothing for ice fishing.
- The image depicts deep-sea fishing. False: Deep-sea fishing is done in the ocean, often in open waters, and involves using a fishing rod and reel to catch fish from the deep sea. The individual in the image is in a forested area, which is not typical for deep-sea fishing.",true
f2b1cfc324bc9574216fe703f42f0ac653d83b8c8e2b6ec52d486e54cdba045f,1,,false
f2b1cfc324bc9574216fe703f42f0ac653d83b8c8e2b6ec52d486e54cdba045f,2,,false
323b0439f1ef36d65f21b5927916a99106da00859e5b829f98262fc0b939916c,0,"Answer: 1

Explanation:
- The image shows a street market stall with a variety of items, including baskets and bags, which are typically found in urban settings. The architecture in the background, with its white buildings and balconies, suggests a more urban environment rather than a rustic or tropical one. Therefore, Statement 1 is grounded in the image.",true
323b0439f1ef36d65f21b5927916a99106da00859e5b829f98262fc0b939916c,1,,false
323b0439f1ef36d65f21b5927916a99106da00859e5b829f98262fc0b939916c,2,,false
e09c919bb6830ca2b9bec74e2830910f51c4a05d2aec41154de263677eea0029,0,"Answer: 3

Explanation:
1. The image depicts a large, ornate structure with a dome and multiple arched entrances, which is characteristic of historical tomb or monument architecture. This type of architecture is often found in places of historical significance, such as tombs or monuments.
2. The structure does not resemble a modern government building, which typically has a more utilitarian design and is often associated with governmental functions.
3. The image does not show any signs of being a public transportation hub, such as a bus or train station, which would typically have a more functional design and infrastructure for transportation.",false
e09c919bb6830ca2b9bec74e2830910f51c4a05d2aec41154de263677eea0029,1,,false
e09c919bb6830ca2b9bec74e2830910f51c4a05d2aec41154de263677eea0029,2,,true
