id,statement_index,raw_prediction,prediction_parsed
39550e3c246330ee49d6f5a3f3889db8418aacf3d9ef71108ad4fb5fd27d7259,0,"Answer: 3

Why statement 1 might seem correct: The image shows a landscape with mountains, which could be associated with a temperate forest environment.
Why it is actually wrong: The landscape is arid and rocky, with no visible greenery or lush vegetation, which are typical characteristics of a temperate forest.

Why statement 2 might seem correct: The presence of mountains and the color palette might suggest a coastal area.
Why it is actually wrong: There are no visible beaches or coastal features, and the terrain is rocky and barren, which are not typical of a tropical coastal area.

Why statement 3 is grounded: The image clearly shows a rugged mountain range with orange rock formations, which are characteristic of desert landscapes.
Why it is actually correct: The mountains and rock formations are consistent with a desert environment, and the color and texture of the landscape support this interpretation.",false
39550e3c246330ee49d6f5a3f3889db8418aacf3d9ef71108ad4fb5fd27d7259,1,,false
39550e3c246330ee49d6f5a3f3889db8418aacf3d9ef71108ad4fb5fd27d7259,2,,true
5f985ee30b7a618a99ff580a47522f7cc271a7a3b17ad62cc6c5859813f6d171,0,"Answer: 2

Why statement 1 might seem correct: The bus has large windows and displays images of historical figures, which could suggest it is a sightseeing tour bus for tourists.
Why it is actually wrong: There is no clear indication that the bus is specifically for tourists, and the context of the location does not strongly suggest a tourist area.

Why statement 3 might seem correct: The bus is parked and people are boarding and alighting, which could suggest it is a public transportation bus for daily commuters.
Why it is actually wrong: The presence of historical images and the specific design of the bus do not align with typical public transportation buses.

Why statement 2 is grounded: The bus displays images of historical figures and cultural elements, indicating it is a mobile museum displaying cultural and historical exhibits.
Why it is actually correct: The visual evidence of the bus's design and the images displayed strongly support this statement.",false
5f985ee30b7a618a99ff580a47522f7cc271a7a3b17ad62cc6c5859813f6d171,1,,true
5f985ee30b7a618a99ff580a47522f7cc271a7a3b17ad62cc6c5859813f6d171,2,,false
4eaad96db51485f183fbe3ea0b14ef16e47e4daf99ef10fc29b51fee26d69b52,0,"Answer: 2

Why statement 1 might seem correct: The tiara and headscarf combination could be mistaken for a school uniform, especially if one is not familiar with traditional attire from the Arab world.
Why it is actually wrong: The tiara is ornate and decorative, which is not typical for a school uniform. School uniforms are usually simple and functional.

Why statement 3 might seem correct: The tiara and headscarf combination could be mistaken for sports attire, especially if one is not familiar with traditional attire from the Arab world.
Why it is actually wrong: The tiara is ornate and decorative, which is not typical for sports attire. Sports uniforms are usually designed for comfort and functionality.

The chosen statement (2) is grounded because the tiara is clearly decorative and elaborate, which is typical for special occasions rather than everyday wear or sports activities.",false
4eaad96db51485f183fbe3ea0b14ef16e47e4daf99ef10fc29b51fee26d69b52,1,,true
4eaad96db51485f183fbe3ea0b14ef16e47e4daf99ef10fc29b51fee26d69b52,2,,false
38a6dc0eb0d96a64eda567173baab7698a6054f285cc82ee26d1b51658820a06,0,"Answer: 1

Why statement 2 might seem correct: The presence of flowers in the image might suggest that chamomile is the primary ingredient.
Why it is actually wrong: There is no visual evidence of chamomile in the image. The flowers shown are jasmine, not chamomile.

Why statement 3 might seem correct: The flowers in the image resemble jasmine, which is often used in tea.
Why it is actually wrong: The primary ingredient of the tea is not jasmine, as the tea is described as having mint leaves, which are more prominent than the flowers.

Why statement 1 is grounded: The image shows mint leaves floating in the tea, indicating that mint is the primary ingredient.",true
38a6dc0eb0d96a64eda567173baab7698a6054f285cc82ee26d1b51658820a06,1,,false
38a6dc0eb0d96a64eda567173baab7698a6054f285cc82ee26d1b51658820a06,2,,false
6f0acf368620aba6c02fae6e97dc641c439de3d51333c1a0936753e3e8393c48,0,"Answer: 1

Why statement 2 might seem correct: The aircraft has a large fuselage and wings, which are common features of commercial passenger planes.
Why it is actually wrong: The aircraft has a distinctive radar dome on top, which is not typically found on commercial passenger planes. Additionally, the markings on the aircraft, such as ""NATO"" and ""DTAN,"" suggest that it is a military aircraft.

Why statement 3 might seem correct: The aircraft has a large cargo bay and wings, which are common features of cargo transport planes.
Why it is actually wrong: The aircraft has a radar dome and military markings, which are not typical features of cargo transport planes. Additionally, the design and structure of the aircraft are more consistent with a military surveillance aircraft than a cargo transport plane.

The chosen statement (1) is grounded because the aircraft has military markings and a radar dome, which are indicative of a military surveillance aircraft.",true
6f0acf368620aba6c02fae6e97dc641c439de3d51333c1a0936753e3e8393c48,1,,false
6f0acf368620aba6c02fae6e97dc641c439de3d51333c1a0936753e3e8393c48,2,,false
15d81593d6188c3cfc630067c02f70f97a60a7625023833410bc49ead618b773,0,"Answer: 3

Why statement 1 might seem correct: [The person is holding a fishing rod, which is commonly associated with fishing.]
Why it is actually wrong: [The person is aiming an arrow at a target, which is a clear indication of archery practice.]

Why statement 2 might seem correct: [The person is holding a bow, which is commonly associated with hunting.]
Why it is actually wrong: [The target and the setup indicate that this is an archery practice session, not hunting.]

Why statement 3 is grounded: [The person is holding a bow and arrow, aiming at a target, which is a clear indication of archery practice.]",false
15d81593d6188c3cfc630067c02f70f97a60a7625023833410bc49ead618b773,1,,false
15d81593d6188c3cfc630067c02f70f97a60a7625023833410bc49ead618b773,2,,true
3186adf7f819686f71839a1d9a48d43bf2970ec436a345dd705d8fc8f40cf717,0,"Answer: 2

Why statement 1 might seem correct: The blazer appears to be black, which could be mistaken for a black leather biker jacket.
Why it is actually wrong: The blazer is clearly burnt orange, not black, and it does not have the typical features of a biker jacket, such as zippers or a leather texture.

Why statement 3 might seem correct: The blazer appears casual and could be mistaken for a denim jacket.
Why it is actually wrong: The blazer has a structured shoulder design and a smooth texture, which is not characteristic of denim jackets. Additionally, the color is burnt orange, not the typical blue of denim.

Why statement 2 is grounded: The blazer is indeed burnt orange and has structured shoulders, which matches the description provided in statement 2. The texture and design also support this description.",false
3186adf7f819686f71839a1d9a48d43bf2970ec436a345dd705d8fc8f40cf717,1,,true
3186adf7f819686f71839a1d9a48d43bf2970ec436a345dd705d8fc8f40cf717,2,,false
431192ee74f3c24a181452b35e20176a105560d01b79db447400d27f446bc30b,0,"Answer: 1

Why statement 2 might seem correct: [best argument for it]
Hindu meditation rituals often involve intricate patterns and designs, and the rug's detailed and symmetrical design might seem fitting for such practices.

Why it is actually wrong: [specific visual evidence that contradicts it]
The rug prominently features a mosque-like structure, which is a clear indication of Islamic influence and is not typically associated with Hindu meditation rituals.

Why statement 3 might seem correct: [best argument for it]
The rug's design could be seen as fitting for a formal setting, such as a Christian church service.

Why it is actually wrong: [specific visual evidence that contradicts it]
The central feature of the rug is a mosque, which is a symbol of Islam and not typically associated with Christian church services.

Why statement 1 is grounded:
The rug's design includes a mosque, which is a clear indication that it is most closely associated with Muslim daily prayers (salat).",true
431192ee74f3c24a181452b35e20176a105560d01b79db447400d27f446bc30b,1,,false
431192ee74f3c24a181452b35e20176a105560d01b79db447400d27f446bc30b,2,,false
13f10cfb4aac3fbd382e210b09c44e70a80be386937aee9f84a3e36b70202564,0,"Answer: 3

Why statement 1 might seem correct: The boats are docked in a harbor, which is a common location for luxury yachts used for tourism.
Why it is actually wrong: The boats are small and appear to be used for fishing, not luxury yachts. There are no visible signs of luxury or tourism-related activities.

Why statement 2 might seem correct: The boats are docked in a harbor, which is a common location for police patrol boats.
Why it is actually wrong: The boats are small and appear to be used for fishing, not police patrol activities. There are no visible signs of law enforcement or security.

Why statement 3 is grounded: The boats are small and appear to be used for fishing, as evidenced by the nets and the piles of fish in the foreground.
Why it is actually correct: The boats are docked in a harbor, and the presence of nets and fish in the foreground strongly suggests that fishing activities are the primary function of these boats.",false
13f10cfb4aac3fbd382e210b09c44e70a80be386937aee9f84a3e36b70202564,1,,false
13f10cfb4aac3fbd382e210b09c44e70a80be386937aee9f84a3e36b70202564,2,,true
f08128c6e27b047e6f33a7b12a8be07eeffb9b812e344c43810e9300f7933942,0,"Answer: 1

Why statement 2 might seem correct: The mosque's central dome and minarets might lead one to think of a pagoda-style roof, which is common in some Islamic architecture.

Why it is actually wrong: The image clearly shows a large central dome and two tall minarets, but there are no visible wooden beams or a pagoda-style roof.

Why statement 3 might seem correct: The presence of a large dome and minarets might lead one to think of a bell tower and stained glass windows, which are common in many churches.

Why it is actually wrong: The image shows a mosque with a dome and minarets, but there are no visible bell towers or stained glass windows.

The chosen statement is grounded because the mosque in the image indeed features two tall minarets and a large central dome, which are characteristic features of many mosques.",true
f08128c6e27b047e6f33a7b12a8be07eeffb9b812e344c43810e9300f7933942,1,,false
f08128c6e27b047e6f33a7b12a8be07eeffb9b812e344c43810e9300f7933942,2,,false
4701f69d7028310325d3b8746d76691140e64c4caa0385f64a0c5a805d5bb417,0,"Answer: 2

Why statement 1 might seem correct: The image shows a landscape with formations that could be mistaken for lush forest and waterfalls.
Why it is actually wrong: The landscape is arid with sandstone formations and sparse vegetation, not a lush forest with waterfalls.

Why statement 3 might seem correct: The image shows a barren landscape that could be mistaken for a snowy mountain range.
Why it is actually wrong: The landscape is dry and rocky, not covered in snow.

The landscape shown in the image is a desert with tall sandstone formations, which is why statement 2 is the correct and grounded statement.",false
4701f69d7028310325d3b8746d76691140e64c4caa0385f64a0c5a805d5bb417,1,,true
4701f69d7028310325d3b8746d76691140e64c4caa0385f64a0c5a805d5bb417,2,,false
40cc444afe6647f21b3f74100ccadf5e22cae49eb7849b11547127abef202a40,0,"Answer: 3

Why statement 1 might seem correct: The presence of lentils and noodles in the soup could be associated with Indian cuisine, which often includes lentils and noodles in its dishes.

Why it is actually wrong: The text overlay on the image explicitly states that the soup is ""Algerian Vermicelli Soup - Chorba Vermicelle,"" indicating that it is from Algeria, not India.

Why statement 2 might seem correct: The soup's appearance, with its rich broth and noodles, could also be reminiscent of Italian cuisine, which often features hearty soups and pasta dishes.

Why it is actually wrong: The text overlay confirms that the soup is Algerian, not Italian.

Why statement 3 is grounded: The text overlay directly states that the soup is ""Algerian Vermicelli Soup - Chorba Vermicelle,"" which confirms its Algerian origin.

Therefore, the correct answer is statement 3.",false
40cc444afe6647f21b3f74100ccadf5e22cae49eb7849b11547127abef202a40,1,,false
40cc444afe6647f21b3f74100ccadf5e22cae49eb7849b11547127abef202a40,2,,true
b2960a3818d96f79756dc9b546c3050647565534e55c17f92eb2adbdf4965375,0,"Answer: 1

Why statement 2 might seem correct: The runner is wearing a red jacket and black shorts, which could be misinterpreted as jeans. The hiking boots and scarf are not visible in the image, but the red jacket and black shorts might be mistaken for jeans.

Why it is actually wrong: The runner is clearly wearing black shorts, not jeans. There are no hiking boots or scarf visible in the image.

Why statement 3 might seem correct: The runner is wearing a yellow t-shirt and green pants, which could be misinterpreted as green pants. The white sneakers and sun hat are not visible in the image, but the yellow t-shirt and green pants might be mistaken for green pants.

Why it is actually wrong: The runner is wearing a white tank top, not a yellow t-shirt. There are no green pants or sun hat visible in the image.

Why statement 1 is grounded: The runner is wearing a white tank top, black shorts, red compression socks, and blue running shoes, which matches the description in the statement.",true
b2960a3818d96f79756dc9b546c3050647565534e55c17f92eb2adbdf4965375,1,,false
b2960a3818d96f79756dc9b546c3050647565534e55c17f92eb2adbdf4965375,2,,false
62e90e2f6be94e3d441b90602c2b748b827e58d44250926aa008b0ce4ea9b159,0,"Answer: 1

Why statement 2 might seem correct: The presence of livestock and people interacting with them could suggest a livestock auction.
Why it is actually wrong: There is no visible auction setup or bidding activity, and the context appears more ceremonial or ritualistic.

Why statement 3 might seem correct: The gathering appears to be a community event, and the presence of people and livestock could suggest a festival.
Why it is actually wrong: There is no clear indication of a festival, such as decorations, music, or entertainment, and the setting seems more focused on livestock.

The chosen statement is grounded because the image shows people interacting with livestock in a manner that is consistent with a religious ritual, such as marking or preparing the animals for a specific purpose, which is common in many religious practices involving livestock.",true
62e90e2f6be94e3d441b90602c2b748b827e58d44250926aa008b0ce4ea9b159,1,,false
62e90e2f6be94e3d441b90602c2b748b827e58d44250926aa008b0ce4ea9b159,2,,false
bc223d547760f8808409711e32d8dbbf801867e8713f8ae51abcb2c0d02566e4,0,"Answer: 3

Why statement 1 might seem correct: The intricate design and the presence of what appears to be a clasp mechanism suggest that it could be a pendant designed to hold small religious scriptures.
Why it is actually wrong: The object does not have any visible compartment or mechanism that would allow it to hold small religious scriptures, and its design is more ornamental than functional.

Why statement 2 might seem correct: The shape and the ornate design could be reminiscent of a compact mirror case.
Why it is actually wrong: The object does not have a reflective surface or any indication that it is meant to hold a mirror, and its design is more decorative than practical.

Why statement 3 is grounded: The object has a decorative design and a clasp mechanism, which are typical features of a brooch used for clothing.
Why it is actually correct: The object's ornate design and the presence of a clasp mechanism suggest that it is intended to be worn as a decorative brooch.",false
bc223d547760f8808409711e32d8dbbf801867e8713f8ae51abcb2c0d02566e4,1,,false
bc223d547760f8808409711e32d8dbbf801867e8713f8ae51abcb2c0d02566e4,2,,true
a5f556cefa064d136c22b8c06b2785e9d9fd17064513b377896ed5a183000366,0,"Answer: 3

Why statement 1 might seem correct: The image does not show a bowl of fruit.
Why it is actually wrong: The image clearly shows a glass of white wine, which contradicts the statement.

Why statement 2 might seem correct: The image does not show any decorative ceramic plates.
Why it is actually wrong: The image shows several decorative ceramic plates with floral designs, which contradicts the statement.

Why statement 3 is grounded: The image does not show a glass of white wine.
Why it is actually wrong: The image clearly shows a glass of white wine, which contradicts the statement.",false
a5f556cefa064d136c22b8c06b2785e9d9fd17064513b377896ed5a183000366,1,,false
a5f556cefa064d136c22b8c06b2785e9d9fd17064513b377896ed5a183000366,2,,true
95c3deb1e6d8505899f1da230ed1f9fc984e741b8c9f40425f88ddbcf5c947ba,0,"Answer: 3

Why statement 1 might seem correct: The ship appears to be large and on the water, which could suggest it is a cargo ship.
Why it is actually wrong: The ship has ""RESCUE ZONE"" written on it, indicating it is a rescue vessel, not a cargo ship.

Why statement 2 might seem correct: The presence of equipment and structures on the deck could suggest it is a fishing boat.
Why it is actually wrong: The ship has ""RESCUE ZONE"" written on it, indicating it is a rescue vessel, not a fishing boat.

Why statement 3 is grounded: The ship has ""RESCUE ZONE"" written on it, indicating it is a rescue vessel.",false
95c3deb1e6d8505899f1da230ed1f9fc984e741b8c9f40425f88ddbcf5c947ba,1,,false
95c3deb1e6d8505899f1da230ed1f9fc984e741b8c9f40425f88ddbcf5c947ba,2,,true
853c3cc79483c345ffa2762b690d6f17d873314b1025a2822ba6ff6e9eec9381,0,"Answer: 1

Why statement 2 might seem correct: The presence of rock formations and sand dunes could be mistaken for coastal cliffs and beaches.
Why it is actually wrong: The image clearly shows sand dunes and rock formations typical of a desert environment, not the smooth, eroded cliffs of a coastal beach.

Why statement 3 might seem correct: The rock formations could be mistaken for mountains, and the sand dunes could be mistaken for a forested area.
Why it is actually wrong: The image shows a flat, open desert landscape with sand dunes and rock formations, not the varied topography of a mountainous forest with rivers.

The environment depicted in the photograph is a desert with rock formations and sand dunes, which is the correct statement.",true
853c3cc79483c345ffa2762b690d6f17d873314b1025a2822ba6ff6e9eec9381,1,,false
853c3cc79483c345ffa2762b690d6f17d873314b1025a2822ba6ff6e9eec9381,2,,false
4030235e980ca962459e0fb568e5a9f9da5f802d0b12d2c7b147023872732333,0,"Answer: 2

Why statement 1 might seem correct: The object shown in the image is ornate and decorative, which could suggest it is intended for a living room setting.
Why it is actually wrong: The object is a teapot and cups, which are primarily used for serving tea and other beverages, not for decoration.
Why statement 3 might seem correct: The object is a teapot and cups, which could suggest it is used for storing food items.
Why it is actually wrong: The primary function of a teapot and cups is to serve beverages, not to store food items.

The primary function of the object shown in the image is to serve tea and other beverages, making statement 2 the correct and grounded statement.",false
4030235e980ca962459e0fb568e5a9f9da5f802d0b12d2c7b147023872732333,1,,true
4030235e980ca962459e0fb568e5a9f9da5f802d0b12d2c7b147023872732333,2,,false
c8db077a0919b5ccb2c27f5cde87bce0ba8adad1373209c479024492c96a64e5,0,"Answer: 3

Why statement 1 might seem correct: The backdrop includes the text ""MISS USA,"" which is a pageant that has historically been associated with Los Angeles.
Why it is actually wrong: The backdrop also includes ""LAS VEGAS"" and ""FOX,"" indicating that the event is taking place in Las Vegas, not Los Angeles.

Why statement 2 might seem correct: The backdrop includes ""MISS USA,"" which is a pageant that has historically been associated with New York City.
Why it is actually wrong: The backdrop also includes ""LAS VEGAS"" and ""FOX,"" indicating that the event is taking place in Las Vegas, not New York City.

Why statement 3 is grounded: The backdrop includes ""LAS VEGAS"" and ""FOX,"" indicating that the event is taking place in Las Vegas.
Confirm why your chosen statement IS grounded: The backdrop clearly mentions ""LAS VEGAS,"" which confirms that the event is taking place in Las Vegas.",false
c8db077a0919b5ccb2c27f5cde87bce0ba8adad1373209c479024492c96a64e5,1,,false
c8db077a0919b5ccb2c27f5cde87bce0ba8adad1373209c479024492c96a64e5,2,,true
6d7552ee0748b7c24fcc23c07a3ebd549228922288d7cc1dfe4dee522ac5f235,0,"Answer: 3

Why statement 1 might seem correct: Rock climbing is often associated with caves because caves provide natural rock formations for climbing. However, the image does not show any rock climbing activity, only a boat and swimmers.

Why statement 2 might seem correct: Camping is often associated with caves because caves can provide shelter and a unique environment for camping. However, the image does not show any camping activity, only a boat and swimmers.

Why statement 3 is grounded: The image shows a boat and people swimming in the water, which is commonly associated with boating and swimming activities near caves. The cave's entrance and the clear water suggest a location where such activities are possible.

Therefore, statement 3 is the correct and grounded statement.",false
6d7552ee0748b7c24fcc23c07a3ebd549228922288d7cc1dfe4dee522ac5f235,1,,false
6d7552ee0748b7c24fcc23c07a3ebd549228922288d7cc1dfe4dee522ac5f235,2,,true
e9fd9b635b64a7ee090d4ab9da281209da8958037fe9103200260a27bd239c99,0,"Answer: 1

Why statement 2 might seem correct: The structure's circular shape and the presence of stone blocks could be reminiscent of Roman amphitheaters, which often featured such architectural elements.

Why it is actually wrong: The structure does not have the distinctive features of a Roman amphitheater, such as a central arena or seating tiers. Additionally, the materials and construction style do not align with Roman architecture.

Why statement 3 might seem correct: The structure's robust and fortified appearance could be mistaken for a medieval castle.

Why it is actually wrong: The structure lacks the typical features of a medieval castle, such as a central keep, battlements, and a moat. The materials and construction style also do not match those of medieval castles.

The historical structure depicted in the image is an ancient tomb or monument, as evidenced by its circular shape, the presence of stone blocks, and the overall design that is typical of ancient burial sites.",true
e9fd9b635b64a7ee090d4ab9da281209da8958037fe9103200260a27bd239c99,1,,false
e9fd9b635b64a7ee090d4ab9da281209da8958037fe9103200260a27bd239c99,2,,false
8dba00bbbea7bea5f59da101b271732df61c920732fba975fe34603d5770afe7,0,"Answer: 3

Why statement 1 might seem correct: The object in the image has a rectangular shape and a patterned design, which could be mistaken for a decorative table runner.
Why it is actually wrong: The object has a distinct border and a central field with a repeating pattern, which is more characteristic of a prayer rug than a table runner.

Why statement 2 might seem correct: The object has a decorative border and a central field, which could be mistaken for a tapestry.
Why it is actually wrong: The object has a specific design and structure that is more typical of a prayer rug, including the central medallion and the border patterns.

Why statement 3 is grounded: The object has a central medallion and a repeating pattern, which are common features of prayer rugs used in Islamic rituals.
The object also has a distinct border with intricate designs, which is typical of prayer rugs.",false
8dba00bbbea7bea5f59da101b271732df61c920732fba975fe34603d5770afe7,1,,false
8dba00bbbea7bea5f59da101b271732df61c920732fba975fe34603d5770afe7,2,,true
1515019169ee631548a685651fc7c9d9f01afc60fcea04babc3aefb3cab124d2,0,"Answer: 1

Why statement 2 might seem correct: [The coat appears to be a trench coat, which is often associated with bright colors and floral patterns.]
Why it is actually wrong: [The coat in the image is gray, not bright-colored, and there are no visible floral patterns.]

Why statement 3 might seem correct: [The coat appears to be short and casual, which could suggest a jacket with zipper details.]
Why it is actually wrong: [The coat is long and elegant, not short, and there are no visible zipper details.]

The coat in the image is a long, elegant gray coat with ribbed sleeves and a belted waist, which confirms that statement 1 is true.",true
1515019169ee631548a685651fc7c9d9f01afc60fcea04babc3aefb3cab124d2,1,,false
1515019169ee631548a685651fc7c9d9f01afc60fcea04babc3aefb3cab124d2,2,,false
c94f2378f0c87445df82b24cac7c15dcc4b5ca1f64bf9b6c9341a1c6e4e92a32,0,"Answer: 1

Why statement 2 might seem correct: The presence of camels and riders might suggest that the activity could be camel racing.
Why it is actually wrong: The camels are not in a formation typical of racing, and there are no visible markings or structures that indicate a racing track.

Why statement 3 might seem correct: The vast desert landscape and the presence of camels might suggest that the activity could be safari hunting.
Why it is actually wrong: There are no visible signs of hunting equipment or animals that would indicate hunting, and the riders are not dressed in hunting attire.

The activity depicted in this image is desert trekking with a caravan, as evidenced by the formation of the camels and the riders leading them across the desert.",true
c94f2378f0c87445df82b24cac7c15dcc4b5ca1f64bf9b6c9341a1c6e4e92a32,1,,false
c94f2378f0c87445df82b24cac7c15dcc4b5ca1f64bf9b6c9341a1c6e4e92a32,2,,false
2571c59db69638eca0d5bef88d7e8725b411dcf07dbd18afa96bc8ca4b4c575f,0,"Answer: 3

Why statement 1 might seem correct: The structure's robust and fortified appearance could be reminiscent of medieval castles.
Why it is actually wrong: The architectural style and the presence of steps leading up to the structure do not align with typical medieval castle designs, which often feature more enclosed and fortified walls.

Why statement 2 might seem correct: The structure's elevated and monumental nature could suggest it is a royal mausoleum.
Why it is actually wrong: There are no visible inscriptions or tomb-like features that would typically indicate a mausoleum.

Why statement 3 is grounded: The structure's amphitheater-like shape, with steps leading up to it and an open, elevated design, is characteristic of Roman amphitheaters.
Why it is actually correct: The visual evidence, such as the tiered seating and the open, elevated design, strongly suggests that this is a Roman amphitheater.",false
2571c59db69638eca0d5bef88d7e8725b411dcf07dbd18afa96bc8ca4b4c575f,1,,false
2571c59db69638eca0d5bef88d7e8725b411dcf07dbd18afa96bc8ca4b4c575f,2,,true
e7f60dd1952c62677b6dd6ce1305951631cbbbbc404e174796558660014cbaf8,0,"Answer: 3

Why statement 1 might seem correct: The presence of a person in a white coat suggests a professional setting, which could be associated with a courtroom.
Why it is actually wrong: The background shows medical equipment and a person in a wheelchair, which are typical elements of a hospital or medical facility, not a courtroom.

Why statement 2 might seem correct: The presence of a person in a white coat suggests a professional setting, which could be associated with a classroom.
Why it is actually wrong: The background shows medical equipment and a person in a wheelchair, which are typical elements of a hospital or medical facility, not a classroom.

Why statement 3 is grounded: The background shows medical equipment and a person in a wheelchair, which are typical elements of a hospital or medical facility.
The presence of a person in a white coat and the overall setting strongly indicate that this is a hospital or medical facility.",false
e7f60dd1952c62677b6dd6ce1305951631cbbbbc404e174796558660014cbaf8,1,,false
e7f60dd1952c62677b6dd6ce1305951631cbbbbc404e174796558660014cbaf8,2,,true
09f1068fd4bc7bec23092ddd069d4262996dc9a5790233d64b2357c35c43bbc3,0,"Answer: 2

Why statement 1 might seem correct: The person is holding a camera, which suggests they might be engaged in photography.
Why it is actually wrong: There is no visual evidence that the person is actively taking photographs, as they are not looking through the camera lens or holding it in a way that indicates they are ready to take a picture.

Why statement 3 might seem correct: The person is outdoors in a natural setting, which could suggest they are engaged in hiking.
Why it is actually wrong: The person is on a sand dune, which is not a typical environment for hiking. Hiking usually involves trails and varied terrains, not sand dunes.

Why statement 2 is grounded: The person is on a sand dune and is wearing appropriate clothing for sandboarding, which is a sport involving riding down sand dunes on a board.
Why it is actually correct: The person is positioned on a sand dune and is wearing appropriate clothing for sandboarding, which is a sport involving riding down sand dunes on a board.",false
09f1068fd4bc7bec23092ddd069d4262996dc9a5790233d64b2357c35c43bbc3,1,,true
09f1068fd4bc7bec23092ddd069d4262996dc9a5790233d64b2357c35c43bbc3,2,,false
84fab13f96e838eab5ed60534d733e6cabf0ab9f1936a797cc93c35f6ea3c2d8,0,"Answer: 1

Why statement 2 might seem correct: The woven straw bags could be mistaken for decorative wall hangings due to their aesthetic appeal and the way they are displayed in the image.

Why it is actually wrong: The bags are clearly designed to be carried, as evidenced by their handles and the way they are stacked and arranged, suggesting they are meant for use.

Why statement 3 might seem correct: The presence of metal containers inside the bags could lead one to believe that the bags are used for storing liquids.

Why it is actually wrong: The primary function of the bags is not explicitly stated as storing liquids. The containers inside the bags are not the primary function of the bags themselves.

Why statement 1 is grounded: The bags are clearly designed with handles and are displayed in a way that suggests they are meant to be carried, making this the primary function of the objects in the image.",true
84fab13f96e838eab5ed60534d733e6cabf0ab9f1936a797cc93c35f6ea3c2d8,1,,false
84fab13f96e838eab5ed60534d733e6cabf0ab9f1936a797cc93c35f6ea3c2d8,2,,false
129215dbc8d8f471c55ad54d930bf74178b998b7477814b303506df5467424f9,0,"Answer: 2

Why statement 1 might seem correct: [best argument for it]
   The image shows a building with a dome, which might lead one to think of pyramids, especially if they are not familiar with Sikh architecture.

Why it is actually wrong: [specific visual evidence that contradicts it]
   The image clearly shows domes, not pyramids. The architecture is distinctly Sikh, with domes and arches, not pyramids.

Why statement 3 might seem correct: [best argument for it]
   The image shows a building with a dome, which might lead one to think of spiral towers, especially if they are not familiar with Sikh architecture.

Why it is actually wrong: [specific visual evidence that contradicts it]
   The image shows a building with domes and arches, not spiral towers. The architecture is distinctly Sikh, with domes and arches, not spiral towers.

Why statement 2 is grounded: [specific visual evidence that supports it]
   The image clearly shows domes on the building, which is a prominent feature of the Sikh Gurdwara in San Jose.",false
129215dbc8d8f471c55ad54d930bf74178b998b7477814b303506df5467424f9,1,,true
129215dbc8d8f471c55ad54d930bf74178b998b7477814b303506df5467424f9,2,,false
9212d047d787162f71fc597ad55df5a4c1b665e66240d4749807f3da3aae226c,0,"Answer: 2

Why statement 1 might seem correct: The boys are wearing maroon vests and white shirts, which could be interpreted as sports uniforms.
Why it is actually wrong: The attire is more formal and structured, typical of school uniforms, rather than casual or purely sports-specific.

Why statement 3 might seem correct: The boys' attire appears to be more casual, which could be misinterpreted as casual attire.
Why it is actually wrong: The boys are wearing coordinated school uniforms, which are not casual.

Why statement 2 is grounded: The boys are wearing formal school uniforms consisting of maroon vests and white shirts, which is consistent with formal school attire.
Why it is actually correct: The visual evidence shows that the boys are wearing structured, formal uniforms, not casual or sports-specific attire.",false
9212d047d787162f71fc597ad55df5a4c1b665e66240d4749807f3da3aae226c,1,,true
9212d047d787162f71fc597ad55df5a4c1b665e66240d4749807f3da3aae226c,2,,false
651dc2d9956251af80f32b3a1cb2d40f2ff45e482ed0e6daefc9f1f1dec8b380,0,"Answer: 1

Why statement 2 might seem correct: The heel appears to be thick and sturdy, which could be mistaken for a block heel.
Why it is actually wrong: The heel is not uniformly thick from top to bottom; it tapers towards the bottom, which is characteristic of a wedge heel.

Why statement 3 might seem correct: The heel looks thin and elongated, which could be mistaken for a stiletto heel.
Why it is actually wrong: The heel is not thin and elongated; it is thick and wedge-shaped.

The heel style of the sandal in the image is a wedge heel, as evidenced by its thick, tapered design.",true
651dc2d9956251af80f32b3a1cb2d40f2ff45e482ed0e6daefc9f1f1dec8b380,1,,false
651dc2d9956251af80f32b3a1cb2d40f2ff45e482ed0e6daefc9f1f1dec8b380,2,,false
47fb4cc67c7de0ac76a159e8eb8e160686bf80a8b2f823aa7f607c57a7af0355,0,"Answer: 1

Why statement 2 might seem correct: The compartment appears to be large and open, which could make it seem like it could be used for storage.
Why it is actually wrong: The compartment is filled with mechanical components, including the engine and exhaust pipes, which clearly indicate that it is meant for housing the car's engine and related systems, not for personal items.
Why statement 3 might seem correct: The presence of cooling fins and the overall design of the compartment suggest that it is meant for cooling purposes.
Why it is actually wrong: The primary function of the compartment is to house the engine and related components, not to provide cooling. Cooling is a function of the engine and other cooling systems, not the compartment itself.",true
47fb4cc67c7de0ac76a159e8eb8e160686bf80a8b2f823aa7f607c57a7af0355,1,,false
47fb4cc67c7de0ac76a159e8eb8e160686bf80a8b2f823aa7f607c57a7af0355,2,,false
3a27cf97aa63e2e506eed5a3933ac870fb7c316364f03c3e9c1e9480c92fe2b2,0,"Answer: 2

Why statement 1 might seem correct: The luxurious interior and high-end amenities suggest that this jet could be used for military transport, which often includes high-end facilities for VIPs and dignitaries.
Why it is actually wrong: The presence of a table with a glass of what appears to be champagne and a small plate with a lemon wedge suggests a more leisurely and relaxed atmosphere, which is more typical of luxury air travel rather than military transport.

Why statement 3 might seem correct: The interior design and amenities are consistent with what one might find in commercial airplanes.
Why it is actually wrong: The level of luxury and privacy, including the large windows and personal seating arrangements, is not typical of commercial airline travel, which usually has more standard seating and less emphasis on luxury.

This private jet interior is most likely associated with luxury air travel because of the high-end amenities and design elements that cater to comfort and personal space, which are characteristic of luxury travel rather than military or commercial travel.",false
3a27cf97aa63e2e506eed5a3933ac870fb7c316364f03c3e9c1e9480c92fe2b2,1,,true
3a27cf97aa63e2e506eed5a3933ac870fb7c316364f03c3e9c1e9480c92fe2b2,2,,false
ae140bcb0ca783c2a56438565507556547c6ce5f5d1f269bedf91daefaf271ce,0,"Answer: 1

Why statement 2 might seem correct: The presence of formal attire and the red carpet could suggest a corporate meeting.
Why it is actually wrong: The presence of cameras and photographers, along with the formal attire and red carpet, are typical of a film festival, not a corporate meeting.

Why statement 3 might seem correct: The formal attire and red carpet could suggest a casual gathering.
Why it is actually wrong: The presence of cameras and photographers, along with the formal attire and red carpet, are not typical of a casual gathering.

The event depicted in the image is most likely a film festival because of the red carpet, formal attire, and the presence of cameras and photographers, which are common at such events.",true
ae140bcb0ca783c2a56438565507556547c6ce5f5d1f269bedf91daefaf271ce,1,,false
ae140bcb0ca783c2a56438565507556547c6ce5f5d1f269bedf91daefaf271ce,2,,false
6ae8c37b60d9994eb7d60bd9d36bd77487c555d7580697b17cd60467e11280df,0,"Answer: 3

Why statement 1 might seem correct: The right section of the image shows a modern building entrance with glass doors and a sign that reads ""MoMA,"" which could be mistaken for a corporate office building.
Why it is actually wrong: The sign clearly reads ""MoMA,"" which stands for the Museum of Modern Art, not a corporate office building.
Why statement 2 might seem correct: The modern design and glass doors could be associated with a shopping mall entrance.
Why it is actually wrong: The signage and context clearly indicate it is the Museum of Modern Art, not a shopping mall.
Why statement 3 is grounded: The signage and context clearly indicate it is the Museum of Modern Art (MoMA) entrance.",false
6ae8c37b60d9994eb7d60bd9d36bd77487c555d7580697b17cd60467e11280df,1,,false
6ae8c37b60d9994eb7d60bd9d36bd77487c555d7580697b17cd60467e11280df,2,,true
03783038c9e119decab0f571c4d4ea1ecddb201279dcad38f8362879bf6531cc,0,"Answer: 1

Why statement 2 might seem correct: The presence of men in formal attire and the setting might suggest a formal business meeting.
Why it is actually wrong: The men are holding musical instruments and are engaged in a performance, not a business meeting.
Why statement 3 might seem correct: The setting and the presence of people might suggest a sports competition.
Why it is actually wrong: The men are playing musical instruments, not participating in a sports competition.
Why statement 1 is grounded: The men are holding and playing musical instruments, indicating a cultural music performance.",true
03783038c9e119decab0f571c4d4ea1ecddb201279dcad38f8362879bf6531cc,1,,false
03783038c9e119decab0f571c4d4ea1ecddb201279dcad38f8362879bf6531cc,2,,false
8497eecafff7982cf7e1f1909cce8eb1f3dcdc16aee114be6c53d55ea41c8de6,0,"Answer: 3

Why statement 1 might seem correct: Oil lamps are indeed used during Raksha Bandhan, but the image does not specifically depict this occasion.
Why it is actually wrong: The image does not provide any specific context or symbols that are unique to Raksha Bandhan.

Why statement 2 might seem correct: Oil lamps are also used during Holi, but the image does not specifically depict this occasion.
Why it is actually wrong: The image does not provide any specific context or symbols that are unique to Holi.

Why statement 3 is grounded: Oil lamps (diyas) are most commonly used during Diwali in Hindu culture, and the image shows lit oil lamps, which are a key element of Diwali celebrations.
Why it is actually correct: The image clearly shows oil lamps, which are traditionally used during Diwali to light up homes and streets.",false
8497eecafff7982cf7e1f1909cce8eb1f3dcdc16aee114be6c53d55ea41c8de6,1,,false
8497eecafff7982cf7e1f1909cce8eb1f3dcdc16aee114be6c53d55ea41c8de6,2,,true
6ed4c9f1c238bb58b061a6690fc12c33b56a01c646a35ab33686b2bcc404595a,0,"Answer: 1

Why statement 2 might seem correct: The striped structure near the ruins could be mistaken for a lifeguard hut due to its distinctive color and shape, which is commonly associated with such structures.

Why it is actually wrong: The structure is not located near a body of water, which is a typical requirement for a lifeguard hut. Additionally, the context of the image, which appears to be an archaeological site, makes it less likely to be a lifeguard hut.

Why statement 3 might seem correct: The striped structure could be mistaken for a storage shed due to its simple design and the fact that it is located near the ruins, which might suggest it is part of the site's infrastructure.

Why it is actually wrong: The structure does not have any visible features that are typically associated with storage sheds, such as large doors or windows. Additionally, its location near the ruins and the presence of a car nearby suggest it is more likely to be a research station.

Why statement 1 is grounded: The striped structure near the ruins is likely an archaeological research station. This is supported by its proximity to the ruins and the presence of a car, which indicates human activity and suggests that the structure is used by researchers working on the site.",true
6ed4c9f1c238bb58b061a6690fc12c33b56a01c646a35ab33686b2bcc404595a,1,,false
6ed4c9f1c238bb58b061a6690fc12c33b56a01c646a35ab33686b2bcc404595a,2,,false
cf6c9311991c7005203c8e9d0f70a7139f0e9cd81948ebf1a2fa3d8727f07a51,0,"Answer: 1

Why statement 2 might seem correct: The traditional attire and lanyards could suggest a formal event, which weddings often are.
Why it is actually wrong: The presence of lanyards typically indicates an organized event, such as a conference or sports event, rather than a personal celebration like a wedding.

Why statement 3 might seem correct: The traditional attire and lanyards could suggest a casual gathering, as lanyards are often used in various informal events.
Why it is actually wrong: The formal nature of the attire, including the traditional headgear and robes, suggests a more formal or ceremonial event rather than a casual gathering.

Why statement 1 is grounded: The traditional attire and lanyards suggest that these individuals might be attending a sports event, as lanyards are commonly used for identification and access at such events. The attire is also appropriate for a formal sports event, where traditional clothing is often worn.",true
cf6c9311991c7005203c8e9d0f70a7139f0e9cd81948ebf1a2fa3d8727f07a51,1,,false
cf6c9311991c7005203c8e9d0f70a7139f0e9cd81948ebf1a2fa3d8727f07a51,2,,false
24b619add0d1ccb032a2d128a8a18828351a76a68df2cdde27cf69f56b22e46d,0,"Answer: 1

Why statement 2 might seem correct: [best argument for it]
   - The presence of large ships in the port area might lead one to assume that fishing boats could be docked there.

Why it is actually wrong: [specific visual evidence that contradicts it]
   - The image clearly shows large cargo ships, not fishing boats. The ships are large and industrial, which is typical for cargo ships, not the smaller and more varied types of vessels that would be associated with fishing.

Why statement 3 might seem correct: [best argument for it]
   - The large size and industrial appearance of the ships might lead one to think they could be passenger ships.

Why it is actually wrong: [specific visual evidence that contradicts it]
   - The ships in the image are clearly cargo ships, as indicated by their large size, industrial appearance, and the presence of cranes and loading equipment. Passenger ships typically have different features, such as decks for passengers and lifeboats, which are not visible in the image.

Why statement 1 is grounded: [specific visual evidence that supports it]
   - The image shows large cargo ships docked in the port area, which directly supports the statement. The presence of cranes and loading equipment further confirms that these are cargo ships.",true
24b619add0d1ccb032a2d128a8a18828351a76a68df2cdde27cf69f56b22e46d,1,,false
24b619add0d1ccb032a2d128a8a18828351a76a68df2cdde27cf69f56b22e46d,2,,false
d1133e8edc66b3b8776417c0464c623fc4044d24cd83ada3f091f95d4ffbbc97,0,"Answer: 2

Why statement 1 might seem correct: The tomato roses are placed on the dish, which might suggest they are meant to add flavor.
Why it is actually wrong: The tomato roses are placed on top of the dish, which is a common way to use garnishes to enhance the visual appeal of the dish, not necessarily to add flavor.

Why statement 3 might seem correct: The tomato roses are placed on the dish, which might suggest they are meant to provide a source of protein.
Why it is actually wrong: The tomato roses are placed on top of the dish, which is a common way to use garnishes to enhance the visual appeal of the dish, not necessarily to provide a source of protein.

Why statement 2 is grounded: The tomato roses are placed on top of the dish, which is a common way to use garnishes to enhance the visual appeal of the dish.
Why it is actually correct: The tomato roses are placed on top of the dish, which is a common way to use garnishes to enhance the visual appeal of the dish.",false
d1133e8edc66b3b8776417c0464c623fc4044d24cd83ada3f091f95d4ffbbc97,1,,true
d1133e8edc66b3b8776417c0464c623fc4044d24cd83ada3f091f95d4ffbbc97,2,,false
8d0ac4028d178afeee886e4651f03d1092326299ba3c3ecb7f2493fb78fb0bee,0,"Answer: 2

Why statement 1 might seem correct: The minaret is often associated with mosques, and it is common knowledge that mosques store religious artifacts. However, the primary purpose of a minaret is not to store religious artifacts.

Why it is actually wrong: The image shows a minaret, which is a tall, slender tower typically found in mosques. The primary purpose of a minaret is to call for prayer (Adhan), not to store religious artifacts. The presence of religious artifacts in a mosque does not negate the primary function of the minaret.

Why statement 3 might seem correct: The minaret is a prominent feature of a mosque, and it is reasonable to assume that it could provide shelter for visitors. However, the primary purpose of a minaret is to call for prayer, not to provide shelter.

Why it is actually wrong: The image shows a minaret, which is a tall, slender tower typically found in mosques. The primary purpose of a minaret is to call for prayer (Adhan), not to provide shelter for visitors. The minaret's design and location do not suggest that it serves as a shelter for visitors.

The chosen statement (2) is grounded because the primary purpose of a minaret in a mosque is indeed to call for prayer (Adhan), as evidenced by the image showing a minaret, which is a common feature in mosques used for this purpose.",false
8d0ac4028d178afeee886e4651f03d1092326299ba3c3ecb7f2493fb78fb0bee,1,,true
8d0ac4028d178afeee886e4651f03d1092326299ba3c3ecb7f2493fb78fb0bee,2,,false
f2e4eaacb50d09353ca664e50938174235e25df035f08e29c0f1178db47c5566,0,"Answer: 1

Why statement 2 might seem correct: The building has a modern and sleek design, which could be associated with residential apartments.
Why it is actually wrong: The building has large glass windows and a prominent entrance, which are more typical of a cultural center or exhibition space rather than a residential apartment complex.

Why statement 3 might seem correct: The building's design and lighting suggest it could be a shopping mall.
Why it is actually wrong: The building's design, with its large glass windows and prominent entrance, is more indicative of a cultural center or exhibition space rather than a shopping mall.

The primary function of the building shown in the image is to serve as a cultural center for events and exhibitions. This is grounded by the building's design, which includes large glass windows and a prominent entrance, typical of cultural centers.",true
f2e4eaacb50d09353ca664e50938174235e25df035f08e29c0f1178db47c5566,1,,false
f2e4eaacb50d09353ca664e50938174235e25df035f08e29c0f1178db47c5566,2,,false
322ec782a08eccba628addde6e3e75cdb65cd1696f94ba7afd0e21a695b8569b,0,"Answer: 2

Why statement 1 might seem correct: Stuffed grape leaves are a common dish in the Arab world and are often served during Ramadan.
Why it is actually wrong: The image does not show stuffed grape leaves, but rather stuffed meat and rice, which is a different dish.

Why statement 3 might seem correct: Rice is a staple food in many Arab countries and is often served during Ramadan.
Why it is actually wrong: The image does not show rice, but rather stuffed meat and rice, which is a different dish.

Why statement 2 is grounded: Dates are a traditional food used to break the fast during Ramadan.
The image shows a plate of dates, which supports this statement.",false
322ec782a08eccba628addde6e3e75cdb65cd1696f94ba7afd0e21a695b8569b,1,,true
322ec782a08eccba628addde6e3e75cdb65cd1696f94ba7afd0e21a695b8569b,2,,false
c91e4c3f9739ebf7121813f888f1952f5c16cef9680cdbaa1e385908fd5120c6,0,"Answer: 1

Why statement 2 might seem correct: [best argument for it]
   Rolex is a well-known sponsor of Formula 1 races, and it is common for their branding to be displayed prominently at such events.

Why it is actually wrong: [specific visual evidence that contradicts it]
   There is no visible Rolex branding in the image. The branding visible in the image is Gulf Air and Mercedes.

Why statement 3 might seem correct: [best argument for it]
   Emirates is another major sponsor of Formula 1 races and could be expected to have its branding displayed at the event.

Why it is actually wrong: [specific visual evidence that contradicts it]
   There is no Emirates branding visible in the image. The branding visible in the image is Gulf Air and Mercedes.

Why statement 1 is grounded: [specific visual evidence that confirms it]
   Gulf Air branding is prominently displayed on the grandstand and around the track, indicating its sponsorship of the event.",true
c91e4c3f9739ebf7121813f888f1952f5c16cef9680cdbaa1e385908fd5120c6,1,,false
c91e4c3f9739ebf7121813f888f1952f5c16cef9680cdbaa1e385908fd5120c6,2,,false
298509572e3a7162626ea3fcbb3bda2e37a62075c06163b9b8ffff93b60ee5c3,0,"Answer: 3

Why statement 1 might seem correct: The image shows a person working with a clay object, which could be mistaken for glass blowing, as both involve working with a material that can be shaped and molded.
Why it is actually wrong: The material being worked on is clearly clay, not glass. The texture and appearance of the clay, along with the tools being used, are indicative of pottery making, not glass blowing.

Why statement 2 might seem correct: The presence of clay and the act of shaping could also be misinterpreted as wood carving, as both involve the manipulation of materials.
Why it is actually wrong: The image clearly shows clay being shaped on a potter's wheel, which is a specific tool and technique used in pottery making, not wood carving.

Why statement 3 is grounded: The image shows a person using a potter's wheel to shape a clay object, which is a clear indication of pottery making. The presence of the wheel and the clay being shaped in a circular motion are definitive signs of pottery making.",false
298509572e3a7162626ea3fcbb3bda2e37a62075c06163b9b8ffff93b60ee5c3,1,,false
298509572e3a7162626ea3fcbb3bda2e37a62075c06163b9b8ffff93b60ee5c3,2,,true
3e8b2d988a32d1982b1b872524d6fab6f9ae61c032a9b39a06770f79ae695014,0,"Answer: 2

Why statement 1 might seem correct: The seating arrangement is formal and arranged in a way that could be used for dining.
Why it is actually wrong: There are no dining tables or chairs, and the arrangement is more suited for sitting and lounging rather than eating.

Why statement 3 might seem correct: The seating arrangement is formal and could be used in an office setting.
Why it is actually wrong: There are no office-related items such as desks, computers, or paperwork, and the arrangement is more suited for relaxation than work.

Why statement 2 is grounded: The seating arrangement consists of multiple cushions and a large rug, which are typical of traditional communal seating arrangements in many Arab cultures.
Why it is actually correct: The image shows a seating arrangement that is designed for multiple people to sit together, which is characteristic of traditional communal seating.",false
3e8b2d988a32d1982b1b872524d6fab6f9ae61c032a9b39a06770f79ae695014,1,,true
3e8b2d988a32d1982b1b872524d6fab6f9ae61c032a9b39a06770f79ae695014,2,,false
c5600b20c1e8d441c4d1cadabc9cf75cb6713651f7b776ae1b036c6d5afa0628,0,"Answer: 1

Why statement 2 might seem correct: The circular lid could be perceived as a feature that aids in precise pouring, as it might help in controlling the flow of liquid.
Why it is actually wrong: The image does not provide any visual evidence that the lid's shape or design is specifically intended for precise pouring. The lid's shape does not seem to have any direct correlation with the precision of pouring.

Why statement 3 might seem correct: The black color of the kettle might be perceived as a feature that aids in precise pouring, as it could be thought that darker colors help in hiding stains or making the kettle look more professional.
Why it is actually wrong: The color of the kettle does not have any direct correlation with the precision of pouring. The image does not provide any visual evidence that the black color aids in precise pouring.

Why statement 1 is grounded: The long gooseneck spout is a visual feature that is specifically designed to allow for precise pouring. The shape of the spout allows for better control over the direction and flow of the liquid being poured, making it suitable for precise pouring.",true
c5600b20c1e8d441c4d1cadabc9cf75cb6713651f7b776ae1b036c6d5afa0628,1,,false
c5600b20c1e8d441c4d1cadabc9cf75cb6713651f7b776ae1b036c6d5afa0628,2,,false
069b13c415ef2f565356b87226737992a345bd9b5c54ab3dee3410756c010819,0,"Answer: 2

Why statement 1 might seem correct: The Arabic calligraphy wall piece appears to have a smooth and uniform texture, which could suggest it is made of plastic.
Why it is actually wrong: The calligraphy piece has a three-dimensional, embossed appearance, which is not typical of plastic.

Why statement 3 might seem correct: The wooden texture of the table and the door frame in the image might lead one to believe that the calligraphy piece is also made of wood.
Why it is actually wrong: The calligraphy piece has a metallic sheen and reflective quality, which is not characteristic of wood.

Why statement 2 is grounded: The calligraphy piece has a golden color and a reflective surface, which are indicative of a gold-plated metal material.
Why it is actually correct: The visual evidence of the golden color and reflective quality strongly supports that the calligraphy piece is made of gold-plated metal.",false
069b13c415ef2f565356b87226737992a345bd9b5c54ab3dee3410756c010819,1,,true
069b13c415ef2f565356b87226737992a345bd9b5c54ab3dee3410756c010819,2,,false
744da12c3e94a02f3f32cceac55188260053c27ebdb862b3da7a3054b210f359,0,"Answer: 3

Why statement 1 might seem correct: The fort's architecture and the flag in the image might give the impression that it is Arad Fort, which is known for its distinctive architecture and is often depicted with a similar flag.

Why it is actually wrong: The fort in the image does not match the known appearance of Arad Fort. Arad Fort is typically characterized by its unique cylindrical towers and is located in a different region.

Why statement 2 might seem correct: The fort's appearance and the flag might also make it seem like Riffa Fort, which is another notable fort in the Arab world.

Why it is actually wrong: The fort in the image does not match the known appearance of Riffa Fort. Riffa Fort is typically characterized by its distinctive rectangular towers and is located in a different region.

Why statement 3 is grounded: The fort in the image matches the known appearance of Qal'at al-Bahrain, which is a significant fort located in Bahrain. The distinctive architecture, the flag, and the location all align with what is known about Qal'at al-Bahrain.

Therefore, the correct statement is 3.",false
744da12c3e94a02f3f32cceac55188260053c27ebdb862b3da7a3054b210f359,1,,false
744da12c3e94a02f3f32cceac55188260053c27ebdb862b3da7a3054b210f359,2,,true
d9847923f255a93244d606ec4e743b39a63f47038889bcc93e0cfe4a49ad4f7e,0,"Answer: 3

Why statement 1 might seem correct: The image shows a corridor with a ceiling, and it is possible to imagine a chandelier hanging from it.
Why it is actually wrong: There is no visible chandelier in the image; the ceiling appears plain and unadorned.

Why statement 2 might seem correct: The image shows a corridor leading to a space at the end, which could be interpreted as a fountain.
Why it is actually wrong: There is no visible fountain in the image; the end of the corridor appears to be an open space without any water feature.

Why statement 3 is grounded: The image clearly shows a single chair placed on a red carpet at the end of the corridor.
Why it is actually correct: The chair and the red carpet are visible and distinct features in the image, making this statement true.",false
d9847923f255a93244d606ec4e743b39a63f47038889bcc93e0cfe4a49ad4f7e,1,,false
d9847923f255a93244d606ec4e743b39a63f47038889bcc93e0cfe4a49ad4f7e,2,,true
7bfddd27d687ac68b67a65a47e7af825837a83f969024158b0f403377428e30a,0,"Answer: 3

Why statement 1 might seem correct: The instrument has a curved body and strings, which are common features of a guitar.
Why it is actually wrong: The shape and design of the instrument, particularly the long neck and the specific arrangement of the pegs, are not characteristic of a guitar.

Why statement 2 might seem correct: The instrument has a curved body and strings, which are common features of a violin.
Why it is actually wrong: The shape and design of the instrument, particularly the long neck and the specific arrangement of the pegs, are not characteristic of a violin.

Why statement 3 is grounded: The instrument has a long neck with pegs and a curved body, which are characteristic features of an oud. The specific design and shape match those of an oud, a traditional stringed instrument from the Arab world.",false
7bfddd27d687ac68b67a65a47e7af825837a83f969024158b0f403377428e30a,1,,false
7bfddd27d687ac68b67a65a47e7af825837a83f969024158b0f403377428e30a,2,,true
f8309d0e45c4eed932b1039bed724df16138a3fa96f8d026c0cec7c76fef8bbd,0,"Answer: 1

Why statement 2 might seem correct: The statue appears to have a dark color, which could be mistaken for wood.
Why it is actually wrong: The statue has a metallic sheen and detailed craftsmanship typical of bronze sculptures.
Why statement 3 might seem correct: The statue has a smooth, polished appearance that could be associated with marble.
Why it is actually wrong: The statue's surface has a reflective quality and intricate details that are characteristic of bronze, not marble.
Why statement 1 is grounded: The statue's metallic sheen and detailed craftsmanship are indicative of bronze, a material commonly used for equestrian statues.",true
f8309d0e45c4eed932b1039bed724df16138a3fa96f8d026c0cec7c76fef8bbd,1,,false
f8309d0e45c4eed932b1039bed724df16138a3fa96f8d026c0cec7c76fef8bbd,2,,false
fb4c294140d448fe8cb747bb92b2a466e1aa8e53d2abd2a123ec03562f78c7e6,0,"Answer: 3

Why statement 1 might seem correct: The presence of small shops and a coastal setting might suggest a coastal town environment.
Why it is actually wrong: The image shows modern high-rise buildings and a busy urban street, not small shops or a coastal town.

Why statement 2 might seem correct: The image might seem to depict a rural village with traditional houses.
Why it is actually wrong: The image shows modern high-rise buildings and an urban street, not traditional houses or a rural village.

Why statement 3 is grounded: The image shows modern high-rise buildings and an urban street, indicating an urban area with modern infrastructure.",false
fb4c294140d448fe8cb747bb92b2a466e1aa8e53d2abd2a123ec03562f78c7e6,1,,false
fb4c294140d448fe8cb747bb92b2a466e1aa8e53d2abd2a123ec03562f78c7e6,2,,true
d825c5f93c24b6498e06d67c4a39e6165ee7fe8b3a90639b616fe694fc082510,0,"Answer: 1

Why statement 2 might seem correct: Fresh fruits like figs are not typically associated with charcuterie boards, which are traditionally known for featuring cured meats, cheeses, and other savory items. The presence of figs in the image might seem out of place in this context.

Why it is actually wrong: The image clearly shows a variety of fresh fruits, including figs, prominently displayed on the charcuterie board. This indicates that fresh fruits are indeed included and are not uncommon on such boards.

Why statement 3 might seem correct: Cured meats like salami are a staple of charcuterie boards, and their absence would be unusual. The image shows a variety of cured meats, including what appears to be salami, making this statement incorrect.

Why it is actually wrong: The image shows a variety of cured meats, including what appears to be salami, which contradicts the statement that cured meats like salami are not commonly included on a charcuterie board.

Why statement 1 is grounded: Fried chicken is not typically associated with charcuterie boards, which are known for featuring a variety of cured meats, cheeses, and other savory items. The image does not show any fried chicken, supporting the statement that it is not commonly included on a charcuterie board.",true
d825c5f93c24b6498e06d67c4a39e6165ee7fe8b3a90639b616fe694fc082510,1,,false
d825c5f93c24b6498e06d67c4a39e6165ee7fe8b3a90639b616fe694fc082510,2,,false
73a2e7842857d6addac8be8c5acc4f054e6e305821b1bc52f0b1c12be4706411,0,"Answer: 2

Why statement 1 might seem correct: The abstract nature of the logo could lead one to believe it has no specific meaning.
Why it is actually wrong: The logo clearly resembles a stylized wave, which is a common symbol for water.

Why statement 3 might seem correct: The logo's design could be interpreted as a flag, especially given the context of Bremen.
Why it is actually wrong: The logo does not resemble any traditional flag design; it is more abstract and wave-like.

Why statement 2 is grounded: The red logo above the 'Waterfront Bremen' sign is designed to look like a stylized wave, which is a common symbol for water. This is visually evident in the image.",false
73a2e7842857d6addac8be8c5acc4f054e6e305821b1bc52f0b1c12be4706411,1,,true
73a2e7842857d6addac8be8c5acc4f054e6e305821b1bc52f0b1c12be4706411,2,,false
955069f8ea8fd4218ef3a90710b9e885defedb7950638da284753754c3eedfc7,0,"Answer: 1

Why statement 2 might seem correct: The person is holding a microphone, which is commonly used for speeches.
Why it is actually wrong: The person is dressed in a glamorous outfit and is smiling, which suggests they are performing rather than giving a formal speech.
Why statement 3 might seem correct: The microphone could be seen as an accessory.
Why it is actually wrong: The person is actively using the microphone, which indicates its purpose is for singing or performing, not merely as an accessory.
Why statement 1 is grounded: The person is dressed in a performance outfit and is holding a microphone, which are typical elements of a performance setting.",true
955069f8ea8fd4218ef3a90710b9e885defedb7950638da284753754c3eedfc7,1,,false
955069f8ea8fd4218ef3a90710b9e885defedb7950638da284753754c3eedfc7,2,,false
82d4f77a43546b79831710cd892e6747d02ce97e0cdd248138ec608f97d49818,0,"Answer: 3

Why statement 1 might seem correct: Wooden latticework can indeed enhance the durability of a facade by providing additional support and protection against the elements.
Why it is actually wrong: The image does not provide any specific evidence that the latticework enhances the durability of the facade.

Why statement 2 might seem correct: Wooden latticework can offer structural support to a building by distributing weight and providing stability.
Why it is actually wrong: The image does not show any structural support being provided by the latticework.

Why statement 3 is grounded: The wooden latticework in the image is designed to provide ventilation and privacy. The openwork design allows air to circulate while obscuring direct views, which is a common feature in traditional Arab architecture.
Why it is actually correct: The latticework is clearly designed to offer ventilation and privacy, as evidenced by the openwork design and the way it covers the windows and doorways.",false
82d4f77a43546b79831710cd892e6747d02ce97e0cdd248138ec608f97d49818,1,,false
82d4f77a43546b79831710cd892e6747d02ce97e0cdd248138ec608f97d49818,2,,true
0382109ef1cca88a96894838aed52b60cb6ee34728e36f4b7844d9c05f21def5,0,"Answer: 1

Why statement 2 might seem correct: The golden mask of Tutankhamun is often depicted in bronze, which is a common material for ancient artifacts.
Why it is actually wrong: The image shows a golden mask, not a bronze one. The golden color is a clear visual evidence that contradicts the statement.

Why statement 3 might seem correct: Marble is a material often associated with ancient artifacts and could be mistaken for the material used in the mask.
Why it is actually wrong: The image clearly shows a golden mask, not a marble one. The golden color and the specific design of the mask are visual evidence that contradicts the statement.

The chosen statement is grounded because the image shows a golden mask, which directly supports the claim that the primary material used in the golden mask of Tutankhamun is gold.",true
0382109ef1cca88a96894838aed52b60cb6ee34728e36f4b7844d9c05f21def5,1,,false
0382109ef1cca88a96894838aed52b60cb6ee34728e36f4b7844d9c05f21def5,2,,false
0bfc117e6862520853ff46452473295d08b8e33049fff55208afb45a7b215880,0,"Answer: 3

Why statement 1 might seem correct: The building in the image has a clean, geometric design with a flat roof and minimal ornamentation, which could be mistaken for Modernist architecture.

Why it is actually wrong: Modernist architecture typically features a focus on function over form, with minimal ornamentation and an emphasis on clean lines and geometric shapes. However, the building in the image is adorned with intricate geometric patterns and traditional motifs, which are characteristic of Nubian architecture.

Why statement 2 might seem correct: Gothic architecture is known for its pointed arches, ribbed vaults, and flying buttresses, which are not present in the building depicted in the image.

Why it is actually wrong: The building in the image does not have any of the defining features of Gothic architecture, such as pointed arches or ribbed vaults. Instead, it features flat surfaces and intricate geometric patterns, which are more characteristic of Nubian architecture.

Why statement 3 is grounded: The building in the image is clearly adorned with intricate geometric patterns and traditional motifs that are characteristic of Nubian architecture. The use of vibrant colors and the specific style of decoration are indicative of this architectural tradition.

Therefore, the primary architectural style depicted in the image is Nubian architecture.",false
0bfc117e6862520853ff46452473295d08b8e33049fff55208afb45a7b215880,1,,false
0bfc117e6862520853ff46452473295d08b8e33049fff55208afb45a7b215880,2,,true
44c2b1e4710f3d6e1dc4038a03dbe459069dff3ee02e4a88d39359c03f37927c,0,"Answer: 1

Why statement 2 might seem correct: The architecture shown in the image has a unique style that might be unfamiliar to those not familiar with Middle Eastern architecture. The flat roofs and the use of mud bricks are common in some parts of Scandinavia.

Why it is actually wrong: The architecture in the image is clearly indicative of Middle Eastern architecture, characterized by its mud brick construction and the style of the buildings. There are no elements in the image that suggest Scandinavian or South American architecture.

Why statement 3 might seem correct: The architecture shown in the image has a unique style that might be unfamiliar to those not familiar with Middle Eastern architecture. The flat roofs and the use of mud bricks are common in some parts of South America.

Why it is actually wrong: The architecture in the image is clearly indicative of Middle Eastern architecture, characterized by its mud brick construction and the style of the buildings. There are no elements in the image that suggest Scandinavian or South American architecture.",true
44c2b1e4710f3d6e1dc4038a03dbe459069dff3ee02e4a88d39359c03f37927c,1,,false
44c2b1e4710f3d6e1dc4038a03dbe459069dff3ee02e4a88d39359c03f37927c,2,,false
63373f09973d27f0f370d6451a1506550af5f363d15f1d2969456c3b27b2002d,0,"Answer: 3

Why statement 1 might seem correct: The performer's dynamic pose and the traditional-looking costume could suggest a traditional dance performance.
Why it is actually wrong: There is no clear indication of dance movements or a stage setup that would typically accompany a dance performance.

Why statement 2 might seem correct: The performer's energetic posture and the presence of a drum could suggest involvement in a sporting event.
Why it is actually wrong: The context and attire do not align with typical sporting events, and the focus is on the drum rather than any athletic activity.

Why statement 3 is grounded: The image clearly shows a close-up of a drum, indicating that the performer is likely playing a musical instrument.
Why it is actually correct: The visual evidence of the drum and the performer's interaction with it directly supports this statement.",false
63373f09973d27f0f370d6451a1506550af5f363d15f1d2969456c3b27b2002d,1,,false
63373f09973d27f0f370d6451a1506550af5f363d15f1d2969456c3b27b2002d,2,,true
9fb60991d818f060788ee7a9666b15c79042f9476394271f0be72236f8c60eac,0,"Answer: 2

Why statement 1 might seem correct: The Empire State Building's illuminated lights in different colors could be perceived as providing additional lighting for the city streets, especially at night when natural light is low.

Why it is actually wrong: The image does not show any additional lighting for city streets. The lights are specifically on the building itself, not extending outwards to illuminate the streets.

Why statement 3 might seem correct: The changing colors of the lights could be interpreted as signaling weather changes, as different colors might be associated with different weather conditions.

Why it is actually wrong: The image does not provide any evidence that the colors of the lights correspond to weather changes. The lights are decorative and do not serve a functional purpose related to weather.

Why statement 2 is grounded: The Empire State Building often changes the colors of its lights to celebrate holidays, events, or cultural causes. This is a well-known practice and is visually supported by the image, which shows the building lit up in different colors.

Therefore, the correct statement is 2.",false
9fb60991d818f060788ee7a9666b15c79042f9476394271f0be72236f8c60eac,1,,true
9fb60991d818f060788ee7a9666b15c79042f9476394271f0be72236f8c60eac,2,,false
1c6f2e6a732b947a036850742449784931e5b6232c0da65d1e2ee1dd7fc0f6a1,0,"Answer: 2

Why statement 1 might seem correct: The presence of mountains in the background could lead one to think of snow-covered peaks.
Why it is actually wrong: The mountains in the background are not covered in snow; they appear to be rocky and barren, typical of desert landscapes.
Why statement 3 might seem correct: The presence of buildings and roads in the background could lead one to think of urban skyscrapers.
Why it is actually wrong: There are no skyscrapers or roads visible in the background; instead, there are natural features like mountains and greenery.
Why statement 2 is grounded: The background of the image shows desert mountains and greenery, which are clearly visible.
Why statement 2 is correct: The mountains in the background are barren and rocky, typical of desert landscapes, and there is greenery present, such as trees and palm trees.",false
1c6f2e6a732b947a036850742449784931e5b6232c0da65d1e2ee1dd7fc0f6a1,1,,true
1c6f2e6a732b947a036850742449784931e5b6232c0da65d1e2ee1dd7fc0f6a1,2,,false
145c165299df858c1742709b4a728bc906fa748b7f7278cf5f0fb9e13bbdee45,0,"Answer: 3

Why statement 1 might seem correct: The oven appears to have a rustic, natural look that could suggest it is made of wood.
Why it is actually wrong: The oven's structure is clearly made of a solid, uniform material that looks like clay, not wood.

Why statement 2 might seem correct: The oven has a dark, metallic appearance, which could lead one to think it is made of metal.
Why it is actually wrong: The oven's walls and base are smooth and have a matte finish typical of clay, not metal.

Why statement 3 is grounded: The oven's walls and base are made of a material that looks like clay, with a rough texture and uneven surface typical of clay ovens.",false
145c165299df858c1742709b4a728bc906fa748b7f7278cf5f0fb9e13bbdee45,1,,false
145c165299df858c1742709b4a728bc906fa748b7f7278cf5f0fb9e13bbdee45,2,,true
518cd34da743c76d54a70341f3eaf41a7ea690f75d6320de918bed2676f92bf9,0,"Answer: 2

Why statement 1 might seem correct: Rail transport is often associated with large rivers due to the need for efficient transportation of goods and people across significant distances. The presence of a large river in the image suggests the possibility of rail transport being used for such purposes.

Why it is actually wrong: There is no visible evidence of a railway track or train in the image. The river is the dominant feature, and there are no structures or markings that indicate the presence of rail transport.

Why statement 2 might seem correct: Water transport is commonly associated with rivers, as they provide a natural and efficient means of moving goods and people. The image shows a large river, which supports the idea of water transport.

Why it is actually wrong: The image does not show any boats, ships, or other watercraft, which would be indicative of water transport. The focus is on the agricultural fields and the river itself.

Why statement 3 might seem correct: Air transport is often associated with large, developed areas and airports. The presence of a large river and a densely populated area in the image suggests the possibility of air transport being used in this region.

Why it is actually wrong: There is no visible evidence of an airport, runway, or aircraft in the image. The focus is on the river and agricultural fields, with no structures that indicate air transport.

The chosen statement (2) is grounded because the image clearly shows a large river, which is a natural and essential feature for water transport.",false
518cd34da743c76d54a70341f3eaf41a7ea690f75d6320de918bed2676f92bf9,1,,true
518cd34da743c76d54a70341f3eaf41a7ea690f75d6320de918bed2676f92bf9,2,,false
2da6b996a65dcacc2a84297bd441d464211f7b7d825b4a3e212f600043ea8634,0,"Answer: 2

Why statement 1 might seem correct: The image shows a boat on water with a golden hue, which could suggest it is afternoon.
Why it is actually wrong: The golden hue and the long shadows typically associated with afternoon are not present. Instead, the golden light and long shadows are indicative of sunset.

Why statement 3 might seem correct: The golden hue and the calmness of the water could suggest it is morning.
Why it is actually wrong: The golden hue and long shadows are more characteristic of sunset rather than morning.

Why statement 2 is grounded: The golden hue and long shadows are typical of sunset, and the calmness of the water further supports this.
Therefore, the image most likely depicts sunset.",false
2da6b996a65dcacc2a84297bd441d464211f7b7d825b4a3e212f600043ea8634,1,,true
2da6b996a65dcacc2a84297bd441d464211f7b7d825b4a3e212f600043ea8634,2,,false
7dcce62842b9df500422b22b6239cef43b45c4ee7644e204efa7569e97909cbc,0,"Answer: 1

Why statement 2 might seem correct: The woman's pose and the setting give an impression of a theatrical performance, especially with her holding a gun and a confident stance.

Why it is actually wrong: There is no indication of a stage or audience, and her attire and the context suggest an archaeological or investigative scenario rather than a performance.

Why statement 3 might seem correct: The woman's exploration of the ruins and her focused attention on the artifact could suggest she is a tourist.

Why it is actually wrong: The presence of the man in a suit and the woman's attire and accessories suggest a more formal or investigative role rather than casual tourism.

Why statement 1 is grounded: The woman's crouching position and her focused examination of the artifact, along with the context of the ruins, strongly suggest she is playing the role of an archaeologist inspecting an artifact.

Therefore, the correct answer is Statement 1.",true
7dcce62842b9df500422b22b6239cef43b45c4ee7644e204efa7569e97909cbc,1,,false
7dcce62842b9df500422b22b6239cef43b45c4ee7644e204efa7569e97909cbc,2,,false
46c21f09846000b3f735c0e8371e97f5655f878676d5046690687ac9b850a736,0,"Answer: 2

Why statement 1 might seem correct: The statues have a similar appearance to the Mayan sculptures, which are often carved from stone and depict human figures.
Why it is actually wrong: The statues are clearly inscribed with hieroglyphs, which are a hallmark of Ancient Egyptian art and writing. The style of the statues, including the headdresses and the overall form, is distinctly Egyptian.

Why statement 3 might seem correct: The statues have a classical appearance that could be associated with Ancient Greek art.
Why it is actually wrong: The statues are inscribed with hieroglyphs, which are not used in Ancient Greek art. Additionally, the style of the statues, including the headdresses and the overall form, is distinctly Egyptian.

Why statement 2 is grounded: The statues are inscribed with hieroglyphs, which are a hallmark of Ancient Egyptian art and writing. The style of the statues, including the headdresses and the overall form, is distinctly Egyptian.",false
46c21f09846000b3f735c0e8371e97f5655f878676d5046690687ac9b850a736,1,,true
46c21f09846000b3f735c0e8371e97f5655f878676d5046690687ac9b850a736,2,,false
57dfb319490f24a374c2d3493f19ac6aeacaf31567a5263f44dbbd497fd6aea9,0,"Answer: 2

Why statement 1 might seem correct: The large windows do separate different sections of the restaurant, creating distinct areas for diners.
Why it is actually wrong: The primary purpose of the windows is to provide natural light and outdoor views, not to separate sections.

Why statement 3 might seem correct: Large windows are often used to display advertisements.
Why it is actually wrong: There are no advertisements visible through the windows in the image.

Why statement 2 is grounded: The large windows allow natural light to enter the restaurant and provide views of the outdoor environment, enhancing the dining experience.",false
57dfb319490f24a374c2d3493f19ac6aeacaf31567a5263f44dbbd497fd6aea9,1,,true
57dfb319490f24a374c2d3493f19ac6aeacaf31567a5263f44dbbd497fd6aea9,2,,false
95ea0537f9a2ba09e19da48d663658674dac7f84ae0a4930c43b3aed70d19f81,0,"Answer: 1

Why statement 2 might seem correct: The cloth has a decorative appearance and could be interpreted as a tapestry.
Why it is actually wrong: The cloth is not hanging on a wall or displayed in a way that suggests it is a tapestry.

Why statement 3 might seem correct: The cloth has a formal appearance and could be interpreted as a cover for a holy scripture.
Why it is actually wrong: There is no visible text or script on the cloth that would indicate it is a cover for a holy scripture.

This piece of cloth might represent a ceremonial garment in a religious or spiritual context because it has a formal and possibly ceremonial appearance. The lack of text or decoration on the cloth makes it less likely to be a tapestry or a scripture cover.",true
95ea0537f9a2ba09e19da48d663658674dac7f84ae0a4930c43b3aed70d19f81,1,,false
95ea0537f9a2ba09e19da48d663658674dac7f84ae0a4930c43b3aed70d19f81,2,,false
c5dd0e4bbeb8f4e88096107662273de7022800daed25382ff3f2eb6b14abbefc,0,"Answer: 3

Why statement 1 might seem correct: The individuals are dressed formally and appear to be engaged in a conversation, which could suggest a social gathering.
Why it is actually wrong: The presence of professional attire, lanyards, and documents indicates a formal or professional setting rather than a social gathering.

Why statement 2 might seem correct: The interaction appears to be casual, with one individual gesturing and the others listening attentively.
Why it is actually wrong: The formal attire and documents suggest a professional context, not a casual conversation.

Why statement 3 is grounded: The individuals are dressed in professional attire, holding documents, and appear to be discussing something important, indicating a professional collaboration.
Why it is actually correct: The visual evidence of professional attire, documents, and focused interaction supports the idea of professional collaboration.",false
c5dd0e4bbeb8f4e88096107662273de7022800daed25382ff3f2eb6b14abbefc,1,,false
c5dd0e4bbeb8f4e88096107662273de7022800daed25382ff3f2eb6b14abbefc,2,,true
ea21c22362afe70f1857bda2fec2f04015b3fbd1fd47c7824a1660d9e47327c9,0,"Answer: 3

Why statement 1 might seem correct: [best argument for it]
   The aircraft has the name ""United Arab Emirates"" written on it, which might lead one to believe it belongs to the United Arab Emirates.

Why it is actually wrong: [specific visual evidence that contradicts it]
   The aircraft has ""ARAB REPUBLIC OF EGYPT"" written on it, which clearly indicates that it belongs to Egypt, not the United Arab Emirates.

Why statement 2 might seem correct: [best argument for it]
   The aircraft has the name ""Kingdom of Saudi Arabia"" written on it, which might lead one to believe it belongs to Saudi Arabia.

Why it is actually wrong: [specific visual evidence that contradicts it]
   The aircraft has ""ARAB REPUBLIC OF EGYPT"" written on it, which clearly indicates that it belongs to Egypt, not the Kingdom of Saudi Arabia.

Why statement 3 is grounded: [specific visual evidence that supports it]
   The aircraft has ""ARAB REPUBLIC OF EGYPT"" written on it, which clearly indicates that it belongs to the Arab Republic of Egypt.",false
ea21c22362afe70f1857bda2fec2f04015b3fbd1fd47c7824a1660d9e47327c9,1,,false
ea21c22362afe70f1857bda2fec2f04015b3fbd1fd47c7824a1660d9e47327c9,2,,true
4dd982036b66409a9574496e18fd6d3a3dd3ff800c5bddec46dcab2f07c93b21,0,"Answer: 1

Why statement 2 might seem correct: The background of the image shows a range of mountains, which might be mistaken for snow-capped mountains due to the lighting and coloration.
Why it is actually wrong: The mountains in the background are not covered in snow; they are sandy and barren, which is typical of desert landscapes.

Why statement 3 might seem correct: The presence of greenery in the image might lead one to think that dense forests are visible.
Why it is actually wrong: The greenery is sparse and limited to the shoreline, not indicative of dense forests.

Why statement 1 is grounded: Sandy dunes are clearly visible in the background of the image, forming a prominent feature of the landscape.",true
4dd982036b66409a9574496e18fd6d3a3dd3ff800c5bddec46dcab2f07c93b21,1,,false
4dd982036b66409a9574496e18fd6d3a3dd3ff800c5bddec46dcab2f07c93b21,2,,false
75f70d1e270ea0ef763c291387f11d9b6741cfb5672bbd22d58ca47c51b20d78,0,"Answer: 1

Why statement 2 might seem correct: The individuals in the image are wearing uniforms that have a similar color scheme and design to those worn by Aston Martin and Alpine racing teams.

Why it is actually wrong: The uniforms have distinct logos and branding that are specific to McLaren and Red Bull Racing, not Aston Martin and Alpine.

Why statement 3 might seem correct: The uniforms have a similar color scheme and design to those worn by Ferrari and Mercedes racing teams.

Why it is actually wrong: The uniforms have distinct logos and branding that are specific to McLaren and Red Bull Racing, not Ferrari and Mercedes.

Why statement 1 is grounded: The uniforms have distinct logos and branding that are specific to McLaren and Red Bull Racing, including the McLaren and Red Bull logos prominently displayed on the shirts.",true
75f70d1e270ea0ef763c291387f11d9b6741cfb5672bbd22d58ca47c51b20d78,1,,false
75f70d1e270ea0ef763c291387f11d9b6741cfb5672bbd22d58ca47c51b20d78,2,,false
07f962d3a52dbeb290bda6b726f41c04daa682415b5d7ae17e1bca682c0dd6a6,0,"Answer: 2

Why statement 1 might seem correct: The dish shown in the image has a creamy texture and is garnished with herbs and vegetables, which are common elements in Hummus.
Why it is actually wrong: The dish has a thick, stew-like consistency and is not the smooth, pureed texture typical of Hummus.

Why statement 3 might seem correct: The dish contains chopped vegetables and herbs, which are also ingredients in Tabbouleh.
Why it is actually wrong: The dish is not a salad but rather a stew or soup, which is not characteristic of Tabbouleh.

Why statement 2 is grounded: The dish shown in the image is Foul Mudammas, a traditional Middle Eastern stew made with fava beans, vegetables, and spices. The thick, stew-like consistency and the presence of vegetables and herbs are consistent with Foul Mudammas.",false
07f962d3a52dbeb290bda6b726f41c04daa682415b5d7ae17e1bca682c0dd6a6,1,,true
07f962d3a52dbeb290bda6b726f41c04daa682415b5d7ae17e1bca682c0dd6a6,2,,false
ffcabcd8550c8c0ce9ef6daaefcd6262bdfe8062b3bae473e58fba167e1e4bbe,0,"Answer: 2

Why statement 1 might seem correct: The umbrellas are placed in a way that seems to demarcate the boundaries of the stalls, creating a visual separation between different vendors.

Why it is actually wrong: The umbrellas are not uniformly placed to mark boundaries; they are scattered and not aligned in a way that suggests they are marking boundaries. Additionally, the primary purpose of umbrellas in such a setting is typically to provide shade, not to mark boundaries.

Why statement 3 might seem correct: The umbrellas are colorful and visually appealing, which could suggest they are there for decorative purposes.

Why it is actually wrong: The umbrellas are functional and serve a practical purpose of providing shade, which is evident from their placement over the stalls and the goods being sold. There is no indication that they are there for decorative purposes.

Why statement 2 is grounded: The umbrellas are strategically placed over the stalls and goods, providing shade to both the vendors and the items being sold. This is a common practice in markets to protect goods from direct sunlight, which can cause fading and damage.

Therefore, the primary purpose of the umbrellas in the marketplace is to provide shade for the vendors and goods, making statement 2 the correct and grounded statement.",false
ffcabcd8550c8c0ce9ef6daaefcd6262bdfe8062b3bae473e58fba167e1e4bbe,1,,true
ffcabcd8550c8c0ce9ef6daaefcd6262bdfe8062b3bae473e58fba167e1e4bbe,2,,false
631990af5d3cf57251b53816302785cc5937567dda2ec3a0299929bbc0395b99,0,"Answer: 3

Why statement 1 might seem correct: The building in the background has a sign that reads ""Egyptian Textiles Museum,"" which might suggest that weaving textiles is a traditional activity in the area.
Why it is actually wrong: There is no visual evidence of weaving or textiles being actively produced in the image. The focus is on the women carrying water vessels.

Why statement 2 might seem correct: The presence of a shop with pots and pans hanging outside might suggest that selling handmade pottery is a traditional activity.
Why it is actually wrong: There is no visual evidence of pottery being sold or made in the image. The focus is on the women carrying water vessels.

Why statement 3 is grounded: The women in the image are carrying large metal water vessels, which is a traditional activity in many cultures, including those in the Arab world.
Why it is actually correct: The visual evidence directly supports this activity, as the women are clearly carrying water vessels, which is a traditional and common practice in many regions.",false
631990af5d3cf57251b53816302785cc5937567dda2ec3a0299929bbc0395b99,1,,false
631990af5d3cf57251b53816302785cc5937567dda2ec3a0299929bbc0395b99,2,,true
98e27f27f5456385657ddeff31a004b65a935e019f93a4ba0ceceb6c15e58e1e,0,"Answer: 2

Why statement 1 might seem correct: The image shows a desert landscape, which might seem like a suitable environment for snowboarding. However, snowboarding typically requires snow-covered slopes, which are not present in the image.

Why statement 3 might seem correct: The image shows a desert landscape, which might seem like a suitable environment for scuba diving. However, scuba diving usually takes place in bodies of water, not in deserts.

Why statement 2 is actually correct: The image shows a desert landscape with rocky formations, which is a typical environment for desert hiking and camping. These activities are commonly enjoyed in such landscapes.

Why statement 2 is grounded: The image clearly depicts a desert environment with rocky formations, which is a common setting for desert hiking and camping.",false
98e27f27f5456385657ddeff31a004b65a935e019f93a4ba0ceceb6c15e58e1e,1,,true
98e27f27f5456385657ddeff31a004b65a935e019f93a4ba0ceceb6c15e58e1e,2,,false
c917a665b2f4b7be90aeb18104e896168748be3e0f1c328d9ee80c2e934fce31,0,"Answer: 1

Why statement 2 might seem correct: The wooden barrier is positioned around the knights, which could suggest it is marking the boundary of the competition area.
Why it is actually wrong: The barrier is specifically placed between the knights to separate them, ensuring safety during the jousting competition. The visual evidence shows that the barrier is used to keep the knights apart, not to mark the boundary.

Why statement 3 might seem correct: The barrier is visually prominent and adds to the overall aesthetic of the event.
Why it is actually wrong: The primary function of the barrier is safety and separation, not aesthetics. The visual evidence shows that the barrier is used for practical purposes rather than just for looks.

The chosen statement (1) is grounded because the visual evidence clearly shows that the wooden barrier is used to separate the knights for safety reasons during the jousting competition.",true
c917a665b2f4b7be90aeb18104e896168748be3e0f1c328d9ee80c2e934fce31,1,,false
c917a665b2f4b7be90aeb18104e896168748be3e0f1c328d9ee80c2e934fce31,2,,false
75591dd4b43385d640abbe27adc3695bf4b2318479b48f930ecebdafd4eaf8a9,0,"Answer: 1

Why statement 2 might seem correct: [best argument for it]
   The background of the image is neutral, and the red dress might blend in with the neutral tones, making it seem like the mannequin is wearing a red dress.

Why it is actually wrong: [specific visual evidence that contradicts it]
   The mannequin in the background is clearly displaying a yellow dress, which is distinctly different from red.

Why statement 3 might seem correct: [best argument for it]
   The black dress worn by the person in the foreground might make one think that the mannequin is also wearing black.

Why it is actually wrong: [specific visual evidence that contradicts it]
   The mannequin is clearly displaying a yellow dress, which is a different color from black.",true
75591dd4b43385d640abbe27adc3695bf4b2318479b48f930ecebdafd4eaf8a9,1,,false
75591dd4b43385d640abbe27adc3695bf4b2318479b48f930ecebdafd4eaf8a9,2,,false
d109c687ee2d6310bd9aa8cb85e7244326cc1a741e12ae5901b1b75f65485df3,0,"Answer: 1

Why statement 2 might seem correct: The altar in the foreground does have a statue, which might lead someone to think there are also books and incense.
Why it is actually wrong: There are no visible books or incense on the altar in the image.
Why statement 3 might seem correct: The altar does have a chalice and flowers, which might make someone think there is also bread.
Why it is actually wrong: There is no visible bread on the altar in the image.",true
d109c687ee2d6310bd9aa8cb85e7244326cc1a741e12ae5901b1b75f65485df3,1,,false
d109c687ee2d6310bd9aa8cb85e7244326cc1a741e12ae5901b1b75f65485df3,2,,false
753f39baf4771f1958d3f344b53ff87850e9913c8a98c560bdfe61e637675f74,0,"Answer: 3

Why statement 1 might seem correct: Wrapping food in paper can sometimes help retain heat, keeping the food warm for a longer period.
Why it is actually wrong: The checkered paper in the image is not in direct contact with the burger, which would be necessary to retain heat effectively.

Why statement 2 might seem correct: Some people might think that wrapping food in paper can add a subtle flavor to the food.
Why it is actually wrong: There is no visual evidence in the image that suggests the paper has any flavor-enhancing properties.

Why statement 3 is grounded: The checkered paper serves as a protective layer, keeping the burger clean and enhancing its presentation. The paper is placed underneath the burger, which is a common practice in food presentation to keep the surface clean and add an aesthetic appeal.

The chosen statement (3) is grounded because the visual evidence shows the paper being used to enhance the presentation and keep the burger clean.",false
753f39baf4771f1958d3f344b53ff87850e9913c8a98c560bdfe61e637675f74,1,,false
753f39baf4771f1958d3f344b53ff87850e9913c8a98c560bdfe61e637675f74,2,,true
2b4b00673758b001d4cc74c8014233d9d962e90c042b513f67d9890310d86947,0,"Answer: 1

Why statement 2 might seem correct: The split image shows two different individuals, which could lead one to think that it is comparing two unrelated people.

Why it is actually wrong: The visual evidence shows that both individuals are the same person at different stages of life, as indicated by the continuity in facial features and expressions.

Why statement 1 is grounded: The split image shows two different stages of the same person, likely intended to showcase a before-and-after transformation, which is a common visual technique in movies or series to depict character development over time.",true
2b4b00673758b001d4cc74c8014233d9d962e90c042b513f67d9890310d86947,1,,false
2b4b00673758b001d4cc74c8014233d9d962e90c042b513f67d9890310d86947,2,,false
9e2e0c16f7fc67d6e6febe95241fc2ab3f0764f27e39f87886e6cee91f8685c2,0,"Answer: 3

Why statement 1 might seem correct: French fries are a common food item, and it is possible to imagine a version made from ground chickpeas or fava beans. However, this is not a typical preparation method for French fries, which are usually made from potatoes.

Why it is actually wrong: The image shows French fries, which are typically made from potatoes, not ground chickpeas or fava beans.

Why statement 2 might seem correct: Pita bread is a type of flatbread, and it is possible to imagine a version made from ground chickpeas or fava beans. However, this is not a typical preparation method for pita bread, which is usually made from wheat flour.

Why it is actually wrong: The image shows pita bread, which is typically made from wheat flour, not ground chickpeas or fava beans.

Why statement 3 is grounded: The image shows falafel, which is typically made from ground chickpeas or fava beans and fried into patties. This matches the description provided in the statement.

Confirm why statement 3 is grounded: The image clearly shows falafel, which is a food item typically made from ground chickpeas or fava beans and fried into patties.",false
9e2e0c16f7fc67d6e6febe95241fc2ab3f0764f27e39f87886e6cee91f8685c2,1,,false
9e2e0c16f7fc67d6e6febe95241fc2ab3f0764f27e39f87886e6cee91f8685c2,2,,true
529c8680d3fd74338917c8d49dfbf260d04dd6f6056d745c4b00f41c3a28dc21,0,"Answer: 3

Why statement 1 might seem correct: The people in the image are moving in a coordinated manner, which could suggest a sports competition.
Why it is actually wrong: The attire of the people, which includes traditional dresses and headscarves, is not typical of sports uniforms.

Why statement 2 might seem correct: The people are moving in a rhythmic manner, which could suggest a musical performance.
Why it is actually wrong: There is no visible musical instrument or stage setup that would indicate a musical concert.

Why statement 3 is grounded: The traditional dresses and coordinated movements suggest a traditional dance performance.
Why it is actually correct: The attire and the synchronized movements are indicative of a traditional dance performance, which is supported by the visual evidence in the image.",false
529c8680d3fd74338917c8d49dfbf260d04dd6f6056d745c4b00f41c3a28dc21,1,,false
529c8680d3fd74338917c8d49dfbf260d04dd6f6056d745c4b00f41c3a28dc21,2,,true
f0d02d26499ca1816d27e09867544c6411852b0698251d5a57e6fe96c91b8115,0,"Answer: 3

Why statement 1 might seem correct: The water around the kayak appears yellow, which might make one think the kayak is yellow.
Why it is actually wrong: The kayak itself is clearly red, not yellow.

Why statement 2 might seem correct: The water around the kayak appears blue, which might make one think the kayak is blue.
Why it is actually wrong: The kayak itself is clearly red, not blue.

Why statement 3 is grounded: The kayak is indeed red, as clearly visible in the image.",false
f0d02d26499ca1816d27e09867544c6411852b0698251d5a57e6fe96c91b8115,1,,false
f0d02d26499ca1816d27e09867544c6411852b0698251d5a57e6fe96c91b8115,2,,true
b66a90fa52076fa8d2bde619741e460e1d1e93368b836d61b0ad73446b895e66,0,"Answer: 3

Why statement 1 might seem correct: The architecture and design of the amphitheater resemble those found in Rome, Italy, which is known for its ancient Roman ruins.
Why it is actually wrong: The image shows a landscape that includes modern buildings and a different architectural style compared to Rome, Italy.

Why statement 2 might seem correct: The amphitheater's design is reminiscent of those found in Athens, Greece, which is also known for its ancient ruins.
Why it is actually wrong: The image shows a landscape that includes modern buildings and a different architectural style compared to Athens, Greece.

Why statement 3 is grounded: The image shows a landscape that includes modern buildings and a different architectural style compared to Amman, Jordan, which is known for its ancient Roman ruins.
Why it is actually correct: The image shows a landscape that includes modern buildings and a different architectural style compared to Amman, Jordan, which is known for its ancient Roman ruins.",false
b66a90fa52076fa8d2bde619741e460e1d1e93368b836d61b0ad73446b895e66,1,,false
b66a90fa52076fa8d2bde619741e460e1d1e93368b836d61b0ad73446b895e66,2,,true
d0d43cc31af6911c34c8a761514fe8fbe1f37288a2c00e2bdc21d5b16572dcb9,0,"Answer: 1

Why statement 2 might seem correct: Athens is known for its ancient Roman ruins, and the image shows Roman ruins, which could lead one to think it is Athens.
Why it is actually wrong: The architecture and the landscape in the image do not match the typical features of Athens, Greece. Instead, the cityscape in the background has a distinct Middle Eastern appearance, which is more characteristic of Amman, Jordan.

Why statement 3 might seem correct: Rome is also known for its ancient Roman ruins, and the image shows Roman ruins, which could lead one to think it is Rome.
Why it is actually wrong: The cityscape in the background does not resemble Rome, Italy. Instead, it has a more Middle Eastern look, which is more indicative of Amman, Jordan.

The chosen statement is grounded because the cityscape in the background has a distinct Middle Eastern appearance, which is characteristic of Amman, Jordan. The ruins in the foreground are consistent with Roman architecture, which is common in Jordan.",true
d0d43cc31af6911c34c8a761514fe8fbe1f37288a2c00e2bdc21d5b16572dcb9,1,,false
d0d43cc31af6911c34c8a761514fe8fbe1f37288a2c00e2bdc21d5b16572dcb9,2,,false
82482b65958ec1613feba182fe5f3679c514b4ce0077e5245c935c8552d73e2b,0,"Answer: 1

Why statement 2 might seem correct: Soda is a popular beverage and is often associated with leisure and relaxation, which is commonly found at resorts and poolside areas.

Why it is actually wrong: There is no visual evidence of soda being present in the image. The image only shows umbrellas and lounge chairs around a pool, but no beverages are visible.

Why statement 3 might seem correct: Coffee is also a popular beverage and is often associated with relaxation and leisure, which is commonly found at resorts and poolside areas.

Why it is actually wrong: There is no visual evidence of coffee being present in the image. The image only shows umbrellas and lounge chairs around a pool, but no beverages are visible.

Why statement 1 is grounded: The image shows a poolside area with umbrellas and lounge chairs, which are commonly associated with relaxing by a pool at a resort. This makes statement 1 the correct and grounded statement.",true
82482b65958ec1613feba182fe5f3679c514b4ce0077e5245c935c8552d73e2b,1,,false
82482b65958ec1613feba182fe5f3679c514b4ce0077e5245c935c8552d73e2b,2,,false
7547049262a76d15bca0904ef38005c1d66e03d8ad62920fb0611c8d3caf06ac,0,"Answer: 3

Why statement 1 might seem correct: The patterned fabric on the walls and ceiling could potentially provide some insulation from heat, as it appears to be thick and layered.

Why it is actually wrong: There is no specific visual evidence in the image that suggests the primary purpose of the fabric is insulation. The fabric is more prominently used for decoration and creating a tent-like ambiance.

Why statement 2 might seem correct: The fabric could also act as soundproofing material, as it appears to be thick and layered.

Why it is actually wrong: There is no specific visual evidence in the image that suggests the primary purpose of the fabric is soundproofing. The fabric is more prominently used for decoration and creating a tent-like ambiance.

Why statement 3 is grounded: The patterned fabric on the walls and ceiling creates a distinctive tent-like ambiance, which is visually evident in the image. The fabric is prominently used to create this effect, making it the primary purpose of the fabric in this room.",false
7547049262a76d15bca0904ef38005c1d66e03d8ad62920fb0611c8d3caf06ac,1,,false
7547049262a76d15bca0904ef38005c1d66e03d8ad62920fb0611c8d3caf06ac,2,,true
93e6aa3edcc6e8059a49b04388a45bcaf2fb2e80ceb6524f67cee1e58f347f8b,0,"Answer: 3

Why statement 1 might seem correct: The presence of a guitar near the fireplace might suggest a connection between the two elements, as they are often associated with relaxation and entertainment.
Why it is actually wrong: There is no visual evidence in the image that directly associates the fireplace with music. The fireplace is a common feature in many homes and does not inherently have a connection to music.

Why statement 2 might seem correct: The woven chair is placed near the guitar, which might lead one to assume that it is associated with music.
Why it is actually wrong: The woven chair is not specifically designed for music-related activities. It is simply placed near the guitar, and there is no visual evidence that it is associated with music.

Why statement 3 is grounded: The guitar is a musical instrument, and its presence in the image clearly indicates its association with music.
Therefore, the correct statement is 3.",false
93e6aa3edcc6e8059a49b04388a45bcaf2fb2e80ceb6524f67cee1e58f347f8b,1,,false
93e6aa3edcc6e8059a49b04388a45bcaf2fb2e80ceb6524f67cee1e58f347f8b,2,,true
83a55f22bc70e9c6288061058df13dbdca32774999228f859a8e169fd4ab389b,0,"Answer: 2

Why statement 1 might seem correct: The person is standing behind a table with dough and a pizza, which suggests they are involved in baking.
Why it is actually wrong: The person is wearing an apron and is standing in a kitchen environment, but there is no direct evidence that they are specifically preparing bread.

Why statement 3 might seem correct: The person is standing behind a table with food, which could suggest they are serving food.
Why it is actually wrong: The person is wearing an apron and is standing in a kitchen environment, but there is no direct evidence that they are specifically serving food.

Why statement 2 is grounded: The person is standing behind a table with a pizza, and the pizza is decorated with various toppings, indicating that they are involved in pizza preparation.
Why it is actually correct: The visual evidence directly supports the role of a chef specializing in pizza.",false
83a55f22bc70e9c6288061058df13dbdca32774999228f859a8e169fd4ab389b,1,,true
83a55f22bc70e9c6288061058df13dbdca32774999228f859a8e169fd4ab389b,2,,false
cd8994b2b0b1dc9b024ecdc009749e31ddfb1b974a600ded544be7ea9849e67b,0,"Answer: 1

Why statement 2 might seem correct: The presence of wine glasses and people holding them suggests an indoor setting, such as a restaurant.
Why it is actually wrong: The background is green and appears to be outdoors, not an indoor restaurant.

Why statement 3 might seem correct: The casual attire and outdoor setting might suggest a beach party.
Why it is actually wrong: The presence of wine glasses and the greenery in the background indicate a more formal or vineyard setting, not a beach party.

The chosen statement is grounded because the image shows people holding wine glasses and standing in a green outdoor setting, which is consistent with a vineyard during a wine tasting event.",true
cd8994b2b0b1dc9b024ecdc009749e31ddfb1b974a600ded544be7ea9849e67b,1,,false
cd8994b2b0b1dc9b024ecdc009749e31ddfb1b974a600ded544be7ea9849e67b,2,,false
5beaada4b9e022c72730f6aeb9a33f7e5d6afd0cce8011e2db2b3153f9d67734,0,"Answer: 1

Why statement 2 might seem correct: The men are dressed in uniforms and carrying rifles, which could suggest a military training exercise.
Why it is actually wrong: The men are marching in a formation with a ceremonial posture, not the typical posture of a training exercise. Additionally, the presence of a red carpet and the formal attire of the men suggest a ceremonial event rather than a training exercise.

Why statement 3 might seem correct: The men are marching in formation, which could suggest a casual group walk.
Why it is actually wrong: The men are dressed in uniforms and carrying rifles, which is not typical attire for a casual group walk. Additionally, the formation and the presence of a red carpet indicate a formal event, not a casual walk.

The chosen statement (1) is grounded because the men are dressed in uniforms, carrying rifles, and marching in a ceremonial formation, which is consistent with a ceremonial parade.",true
5beaada4b9e022c72730f6aeb9a33f7e5d6afd0cce8011e2db2b3153f9d67734,1,,false
5beaada4b9e022c72730f6aeb9a33f7e5d6afd0cce8011e2db2b3153f9d67734,2,,false
7df5d6956082f5e7672c5c54a7b815adf824f486a305af07bd171a6d04776dbb,0,"Answer: 2

Why statement 1 might seem correct: The presence of a coffee pot in the background suggests that coffee might be served alongside the food platter.
Why it is actually wrong: There is no visual evidence of coffee being served directly on the platter or in the immediate vicinity of the platter.

Why statement 3 might seem correct: The presence of a glass with a red liquid, which could be juice, suggests that juice might be served alongside the food platter.
Why it is actually wrong: There is no visual evidence of juice being served directly on the platter or in the immediate vicinity of the platter.

Why statement 2 is grounded: The glass with a red liquid, which is commonly associated with tea, is placed next to the food platter, indicating that tea is served alongside the food platter.
Why it is actually wrong: The other two statements are not supported by the visual evidence provided in the image.",false
7df5d6956082f5e7672c5c54a7b815adf824f486a305af07bd171a6d04776dbb,1,,true
7df5d6956082f5e7672c5c54a7b815adf824f486a305af07bd171a6d04776dbb,2,,false
04f860825d781c26f3dae77c035cf4b9541af09a52a743bffdc28a8aa0d3dee2,0,"Answer: 1

Why statement 2 might seem correct: A transparent straw in a drink might seem like it could be used to stir the drink, as straws are often used for this purpose.

Why it is actually wrong: The straw in the image is clearly inserted into the drink, which is a typical use for a straw. There is no visual evidence that the straw is being used to stir the drink.

Why statement 3 might seem correct: A transparent straw could also seem like it could be used to decorate the glass, as decorative elements are often added to enhance the presentation of a drink.

Why it is actually wrong: The straw is being used for its intended purpose, which is to drink the beverage, not to decorate the glass. There is no visual evidence that the straw is being used for decoration.

Why statement 1 is grounded: The transparent straw is clearly inserted into the green beverage, indicating that it is being used to drink the beverage. This is the most logical and visually supported interpretation.",true
04f860825d781c26f3dae77c035cf4b9541af09a52a743bffdc28a8aa0d3dee2,1,,false
04f860825d781c26f3dae77c035cf4b9541af09a52a743bffdc28a8aa0d3dee2,2,,false
fed2a1c6c45d118e71e9fcd338f92fdf13911b2ce9af4fc37bc288d4dd25e703,0,"Answer: 1

Why statement 2 might seem correct: Granite is a common material for sculptures due to its durability and the ability to hold detailed carvings. The color and texture of the stone in the image could be mistaken for granite.

Why it is actually wrong: The stone in the image has a distinctly lighter color and a more porous texture compared to granite, which is typically darker and more uniform in appearance.

Why statement 3 might seem correct: Marble is also a popular material for sculptures due to its fine grain and ability to hold intricate details. The smooth surface and light color of the stone in the image could be mistaken for marble.

Why it is actually wrong: The stone in the image has a rougher texture and more visible grain compared to marble, which is usually smoother and more uniform.

The chosen statement is grounded because the stone in the image has a light color and a rough texture that is characteristic of sandstone, making it the most likely material for the sculpture.",true
fed2a1c6c45d118e71e9fcd338f92fdf13911b2ce9af4fc37bc288d4dd25e703,1,,false
fed2a1c6c45d118e71e9fcd338f92fdf13911b2ce9af4fc37bc288d4dd25e703,2,,false
b8aa7648586501baef7b49e39ffa2136bdfb2dd588a9b9001f521bc57335bd95,0,"Answer: 1

Why statement 2 might seem correct: [best argument for it]
   - The image shows a large body of water, which could be a harbor or port where cargo ships might be present.

Why it is actually wrong: [specific visual evidence that contradicts it]
   - There are no large cargo ships visible in the image. Instead, the image prominently features yachts and smaller boats.

Why statement 3 might seem correct: [best argument for it]
   - The image shows a waterfront setting, which could be a location where fishing boats are present.

Why it is actually wrong: [specific visual evidence that contradicts it]
   - There are no fishing boats visible in the image. The boats present are primarily yachts and smaller recreational vessels.

Why statement 1 is grounded: [specific visual evidence that supports it]
   - The image clearly shows several yachts docked along the waterfront, which supports the statement that yachts are visible.",true
b8aa7648586501baef7b49e39ffa2136bdfb2dd588a9b9001f521bc57335bd95,1,,false
b8aa7648586501baef7b49e39ffa2136bdfb2dd588a9b9001f521bc57335bd95,2,,false
74a02d3faa094c4b3669ceb794c769440dc6cb792f78a4f5f5094e56ff6f6011,0,"Answer: 2

Why statement 1 might seem correct: The image shows a mountain valley, which could be mistaken for a desert setting.
Why it is actually wrong: The image clearly shows a sandy, dune-like landscape, which is characteristic of a desert, not a mountain valley.

Why statement 3 might seem correct: The image shows a performance, which could be mistaken for a bustling city square.
Why it is actually wrong: The image shows a serene desert landscape with no signs of a city square, such as buildings or crowds.

Why statement 2 is grounded: The image shows a sandy landscape with dunes and a clear sky, which is characteristic of a desert during sunset. The lighting and shadows also suggest that it is sunset.",false
74a02d3faa094c4b3669ceb794c769440dc6cb792f78a4f5f5094e56ff6f6011,1,,true
74a02d3faa094c4b3669ceb794c769440dc6cb792f78a4f5f5094e56ff6f6011,2,,false
c6834cf09ae71141d2e082f1723054b80d99f531cd96ff466f7ed393b2da02ff,0,"Answer: 2

Why statement 1 might seem correct: The ornate hats worn by the women in the image are elaborate and traditional, which could suggest they signify rank or status in the rodeo.
Why it is actually wrong: There is no visual evidence in the image that these hats specifically signify rank or status in the rodeo. The hats are part of traditional attire, but their primary purpose is not to signify rank or status.

Why statement 3 might seem correct: The hats are large and wide-brimmed, which could suggest they provide shade and protection from the sun.
Why it is actually wrong: The primary purpose of the hats in this context is to complement the traditional attire for Escaramuza, a form of female rodeo competition. The hats are not primarily for shade and protection.

Why statement 2 is grounded: The ornate hats worn by the women in the image are part of their traditional attire for Escaramuza, a form of female rodeo competition. The hats are ornate and complement the traditional attire, making statement 2 the correct answer.",false
c6834cf09ae71141d2e082f1723054b80d99f531cd96ff466f7ed393b2da02ff,1,,true
c6834cf09ae71141d2e082f1723054b80d99f531cd96ff466f7ed393b2da02ff,2,,false
f6c2d56429c296a16f62c53d84f47cd6896377090525842439f90795c3018b10,0,"Answer: 2

Why statement 1 might seem correct: The image appears to show people in formal attire, which might lead one to think they are wearing formal business suits.
Why it is actually wrong: The people in the image are wearing traditional layered clothing, not formal business suits. The clothing is distinctly different from what one would typically associate with formal business attire.

Why statement 3 might seem correct: The image shows people in what might appear to be modern casual attire, which could lead one to think they are wearing modern casual clothing.
Why it is actually wrong: The clothing in the image is traditional and not modern casual attire. The style and design of the clothing are clearly traditional, not modern.

Why statement 2 is grounded: The people in the image are indeed wearing traditional layered clothing, which is consistent with the visual evidence in the image.
Why statement 2 is actually correct: The clothing worn by the individuals in the image is clearly traditional and layered, which is a common style in many parts of the Arab world.",false
f6c2d56429c296a16f62c53d84f47cd6896377090525842439f90795c3018b10,1,,true
f6c2d56429c296a16f62c53d84f47cd6896377090525842439f90795c3018b10,2,,false
def867150d433d0b3fd73c919f2baa9f44fa9f67771359dabc8a275c715db681,0,"Answer: 2

Why statement 1 might seem correct: The centerpiece of the bracelet does have geometric patterns, such as the spiral designs and the structured layout of the beads.
Why it is actually wrong: The centerpiece of the bracelet is not decorated with geometric patterns but rather with a scenic painted design featuring a beach scene.

Why statement 3 might seem correct: The centerpiece of the bracelet does have elements that could be interpreted as floral, such as the swirls and the overall ornate design.
Why it is actually wrong: The centerpiece of the bracelet is decorated with a scenic painted design, not a floral design.

Why statement 2 is grounded: The centerpiece of the bracelet is decorated with a scenic painted design featuring a beach scene, which is clearly visible in the image.",false
def867150d433d0b3fd73c919f2baa9f44fa9f67771359dabc8a275c715db681,1,,true
def867150d433d0b3fd73c919f2baa9f44fa9f67771359dabc8a275c715db681,2,,false
673dfa465878dae79a5268ee4f55d412d7322a7d579713498cc1a2cdc30b18c8,0,"Answer: 1

Why statement 2 might seem correct: The label on the bottle has a yellow section, which might make one think that yellow is the primary color of the bottle.
Why it is actually wrong: The majority of the bottle's surface is blue, which is the primary color of the bottle.
Why statement 3 might seem correct: The cap of the bottle is black, which might make one think that black is the primary color of the bottle.
Why it is actually wrong: The body of the bottle is blue, which is the primary color of the bottle.
Why statement 1 is grounded: The majority of the bottle's surface is blue, which is the primary color of the bottle.",true
673dfa465878dae79a5268ee4f55d412d7322a7d579713498cc1a2cdc30b18c8,1,,false
673dfa465878dae79a5268ee4f55d412d7322a7d579713498cc1a2cdc30b18c8,2,,false
77522881923ca506d5bb616852ec5f72892befe30b4dd7f61ebc143604d2711e,0,"Answer: 2

Why statement 1 might seem correct: The person in the image is standing on the shore with mud all over their body, which could suggest they are building sandcastles.
Why it is actually wrong: There is no evidence of sandcastles being built, and the person is standing on the shore rather than actively engaged in building.

Why statement 3 might seem correct: The person is near the water, which could suggest they are swimming.
Why it is actually wrong: The person is standing on the shore, not in the water, and there is no indication that they have been swimming.

Why statement 2 is grounded: The person is covered in mud from head to toe, which is commonly used in therapeutic mud treatments.
Why it is actually correct: The mud application is consistent with therapeutic mud treatments, which are often done in such settings.",false
77522881923ca506d5bb616852ec5f72892befe30b4dd7f61ebc143604d2711e,1,,true
77522881923ca506d5bb616852ec5f72892befe30b4dd7f61ebc143604d2711e,2,,false
5e298622d652b407750ecbef4096901a10353915b52dd70330519cb5ca1bb8ae,0,"Answer: 1

Why statement 2 might seem correct: The sneakers have a design that could be associated with Puma, which is known for its distinctive shoe designs.

Why it is actually wrong: The sneakers have the iconic Nike swoosh logo, which is a clear indicator of the brand Nike.

Why statement 3 might seem correct: The sneakers have a design that could be associated with Adidas, which is known for its distinctive shoe designs.

Why it is actually wrong: The sneakers have the iconic Nike swoosh logo, which is a clear indicator of the brand Nike.

The chosen statement is grounded because the Nike swoosh logo is clearly visible on the sneakers, confirming their association with Nike.",true
5e298622d652b407750ecbef4096901a10353915b52dd70330519cb5ca1bb8ae,1,,false
5e298622d652b407750ecbef4096901a10353915b52dd70330519cb5ca1bb8ae,2,,false
55c4e8729d9c87c62f0598d6fa005170cc0eb1d696b84f114e81b3921bf37edb,0,"Answer: 2

Why statement 1 might seem correct: The ruins have a grand and ancient appearance, which could lead one to associate them with the Egyptian civilization known for its monumental architecture.

Why it is actually wrong: There are no clear visual indicators such as hieroglyphs, obelisks, or specific architectural styles that are distinctly Egyptian. The ruins have a more open and less enclosed structure, which is not typical of Egyptian architecture.

Why statement 3 might seem correct: The ruins have a large, open space that could be associated with Roman amphitheaters or public forums.

Why it is actually wrong: The ruins lack the distinctive features of Roman architecture, such as arches, columns with intricate capitals, or the presence of a central forum or basilica.

Why statement 2 is grounded: The ruins have a large, open space with a series of columns and a central area, which is characteristic of Greek architecture, particularly those found in ancient Greek theaters or public spaces.

The specific visual evidence that contradicts the other statements includes the lack of hieroglyphs or obelisks that would indicate Egyptian origins, and the absence of arches or columns with Roman architectural details. The open space and the arrangement of columns are more consistent with Greek architectural styles.",false
55c4e8729d9c87c62f0598d6fa005170cc0eb1d696b84f114e81b3921bf37edb,1,,true
55c4e8729d9c87c62f0598d6fa005170cc0eb1d696b84f114e81b3921bf37edb,2,,false
cd2c058ec1815055d59b3ddebae4c07b7c5169d8a06b5bc287150f1c05f6080f,0,"Answer: 1

Why statement 2 might seem correct: Hot chocolate is a popular beverage in many cultures, and the image shows a teapot which could be used to prepare it.
Why it is actually wrong: The teapot in the image is specifically designed for brewing tea, not hot chocolate. There is no evidence of hot chocolate preparation materials or ingredients in the image.

Why statement 3 might seem correct: Coffee is another popular beverage, and the teapot could be used to prepare it.
Why it is actually wrong: The teapot in the image is specifically designed for brewing tea, not coffee. There is no evidence of coffee preparation materials or ingredients in the image.

Why statement 1 is grounded: The teapot in the image is designed for brewing tea, and the presence of a cup suggests that tea is being prepared or served.",true
cd2c058ec1815055d59b3ddebae4c07b7c5169d8a06b5bc287150f1c05f6080f,1,,false
cd2c058ec1815055d59b3ddebae4c07b7c5169d8a06b5bc287150f1c05f6080f,2,,false
8ac88f867da5c1af690650e25dc54c89e3a7f47c7dd5407e15fbc350d854931f,0,"Answer: 1

Why statement 2 might seem correct: [best argument for it]
   - The presence of camels and the desert setting might suggest a connection to a competitive sport.

Why it is actually wrong: [specific visual evidence that contradicts it]
   - The image shows a man riding a camel near the Great Pyramid of Giza, which is a popular tourist attraction. There is no evidence of any competitive sport taking place.

Why statement 3 might seem correct: [best argument for it]
   - The desert setting and the use of camels for transportation are common in the region.

Why it is actually wrong: [specific visual evidence that contradicts it]
   - The image depicts a recreational activity rather than transportation. The man is dressed casually and appears to be enjoying the ride, not engaged in any form of transportation.",true
8ac88f867da5c1af690650e25dc54c89e3a7f47c7dd5407e15fbc350d854931f,1,,false
8ac88f867da5c1af690650e25dc54c89e3a7f47c7dd5407e15fbc350d854931f,2,,false
51db67baa3f887858c4d93f9648cfca7291fac298834e83cc7ae0f14ec0347fb,0,"Answer: 1

Why statement 2 might seem correct: The buildings have a distinctive architectural style that could be associated with historical monuments.
Why it is actually wrong: There is no clear indication that these buildings are part of a historical monument; they appear to be residential and are situated in a market area.

Why statement 3 might seem correct: The buildings are located in a market area, which might suggest commercial use.
Why it is actually wrong: The buildings have residential features such as balconies and windows, indicating they are used for living purposes.

The residential buildings in the background serve as residential housing.",true
51db67baa3f887858c4d93f9648cfca7291fac298834e83cc7ae0f14ec0347fb,1,,false
51db67baa3f887858c4d93f9648cfca7291fac298834e83cc7ae0f14ec0347fb,2,,false
a22f09f5772f40f1d1affd022bf16272c0fb18b7e7756b9098f0ed98c1dc6506,0,"Answer: 2

Why statement 1 might seem correct: The scoops are placed in a visually appealing manner, which could suggest they are there for decoration.

Why it is actually wrong: The scoops are placed next to containers of grains and legumes, indicating they are used for serving these items.

Why statement 3 might seem correct: The scoops are near a table with food, which could imply they are used for stirring food in pots.

Why it is actually wrong: The scoops are not near any pots or cooking equipment, and their placement suggests they are used for serving rather than stirring.

Why statement 2 is grounded: The scoops are placed next to containers of grains and legumes, indicating they are used for serving these items.",false
a22f09f5772f40f1d1affd022bf16272c0fb18b7e7756b9098f0ed98c1dc6506,1,,true
a22f09f5772f40f1d1affd022bf16272c0fb18b7e7756b9098f0ed98c1dc6506,2,,false
582093f0f94477bec7f02c1be0361d3ef6d0beef930230f223dc2798d64e5406,0,"Answer: 2

Why statement 1 might seem correct: The keffiyeh in the image is laid out flat, which could suggest it is being used as a tablecloth.
Why it is actually wrong: The keffiyeh is traditionally worn on the head and neck, not used as a tablecloth.

Why statement 3 might seem correct: The keffiyeh is often associated with cultural and national identity, which could lead one to think it might be used as a ceremonial flag.
Why it is actually wrong: The keffiyeh is primarily worn as a headscarf and is not typically used as a flag.

Why statement 2 is grounded: The keffiyeh is designed to provide warmth and protection from the elements, which is evident from its thick fabric and the way it is worn to cover the head and neck.
Why it is actually wrong: The keffiyeh is not primarily used as a decorative tablecloth or a ceremonial flag, which are not its traditional uses.",false
582093f0f94477bec7f02c1be0361d3ef6d0beef930230f223dc2798d64e5406,1,,true
582093f0f94477bec7f02c1be0361d3ef6d0beef930230f223dc2798d64e5406,2,,false
a4c299814f4f128d99816a1f9c4d667bd814aef6e46c3937859dc43405b4a65c,0,"Answer: 2

Why statement 1 might seem correct: The presence of a person carrying a wooden structure on their back could suggest that they are involved in building activities.
Why it is actually wrong: The image clearly shows livestock being herded, not the construction of a wooden structure. The person is leading a group of animals, not carrying a structure.

Why statement 3 might seem correct: The rural setting and the person's attire could suggest that they are engaged in hunting activities.
Why it is actually wrong: There is no evidence of hunting equipment or activity in the image. The person is leading livestock, not hunting.

Why statement 2 is grounded: The person is leading a group of livestock, which is the primary activity depicted in the image.
Why it is actually correct: The visual evidence clearly shows the person guiding a herd of animals, which is consistent with herding activities.",false
a4c299814f4f128d99816a1f9c4d667bd814aef6e46c3937859dc43405b4a65c,1,,true
a4c299814f4f128d99816a1f9c4d667bd814aef6e46c3937859dc43405b4a65c,2,,false
33ccafc0abe3388c52f4395435ff6e1427c8a79663863cfecc3d0a62dade7e62,0,"Answer: 2

Why statement 1 might seem correct: The image shows a large mosque and a structure that resembles the Kaaba, which is located in Medina.
Why it is actually wrong: The Kaaba is not visible in the image, and the mosque shown is not the Grand Mosque of Medina.

Why statement 3 might seem correct: The image shows a large mosque and a structure that resembles the Kaaba, which is located in Riyadh.
Why it is actually wrong: The Kaaba is not visible in the image, and the mosque shown is not the Grand Mosque of Riyadh.

Why statement 2 is grounded: The image shows a large mosque and a structure that resembles the Kaaba, which is located in Mecca.
The Grand Mosque of Mecca is the largest mosque in the world and is located in Mecca, which is consistent with the image. The Kaaba is also visible in the image, further confirming that this is Mecca.",false
33ccafc0abe3388c52f4395435ff6e1427c8a79663863cfecc3d0a62dade7e62,1,,true
33ccafc0abe3388c52f4395435ff6e1427c8a79663863cfecc3d0a62dade7e62,2,,false
14b3d4fd73a1a2bba6652df81f705185e394b09a36e7f5d85f90d1214775df44,0,"Answer: 1

Why statement 2 might seem correct: [best argument for it]
   - The image shows a group of people in athletic attire, which could be associated with soccer.

Why it is actually wrong: [specific visual evidence that contradicts it]
   - The attire and the setting clearly indicate a basketball game, with players wearing basketball uniforms and on a basketball court.

Why statement 3 might seem correct: [best argument for it]
   - The presence of a crowd and the attire of the individuals could be associated with a tennis tournament.

Why it is actually wrong: [specific visual evidence that contradicts it]
   - The image shows a basketball court and players in basketball uniforms, which is specific to basketball, not tennis.",true
14b3d4fd73a1a2bba6652df81f705185e394b09a36e7f5d85f90d1214775df44,1,,false
14b3d4fd73a1a2bba6652df81f705185e394b09a36e7f5d85f90d1214775df44,2,,false
2b59a2c6d3de327c5ca63ed2fcf91fd31bf7b204de5e64779b739cc1e087baa7,0,"Answer: 2

Why statement 1 might seem correct: The image shows a settlement near a body of water, which could suggest a lush, forested region with rivers and lakes.
Why it is actually wrong: The environment appears to be dry and arid, with no visible forests, rivers, or lakes.

Why statement 3 might seem correct: The image shows a flat plain with what looks like agricultural fields.
Why it is actually wrong: The area is mostly barren and does not show extensive agricultural fields.

Why statement 2 is grounded: The environment surrounding the settlement is indeed a dry, mountainous area adjacent to the sea, as evidenced by the arid landscape and the presence of the sea in the image.",false
2b59a2c6d3de327c5ca63ed2fcf91fd31bf7b204de5e64779b739cc1e087baa7,1,,true
2b59a2c6d3de327c5ca63ed2fcf91fd31bf7b204de5e64779b739cc1e087baa7,2,,false
28a7522db63a0638f404221118e6b58d1f7235ea7ef88da120a7b6c125b67a2d,0,"Answer: 1

Why statement 2 might seem correct: The beanie appears to be black in the image.
Why it is actually wrong: The beanie is clearly light green, as indicated by the color of the fabric.

Why statement 3 might seem correct: The beanie appears to be gray in the image.
Why it is actually wrong: The beanie is light green, not gray, as indicated by the color of the fabric.

The chosen statement (1) is grounded because the beanie is indeed light green, which is visually evident in the image.",true
28a7522db63a0638f404221118e6b58d1f7235ea7ef88da120a7b6c125b67a2d,1,,false
28a7522db63a0638f404221118e6b58d1f7235ea7ef88da120a7b6c125b67a2d,2,,false
19f9b36ef76b47c74764bd32d4c7c9cab75cc4237d333651f167235f2d5f31f3,0,"Answer: 2

Why statement 1 might seem correct: Lemons are not the most prominent fruit in the bowl, and they are partially obscured by other fruits.
Why it is actually wrong: Lemons are visible in the bowl, as seen in the image.

Why statement 2 might seem correct: Apples are not present in the bowl, and there are no visible apples in the image.
Why it is actually wrong: Apples are not visible in the bowl, as there are no apples present in the image.

Why statement 3 might seem correct: Limes are not the most prominent fruit in the bowl, and they are partially obscured by other fruits.
Why it is actually wrong: Limes are visible in the bowl, as seen in the image.",false
19f9b36ef76b47c74764bd32d4c7c9cab75cc4237d333651f167235f2d5f31f3,1,,true
19f9b36ef76b47c74764bd32d4c7c9cab75cc4237d333651f167235f2d5f31f3,2,,false
7bd6aff6eb87d55c78b65f34d8ad213b685a45d4713cd7c94482bb06cce2530b,0,"Answer: 1

Why statement 2 might seem correct: The translucent blue sole of the sneaker appears to be made of a material that is not solid, which could lead one to think it is made of plastic.
Why it is actually wrong: The material looks more like rubber due to its flexibility and the way it bends with the sole of the sneaker.

Why statement 3 might seem correct: The translucent blue sole of the sneaker looks soft and spongy, which could lead one to think it is made of foam.
Why it is actually wrong: The material does not have the typical appearance of foam, which is usually softer and less structured.

Why statement 1 is grounded: The translucent blue sole of the sneaker has a texture and appearance that is consistent with rubber, which is commonly used in sneaker soles for its durability and flexibility.",true
7bd6aff6eb87d55c78b65f34d8ad213b685a45d4713cd7c94482bb06cce2530b,1,,false
7bd6aff6eb87d55c78b65f34d8ad213b685a45d4713cd7c94482bb06cce2530b,2,,false
5f9aa8d0b1eca017e442a4f3b673e18d2fc46b58978069d72aaa7f06ecda91ef,0,"Answer: 3

Why statement 1 might seem correct: The dense greenery without any visible structures could suggest a natural, undisturbed area, which is often associated with relaxation or tourism.
Why it is actually wrong: There are visible structures, such as small huts and pathways, indicating human activity and development.

Why statement 2 might seem correct: The rocky cliffs at the edge of the image could suggest a scenic and picturesque area, which is often associated with relaxation or tourism.
Why it is actually wrong: The rocky cliffs are not the primary focus of the image and do not strongly suggest a specific use for the area.

Why statement 3 is grounded: The presence of small huts and pathways among the palm trees indicates human habitation and development, which is commonly associated with areas used for relaxation or tourism.
The small huts and pathways suggest that the area is managed and maintained for visitors, supporting the idea of tourism or relaxation.",false
5f9aa8d0b1eca017e442a4f3b673e18d2fc46b58978069d72aaa7f06ecda91ef,1,,false
5f9aa8d0b1eca017e442a4f3b673e18d2fc46b58978069d72aaa7f06ecda91ef,2,,true
cc5af2500a4d696a723140f309e49fc390a32c2c2c47f1bd05426d0fef3912ec,0,"Answer: 3

Why statement 1 might seem correct: The dessert appears to be a frozen treat, which is a common characteristic of gelato.
Why it is actually wrong: The dessert is presented in a cup with a cone, which is not typical for gelato, which is usually served in a waffle cone or a cup.

Why statement 2 might seem correct: The dessert is in a cup, which is a common presentation for cupcakes.
Why it is actually wrong: The dessert is a frozen treat, not a baked good like a cupcake.

Why statement 3 is grounded: The dessert is a frozen treat, and the cup and cone presentation is consistent with rolled ice cream, which is often served in a cup.
Why it is actually correct: The visual evidence shows a frozen dessert in a cup, which is characteristic of rolled ice cream.",false
cc5af2500a4d696a723140f309e49fc390a32c2c2c47f1bd05426d0fef3912ec,1,,false
cc5af2500a4d696a723140f309e49fc390a32c2c2c47f1bd05426d0fef3912ec,2,,true
50e78cf4533828454e89dbedff2c5f643f9b9b075fadd0173921b56e88acb5a8,0,"Answer: 2

Why statement 1 might seem correct: The building does have a flat roof, which could be mistaken for a thatched roof.
Why it is actually wrong: There are no visible thatched roofs or materials that suggest a thatched roof in the image.

Why statement 3 might seem correct: The building has a modern design, which could be mistaken for traditional wooden elements.
Why it is actually wrong: There are no visible wooden elements or traditional design features in the image.

Why statement 2 is grounded: The building prominently features large glass windows, which are a key design element.
Why it is actually correct: The image clearly shows large glass windows on multiple floors of the building, making this statement true.",false
50e78cf4533828454e89dbedff2c5f643f9b9b075fadd0173921b56e88acb5a8,1,,true
50e78cf4533828454e89dbedff2c5f643f9b9b075fadd0173921b56e88acb5a8,2,,false
b22d0e4bb5f4c10b272e107acae12a4ae96e4bf14affc3237122d85a636dc050,0,"Answer: 1

Why statement 2 might seem correct: The illuminated projections on the building's facade appear to be displaying artistic visuals and cultural themes, which might suggest that their purpose is to showcase such content.

Why it is actually wrong: The visual evidence shows that the projections are displaying construction updates, as indicated by the visible text and images related to construction activities.

Why statement 3 might seem correct: The illuminated projections could be interpreted as advertisements for nearby businesses, especially if the building is in a commercial area.

Why it is actually wrong: The specific visual evidence shows that the projections are focused on construction updates, not advertisements for businesses.

Why statement 1 is grounded: The illuminated projections on the building's facade clearly display construction-related information, such as images and text, which indicates that their primary purpose is to provide construction updates.",true
b22d0e4bb5f4c10b272e107acae12a4ae96e4bf14affc3237122d85a636dc050,1,,false
b22d0e4bb5f4c10b272e107acae12a4ae96e4bf14affc3237122d85a636dc050,2,,false
f79461e2333403b90cea6456cbebe63b9a3748593ddee089e7cac3040d9c1cdd,0,"Answer: 1

Why statement 2 might seem correct: Curry powder is a spice blend that includes turmeric and can give a yellow color to dishes. It might seem like a plausible alternative to turmeric for the yellow color of the desserts.

Why it is actually wrong: The desserts in the image have a uniform yellow color, which is characteristic of turmeric. Curry powder, while it contains turmeric, also includes other spices that would likely give the desserts a different color and texture. The desserts do not have the varied spices or complexities that curry powder would introduce.

Why statement 1 is grounded: Turmeric is known for its bright yellow color and is commonly used in desserts and other dishes in the Arab world. The desserts in the image have a consistent yellow hue, which is typical of turmeric-based desserts.

Why statement 3 might seem correct: Saffron is another spice that can create a yellow color and is often used in desserts. It might seem like a plausible alternative to turmeric.

Why it is actually wrong: Saffron is more expensive and typically used in smaller quantities compared to turmeric. The desserts in the image have a uniform yellow color that is more consistent with turmeric, which is more commonly used in larger quantities for desserts. Additionally, saffron often has a distinct aroma and flavor profile that is not immediately apparent in the desserts shown in the image.",true
f79461e2333403b90cea6456cbebe63b9a3748593ddee089e7cac3040d9c1cdd,1,,false
f79461e2333403b90cea6456cbebe63b9a3748593ddee089e7cac3040d9c1cdd,2,,false
80b84869fdb412d166c7474c2e9739eddf0d8354046dc8c866daf487416dda62,0,"Answer: 3

Why statement 1 might seem correct: The coffee machine appears to be compact and designed for portability, as it is mounted on a wall and has a sleek, modern design.

Why it is actually wrong: The image does not provide any specific evidence that the coffee machine is designed for portability. It only shows the machine mounted on a wall, which does not necessarily imply portability.

Why statement 2 might seem correct: The digital display on the coffee machine shows options for ""Kaffee"" and ""Latte macchiato,"" which could suggest that it can brew tea.

Why it is actually wrong: The digital display does not explicitly mention tea brewing. It only shows options for coffee and a latte macchiato, which are not directly related to tea brewing.

Why statement 3 is grounded: The coffee machine has a metallic finish and a digital display, which are clearly visible in the image. The metallic finish is evident from the shiny, reflective surface of the machine, and the digital display is clearly shown on the top of the machine.

Confirming why statement 3 is grounded: The image clearly shows the metallic finish and digital display of the coffee machine, making statement 3 the correct and grounded statement.",false
80b84869fdb412d166c7474c2e9739eddf0d8354046dc8c866daf487416dda62,1,,false
80b84869fdb412d166c7474c2e9739eddf0d8354046dc8c866daf487416dda62,2,,true
c6c3eb979d422540e033a3b45bb65494e255e453f73da45d3b4decb293954266,0,"Answer: 2

Why statement 1 might seem correct: The towers have a distinctive design that is often associated with Saudi Arabia, particularly the Riyal currency symbol on the top of the towers.
Why it is actually wrong: The towers are not located in Saudi Arabia; they are in the United Arab Emirates.

Why statement 3 might seem correct: The towers have a modern and unique design that could be associated with Kuwait.
Why it is actually wrong: The towers are not located in Kuwait; they are in the United Arab Emirates.

The illuminated towers belong to the United Arab Emirates because they are the Burj Khalifa and Burj Al Arab, which are iconic landmarks in Dubai, UAE. The Burj Khalifa is the tallest building in the world, and the Burj Al Arab is a luxury hotel known for its distinctive sail-like structure.",false
c6c3eb979d422540e033a3b45bb65494e255e453f73da45d3b4decb293954266,1,,true
c6c3eb979d422540e033a3b45bb65494e255e453f73da45d3b4decb293954266,2,,false
d14e0c97e4b901dc492d67c879a1b7c282f6e4e4975fc0930863020936ee9865,0,"Answer: 1

Why statement 2 might seem correct: The presence of a stage and a screen displaying text suggests a formal event, which could be a business conference.
Why it is actually wrong: The text on the screen and the attire of the individual suggest a religious context, not a business setting.

Why statement 3 might seem correct: The stage and the formal setting could also imply a cultural performance.
Why it is actually wrong: The text on the screen and the attire of the individual suggest a religious context, not a cultural performance.

The chosen statement is grounded because the text on the screen and the attire of the individual clearly indicate a religious award ceremony.",true
d14e0c97e4b901dc492d67c879a1b7c282f6e4e4975fc0930863020936ee9865,1,,false
d14e0c97e4b901dc492d67c879a1b7c282f6e4e4975fc0930863020936ee9865,2,,false
8371f5bce8a5588462e0d3f36227c023461211875bcfec68b2983a215a9b28c7,0,"Answer: 1

Why statement 2 might seem correct: The background of the image is plain white, which might make one think that the plates are plain white as well.
Why it is actually wrong: The plates have speckled designs in various colors, not plain white surfaces.
Why statement 3 might seem correct: The plates do have some patterns, which might make one think they are engraved.
Why it is actually wrong: The plates have speckled designs, not engraved patterns.

The chosen statement is grounded because the primary visual feature of the ceramic plates in the image is indeed speckled designs in various colors.",true
8371f5bce8a5588462e0d3f36227c023461211875bcfec68b2983a215a9b28c7,1,,false
8371f5bce8a5588462e0d3f36227c023461211875bcfec68b2983a215a9b28c7,2,,false
e565e4996286a9db0f9b0f79e25c953c89891d588000874c1cdc59b5dec83a41,0,"Answer: 2

Why statement 1 might seem correct: The buildings have a traditional look, and brickwork and arches are common in traditional architecture.
Why it is actually wrong: The buildings are not made of brick and do not have arches; they have a modern, geometric design with hexagonal shapes.

Why statement 3 might seem correct: Glass curtain walls are often associated with modern architecture.
Why it is actually wrong: The buildings do not have smooth glass curtain walls; they have a geometric pattern with hexagonal shapes.

Why statement 2 is grounded: The buildings have a prominent geometric pattern with hexagonal shapes, which is clearly visible in the image.
Why it is actually wrong: The other two statements are incorrect because the buildings do not have traditional brickwork and arches, nor do they have smooth glass curtain walls.",false
e565e4996286a9db0f9b0f79e25c953c89891d588000874c1cdc59b5dec83a41,1,,true
e565e4996286a9db0f9b0f79e25c953c89891d588000874c1cdc59b5dec83a41,2,,false
6e481b17a77fe6cbdeb81b935c1175e30fc4e33fb0b66df85d7105db751d38d2,0,"Answer: 3

Why statement 1 might seem correct: The presence of people and the festive atmosphere might suggest that dining at restaurants is a common activity in this setting.
Why it is actually wrong: There is no visible evidence of restaurants or dining activities in the image. People are walking and carrying bags, which suggests shopping and walking.

Why statement 2 might seem correct: The festive decorations and the crowd might suggest that a live performance is taking place.
Why it is actually wrong: There is no visible evidence of a stage or performance area in the image. People are walking and carrying bags, which suggests shopping and walking.

Why statement 3 is grounded: The image shows people walking and carrying shopping bags, indicating that shopping and walking are the primary activities taking place in this setting. The festive decorations and the crowd further support this interpretation.",false
6e481b17a77fe6cbdeb81b935c1175e30fc4e33fb0b66df85d7105db751d38d2,1,,false
6e481b17a77fe6cbdeb81b935c1175e30fc4e33fb0b66df85d7105db751d38d2,2,,true
9996ce05358ad8f6d0fc539144490f3daeb0bbbc2e01b7b550ab322af0fe41bd,0,"Answer: 2

Why statement 1 might seem correct: The volume of the beverage can shown in the image is 500 mL.
Why it is actually wrong: The label on the can clearly states ""250 mL,"" which contradicts the volume of 500 mL.

Why statement 3 might seem correct: The volume of the beverage can shown in the image is 330 mL.
Why it is actually wrong: The label on the can clearly states ""250 mL,"" which contradicts the volume of 330 mL.

Why statement 2 is grounded: The label on the can clearly states ""250 mL,"" which matches the volume stated in the image.

Confirm why statement 2 is grounded: The label on the can clearly states ""250 mL,"" which matches the volume stated in the image.",false
9996ce05358ad8f6d0fc539144490f3daeb0bbbc2e01b7b550ab322af0fe41bd,1,,true
9996ce05358ad8f6d0fc539144490f3daeb0bbbc2e01b7b550ab322af0fe41bd,2,,false
32baae2728fdb72971f415cddfa8964ad8118a2ba339b289545558a2038c2776,0,"Answer: 3

Why statement 1 might seem correct: The ceramic mug and the setting might suggest a Western-style beverage like hot chocolate.
Why it is actually wrong: The image shows a metal pot and a tray with small cups, which are typical for serving traditional Arabic coffee.

Why statement 2 might seem correct: The green color of the beverage and the use of a glass teapot might suggest green tea with mint.
Why it is actually wrong: The image shows a metal pot and a tray with small cups, which are typical for serving traditional Arabic coffee.

Why statement 3 is grounded: The metal pot and the tray with small cups are indicative of traditional Arabic coffee, which is typically served in such a manner.
The setting and the attire of the person pouring the coffee also suggest a Middle Eastern context, further supporting this statement.",false
32baae2728fdb72971f415cddfa8964ad8118a2ba339b289545558a2038c2776,1,,false
32baae2728fdb72971f415cddfa8964ad8118a2ba339b289545558a2038c2776,2,,true
84a00e447d1254e83d803570fbafddb33867eeab9d9f48d3788811e7420a254b,0,"Answer: 3

Why statement 1 might seem correct: The bar has a sophisticated and inviting atmosphere, which is typical for places that serve tea and coffee.
Why it is actually wrong: There is no visible evidence of tea or coffee being served, such as a teapot or coffee machine.

Why statement 2 might seem correct: The bar appears to be a place where people might gather for drinks, which often includes soft drinks and juices.
Why it is actually wrong: There is no visible evidence of soft drinks or juices being served, such as a soda fountain or juice dispenser.

Why statement 3 is grounded: The presence of a well-stocked bar with various bottles suggests that alcoholic beverages are served.
Why it is actually correct: The bar counter is filled with an assortment of bottles, indicating that alcoholic drinks are available.",false
84a00e447d1254e83d803570fbafddb33867eeab9d9f48d3788811e7420a254b,1,,false
84a00e447d1254e83d803570fbafddb33867eeab9d9f48d3788811e7420a254b,2,,true
e13946f305ed6bd37531d28fc586bfa1f3b27eed7e55ad4749e950701d31be26,0,"Answer: 3

Why statement 1 might seem correct: The buildings have a traditional look, and stone structures are often associated with traditional architecture.
Why it is actually wrong: The buildings are clearly modern skyscrapers made of glass and steel, not traditional stone structures.

Why statement 2 might seem correct: Wooden rural houses are often associated with traditional architecture, and the buildings appear to be traditional.
Why it is actually wrong: The buildings are modern skyscrapers made of glass and steel, not wooden rural houses.

Why statement 3 is grounded: The buildings are modern glass skyscrapers with a sleek, contemporary design, featuring large glass windows and steel structures.
Why it is actually correct: The visual evidence clearly shows modern glass skyscrapers, which are the primary architectural design in the image.",false
e13946f305ed6bd37531d28fc586bfa1f3b27eed7e55ad4749e950701d31be26,1,,false
e13946f305ed6bd37531d28fc586bfa1f3b27eed7e55ad4749e950701d31be26,2,,true
8388fe21f407730d8d71cffa13b1f5035ca8c01c42ff52905cba44d3e97eee3d,0,"Answer: 2

Why statement 1 might seem correct: The teapot has a shiny surface, which could suggest it is made of metal.
Why it is actually wrong: The teapot has a matte finish and a handle that appears to be molded, which are characteristics of ceramic.

Why statement 3 might seem correct: The teapot has a clear, translucent appearance, which could suggest it is made of glass.
Why it is actually wrong: The teapot has a solid, opaque body and a handle that appears to be molded, which are characteristics of ceramic.

Why statement 2 is grounded: The teapot has a matte finish and a handle that appears to be molded, which are characteristics of ceramic.",false
8388fe21f407730d8d71cffa13b1f5035ca8c01c42ff52905cba44d3e97eee3d,1,,true
8388fe21f407730d8d71cffa13b1f5035ca8c01c42ff52905cba44d3e97eee3d,2,,false
b1eb98cbc3c4cbdf10d95d84b6dfb7112532ed9af4eee7c24e27075e71f71e0b,0,"Answer: 3

Why statement 1 might seem correct: The teapots in the image are ornate and appear to be decorative, which might lead one to believe they have no cultural ties.
Why it is actually wrong: The teapots are clearly part of a traditional setting, and their design and arrangement suggest they are used in a cultural context, likely related to Middle Eastern tea ceremonies.

Why statement 2 might seem correct: The teapots are modern and shiny, which might make one think they are modern kitchen appliances.
Why it is actually wrong: The teapots are displayed in a traditional setting, and their design is more indicative of cultural artifacts than modern kitchen appliances.

Why statement 3 is grounded: The teapots are displayed in a traditional setting, and their design and arrangement suggest they are used in Middle Eastern tea ceremonies.
Why it is actually correct: The teapots are ornate and traditional, fitting the cultural context of Middle Eastern tea ceremonies.",false
b1eb98cbc3c4cbdf10d95d84b6dfb7112532ed9af4eee7c24e27075e71f71e0b,1,,false
b1eb98cbc3c4cbdf10d95d84b6dfb7112532ed9af4eee7c24e27075e71f71e0b,2,,true
314d2cfb8e86eeee025acb4694606760a177dc483ceb64d3916b5b7e8352ef74,0,"Answer: 2

Why statement 1 might seem correct: The liquid inside the bottles appears to be clear, which could make it seem like the primary color is transparent.
Why it is actually wrong: The liquid inside the bottles is not transparent; it has a brown color, which is clearly visible through the bottle.

Why statement 3 might seem correct: The brown color of the liquid might make it seem like there could be a green tint to it.
Why it is actually wrong: The liquid inside the bottles is brown, not green. There is no visual evidence of green in the liquid.

Why statement 2 is grounded: The primary color of the liquid inside the bottles is indeed brown, as evidenced by the visible color through the bottle.",false
314d2cfb8e86eeee025acb4694606760a177dc483ceb64d3916b5b7e8352ef74,1,,true
314d2cfb8e86eeee025acb4694606760a177dc483ceb64d3916b5b7e8352ef74,2,,false
7c4bcf6b99ecee105992796dfb2836645890cb12f892193edf4a5c79561167b0,0,"Answer: 1

Why statement 2 might seem correct: The badge on the right individual's suit jacket has a red cross, which is commonly associated with the World Health Organization (WHO).

Why it is actually wrong: The badge on the right individual's suit jacket has a red cross with a white background, which is the emblem of the International Committee of the Red Cross (ICRC), not the World Health Organization (WHO).

Why statement 3 might seem correct: The badge on the right individual's suit jacket has a red cross, which is also associated with the United Nations (UN).

Why it is actually wrong: The badge on the right individual's suit jacket has a red cross with a white background, which is the emblem of the International Committee of the Red Cross (ICRC), not the United Nations (UN).

The chosen statement is grounded because the badge on the right individual's suit jacket clearly shows the emblem of the International Committee of the Red Cross (ICRC).",true
7c4bcf6b99ecee105992796dfb2836645890cb12f892193edf4a5c79561167b0,1,,false
7c4bcf6b99ecee105992796dfb2836645890cb12f892193edf4a5c79561167b0,2,,false
48de441dc39acda5e929126aa0ce321aed218f457ee61015aaf60116086194cf,0,"Answer: 2

Why statement 1 might seem correct: The earring does have a butterfly-like shape on the back.
Why it is actually wrong: The earring does not have a butterfly shape; it is heart-shaped.

Why statement 3 might seem correct: The earring does have a circular shape.
Why it is actually wrong: The earring is not circular; it is heart-shaped.

Why statement 2 is grounded: The earring has a distinct heart shape on the back, which matches the description in the statement.",false
48de441dc39acda5e929126aa0ce321aed218f457ee61015aaf60116086194cf,1,,true
48de441dc39acda5e929126aa0ce321aed218f457ee61015aaf60116086194cf,2,,false
37a2f143bf7cb727f93f2ce991e7d634eef3a9b06c2a837e5317fcc0bb84eeb3,0,"Answer: 2

Why statement 1 might seem correct: The bracelet appears shiny and metallic, which could lead one to believe it is made of gold.
Why it is actually wrong: The bracelet has a distinct color and texture that is more consistent with silver than gold.

Why statement 3 might seem correct: The bracelet looks like it could be made of plastic due to its appearance and color.
Why it is actually wrong: The bracelet has a metallic sheen and structure that is more characteristic of silver than plastic.

Why statement 2 is grounded: The bracelet has a metallic sheen and structure that is consistent with silver, and the color appears to match the typical color of silver jewelry.",false
37a2f143bf7cb727f93f2ce991e7d634eef3a9b06c2a837e5317fcc0bb84eeb3,1,,true
37a2f143bf7cb727f93f2ce991e7d634eef3a9b06c2a837e5317fcc0bb84eeb3,2,,false
e50997375c2d79e82bb7156c29c6f881099c69dad750b14bfee79df2fb391d70,0,"Answer: 1

Why statement 2 might seem correct: [best argument for it]
   - The presence of people in the mall could suggest that they are attending a musical concert, especially if there are large crowds or specific setups for an event.

Why it is actually wrong: [specific visual evidence that contradicts it]
   - There is no visible stage, musical equipment, or any signs indicating a concert. The mall appears to be a typical shopping center with stores and people walking around.

Why statement 3 might seem correct: [best argument for it]
   - The presence of people and the layout of the mall could suggest that they are visiting a historical museum.

Why it is actually wrong: [specific visual evidence that contradicts it]
   - There are no exhibits, informational displays, or any signs indicating a museum. The mall is filled with retail stores and typical shopping mall features.

Why statement 1 is grounded: [specific visual evidence that supports it]
   - The image shows people walking around and browsing through various stores, which is typical behavior for shoppers in a mall. The presence of retail stores and the layout of the mall support this statement.",true
e50997375c2d79e82bb7156c29c6f881099c69dad750b14bfee79df2fb391d70,1,,false
e50997375c2d79e82bb7156c29c6f881099c69dad750b14bfee79df2fb391d70,2,,false
c09e5097291b5549dcc61836af1d0c37d48e1862d7bb9467f28abd226ffd73db,0,"Answer: 3

Why statement 1 might seem correct: The design of the mosque features a large, circular window-like structure that could be mistaken for stained glass windows.
Why it is actually wrong: There are no stained glass windows visible in the mosque's design; the large circular structure appears to be made of a solid material.

Why statement 2 might seem correct: The mosque has a tall, slender tower that could be mistaken for a bell tower.
Why it is actually wrong: The tower does not have the characteristic bells or bell openings that are typically associated with bell towers.

Why statement 3 is grounded: The mosque prominently features a minaret, which is a tall, slender tower used for the call to prayer in Islamic architecture.
Why it is actually correct: The minaret is clearly visible in the mosque's design, with its distinctive shape and height.",false
c09e5097291b5549dcc61836af1d0c37d48e1862d7bb9467f28abd226ffd73db,1,,false
c09e5097291b5549dcc61836af1d0c37d48e1862d7bb9467f28abd226ffd73db,2,,true
1eaf6f707c2a7a04d04f4fe3c9495881c2afddf46ab1420bbf3a505f855ed496,0,"Answer: 1

Why statement 2 might seem correct: [best argument for it]
   - The person is holding a falcon, which is often associated with horse racing in some cultures.
Why it is actually wrong: [specific visual evidence that contradicts it]
   - There is no evidence of a horse or racing equipment in the image. The person is holding a falcon and a wooden tray with grass, which is typical for falconry.

Why statement 3 might seem correct: [best argument for it]
   - The person is holding a falcon, which is sometimes associated with archery.
Why it is actually wrong: [specific visual evidence that contradicts it]
   - There is no evidence of a bow or arrows in the image. The person is holding a falcon and a wooden tray with grass, which is typical for falconry.

The chosen statement is grounded because:
   - The person is holding a falcon, which is a common practice in falconry. The presence of a wooden tray with grass is also typical for falconry, where falcons are trained to hunt small animals.",true
1eaf6f707c2a7a04d04f4fe3c9495881c2afddf46ab1420bbf3a505f855ed496,1,,false
1eaf6f707c2a7a04d04f4fe3c9495881c2afddf46ab1420bbf3a505f855ed496,2,,false
a648a113187ee3640ff5bbfbca83a14b8f20ac72072cfaf59f7ebdac943d93d1,0,"Answer: 2

Why statement 1 might seem correct: The rectangular windows are visible and prominent on the building's facade.
Why it is actually wrong: The most prominent feature is not the windows but the large dome with gold detailing.

Why statement 3 might seem correct: Trees are present in the image and appear to be prominent.
Why it is actually wrong: The trees are not the most prominent feature of the building; they are more of a contextual element in the image.

Why statement 2 is grounded: The large dome with gold detailing is the most visually striking and dominant feature of the building, making it the most prominent element in the image.",false
a648a113187ee3640ff5bbfbca83a14b8f20ac72072cfaf59f7ebdac943d93d1,1,,true
a648a113187ee3640ff5bbfbca83a14b8f20ac72072cfaf59f7ebdac943d93d1,2,,false
0b97f0fc2a3326080fff121b55bb7bc492d7e1cd390a0e1173298174b228bb3a,0,"Answer: 1

Why statement 2 might seem correct: The man is dressed in a suit, which is common attire for business meetings. The woman is also dressed formally, which could be appropriate for a business event.

Why it is actually wrong: The presence of a wedding dress and the intimate pose of the couple suggest that this is a wedding ceremony, not a business meeting. The background also includes a cityscape and lights, which are not typical elements of a business meeting setting.

Why statement 3 might seem correct: The couple is dressed formally, which could be appropriate for a casual outing. The setting appears to be outdoors, which is common for casual events.

Why it is actually wrong: The formal attire and the presence of a wedding dress strongly indicate that this is a wedding ceremony, not a casual outing. The background also includes a cityscape and lights, which are not typical elements of a casual outing setting.

Why statement 1 is grounded: The couple is dressed in wedding attire, with the woman wearing a white wedding dress and the man in a suit. The intimate pose and the background suggest that this is a wedding ceremony.",true
0b97f0fc2a3326080fff121b55bb7bc492d7e1cd390a0e1173298174b228bb3a,1,,false
0b97f0fc2a3326080fff121b55bb7bc492d7e1cd390a0e1173298174b228bb3a,2,,false
893e4b59b6de29a3a1d50697df4feac821b9a5d8b8de4144071afc327be253cd,0,"Answer: 1

Why statement 2 might seem correct: [best argument for it]
   - The traditional wooden sailboat appears to be a small vessel, which could be used for military operations.

Why it is actually wrong: [specific visual evidence that contradicts it]
   - The image shows the sailboat in a calm body of water with no visible military equipment or personnel, indicating it is not being used for military operations.

Why statement 3 might seem correct: [best argument for it]
   - The sailboat looks like a recreational vessel, suitable for leisure activities.

Why it is actually wrong: [specific visual evidence that contradicts it]
   - The sailboat is depicted in a setting that suggests it is being used for fishing or trade, not recreational sports.

Why statement 1 is grounded: [specific visual evidence that supports it]
   - The sailboat is in a body of water with no visible fishing gear, but it is a traditional wooden sailboat, which is commonly used for fishing and trade in many cultures.",true
893e4b59b6de29a3a1d50697df4feac821b9a5d8b8de4144071afc327be253cd,1,,false
893e4b59b6de29a3a1d50697df4feac821b9a5d8b8de4144071afc327be253cd,2,,false
6def718e4acfe5057dd09e01c353d37e6487127e677b5f763d0aa8d288c29538,0,"Answer: 3

Why statement 1 might seem correct: The decoration is elegant and festive, which could be associated with birthday celebrations.
Why it is actually wrong: The decoration is more elaborate and traditional, which is more typical for weddings than birthdays.

Why statement 2 might seem correct: The decoration is intricate and could be used in religious ceremonies.
Why it is actually wrong: The decoration is more suited for weddings, which are typically more elaborate and festive than religious ceremonies.

Why statement 3 is grounded: The decoration is elaborate, festive, and includes elements like pearls and gold, which are commonly used in wedding decorations.
Why it is actually wrong: The decoration is more elaborate and festive, which is more typical for weddings than birthdays or religious ceremonies.",false
6def718e4acfe5057dd09e01c353d37e6487127e677b5f763d0aa8d288c29538,1,,false
6def718e4acfe5057dd09e01c353d37e6487127e677b5f763d0aa8d288c29538,2,,true
793f3f7f75193748e50fa4f9b9e540cc4f72da3dc21d89a9e8903aceee23eb00,0,"Answer: 1

Why statement 2 might seem correct: The blue sofa in the living room might seem to reflect Islamic cultural influence because blue is often associated with Islamic art and architecture, which frequently uses this color.

Why it is actually wrong: The blue sofa itself does not have any specific Islamic design elements or motifs that would indicate a strong Islamic cultural influence. It is simply a color choice.

Why statement 3 might seem correct: The round wooden coffee tables in the living room might seem to reflect Islamic cultural influence because Islamic art often features geometric patterns and symmetry, which could be interpreted as being present in the design of the tables.

Why it is actually wrong: The round wooden coffee tables do not have any specific Islamic design elements or motifs that would indicate a strong Islamic cultural influence. They are simple, modern furniture pieces.

Why statement 1 is grounded: The multi-panel wall art with Arabic calligraphy in the living room most strongly reflects Islamic cultural influence because it prominently features Arabic script, which is a key element of Islamic art and culture. The calligraphy and the crescent moon motif are both common in Islamic art, further emphasizing the Islamic cultural influence.",true
793f3f7f75193748e50fa4f9b9e540cc4f72da3dc21d89a9e8903aceee23eb00,1,,false
793f3f7f75193748e50fa4f9b9e540cc4f72da3dc21d89a9e8903aceee23eb00,2,,false
a3ab7378418d3bbc9a8c60e106b3fbf27b5ddb59bee6c0a749b5f774cc0fcca5,0,"Answer: 2

Why statement 1 might seem correct: In some cultures, a gray beard is often associated with youthfulness and vitality, especially in religious contexts where it is believed to symbolize a connection to the divine or spiritual purity.

Why it is actually wrong: The image shows an elderly man with a gray beard, which typically signifies age and experience rather than youthfulness.

Why statement 2 might seem correct: In many religious traditions, a gray beard is often seen as a symbol of wisdom and experience, as it is earned through a long life of learning and spiritual practice.

Why it is actually wrong: The image shows an elderly man with a gray beard, which typically signifies wisdom and experience rather than a fashion preference.

Why statement 3 might seem correct: Some religious figures might choose to wear a gray beard as part of their fashion preference, as it can be seen as a sign of humility and devotion.

Why it is actually wrong: The image shows an elderly man with a gray beard, which typically signifies a natural aging process rather than a fashion preference.

The chosen statement (2) is grounded because the gray beard in the image most likely signifies wisdom and experience in the context of religion and spirituality, as it is a common symbol in many religious traditions.",false
a3ab7378418d3bbc9a8c60e106b3fbf27b5ddb59bee6c0a749b5f774cc0fcca5,1,,true
a3ab7378418d3bbc9a8c60e106b3fbf27b5ddb59bee6c0a749b5f774cc0fcca5,2,,false
700e485f661d6e5090ffd5eb8d054f3ae7a5cefb9eba5403d691275f9339722c,0,"Answer: 1

Why statement 2 might seem correct: The boats have oars, which are commonly associated with rowboats.
Why it is actually wrong: The boats have sails, which are characteristic of sailboats.

Why statement 3 might seem correct: The boats are on the water, which is a common characteristic of motorboats.
Why it is actually wrong: The boats have sails, which are characteristic of sailboats.

The boats shown in the image are sailboats because they have sails, which are clearly visible in the image.",true
700e485f661d6e5090ffd5eb8d054f3ae7a5cefb9eba5403d691275f9339722c,1,,false
700e485f661d6e5090ffd5eb8d054f3ae7a5cefb9eba5403d691275f9339722c,2,,false
b429e3294d4dcfb54b0f2d3a5a9779f2abedc220683344c993dd09afe56b083b,0,"Answer: 2

Why statement 1 might seem correct: [The image shows a person aiming an arrow, which might suggest that the goal is to shoot as far as possible.]
Why it is actually wrong: [There is no evidence in the image that the person is aiming for distance; the target is clearly visible and the person is aiming at the center.]

Why statement 3 might seem correct: [The image shows a person performing an action with a bow, which might suggest that the goal is to perform tricks.]
Why it is actually wrong: [There is no indication in the image that the person is performing tricks; the focus is on aiming at the target.]

Why statement 2 is grounded: [The image shows a person aiming an arrow at a target, which indicates that the primary goal is to hit the center of the target.]",false
b429e3294d4dcfb54b0f2d3a5a9779f2abedc220683344c993dd09afe56b083b,1,,true
b429e3294d4dcfb54b0f2d3a5a9779f2abedc220683344c993dd09afe56b083b,2,,false
8ed36307aefad04cd04651ac8e77882fbfe012ae3bd54820c937b9f0baf0a514,0,"Answer: 2

Why statement 1 might seem correct: The peeling paint and bullet holes could suggest that the building is new and has not been exposed to much wear and tear, which might lead one to think it has not been around long enough to show signs of aging or neglect.

Why it is actually wrong: The building's appearance, including the peeling paint and bullet holes, suggests that it has been exposed to significant wear and tear over time. This wear and tear is more indicative of a building that has been around for a while and has experienced neglect or conflict, rather than a newly constructed building.

Why statement 2 is grounded: The peeling paint and bullet holes on the building suggest that it has possibly witnessed conflict or neglect. These signs of wear and damage are more consistent with a building that has been around for a while and has experienced some form of conflict or neglect, rather than a recently renovated building.

Why statement 3 might seem correct: The peeling paint and bullet holes could suggest that the building has been recently renovated, as these signs of damage might be seen as a result of the renovation process.

Why it is actually wrong: The overall appearance of the building, including the peeling paint and bullet holes, suggests that it has not been recently renovated. Instead, it appears to be an older building that has experienced significant wear and damage over time, which is more consistent with neglect or conflict rather than a recent renovation.",false
8ed36307aefad04cd04651ac8e77882fbfe012ae3bd54820c937b9f0baf0a514,1,,true
8ed36307aefad04cd04651ac8e77882fbfe012ae3bd54820c937b9f0baf0a514,2,,false
faf9256385913a8852ca3058fb1d998ca8af285ed2a915b1e2aa31fe7ba9a591,0,"Answer: 3

Why statement 1 might seem correct: The presence of benches and open space suggests a place designed for relaxation and outdoor enjoyment.
Why it is actually wrong: There is no clear evidence of relaxation activities such as people engaging in leisurely activities or enjoying the outdoors.

Why statement 2 might seem correct: The architectural style and the presence of columns and steps suggest a religious or ceremonial setting.
Why it is actually wrong: There is no direct evidence of religious ceremonies being conducted, such as people praying or performing rituals.

Why statement 3 is grounded: The presence of benches and the man performing an action that resembles ablution (washing hands) before prayer indicates that this area is used for performing ablution before prayer.
Why it is actually correct: The visual evidence of the man washing his hands and the presence of benches supports the idea that this area is used for performing ablution before prayer.",false
faf9256385913a8852ca3058fb1d998ca8af285ed2a915b1e2aa31fe7ba9a591,1,,false
faf9256385913a8852ca3058fb1d998ca8af285ed2a915b1e2aa31fe7ba9a591,2,,true
00c65ee412817601b3e450f26f088c0eb876f7003825010f1a7c41b3f560f439,0,"Answer: 3

Why statement 1 might seem correct: The vehicle is a safari vehicle, which is commonly used for transporting goods to remote areas.
Why it is actually wrong: There is no evidence in the image that the vehicle is used for delivering goods to remote villages.

Why statement 2 might seem correct: The vehicle is equipped with a roof rack and appears to be designed for transporting people, which could be associated with emergency medical services.
Why it is actually wrong: There is no specific evidence in the image that the vehicle is used for emergency medical services.

Why statement 3 is grounded: The vehicle is a safari vehicle, which is specifically designed for transporting tourists on wildlife safaris. The sign in the image also indicates that it is a migration camp, which is typically associated with safari tours.
Why it is actually correct: The vehicle's design and the context provided by the sign in the image clearly indicate that its main purpose is transporting tourists on wildlife safaris.",false
00c65ee412817601b3e450f26f088c0eb876f7003825010f1a7c41b3f560f439,1,,false
00c65ee412817601b3e450f26f088c0eb876f7003825010f1a7c41b3f560f439,2,,true
ff4aa6b830370f47b53b9c955d4c79149497e6e8ff225faa95527f501d73baa3,0,"Answer: 2

Why statement 1 might seem correct: The athletes appear to be on a surface that looks like wood.
Why it is actually wrong: The surface is clearly a wrestling mat, not wood.

Why statement 3 might seem correct: The surface looks like grass.
Why it is actually wrong: The surface is a wrestling mat, not grass.

Why statement 2 is grounded: The athletes are indeed on a blue wrestling mat, which is evident from the visual evidence in the image.",false
ff4aa6b830370f47b53b9c955d4c79149497e6e8ff225faa95527f501d73baa3,1,,true
ff4aa6b830370f47b53b9c955d4c79149497e6e8ff225faa95527f501d73baa3,2,,false
170d2edd40b1b1afab8bae70a46f6d926d0be521706b2c51ab3ffd8576226091,0,"Answer: 3

Why statement 1 might seem correct: The ruins appear to be in a public area, which could be used as a park.
Why it is actually wrong: The architecture and design of the ruins are not typical of modern parks, which usually have more open spaces and modern amenities.

Why statement 2 might seem correct: The ruins look large and could have been used for industrial purposes.
Why it is actually wrong: The ruins do not have the characteristics of an industrial warehouse, such as large open spaces, high ceilings, and modern materials.

Why statement 3 is grounded: The presence of arches and columns suggests that the site was used for a religious or ceremonial purpose, which is common in ancient religious temples.
Why it is actually correct: The architectural elements visible in the image, such as the arches and columns, are typical of ancient religious structures, indicating that the site was likely used as a religious temple.",false
170d2edd40b1b1afab8bae70a46f6d926d0be521706b2c51ab3ffd8576226091,1,,false
170d2edd40b1b1afab8bae70a46f6d926d0be521706b2c51ab3ffd8576226091,2,,true
4437f4253824920510960c5b9a7343a841933d5b79e6f7a86841bb7d9c32d67b,0,"Answer: 3

Why statement 1 might seem correct: The ladder is attached to the pier, which might suggest it is used to anchor the pier.
Why it is actually wrong: There is no evidence in the image that the ladder is used for anchoring the pier. The pier appears to be securely positioned and does not require additional anchoring.

Why statement 2 might seem correct: The ladder is positioned near the water, which might suggest it is used to climb onto boats.
Why it is actually wrong: There are no boats visible in the image, and the ladder is not positioned in a way that suggests it is used for boarding boats.

Why statement 3 is grounded: The ladder is positioned on the pier, which extends into the water, suggesting it is used for accessing the water for swimming.
The chosen statement is grounded because the ladder's position on the pier extending into the water indicates its use for accessing the water, which is consistent with the context of the image.",false
4437f4253824920510960c5b9a7343a841933d5b79e6f7a86841bb7d9c32d67b,1,,false
4437f4253824920510960c5b9a7343a841933d5b79e6f7a86841bb7d9c32d67b,2,,true
8cd93566938e6aacdf58e99b16a3fec7db669c795dfbef9682886cfc0efdc3c3,0,"Answer: 2

Why statement 1 might seem correct: The canoe appears to be made of a material that looks like plastic.
Why it is actually wrong: The canoe has a visible wood grain pattern, indicating that it is made of wood.

Why statement 3 might seem correct: The canoe looks sturdy and could be mistaken for being made of metal.
Why it is actually wrong: There are no metallic properties or markings visible on the canoe that would indicate it is made of metal.

Why statement 2 is grounded: The canoe has a visible wood grain pattern, indicating that it is made of wood.",false
8cd93566938e6aacdf58e99b16a3fec7db669c795dfbef9682886cfc0efdc3c3,1,,true
8cd93566938e6aacdf58e99b16a3fec7db669c795dfbef9682886cfc0efdc3c3,2,,false
a05e955af4d4f801bb40e9182695be9f46ea71f71a1b4bdd16bfaaa72269b695,0,"Answer: 2

Why statement 1 might seem correct: The background appears to be a street with buildings and signs, which could be interpreted as a rural area.
Why it is actually wrong: The presence of multiple signs and the architectural style suggest an urban setting rather than a rural one.

Why statement 3 might seem correct: The background appears to be an open space with trees, which could be interpreted as a park.
Why it is actually wrong: The presence of signs and the architectural style suggest an urban setting rather than a park.

The background of the image on the left depicts a shopping street, as indicated by the presence of multiple signs and the architectural style of the buildings.",false
a05e955af4d4f801bb40e9182695be9f46ea71f71a1b4bdd16bfaaa72269b695,1,,true
a05e955af4d4f801bb40e9182695be9f46ea71f71a1b4bdd16bfaaa72269b695,2,,false
a4e4b2c332c6c6f1601a79321d4d765ad8db1291566da77c61926073f3e0b0d3,0,"Answer: 1

Why statement 2 might seem correct: The staircase appears to be made of wood, as it has a natural, light-colored appearance.
Why it is actually wrong: The staircase is actually made of stone, as evidenced by the texture and color of the steps and the overall structure.

Why statement 3 might seem correct: The staircase appears to be made of glass, as it has a transparent and smooth appearance.
Why it is actually wrong: The staircase is not made of glass; it is made of stone, which can be seen from the texture and the way light interacts with the material.

The chosen statement is grounded because the staircase is clearly made of stone, as indicated by the texture and color of the steps and the overall structure.",true
a4e4b2c332c6c6f1601a79321d4d765ad8db1291566da77c61926073f3e0b0d3,1,,false
a4e4b2c332c6c6f1601a79321d4d765ad8db1291566da77c61926073f3e0b0d3,2,,false
0a3867d2ce545aa6d8d2547648346365f63ae77fd771a6a06ff6bd44c63e77f8,0,"Answer: 1

Why statement 2 might seem correct: The presence of cliffs and the rugged coastline might suggest a mountainous terrain.
Why it is actually wrong: The image clearly shows a coastal landscape with cliffs and the ocean, not a mountainous terrain.

Why statement 3 might seem correct: The absence of vegetation and the presence of cliffs might suggest a desert with dunes.
Why it is actually wrong: The image shows a coastal landscape with cliffs and vegetation, not a desert with dunes.

The chosen statement is grounded because the image clearly shows a coastal landscape with cliffs, which matches the description in Statement 1.",true
0a3867d2ce545aa6d8d2547648346365f63ae77fd771a6a06ff6bd44c63e77f8,1,,false
0a3867d2ce545aa6d8d2547648346365f63ae77fd771a6a06ff6bd44c63e77f8,2,,false
0fd1d1a353d20c58c124ede18c9dbf1b99d84075a6465ba70308276812bf281b,0,"Answer: 3

Why statement 1 might seem correct: Kibbeh is a dish that is often made from ground meat and grains, and tahini is a common ingredient in many Middle Eastern dishes. However, the image does not show any evidence of chickpeas or tahini in the kibbeh.

Why statement 2 might seem correct: Tabbouleh is a salad made from bulgur wheat, parsley, mint, and tomatoes, and it is often served with a dressing made from olive oil and lemon juice. Chickpeas and tahini are not typical ingredients in tabbouleh, and the image does not show any evidence of these ingredients.

Why statement 3 might seem correct: Hummus is a dip made from chickpeas and tahini, and it is a staple in Middle Eastern cuisine. The image shows a bowl of hummus, which is typically made from chickpeas and tahini.

Why it is actually wrong: The image does not show any evidence of chickpeas or tahini in the hummus.

Why statement 3 is grounded: The image shows a bowl of hummus, which is typically made from chickpeas and tahini.",false
0fd1d1a353d20c58c124ede18c9dbf1b99d84075a6465ba70308276812bf281b,1,,false
0fd1d1a353d20c58c124ede18c9dbf1b99d84075a6465ba70308276812bf281b,2,,true
604c812cad4549556676691f6c1866e46503b46a20ee22432d0a9942fa29f9c1,0,"Answer: 3

Why statement 1 might seem correct: The image shows a mountainous region, which could be associated with skiing activities.
Why it is actually wrong: There is no visible snow or skiing equipment, and the terrain appears to be too steep and rocky for skiing.

Why statement 2 might seem correct: The ruins are located in a remote area, which could suggest scuba diving activities.
Why it is actually wrong: The ruins are on a high mountain, and there is no visible water body suitable for scuba diving.

Why statement 3 is grounded: The ruins are part of the Inca Trail, a famous hiking route.
The chosen statement is grounded because the ruins are part of the Inca Trail, a popular hiking route among visitors to the site shown in the image.",false
604c812cad4549556676691f6c1866e46503b46a20ee22432d0a9942fa29f9c1,1,,false
604c812cad4549556676691f6c1866e46503b46a20ee22432d0a9942fa29f9c1,2,,true
1a2ead3a3198e5713faa360e4d6643eb46a2f132ba1cbce6b92c01400a08af2a,0,"Answer: 3

Why statement 1 might seem correct: The image shows people on horses, which could suggest a horse racing competition.
Why it is actually wrong: The riders are dressed in elaborate costumes and the horses are adorned with decorations, which is more typical of a cultural ceremony than a competitive race.

Why statement 2 might seem correct: The setting appears to be an open space, which could be a town square.
Why it is actually wrong: The elaborate costumes and the presence of a crowd suggest a formal or ceremonial event rather than a casual parade.

Why statement 3 is grounded: The elaborate costumes, the decorated horses, and the presence of a crowd all suggest a traditional cultural ceremony.
Why it is actually correct: The visual evidence of the costumes and decorations, as well as the organized procession, strongly indicate that this is a cultural ceremony rather than a casual event or a competitive race.",false
1a2ead3a3198e5713faa360e4d6643eb46a2f132ba1cbce6b92c01400a08af2a,1,,false
1a2ead3a3198e5713faa360e4d6643eb46a2f132ba1cbce6b92c01400a08af2a,2,,true
950361ed73a83cea3f35285ef749fcb0d431657cbe02ff432608c463b3d80053,0,"Answer: 2

Why statement 1 might seem correct: The image shows a person on a watercraft, which could be interpreted as a kayak.
Why it is actually wrong: The watercraft has a paddle and is not enclosed like a kayak.

Why statement 3 might seem correct: The watercraft is on water, which could be mistaken for a motorboat.
Why it is actually wrong: The watercraft is a paddleboard, not a motorboat.

Why statement 2 is grounded: The watercraft in the image is a paddleboard, identifiable by the paddle and the design of the board.
Why statement 1 is wrong: The watercraft is not enclosed like a kayak.
Why statement 3 is wrong: The watercraft is not a motorboat; it is a paddleboard.",false
950361ed73a83cea3f35285ef749fcb0d431657cbe02ff432608c463b3d80053,1,,true
950361ed73a83cea3f35285ef749fcb0d431657cbe02ff432608c463b3d80053,2,,false
94b6eca84a1617f55a29d8d2d48200964daa431dad9da10711ff6048a7dccf69,0,"Answer: 1

Why statement 2 might seem correct: [best argument for it]
- The image shows a lantern, which is commonly associated with Christmas decorations.

Why it is actually wrong: [specific visual evidence that contradicts it]
- The lantern in the image is a traditional Middle Eastern lantern, commonly used during Ramadan, not Christmas.

Why statement 3 might seem correct: [best argument for it]
- The image shows a lantern, which is commonly associated with Diwali celebrations.

Why it is actually wrong: [specific visual evidence that contradicts it]
- The lantern in the image is a traditional Middle Eastern lantern, commonly used during Ramadan, not Diwali.

Why statement 1 is grounded: [specific visual evidence that supports it]
- The lantern and dates in the image are indicative of Ramadan, a month-long Islamic festival where people fast during daylight hours and break their fast with dates and other foods.",true
94b6eca84a1617f55a29d8d2d48200964daa431dad9da10711ff6048a7dccf69,1,,false
94b6eca84a1617f55a29d8d2d48200964daa431dad9da10711ff6048a7dccf69,2,,false
a92f6043df7ce3a483cd009631d78990225a02fd72180bb3b4c8d0ef41f37aa7,0,"Answer: 3

Why statement 1 might seem correct: The presence of a table and the arrangement of items suggest a café setting.
Why it is actually wrong: The stone walls and the overall ambiance indicate a traditional, rustic space rather than a modern café.

Why statement 2 might seem correct: The outdoor setting and the casual arrangement of items could suggest an outdoor picnic area.
Why it is actually wrong: The stone walls and the specific items on the table, such as the hookah and the traditional lantern, indicate an indoor, traditional setting rather than an outdoor picnic area.

Why statement 3 is grounded: The stone walls, the traditional lantern, and the hookah all suggest a rustic, traditional space. The overall ambiance and the specific items present reinforce this setting.",false
a92f6043df7ce3a483cd009631d78990225a02fd72180bb3b4c8d0ef41f37aa7,1,,false
a92f6043df7ce3a483cd009631d78990225a02fd72180bb3b4c8d0ef41f37aa7,2,,true
33500f73161cb94909b8d063578b829de116768d8e6c6d35306545e8db450ecf,0,"Answer: 2

Why statement 1 might seem correct: The lighting in the image appears to be soft and warm, which is often associated with the afternoon.
Why it is actually wrong: The sky is clear and the lighting is not casting long shadows that would typically be seen in the afternoon.
Why statement 3 might seem correct: The calmness of the water and the clear sky might suggest a morning scene.
Why it is actually wrong: The warm lighting and the position of the sun on the horizon suggest it is sunset rather than morning.

The chosen statement (2) is grounded because the warm lighting and the position of the sun on the horizon clearly indicate that the image depicts sunset.",false
33500f73161cb94909b8d063578b829de116768d8e6c6d35306545e8db450ecf,1,,true
33500f73161cb94909b8d063578b829de116768d8e6c6d35306545e8db450ecf,2,,false
fb58606c85e2c63b4fa730df147c43964ee8d23509a5b683ccc29dbc8e4014b0,0,"Answer: 3

Why statement 1 might seem correct: The woman's attire appears elegant and formal, which could be suitable for a casual outing.
Why it is actually wrong: The dress is highly detailed and elaborate, which is more typical of formal events rather than casual outings.

Why statement 2 might seem correct: The woman's attire is formal and sophisticated, which could be appropriate for a business event.
Why it is actually wrong: The dress is more elaborate and ceremonial than what one would typically wear to a business event.

Why statement 3 is grounded: The woman's attire is a long, detailed lace dress, which is commonly associated with wedding ceremonies.
Why it is actually correct: The dress's style and elegance align with what one would wear to a wedding ceremony.",false
fb58606c85e2c63b4fa730df147c43964ee8d23509a5b683ccc29dbc8e4014b0,1,,false
fb58606c85e2c63b4fa730df147c43964ee8d23509a5b683ccc29dbc8e4014b0,2,,true
8138571c4d05ec1c15e0fce658f60d61a4308b2d8a9420c8b86eb67e35a70da2,0,"Answer: 1

Why statement 2 might seem correct: The sky is bright and the colors are warm, which could suggest a morning scene.
Why it is actually wrong: The presence of the sunset colors and the fact that the sky is not completely dark suggest it is not morning.

Why statement 3 might seem correct: The sky is dark, which could suggest it is midnight.
Why it is actually wrong: The colors in the sky and the presence of artificial lights indicate it is not midnight.

The chosen statement is grounded because the colors in the sky and the lighting conditions suggest it is sunset.",true
8138571c4d05ec1c15e0fce658f60d61a4308b2d8a9420c8b86eb67e35a70da2,1,,false
8138571c4d05ec1c15e0fce658f60d61a4308b2d8a9420c8b86eb67e35a70da2,2,,false
30f34d6c9a22ae43a1177ebca16c784abf2eb034e6b3553492d59924fea0a403,0,"Answer: 1

Why statement 2 might seem correct: The ambulance is a common mode of transportation for passengers, especially in emergency situations.
Why it is actually wrong: The ambulance is parked next to a severely damaged vehicle, indicating it is likely providing medical assistance rather than transporting passengers.

Why statement 3 might seem correct: Ambulances are often used to deliver goods, especially in emergency situations.
Why it is actually wrong: The ambulance is parked next to a severely damaged vehicle, indicating it is likely providing medical assistance rather than delivering goods.

The chosen statement is grounded because the ambulance is parked next to a severely damaged vehicle, which is a common scenario for providing emergency medical assistance.",true
30f34d6c9a22ae43a1177ebca16c784abf2eb034e6b3553492d59924fea0a403,1,,false
30f34d6c9a22ae43a1177ebca16c784abf2eb034e6b3553492d59924fea0a403,2,,false
efb0c18fb0200bc56027fe36316c2b6bea772605e8f47d213bffbb9eb50f162b,0,"Answer: 2

Why statement 1 might seem correct: The menu board does have a section that appears to be promoting daily specials, which could be interpreted as a Daily Happy Hour.
Why it is actually wrong: The specific wording on the menu board does not explicitly mention a Daily Happy Hour. It mentions ""Christmas Feast"" and other items, but not a daily happy hour.

Why statement 3 might seem correct: The menu board has sections that could be interpreted as promoting weekend specials.
Why it is actually wrong: The menu board does not have any specific wording that indicates Weekend Brunch Specials. It mentions various other items and promotions.

Why statement 2 is grounded: The menu board clearly advertises a ""Christmas Feast"" with a specific date and time, indicating that it is promoting a Christmas Feast.
Why it is actually correct: The visual evidence shows a clear promotion for the Christmas Feast, making it the true statement.",false
efb0c18fb0200bc56027fe36316c2b6bea772605e8f47d213bffbb9eb50f162b,1,,true
efb0c18fb0200bc56027fe36316c2b6bea772605e8f47d213bffbb9eb50f162b,2,,false
1f5719518b163e8178ef96543b59613078fca726dcca78194b766804b9538697,0,"Answer: 2

Why statement 1 might seem correct: The presence of a crowd and the act of holding posters can be associated with cultural festivals where people gather to celebrate and express their cultural identity.

Why it is actually wrong: The posters prominently feature a man with a mustache, which is a common characteristic of political figures. Additionally, the serious expressions and the act of holding posters in a public space suggest a political context rather than a cultural celebration.

Why statement 3 might seem correct: The woman in the image is wearing a hijab, which is often associated with religious ceremonies.

Why it is actually wrong: The overall context of the gathering, including the posters and the serious expressions, suggests a political demonstration rather than a religious ceremony.

Why statement 2 is grounded: The posters with political imagery and the serious expressions of the participants indicate that this is likely a political protest or demonstration.

Therefore, the correct answer is Statement 2.",false
1f5719518b163e8178ef96543b59613078fca726dcca78194b766804b9538697,1,,true
1f5719518b163e8178ef96543b59613078fca726dcca78194b766804b9538697,2,,false
27bbc3dd8a10789d314af80ee09e32dfe121a52f8bad09ec56bd3ec29d6e4d9b,0,"Answer: 3

Why statement 1 might seem correct: The green and black color scheme is not immediately visible in the image, but the focus is on the red and white macrame keychains.
Why it is actually wrong: The keychains in the image are predominantly red and white, with no significant presence of green or black.

Why statement 2 might seem correct: The blue and yellow color scheme is not present in the image, but the focus is on the red and white macrame keychains.
Why it is actually wrong: The keychains in the image are predominantly red and white, with no significant presence of blue or yellow.

Why statement 3 is grounded: The primary color scheme used in the macrame keychains displayed in the image is indeed red and white, as evidenced by the predominant use of these colors in the keychains.",false
27bbc3dd8a10789d314af80ee09e32dfe121a52f8bad09ec56bd3ec29d6e4d9b,1,,false
27bbc3dd8a10789d314af80ee09e32dfe121a52f8bad09ec56bd3ec29d6e4d9b,2,,true
b1056cb9f2103a137434e744f73fc09406f3891f4c224bea2207d9807fc5c7ae,0,"Answer: 1

Why statement 1 might seem correct: The kitchen area in the image does not show a refrigerator.
Why it is actually wrong: There is a refrigerator visible in the kitchen area, located on the left side of the image.

Why statement 2 might seem correct: There are no visible decorative jars in the kitchen area.
Why it is actually wrong: There are decorative jars visible on the countertop in the kitchen area.

Why statement 3 might seem correct: There is no large plant visible in the kitchen area.
Why it is actually wrong: There is a large plant visible in the kitchen area, located on the left side of the image.

The chosen statement (1) is grounded because it accurately reflects the absence of a refrigerator in the visible kitchen area.",true
b1056cb9f2103a137434e744f73fc09406f3891f4c224bea2207d9807fc5c7ae,1,,false
b1056cb9f2103a137434e744f73fc09406f3891f4c224bea2207d9807fc5c7ae,2,,false
15480351e96c1bb437eff9f2d52b2795e78c0a5563d058d2b60b5142ee35818c,0,"Answer: 2

Why statement 1 might seem correct: The orange structures in the background resemble the shape and design of public transport shelters, which are often found near sports stadiums.

Why it is actually wrong: The structures are not positioned in a way that is typical for public transport shelters, which are usually located along roads or at bus stops. Additionally, the design and placement do not match the typical appearance of public transport shelters.

Why statement 2 might seem correct: The orange structures in the background resemble the shape and design of sports bench covers, which are often found near sports fields.

Why it is actually wrong: The structures are not positioned in a way that is typical for sports bench covers, which are usually located directly on the field or near the seating area. Additionally, the design and placement do not match the typical appearance of sports bench covers.

Why statement 3 might seem correct: The orange structures in the background resemble the shape and design of construction scaffolding, which is often used in stadium construction.

Why it is actually wrong: The structures are not positioned in a way that is typical for construction scaffolding, which is usually found on the sides of buildings or in areas under construction. Additionally, the design and placement do not match the typical appearance of construction scaffolding.

The chosen statement (2) is grounded because the orange structures in the background resemble the shape and design of sports bench covers, which are commonly found near sports fields. The placement and design of the structures support this conclusion.",false
15480351e96c1bb437eff9f2d52b2795e78c0a5563d058d2b60b5142ee35818c,1,,true
15480351e96c1bb437eff9f2d52b2795e78c0a5563d058d2b60b5142ee35818c,2,,false
791445be6aa8f7aca569a86ecbb42b9f02ccf251fa2962098606806d18c9a311,0,"Answer: 3

Why statement 1 might seem correct: The presence of water bodies and greenery might suggest a rainforest environment.
Why it is actually wrong: The image clearly shows sand dunes and arid land, which are characteristic of a desert, not a dense rainforest.

Why statement 2 might seem correct: The presence of mountains and snow-covered peaks might suggest a mountainous region.
Why it is actually wrong: The image shows sand dunes and an oasis, which are typical of a desert landscape, not a mountainous region with snow-covered peaks.

Why statement 3 is grounded: The image shows sand dunes and an oasis, which are characteristic of a desert landscape.
The presence of sand dunes and an oasis in the image confirms that the landscape is a desert with sand dunes and an oasis.",false
791445be6aa8f7aca569a86ecbb42b9f02ccf251fa2962098606806d18c9a311,1,,false
791445be6aa8f7aca569a86ecbb42b9f02ccf251fa2962098606806d18c9a311,2,,true
f3104096bc233080dff536e2fa7d4344fb5c88bae3ed8f46547b80a25fba81dc,0,"Answer: 2

Why statement 1 might seem correct: The IV cannula is often used to administer medications, including those that monitor blood sugar levels.
Why it is actually wrong: There is no visual evidence in the image that suggests the IV cannula is specifically for measuring blood sugar levels.

Why statement 3 might seem correct: IV cannulas can be used to administer oxygen, which is a common medical practice.
Why it is actually wrong: There is no visual evidence in the image that suggests the IV cannula is specifically for administering oxygen.

Why statement 2 is grounded: The IV cannula is clearly visible and is connected to a medical device, which is typically used to administer fluids or medication.
Why it is actually correct: The presence of the IV cannula and the medical device connected to it strongly suggests its use for administering fluids or medication.",false
f3104096bc233080dff536e2fa7d4344fb5c88bae3ed8f46547b80a25fba81dc,1,,true
f3104096bc233080dff536e2fa7d4344fb5c88bae3ed8f46547b80a25fba81dc,2,,false
0da6303d394b72be0cfbecf9627514ed600c23d69b56f943f2cf62ca9922ffab,0,"Answer: 3

Why statement 1 might seem correct: The door's rustic and aged appearance could suggest it is a decorative piece in a museum, especially if it is part of a historical exhibit.
Why it is actually wrong: There is no visible context in the image that indicates the door is in a museum, such as display cases, informational plaques, or other museum artifacts.

Why statement 2 might seem correct: The door's design and materials could be associated with modern apartments, especially if it is part of a renovation project.
Why it is actually wrong: The door is set within a rough, stone wall, which is more characteristic of historical or traditional buildings rather than modern apartments.

Why statement 3 is grounded: The door's traditional design, the use of wooden planks, and the stone wall surrounding it suggest it is part of a traditional or historical building.
Why it is actually correct: The door's design and setting are consistent with historical or traditional architecture, which often features such materials and construction methods.",false
0da6303d394b72be0cfbecf9627514ed600c23d69b56f943f2cf62ca9922ffab,1,,false
0da6303d394b72be0cfbecf9627514ed600c23d69b56f943f2cf62ca9922ffab,2,,true
a7afc21caa2943a7d5594ba43b1996a8605fe69813cc6fd7061d62345fd42c05,0,"Answer: 1

Why statement 2 might seem correct: The boat appears to be large and well-equipped, which could be characteristic of a commercial cruise ship.
Why it is actually wrong: The boat is overcrowded with people, which is not typical for a commercial cruise ship designed for leisure and comfort.

Why statement 3 might seem correct: The boat has fishing equipment visible on the sides, which could suggest it is a fishing vessel.
Why it is actually wrong: The boat is overcrowded with people, which is not typical for a fishing vessel designed for fishing activities.

The primary mode of transportation depicted in the image is an overcrowded migrant boat, which is evident from the large number of people on the boat and the makeshift nature of the vessel.",true
a7afc21caa2943a7d5594ba43b1996a8605fe69813cc6fd7061d62345fd42c05,1,,false
a7afc21caa2943a7d5594ba43b1996a8605fe69813cc6fd7061d62345fd42c05,2,,false
fae4f22c3b9a6aa66a62de5082d4830495bba8fff93e607dcedb959baa2787de,0,"Answer: 1

Why statement 2 might seem correct: The image shows a large bookshelf filled with books on the right side of the living room.
Why it is actually wrong: There is no visible bookshelf in the image, only a shelf with decorative items.

Why statement 3 might seem correct: The image shows a section of the wall that appears to be a fireplace.
Why it is actually wrong: The section of the wall is actually a TV stand with a large TV mounted on it.

Why statement 1 is grounded: The image clearly shows a metallic tripod floor lamp on the left side of the living room.",true
fae4f22c3b9a6aa66a62de5082d4830495bba8fff93e607dcedb959baa2787de,1,,false
fae4f22c3b9a6aa66a62de5082d4830495bba8fff93e607dcedb959baa2787de,2,,false
b1c3a043524b90fe989716a21903c1c8f9600a90c47e3615e82da03c997bd630,0,"Answer: 3

Why statement 1 might seem correct: The person in the image is standing on a sand dune, which could be associated with camel riding activities in the desert.
Why it is actually wrong: There is no camel or any indication of camel riding in the image. The person is standing alone on the dune.

Why statement 2 might seem correct: The image is set in a desert environment, which is a common habitat for desert wildlife.
Why it is actually wrong: There is no wildlife or any indication of photography in the image. The focus is on the person standing on the dune.

Why statement 3 is grounded: The person is standing on a sand dune, which is a common activity in desert hiking.
Why it is actually correct: The image clearly shows a person standing on a sand dune, which is a typical activity in sand dune hiking.",false
b1c3a043524b90fe989716a21903c1c8f9600a90c47e3615e82da03c997bd630,1,,false
b1c3a043524b90fe989716a21903c1c8f9600a90c47e3615e82da03c997bd630,2,,true
3e5714ee655519296aafa61e2273055a10b987d41ae6042f84d9dbc4cc7eb063,0,"Answer: 3

Why statement 1 might seem correct: The stone slab appears to be well-preserved and modern in appearance, which might suggest it is a decorative piece for modern architecture.
Why it is actually wrong: The inscriptions on the stone slab are in an ancient script, which is not typical for modern decorative pieces.

Why statement 2 might seem correct: The stone slab looks old and weathered, which might suggest it is a gravestone from the medieval period.
Why it is actually wrong: The inscriptions are not typical of gravestones and the style of the slab does not match historical gravestones.

Why statement 3 is grounded: The stone slab has inscriptions in an ancient script, which indicates it is likely an ancient artifact used for historical documentation.
Why it is actually correct: The inscriptions are the primary evidence that this is an ancient artifact, likely used for recording historical information.",false
3e5714ee655519296aafa61e2273055a10b987d41ae6042f84d9dbc4cc7eb063,1,,false
3e5714ee655519296aafa61e2273055a10b987d41ae6042f84d9dbc4cc7eb063,2,,true
11caad0015d98e39fdc4b051037a088e1915baa01418fa6c5d4a5f07cb28cb5a,0,"Answer: 2

Why statement 1 might seem correct: The foreground appears to have some greenery, which could be mistaken for vegetation.
Why it is actually wrong: The greenery is sparse and appears to be dry, not indicative of a well-vegetated area.

Why statement 3 might seem correct: The foreground looks clean and orderly, which could be interpreted as well-maintained.
Why it is actually wrong: The presence of debris and trash scattered in the foreground contradicts the notion of cleanliness and maintenance.

Why statement 2 is grounded: The foreground clearly shows debris and trash scattered around, which is a visual fact that supports this statement.",false
11caad0015d98e39fdc4b051037a088e1915baa01418fa6c5d4a5f07cb28cb5a,1,,true
11caad0015d98e39fdc4b051037a088e1915baa01418fa6c5d4a5f07cb28cb5a,2,,false
6f4aa69c1fb10f8c8d76e8ae814dc1acbb9427d0e89986ab6d206c4b6e749913,0,"Answer: 2

Why statement 1 might seem correct: The flags could be seen as a form of advertisement, especially if they are part of a commercial event or product launch.
Why it is actually wrong: The flags are being waved by a group of people, many of whom are wearing military-style clothing and holding rifles, suggesting a political or military context rather than a commercial one.

Why statement 3 might seem correct: The presence of flags and the crowd could suggest a sports event, where flags are often waved to support teams or countries.
Why it is actually wrong: The military-style clothing and rifles indicate a more serious, possibly political or military, context rather than a casual sports event.

Why statement 2 is grounded: The flags being waved by the crowd, along with the military-style clothing and rifles, suggest a political or nationalistic context, where flags are commonly used to represent different nations or political movements.
Why it is actually correct: The image shows a group of people waving flags, which is a common way to show support for a nation or political movement, especially when accompanied by military-style attire and weapons.",false
6f4aa69c1fb10f8c8d76e8ae814dc1acbb9427d0e89986ab6d206c4b6e749913,1,,true
6f4aa69c1fb10f8c8d76e8ae814dc1acbb9427d0e89986ab6d206c4b6e749913,2,,false
8bbc2c84190f9d029ceae9e72bbdbe0a7ba61d3cf934145e3c81b5c13d7fd32e,0,"Answer: 3

Why statement 1 might seem correct: The material appears to be a textured fabric, which could be used in various applications including glassware production where textured surfaces are often desired.
Why it is actually wrong: The image shows a textured fabric, not a glassy or transparent material, which is essential for glassware production.

Why statement 2 might seem correct: The texture and color of the material could be suitable for wall painting, where different textures and colors are often used to add visual interest.
Why it is actually wrong: The material shown is a textured fabric, not a paint or a wall material, which is used for wall painting.

Why statement 3 is grounded: The material shown in the image is a textured fabric, which is commonly used for carpet flooring due to its soft and comfortable texture.
Why it is actually correct: The image clearly shows a textured fabric that is suitable for carpet flooring.",false
8bbc2c84190f9d029ceae9e72bbdbe0a7ba61d3cf934145e3c81b5c13d7fd32e,1,,false
8bbc2c84190f9d029ceae9e72bbdbe0a7ba61d3cf934145e3c81b5c13d7fd32e,2,,true
0e0fae945bca83f7b7e4c0a3d498c14ea64ffac50fc5f83caaa34e1424f6903e,0,"Answer: 3

Why statement 1 might seem correct: The building has a clean and simple design with minimal ornamentation, which could be associated with modern minimalist architecture.
Why it is actually wrong: The building features intricate blue and white azulejo tiles, which are characteristic of Portuguese traditional architecture, not modern minimalist.

Why statement 2 might seem correct: Gothic revival architecture often includes pointed arches and intricate detailing, which could be mistaken for the ornate elements seen in the building.
Why it is actually wrong: The building does not have the characteristic pointed arches or vertical emphasis associated with Gothic revival architecture. Instead, it has a more horizontal emphasis and decorative tiles.

Why statement 3 is grounded: The building features blue and white azulejo tiles, which are a hallmark of Portuguese traditional architecture. The design and style are consistent with this architectural tradition.
Why it is actually wrong: Statements 1 and 2 are incorrect because they misidentify the architectural style based on visual elements that are not present in the building.",false
0e0fae945bca83f7b7e4c0a3d498c14ea64ffac50fc5f83caaa34e1424f6903e,1,,false
0e0fae945bca83f7b7e4c0a3d498c14ea64ffac50fc5f83caaa34e1424f6903e,2,,true
45bb618fd386f324c45d8e519aedc7bdf968c638fb4546e3cfef4c2be6d53847,0,"Answer: 1

Why statement 2 might seem correct: The vase has a smooth and shiny surface, which could be mistaken for a metal finish.
Why it is actually wrong: The vase has a textured appearance and a matte finish, which is characteristic of ceramic materials.

Why statement 3 might seem correct: The vase has a uniform color and a smooth surface, which could be mistaken for plastic.
Why it is actually wrong: The vase has a textured appearance and a matte finish, which is characteristic of ceramic materials.

The chosen statement is grounded because the vase has a textured appearance and a matte finish, which are typical characteristics of ceramic materials.",true
45bb618fd386f324c45d8e519aedc7bdf968c638fb4546e3cfef4c2be6d53847,1,,false
45bb618fd386f324c45d8e519aedc7bdf968c638fb4546e3cfef4c2be6d53847,2,,false
dd220a6002b9e99da758475fde212490a74a6ddd0bf49b0fc23edc21c5c16e36,0,"Answer: 2

Why statement 1 might seem correct: The presence of recreational boats and a marina in the foreground suggests that recreational boating is a significant activity in the area.
Why it is actually wrong: The industrial port infrastructure in the background, including cranes and large storage containers, indicates that the primary function is cargo handling and storage, not recreational boating.

Why statement 3 might seem correct: The proximity of the port to the water and the presence of boats could suggest fishing activities.
Why it is actually wrong: The industrial nature of the port, with large cranes and storage facilities, indicates that the primary function is cargo handling and storage, not fishing activities.

Why statement 2 is grounded: The industrial port infrastructure, including cranes and storage containers, is clearly visible and indicates that the primary function of the port is cargo handling and storage.",false
dd220a6002b9e99da758475fde212490a74a6ddd0bf49b0fc23edc21c5c16e36,1,,true
dd220a6002b9e99da758475fde212490a74a6ddd0bf49b0fc23edc21c5c16e36,2,,false
08d0f01d274f8422e030d1f9e6e86eed458e74b6836b46b8a12fd6f9dc3e1637,0,"Answer: 2

Why statement 1 might seem correct: The fabric appears to be thick and layered, which could suggest it is meant to provide warmth.
Why it is actually wrong: The fabric is being used dynamically in a dance performance, which implies its purpose is more likely related to movement and visual effect rather than warmth.

Why statement 3 might seem correct: The fabric is large and spread out, which could suggest it is being used as a backdrop.
Why it is actually wrong: The fabric is being manipulated by the dancer, indicating it is an integral part of the performance rather than a static backdrop.

Why statement 2 is grounded: The fabric is being used in a way that creates a visually striking effect, with its movement and color enhancing the overall dynamic of the dance performance.",false
08d0f01d274f8422e030d1f9e6e86eed458e74b6836b46b8a12fd6f9dc3e1637,1,,true
08d0f01d274f8422e030d1f9e6e86eed458e74b6836b46b8a12fd6f9dc3e1637,2,,false
98f0157e8abf8f4d4370c31e65bb3709ce0fe5d89c44f908bbffc4685c809b1d,0,"Answer: 2

Why statement 1 might seem correct: The dish appears to be a layered dish with various ingredients, which could be mistaken for a savory casserole.
Why it is actually wrong: The ingredients and presentation do not resemble a typical savory casserole. Instead, the dish has a sweet appearance with nuts and a creamy base, which is more characteristic of a dessert.

Why statement 3 might seem correct: The dish contains nuts and what appears to be a sweet base, which could be mistaken for a fruit salad.
Why it is actually wrong: The dish does not have any visible fruits or a typical fruit salad presentation. Instead, it has a creamy base and a variety of nuts and seeds, which are more indicative of a dessert.

Why statement 2 is grounded: The dish has a creamy base and is topped with various nuts, which is characteristic of a layered dessert. The visual evidence supports this, as the dish has a sweet appearance and is served in a manner typical for desserts.",false
98f0157e8abf8f4d4370c31e65bb3709ce0fe5d89c44f908bbffc4685c809b1d,1,,true
98f0157e8abf8f4d4370c31e65bb3709ce0fe5d89c44f908bbffc4685c809b1d,2,,false
b84a15b378b5808748d29a781caf840d4d9aa1ccfa87f9e8d3815e89501d90cb,0,"Answer: 3

Why statement 1 might seem correct: The image shows a landscape with sand dunes, which might be associated with a tropical rainforest environment.
Why it is actually wrong: The sand dunes and the clear blue sky are indicative of a desert landscape, not a tropical rainforest.

Why statement 2 might seem correct: The image shows a landscape with sand dunes, which might be associated with a snowy mountain range environment.
Why it is actually wrong: The sand dunes and the clear blue sky are indicative of a desert landscape, not a snowy mountain range.

Why statement 3 is grounded: The sand dunes and the clear blue sky are indicative of a desert landscape, specifically a desert environment.",false
b84a15b378b5808748d29a781caf840d4d9aa1ccfa87f9e8d3815e89501d90cb,1,,false
b84a15b378b5808748d29a781caf840d4d9aa1ccfa87f9e8d3815e89501d90cb,2,,true
a730fb90732129d3dabb4d1d26ea4dc9d9f9daf570e359b145656548998d5430,0,"Answer: 1

Why statement 2 might seem correct: There are boats in the water, which could be motorboats.
Why it is actually wrong: The boats visible in the water are sailboats, not motorboats.

Why statement 3 might seem correct: The presence of boats in the water might suggest fishing boats.
Why it is actually wrong: The boats visible in the water are sailboats, not fishing boats.

The chosen statement is grounded because sailboats are indeed visible in the waterfront scene.",true
a730fb90732129d3dabb4d1d26ea4dc9d9f9daf570e359b145656548998d5430,1,,false
a730fb90732129d3dabb4d1d26ea4dc9d9f9daf570e359b145656548998d5430,2,,false
419177719d5b94b5ae78f33505d325f9010845d9f151bdfdee4905670e6701f3,0,"Answer: 2

Why statement 1 might seem correct: The person is wearing a uniform with a cap and a badge, which could be associated with airport security.
Why it is actually wrong: The uniform does not have any specific features that are typically associated with airport security, such as a bulletproof vest or a radio headset.

Why statement 3 might seem correct: The uniform has a badge and a cap, which could be associated with a pilot.
Why it is actually wrong: The uniform does not have any specific features that are typically associated with pilots, such as a flight suit or a pilot's wings on the uniform.

Why statement 2 is grounded: The uniform has a cap with a badge and a flight attendant pin, which is typical of a flight attendant's uniform.
Why it is actually correct: The uniform and the badge are consistent with what a flight attendant would wear, making this the most accurate statement.",false
419177719d5b94b5ae78f33505d325f9010845d9f151bdfdee4905670e6701f3,1,,true
419177719d5b94b5ae78f33505d325f9010845d9f151bdfdee4905670e6701f3,2,,false
17c4f1010bed9013958742b66e1e3d4ce9a9397e19b808a33a3c214b65260bd3,0,"Answer: 1

Why statement 2 might seem correct: The cap appears to have a dark color scheme, which could be mistaken for solid black.
Why it is actually wrong: The cap has multiple shades of brown, beige, and black, not just solid black.
Why statement 3 might seem correct: Bright neon colors are often associated with modern, trendy designs.
Why it is actually wrong: The cap has a classic, muted color scheme with earth tones, not bright neon colors.
Why statement 1 is grounded: The cap clearly features multiple shades of brown, beige, and black in its color scheme, as seen in the image.",true
17c4f1010bed9013958742b66e1e3d4ce9a9397e19b808a33a3c214b65260bd3,1,,false
17c4f1010bed9013958742b66e1e3d4ce9a9397e19b808a33a3c214b65260bd3,2,,false
f99958bee6cf40d10084a53cd982cc1455065bad8467375b486f0205f9dae166,0,"Answer: 1

Why statement 2 might seem correct: The reverse side of the coin features a figure that could be interpreted as a symbol of Caesar, and the 'S C' inscription might seem like a fitting title for such a figure.

Why it is actually wrong: The inscription 'S C' does not stand for 'Symbol of Caesar'. Instead, it stands for 'Senatus Consulto (by decree of the Senate)', which is a Latin phrase indicating that the coin was issued by the Senate's decree.

Why statement 3 might seem correct: The term 'Sacred Coinage' could be a plausible interpretation of the 'S C' inscription, as it might seem like a title that could be associated with a coin.

Why it is actually wrong: The 'S C' inscription does not stand for 'Sacred Coinage'. The correct interpretation is 'Senatus Consulto (by decree of the Senate)', which is clearly visible on the coin.

Why statement 1 is grounded: The 'S C' inscription on the reverse side of the coin stands for 'Senatus Consulto (by decree of the Senate)', which is the correct and accurate interpretation of the inscription. This is clearly visible on the coin, making statement 1 the true statement.",true
f99958bee6cf40d10084a53cd982cc1455065bad8467375b486f0205f9dae166,1,,false
f99958bee6cf40d10084a53cd982cc1455065bad8467375b486f0205f9dae166,2,,false
08e7c81a8c393040df8b22d6ecd9e8b5246ea1ccf57d3a5fe681fe694e1573f9,0,"Answer: 2

Why statement 1 might seem correct: The gemstones on the ring appear to have a reddish hue, which might lead one to think they are red.
Why it is actually wrong: The gemstones are not red; they are green.

Why statement 3 might seem correct: The gemstones on the ring appear to have a blueish tint, which might lead one to think they are blue.
Why it is actually wrong: The gemstones are not blue; they are green.

Why statement 2 is grounded: The gemstones on the ring are indeed green, which matches the description in the statement.
Why it is actually correct: The visual evidence clearly shows that the gemstones are green, confirming the statement.",false
08e7c81a8c393040df8b22d6ecd9e8b5246ea1ccf57d3a5fe681fe694e1573f9,1,,true
08e7c81a8c393040df8b22d6ecd9e8b5246ea1ccf57d3a5fe681fe694e1573f9,2,,false
18e56eedd394321586cffca1a0cf27f7c1528f45fc16ebf89b1e576eec10476a,0,"Answer: 3

Why statement 1 might seem correct: The purple floral embroidery on the abaya is quite prominent and eye-catching, which might lead one to think that purple is the primary color of the garment.
Why it is actually wrong: The majority of the abaya is black, and the purple embroidery is only a small decorative element. The primary color of the garment is clearly black.

Why statement 2 might seem correct: The white fabric in the background could make one think that the abaya is white.
Why it is actually wrong: The woman is wearing a black abaya, not a white one. The white fabric in the background does not change the color of the abaya she is wearing.

Why statement 3 is grounded: The majority of the abaya is black, and the purple embroidery is a small decorative element. The primary color of the garment is clearly black.",false
18e56eedd394321586cffca1a0cf27f7c1528f45fc16ebf89b1e576eec10476a,1,,false
18e56eedd394321586cffca1a0cf27f7c1528f45fc16ebf89b1e576eec10476a,2,,true
cfe73f670234f873e3059c8b31ab2e61172534b8856076acf94a37b1291ede7b,0,"Answer: 1

Why statement 2 might seem correct: The image shows a rocky and barren area near the shore, which might suggest a desert landscape.
Why it is actually wrong: The presence of the sea and the coastal shoreline clearly indicate that this is not a desert landscape.

Why statement 3 might seem correct: The image shows some rocky formations that could be mistaken for mountains.
Why it is actually wrong: The image clearly shows a coastal shoreline and the sea, which makes mountainous terrain an unlikely predominant feature.

The predominant geographical feature visible in the image is a coastal shoreline, as evidenced by the sea and the rocky shoreline in the foreground.",true
cfe73f670234f873e3059c8b31ab2e61172534b8856076acf94a37b1291ede7b,1,,false
cfe73f670234f873e3059c8b31ab2e61172534b8856076acf94a37b1291ede7b,2,,false
9a8f94060d50ef8e0092b4ab986e765d60cdc7933934a593426fce31115cb322,0,"Answer: 3

Why statement 1 might seem correct: Dates are often perceived as having a dark and sticky texture, especially when they are ripe and fresh.
Why it is actually wrong: The image shows dates with a shiny and smooth golden-brown skin, not dark and sticky.

Why statement 2 might seem correct: Dates are sometimes described as having dry and wrinkled skin, which can be a characteristic of some dried dates.
Why it is actually wrong: The dates in the image have a shiny and smooth appearance, not dry and wrinkled.

Why statement 3 is grounded: The dates in the image have shiny and smooth golden-brown skin, which matches the description in the statement.",false
9a8f94060d50ef8e0092b4ab986e765d60cdc7933934a593426fce31115cb322,1,,false
9a8f94060d50ef8e0092b4ab986e765d60cdc7933934a593426fce31115cb322,2,,true
7463ffe77168a2e0cae143d5ac06033d7645725d39955e3d7ce7192619b8abc5,0,"Answer: 3

Why statement 1 might seem correct: The fabric appears to have a shiny and smooth texture, which is characteristic of silk.
Why it is actually wrong: The fabric has a pattern with embroidery, which is not typical of plain silk.

Why statement 2 might seem correct: The fabric appears to be smooth and lacks visible patterns.
Why it is actually wrong: The fabric has a distinct pattern with embroidery, which is not characteristic of plain cotton.

Why statement 3 is grounded: The fabric has a pattern with embroidery, which is clearly visible.
Why it is actually correct: The fabric has a pattern with embroidery, which is clearly visible.",false
7463ffe77168a2e0cae143d5ac06033d7645725d39955e3d7ce7192619b8abc5,1,,false
7463ffe77168a2e0cae143d5ac06033d7645725d39955e3d7ce7192619b8abc5,2,,true
cb78c0a787b9664f4bf6e4f8c7d6c16eb7a3f80880bf21425f1c49f5a389a9ae,0,"Answer: 3

Why statement 1 might seem correct: There are people in the scene, and they appear to be interacting with each other, which could suggest a street performance.
Why it is actually wrong: There is no evidence of a performance, such as musical instruments, dancers, or an audience.

Why statement 2 might seem correct: The scene includes a man on a motorcycle, which could suggest a car repair workshop.
Why it is actually wrong: There is no visible signage, tools, or equipment that would indicate a car repair workshop.

Why statement 3 is grounded: The scene shows a variety of fresh produce, including vegetables and fruits, displayed on tables and stands, indicating that people are shopping for fresh produce.
Why it is actually correct: The presence of the produce and the arrangement of the tables and stands clearly indicate that this is a market where people are shopping for fresh produce.",false
cb78c0a787b9664f4bf6e4f8c7d6c16eb7a3f80880bf21425f1c49f5a389a9ae,1,,false
cb78c0a787b9664f4bf6e4f8c7d6c16eb7a3f80880bf21425f1c49f5a389a9ae,2,,true
d13611f7d1093aa1acb3be1007547c84f89438952c287c3d8f36f27db26462c3,0,"Answer: 2

Why statement 1 might seem correct: The dish appears to have a rice base and vegetables, which are common in Mexican cuisine.
Why it is actually wrong: The presence of a specific type of rice and the style of the dish do not align with typical Mexican cuisine, which often features beans, corn, and different types of meat.

Why statement 3 might seem correct: The dish has a rice base and vegetables, which are common in East Asian cuisine.
Why it is actually wrong: The style and presentation of the dish do not match typical East Asian cuisine, which often features different types of noodles, dumplings, and a variety of sauces.

Why statement 2 is grounded: The dish shown in the image has a rice base, vegetables, and a sauce that is characteristic of Mediterranean cuisine, particularly North African or Middle Eastern cuisine.
Why it is actually correct: The ingredients and presentation align well with dishes commonly found in the Mediterranean region, such as couscous or pilaf, which are staples in North African and Middle Eastern cuisine.",false
d13611f7d1093aa1acb3be1007547c84f89438952c287c3d8f36f27db26462c3,1,,true
d13611f7d1093aa1acb3be1007547c84f89438952c287c3d8f36f27db26462c3,2,,false
2f257c7f16f5c35f8a332d153efc6f6561161862f28b84f05f3935c627728e06,0,"Answer: 2

Why statement 1 might seem correct: Hadrian's Wall is a famous Roman fortification that stretches across the north of England. It is often depicted with a winding wall across green hills and mountains, which could be visually similar to the image provided.

Why it is actually wrong: The image shows a wall that is much longer and more extensive than Hadrian's Wall, and it is located in China, not England. The architecture and style of the wall also differ significantly from Hadrian's Wall.

Why statement 3 might seem correct: Machu Picchu is a famous Incan citadel located in Peru, which is also known for its impressive stone walls and mountainous setting. The image could be mistaken for Machu Picchu due to its mountainous backdrop and ancient architecture.

Why it is actually wrong: Machu Picchu is located in South America, not China. The style of the wall in the image is more consistent with Chinese architecture, and the overall landscape is more typical of the Great Wall of China.

Why statement 2 is grounded: The Great Wall of China is a series of fortifications that stretches across northern China, and it is known for its winding path across green hills and mountains. The image provided matches this description closely, with the winding wall and the mountainous landscape.

Therefore, the correct statement is 2.",false
2f257c7f16f5c35f8a332d153efc6f6561161862f28b84f05f3935c627728e06,1,,true
2f257c7f16f5c35f8a332d153efc6f6561161862f28b84f05f3935c627728e06,2,,false
5c98048da7e0c2071b2f7db3855de5d584e8558fe26c2a48d7dbfcebeb74cbd3,0,"Answer: 3

Why statement 1 might seem correct: The man is wearing a black shirt, which could be considered casual.
Why it is actually wrong: The man is wearing a black suit, which is formal attire, not casual.

Why statement 2 might seem correct: The man's attire could be interpreted as traditional.
Why it is actually wrong: The man's attire is a modern black suit, not traditional attire for a cultural event.

Why statement 3 is grounded: The man is wearing a black suit, which is formal attire for a special occasion.
Why it is actually correct: The man's attire is a formal black suit, which is appropriate for a special occasion.",false
5c98048da7e0c2071b2f7db3855de5d584e8558fe26c2a48d7dbfcebeb74cbd3,1,,false
5c98048da7e0c2071b2f7db3855de5d584e8558fe26c2a48d7dbfcebeb74cbd3,2,,true
ca5fb37c5869f96e95b177618c8ea7bb87afe19aef101d7575fdef9f2518b299,0,"Answer: 1

Why statement 2 might seem correct: The image shows a narrow canyon with steep rock walls, which could be reminiscent of the Grand Canyon.
Why it is actually wrong: The rock formations and the overall landscape do not match the Grand Canyon's distinctive red rock formations and the vast, expansive canyon view.

Why statement 3 might seem correct: The image shows a narrow canyon with smooth rock walls, which could be similar to Antelope Canyon.
Why it is actually wrong: The rock formations and the overall landscape do not match Antelope Canyon's smooth, flowing rock walls and the specific light patterns that are characteristic of Antelope Canyon.

This image most likely represents the Todgha Gorge, Morocco, as it shows a narrow canyon with steep rock walls and a similar landscape to the Todgha Gorge.",true
ca5fb37c5869f96e95b177618c8ea7bb87afe19aef101d7575fdef9f2518b299,1,,false
ca5fb37c5869f96e95b177618c8ea7bb87afe19aef101d7575fdef9f2518b299,2,,false
e56b5e26ce0b5f446db2958a76ab87e6d9f2dd7286e6628dd5d0a79c8c640453,0,"Answer: 1

Why statement 2 might seem correct: The modern design and clean appearance of the entrance might suggest that it is a modern spa.
Why it is actually wrong: The signage explicitly mentions ""Hammam Ziani"" and ""Traditional Exceptionnel,"" indicating that it is a traditional bathhouse, not a modern spa.

Why statement 3 might seem correct: The elaborate and traditional design elements might suggest that it is a cultural museum.
Why it is actually wrong: The signage and the traditional design elements indicate that it is a bathhouse, not a museum.

Why statement 1 is grounded: The signage explicitly mentions ""Hammam Ziani"" and ""Traditional Exceptionnel,"" indicating that it is a traditional bathhouse.",true
e56b5e26ce0b5f446db2958a76ab87e6d9f2dd7286e6628dd5d0a79c8c640453,1,,false
e56b5e26ce0b5f446db2958a76ab87e6d9f2dd7286e6628dd5d0a79c8c640453,2,,false
ba929d53b538c3a0ac2d57ee6da15762288ecb64948e22cb481af1a559eaae31,0,"Answer: 1

Why statement 2 might seem correct: The minaret is a tall structure, which could naturally be used to house prayer rooms.
Why it is actually wrong: The image shows the minaret with a clear view of its exterior, which is designed for calling to prayer, not housing prayer rooms.
Why statement 3 might seem correct: The minaret is ornate and decorative, which could suggest it serves a decorative purpose.
Why it is actually wrong: The primary function of a mosque minaret is to call worshippers to prayer, as evidenced by the design and structure visible in the image.

The chosen statement (1) is grounded because the primary function of a mosque minaret is indeed to call worshippers to prayer, as shown by the design and structure of the minaret in the image.",true
ba929d53b538c3a0ac2d57ee6da15762288ecb64948e22cb481af1a559eaae31,1,,false
ba929d53b538c3a0ac2d57ee6da15762288ecb64948e22cb481af1a559eaae31,2,,false
452b46e54415e4a4525bcadcfc1d7590887f189ec9f8cd636a86c87bde2208d1,0,"Answer: 3

Why statement 1 might seem correct: The structure's architectural style and the presence of palm trees might suggest a connection to the Alhambra, which is known for its intricate Islamic architecture and is located in a region with similar vegetation.
Why it is actually wrong: The Alhambra is located in Spain, not in the Arab world, and the structure in the image is more reminiscent of North African or Moroccan architecture.

Why statement 2 might seem correct: The Taj Mahal is a famous mausoleum in India, and its distinctive design might lead someone to associate it with the structure in the image.
Why it is actually wrong: The Taj Mahal is located in India, not in the Arab world, and the structure in the image does not match the architectural style of the Taj Mahal.

Why statement 3 is grounded: The structure in the image is the El Badi Palace, a historical palace located in Morocco, which is part of the Arab world.
Why it is actually correct: The El Badi Palace is a well-known historical site in Morocco, and the architectural style and location in the image match those of the El Badi Palace.",false
452b46e54415e4a4525bcadcfc1d7590887f189ec9f8cd636a86c87bde2208d1,1,,false
452b46e54415e4a4525bcadcfc1d7590887f189ec9f8cd636a86c87bde2208d1,2,,true
86f7aba040aed7a80f48bdd3bf32195b7796174e9355256ec091d3ccc1c7be6b,0,"Answer: 3

Why statement 1 might seem correct: The person in the image is bending over a board, which could be mistaken for a snowboard.
Why it is actually wrong: The board is on sand, and the person is wearing a headscarf and sandals, which are not typical attire for snowboarding.
Why statement 2 might seem correct: The board could be mistaken for a skateboard due to its shape and the person's stance.
Why it is actually wrong: The environment is a sand dune, not a typical setting for skateboarding.
Why statement 3 is grounded: The board is on sand, and the person is wearing clothing and footwear suitable for sandboarding.",false
86f7aba040aed7a80f48bdd3bf32195b7796174e9355256ec091d3ccc1c7be6b,1,,false
86f7aba040aed7a80f48bdd3bf32195b7796174e9355256ec091d3ccc1c7be6b,2,,true
f2ecb7b498eda0b537cc750362867125519781565cddb2648082dc48db1e2397,0,"Answer: 2

Why statement 1 might seem correct: The intricate and ornate design of the structure, along with the presence of arches and detailed tile work, could suggest that it is a palace, which often features such elaborate architecture.

Why it is actually wrong: There are no visible windows or doors that are typical of a palace, and the structure does not have the open spaces or large courtyards that are characteristic of palace architecture.

Why statement 3 might seem correct: The structure's design, with its arches and detailed tile work, could also suggest that it is a marketplace, which often features such ornate and decorative elements.

Why it is actually wrong: The structure does not have the open spaces or stalls that are typical of a marketplace, and the design does not suggest a commercial or public gathering space.

Why statement 2 is grounded: The structure's design, with its arches and detailed tile work, along with the presence of Arabic calligraphy, is characteristic of Islamic architecture, which is commonly found in mosques. The structure's design and the calligraphy suggest that it is a mosque.

Therefore, the correct answer is Statement 2: The structure depicted in the image is likely a mosque.",false
f2ecb7b498eda0b537cc750362867125519781565cddb2648082dc48db1e2397,1,,true
f2ecb7b498eda0b537cc750362867125519781565cddb2648082dc48db1e2397,2,,false
9dd38d671e905d30f34db8fc5959d28a7943b1368833f96965f8e6bd5d0a8cfe,0,"Answer: 1

Why statement 2 might seem correct: Santorini, Greece is known for its blue-painted buildings and vibrant artisanal marketplaces, which might lead one to think it is famous for its blue-painted streets and artisanal marketplaces.
Why it is actually wrong: The image provided does not show any blue-painted streets or artisanal marketplaces in Santorini, Greece. Instead, it shows a blue-painted street and artisanal marketplaces in Chefchaouen, Morocco.

Why statement 3 might seem correct: Jaipur, India is known for its blue-painted streets and artisanal marketplaces, which might lead one to think it is famous for its blue-painted streets and artisanal marketplaces.
Why it is actually wrong: The image provided does not show any blue-painted streets or artisanal marketplaces in Jaipur, India. Instead, it shows a blue-painted street and artisanal marketplaces in Chefchaouen, Morocco.

Why statement 1 is grounded: The image shows a blue-painted street and artisanal marketplaces, which are characteristic of Chefchaouen, Morocco. This confirms that Chefchaouen, Morocco is famous for its blue-painted streets and artisanal marketplaces.",true
9dd38d671e905d30f34db8fc5959d28a7943b1368833f96965f8e6bd5d0a8cfe,1,,false
9dd38d671e905d30f34db8fc5959d28a7943b1368833f96965f8e6bd5d0a8cfe,2,,false
35c77c36383a6bbd0c9b410f5b7cfe671767887fc74ad7a2f2682793f9cf384f,0,"Answer: 1

Why statement 2 might seem correct: The presence of a bowl with a red sauce and a dish with chopped vegetables could be reminiscent of Japanese cuisine, which often features colorful and fresh ingredients.
Why it is actually wrong: The specific ingredients and serving style, such as the use of a clay pot and the presence of a stew with preserved vegetables, are more characteristic of Moroccan cuisine.

Why statement 3 might seem correct: The use of vegetables and the style of the dishes could be associated with Mediterranean cuisine, which often includes fresh vegetables and colorful presentations.
Why it is actually wrong: The specific ingredients and serving style, such as the clay pot and the stew with preserved vegetables, are more characteristic of Moroccan cuisine.

This meal represents Moroccan cuisine based on the ingredients and serving style. The clay pot with the stew, the preserved vegetables, and the style of the dishes are indicative of Moroccan cuisine.",true
35c77c36383a6bbd0c9b410f5b7cfe671767887fc74ad7a2f2682793f9cf384f,1,,false
35c77c36383a6bbd0c9b410f5b7cfe671767887fc74ad7a2f2682793f9cf384f,2,,false
0cf8ade38877aae95963e4e85b5e2612f393478330f286933109feff4519219a,0,"Answer: 3

Why statement 1 might seem correct: The image shows a spacious area with people walking and a fountain, which are common features in public parks.
Why it is actually wrong: The presence of a mosque-like structure and the overall architectural style suggest that this is a mosque courtyard rather than a public park.

Why statement 2 might seem correct: The area appears to be open and spacious, which could be characteristic of a shopping mall.
Why it is actually wrong: The architectural elements, such as the mosque-like structure and the fountain, indicate that this is a mosque courtyard, not a shopping mall.

Why statement 3 is grounded: The image shows a mosque-like structure and a fountain, which are typical features of a mosque courtyard.
Why it is actually correct: The architectural style and the presence of a mosque-like structure confirm that this is a mosque courtyard.",false
0cf8ade38877aae95963e4e85b5e2612f393478330f286933109feff4519219a,1,,false
0cf8ade38877aae95963e4e85b5e2612f393478330f286933109feff4519219a,2,,true
284ce606c572469fc1f26375fee3ef6ebba14681879ca9c8ec5f8f68a627cd7e,0,"Answer: 1

Why statement 2 might seem correct: A camel is a common animal used for transportation in many Arab markets, and the image shows a cart which could be pulled by a camel.
Why it is actually wrong: There is no visible camel in the image, only a horse pulling a cart.

Why statement 3 might seem correct: A donkey is another animal that could be used for transportation in a market, and the image shows a cart which could be pulled by a donkey.
Why it is actually wrong: There is no visible donkey in the image, only a horse pulling a cart.

Why statement 1 is grounded: The image clearly shows a horse pulling a cart, which is the correct statement.",true
284ce606c572469fc1f26375fee3ef6ebba14681879ca9c8ec5f8f68a627cd7e,1,,false
284ce606c572469fc1f26375fee3ef6ebba14681879ca9c8ec5f8f68a627cd7e,2,,false
e16e812ae462d2e8d9b52cedf023f5ab16edaf97fa4566989292623ba23f0708,0,"Answer: 1

Why statement 2 might seem correct: Wood is a common material for traditional lanterns due to its availability and ease of carving.
Why it is actually wrong: The lantern in the image has a metal structure and is not made of wood.

Why statement 3 might seem correct: Plastic is a modern material that can be used to make lanterns.
Why it is actually wrong: The lantern in the image has a metal structure and is not made of plastic.

The chosen statement is grounded because the lantern in the image has a metal structure, which is a common material for traditional lanterns.",true
e16e812ae462d2e8d9b52cedf023f5ab16edaf97fa4566989292623ba23f0708,1,,false
e16e812ae462d2e8d9b52cedf023f5ab16edaf97fa4566989292623ba23f0708,2,,false
778681cc7f2d8aa23350f2b0d83fc2489f2417428a1b1fa454c7cba0c60598df,0,"Answer: 2

Why statement 1 might seem correct: The image shows a person wearing pants, and it is common for pants to have a belt. However, the image does not show a leather belt.

Why statement 2 might seem correct: The person in the image is wearing multiple rings on their fingers, which are visible in the image.

Why it is actually wrong: The rings are silver, not multiple silver rings.

Why statement 3 might seem correct: The person in the image is wearing a necklace, which is visible in the image.

Why it is actually wrong: The necklace is not silver; it is black.

Why statement 2 is grounded: The person is wearing multiple silver rings on their fingers, which are prominently visible in the image.",false
778681cc7f2d8aa23350f2b0d83fc2489f2417428a1b1fa454c7cba0c60598df,1,,true
778681cc7f2d8aa23350f2b0d83fc2489f2417428a1b1fa454c7cba0c60598df,2,,false
e7e1e77a40b12a8ae2df942b08a1a423e3cab220af51dce895b21fc64ad99fa3,0,"Answer: 1

Why statement 2 might seem correct: The acronym ""UNESCO"" is prominently featured in the image, which might lead someone to think that the United Nations is featured.
Why it is actually wrong: The image clearly shows ""UNESCO"" and not the United Nations. The United Nations is a different organization and is not represented in the image.

Why statement 3 might seem correct: The presence of camels and traditional attire might suggest a cultural event, which could be associated with the World Wildlife Fund.
Why it is actually wrong: The World Wildlife Fund is not represented in the image. The image shows a camel race and traditional attire, but there is no visual evidence of the World Wildlife Fund.

Why statement 1 is grounded: The image prominently features ""UNESCO"" on a large sign, indicating that the event is recognized by UNESCO, which suggests its cultural importance.",true
e7e1e77a40b12a8ae2df942b08a1a423e3cab220af51dce895b21fc64ad99fa3,1,,false
e7e1e77a40b12a8ae2df942b08a1a423e3cab220af51dce895b21fc64ad99fa3,2,,false
fd425a3624e7e7abbe1b652ffc8b445f11d0fb60fc29e56202087199493bdd12,0,"Answer: 3

Why statement 1 might seem correct: The tagine dish is a popular cuisine in many parts of the world, including Italy, and it might be mistakenly associated with Italian cuisine due to its widespread popularity and the similarity in names.
Why it is actually wrong: The image shows a traditional tagine dish, which is a Moroccan stew, not an Italian dish. The tagine pot is a distinctive feature of Moroccan cuisine, not Italian.

Why statement 2 might seem correct: The tagine dish is a popular cuisine in many parts of the world, including India, and it might be mistakenly associated with Indian cuisine due to the similarity in names and the use of similar ingredients.
Why it is actually wrong: The image shows a traditional tagine dish, which is a Moroccan stew, not an Indian dish. The tagine pot is a distinctive feature of Moroccan cuisine, not Indian.

Why statement 3 is grounded: The image shows a traditional tagine dish, which is a Moroccan stew, and the tagine pot is a distinctive feature of Moroccan cuisine. The tagine pot and the stew are both iconic elements of Moroccan cooking, making this statement the correct one.",false
fd425a3624e7e7abbe1b652ffc8b445f11d0fb60fc29e56202087199493bdd12,1,,false
fd425a3624e7e7abbe1b652ffc8b445f11d0fb60fc29e56202087199493bdd12,2,,true
ecf6be46870b810f5e5176e3b4af0346fbe627b28423f1b0cc960a4d83320624,0,"Answer: 3

Why statement 1 might seem correct: The rug appears to have floral-like patterns, which could be interpreted as floral motifs.
Why it is actually wrong: The rug has a series of geometric shapes and lines, not floral motifs.

Why statement 2 might seem correct: The rug appears to be a solid-colored rug with no visible patterns.
Why it is actually wrong: The rug has distinct patterns and designs, not a solid color.

Why statement 3 is grounded: The rug has a patterned design with geometric shapes and lines, which are clearly visible in the image.
Why it is actually correct: The rug's design includes geometric patterns and shapes, which are evident in the image.",false
ecf6be46870b810f5e5176e3b4af0346fbe627b28423f1b0cc960a4d83320624,1,,false
ecf6be46870b810f5e5176e3b4af0346fbe627b28423f1b0cc960a4d83320624,2,,true
06f74f400cae942cf6abc004040471b041056be90a47a3ddecea70dcab1ec106,0,"Answer: 1

Why statement 2 might seem correct: The pots have a shiny surface, which could suggest they are made from metal.
Why it is actually wrong: The pots have a matte finish and are stacked in a way typical of ceramic items, not metal.

Why statement 3 might seem correct: The pots have a smooth, glazed appearance, which is characteristic of ceramic.
Why it is actually wrong: The pots are described as ""Moroccan tagine pots,"" which are traditionally made from terracotta, not ceramic.

Why statement 1 is grounded: The pots have a terracotta color and are described as ""Moroccan tagine pots,"" which are traditionally made from terracotta.",true
06f74f400cae942cf6abc004040471b041056be90a47a3ddecea70dcab1ec106,1,,false
06f74f400cae942cf6abc004040471b041056be90a47a3ddecea70dcab1ec106,2,,false
b8ada52bbf13faef18bbb0558643ef98b378ab23d6f16e600e9de78a66ea9438,0,"Answer: 1

Why statement 2 might seem correct: The recessed niches are built into the walls and could be used for storage.
Why it is actually wrong: The niches are uniformly spaced and aligned, and they are positioned at eye level, which is more typical for decorative purposes rather than storage.

Why statement 3 might seem correct: The niches are recessed into the walls, which could allow for airflow.
Why it is actually wrong: The niches are too high and too evenly spaced to be practical for ventilation purposes.

The chosen statement is grounded because the niches are holding decorative sculptures, which is visually evident in the image.",true
b8ada52bbf13faef18bbb0558643ef98b378ab23d6f16e600e9de78a66ea9438,1,,false
b8ada52bbf13faef18bbb0558643ef98b378ab23d6f16e600e9de78a66ea9438,2,,false
27f59f913951e28b297b1631b310beb350e6adcf46627ed9556865b674b05dc5,0,"Answer: 1

Why statement 2 might seem correct: The variety and complexity of the ceramic items suggest they could be used for industrial purposes, such as in manufacturing or construction.
Why it is actually wrong: The items are primarily decorative and feature intricate designs, which are not typical of industrial use.

Why statement 3 might seem correct: The ceramic items could be used for food packaging due to their decorative nature and the presence of lids.
Why it is actually wrong: The primary function of these items is not explicitly for food packaging, and their decorative nature suggests they are meant for display or cultural purposes.

The chosen statement is grounded because the items are clearly decorative and feature cultural designs, indicating their primary function is for decoration and cultural preservation.",true
27f59f913951e28b297b1631b310beb350e6adcf46627ed9556865b674b05dc5,1,,false
27f59f913951e28b297b1631b310beb350e6adcf46627ed9556865b674b05dc5,2,,false
bd456b35ed43bebe499dbc4b8a8c89da20b06eea52cc7f12c8ff9292e4b8659b,0,"Answer: 1

Why statement 2 might seem correct: The cityscape has a dense, sprawling layout with numerous buildings, which is characteristic of Istanbul.
Why it is actually wrong: The architectural style and the presence of mosques with green domes and minarets are distinctly Moroccan, particularly indicative of Fez.

Why statement 3 might seem correct: The cityscape has a dense, sprawling layout with numerous buildings, which is characteristic of Cairo.
Why it is actually wrong: The architectural style and the presence of mosques with green domes and minarets are distinctly Moroccan, particularly indicative of Fez.

The chosen statement is grounded because the cityscape in the image, with its distinctive Moroccan architecture and layout, is consistent with Fez, Morocco.",true
bd456b35ed43bebe499dbc4b8a8c89da20b06eea52cc7f12c8ff9292e4b8659b,1,,false
bd456b35ed43bebe499dbc4b8a8c89da20b06eea52cc7f12c8ff9292e4b8659b,2,,false
9a0bb52062c6b6b883d4d3ef91347fc8c63a191afc92979a479daf61e1ee3dfe,0,"Answer: 2

Why statement 1 might seem correct: Silk is a luxurious material often used in high-end rugs.
Why it is actually wrong: The texture and appearance of the rug in the image do not match the smooth and lustrous finish typically associated with silk.

Why statement 3 might seem correct: Wool is a common material for rugs due to its durability and softness.
Why it is actually wrong: The rug in the image does not have the typical nap or pile associated with wool rugs.

Why statement 2 is grounded: The texture and appearance of the rug in the image resemble that of a cotton rug, which is known for its durability and softness.",false
9a0bb52062c6b6b883d4d3ef91347fc8c63a191afc92979a479daf61e1ee3dfe,1,,true
9a0bb52062c6b6b883d4d3ef91347fc8c63a191afc92979a479daf61e1ee3dfe,2,,false
811ff98691f716d2f78b8beef77846a1827188987df54e2cbfbd5da5ee5294b6,0,"Answer: 3

Why statement 1 might seem correct: The intricate tile work and arches are reminiscent of the Taj Mahal's design elements.
Why it is actually wrong: The Taj Mahal is known for its white marble and not the beige and green tiles seen in the image.

Why statement 2 might seem correct: The design elements, such as the arches and tile work, are similar to those found in the Blue Mosque.
Why it is actually wrong: The Blue Mosque is known for its blue tiles and domes, which are not present in the image.

Why statement 3 is grounded: The beige and green tile work, along with the specific architectural style, are characteristic of the Hassan II Mosque in Morocco.
Why it is actually correct: The Hassan II Mosque is known for its unique tile work and the specific design elements seen in the image.",false
811ff98691f716d2f78b8beef77846a1827188987df54e2cbfbd5da5ee5294b6,1,,false
811ff98691f716d2f78b8beef77846a1827188987df54e2cbfbd5da5ee5294b6,2,,true
ad3a8a716fea7f0251663b040f28b3b27ec72b440fcffef181a5b2d3af0d8c74,0,"Answer: 3

Why statement 1 might seem correct: The presence of a cup and a tea pot might suggest that the beverage being prepared is hot chocolate, as it is a common way to serve hot chocolate.
Why it is actually wrong: The image shows a traditional tea set, including a tea pot and a cup, which is indicative of tea preparation rather than hot chocolate.

Why statement 2 might seem correct: The setting and the traditional tea set might suggest that the beverage being prepared is coffee, as coffee is also commonly served in such settings.
Why it is actually wrong: The image shows a tea pot and a cup, which is indicative of tea preparation rather than coffee.

Why statement 3 is grounded: The image shows a traditional tea set, including a tea pot and a cup, which is indicative of tea preparation.
Therefore, the correct answer is statement 3.",false
ad3a8a716fea7f0251663b040f28b3b27ec72b440fcffef181a5b2d3af0d8c74,1,,false
ad3a8a716fea7f0251663b040f28b3b27ec72b440fcffef181a5b2d3af0d8c74,2,,true
dbac647dc77367ed928664c1e1fc1f72ed357da489dcb0be344132a2b1144ea3,0,"Answer: 1

Why statement 2 might seem correct: The presence of English text on the signage might lead one to believe that it uses both Arabic and English.
Why it is actually wrong: The signage clearly shows Arabic and French, not English.
Why statement 3 might seem correct: The use of French text might suggest the presence of Spanish text as well.
Why it is actually wrong: There is no evidence of Spanish text on the signage.

The chosen statement is grounded because the signage at Gare Casa Voyageurs uses both Arabic and French, as clearly visible in the image.",true
dbac647dc77367ed928664c1e1fc1f72ed357da489dcb0be344132a2b1144ea3,1,,false
dbac647dc77367ed928664c1e1fc1f72ed357da489dcb0be344132a2b1144ea3,2,,false
73fd8f243bcf461d051f07873182747d56220df25bf492f035fa5db64d113b5e,0,"Answer: 1

Why statement 2 might seem correct: Granite and basalt can both have reddish-brown colors, and the texture can be similar in some cases.
Why it is actually wrong: The rock in the image has a coarse-grained texture, which is more characteristic of granite than basalt. Basalt typically has a fine-grained texture.

Why statement 3 might seem correct: Sandstone can also have a reddish-brown color and a similar texture.
Why it is actually wrong: The rock in the image has a more uniform and interlocking texture, which is more characteristic of granite than sandstone. Sandstone often has a more layered appearance.

Granite is the correct choice because the rock in the image has a coarse-grained texture and a reddish-brown color, which are typical characteristics of granite.",true
73fd8f243bcf461d051f07873182747d56220df25bf492f035fa5db64d113b5e,1,,false
73fd8f243bcf461d051f07873182747d56220df25bf492f035fa5db64d113b5e,2,,false
d4b168cf24a39c0253f20ffe08d17d689e23f29fabc8d29e31f481f1a363e5df,0,"Answer: 1

Why statement 2 might seem correct: The tagine pot has a lid and a conical shape, which is often associated with serving tea in traditional Moroccan culture.

Why it is actually wrong: The image shows a tagine pot with intricate designs and a conical lid, which is typical of a tagine used for cooking stews, not for serving tea.

Why statement 3 might seem correct: The tagine pot's shape and design might suggest it could be used for baking bread.

Why it is actually wrong: The image clearly shows a tagine pot with a conical lid and a wide base, which is specifically designed for slow cooking stews, not for baking bread.

Why statement 1 is grounded: The image shows a traditional Moroccan tagine pot with a conical lid and a wide base, which is the typical design used for slow cooking stews.",true
d4b168cf24a39c0253f20ffe08d17d689e23f29fabc8d29e31f481f1a363e5df,1,,false
d4b168cf24a39c0253f20ffe08d17d689e23f29fabc8d29e31f481f1a363e5df,2,,false
472b01378e6d356e47da6b8a1fc73608678a3b4e7ba25b1998daa705265337f8,0,"Answer: 2

Why statement 1 might seem correct: The platform is elevated and appears to be a suitable space for performances.
Why it is actually wrong: There is no evidence of musical instruments or performers on the platform.

Why statement 3 might seem correct: The platform is elevated and could be used for launching hot air balloons.
Why it is actually wrong: There are no hot air balloons or any equipment related to hot air balloons visible in the image.

Why statement 2 is grounded: The platform is elevated and has people standing on it, suggesting it is a place for sightseeing and enjoying views.
Why it is actually correct: The platform is designed for people to stand on and enjoy the view, as evidenced by the silhouettes of people on the platform.",false
472b01378e6d356e47da6b8a1fc73608678a3b4e7ba25b1998daa705265337f8,1,,true
472b01378e6d356e47da6b8a1fc73608678a3b4e7ba25b1998daa705265337f8,2,,false
d597111f88ae34f80fa23fdec6f6b90b28edad5bab3b40340c5fa75d44ac9084,0,"Answer: 2

Why statement 1 might seem correct: The architecture shown in the image has a unique style that might be unfamiliar to those not from East Asia, potentially leading to the assumption that it is associated with that region.
Why it is actually wrong: The architecture features white walls and arched doorways, which are characteristic of North African architecture, particularly in regions like Morocco or Tunisia.

Why statement 3 might seem correct: Scandinavian architecture often includes elements like light-colored walls and minimalistic design, which could be mistaken for the architecture in the image.
Why it is actually wrong: The architecture in the image has distinct features such as the arched doorways and the style of the walls, which are more typical of North African architecture than Scandinavian.

Why statement 2 is grounded: The architecture shown in the image, with its white walls and arched doorways, is characteristic of North African architecture, particularly in regions like Morocco or Tunisia.",false
d597111f88ae34f80fa23fdec6f6b90b28edad5bab3b40340c5fa75d44ac9084,1,,true
d597111f88ae34f80fa23fdec6f6b90b28edad5bab3b40340c5fa75d44ac9084,2,,false
15871c7d9d4dae5aab98b0639a957de55d38c16d559c8295e0f0c36ef40431bc,0,"Answer: 2

Why statement 1 might seem correct: The background of the Canadian flag in the image appears to show a cityscape, which could be mistaken for an urban environment.
Why it is actually wrong: The image clearly shows a serene lake surrounded by mountains, not a dense urban cityscape.

Why statement 3 might seem correct: The background of the Canadian flag in the image could be mistaken for a desert with sand dunes due to the rocky and barren landscape.
Why it is actually wrong: The image shows a serene lake and mountains, not a desert with sand dunes.

Why statement 2 is grounded: The image clearly shows a serene lake surrounded by mountains, which is prominently visible in the background of the Canadian flag.",false
15871c7d9d4dae5aab98b0639a957de55d38c16d559c8295e0f0c36ef40431bc,1,,true
15871c7d9d4dae5aab98b0639a957de55d38c16d559c8295e0f0c36ef40431bc,2,,false
c9f4d52aee146c5c1ee07722b49bec00f7895a72ecbe5086457f5136abab01dc,0,"Answer: 2

Why statement 1 might seem correct: The traditional dress in the image appears to have a red hue, which might make one think that the main color is red.
Why it is actually wrong: The dress is clearly blue, as evidenced by the consistent blue color throughout the garment.

Why statement 3 might seem correct: The blue color of the dress might make one think that it could also be green.
Why it is actually wrong: The dress is distinctly blue, with no green elements visible.

Why statement 2 is grounded: The dress is indeed blue, as seen in the image. The blue color is the dominant and main color of the dress.
Why statement 2 is actually correct: The visual evidence clearly shows that the dress is blue, making statement 2 the correct answer.",false
c9f4d52aee146c5c1ee07722b49bec00f7895a72ecbe5086457f5136abab01dc,1,,true
c9f4d52aee146c5c1ee07722b49bec00f7895a72ecbe5086457f5136abab01dc,2,,false
f0b6c336575fcb24a5a9686df93a53b3d24e018beff806f419ddbac883a01517,0,"Answer: 1

Why statement 2 might seem correct: The aircraft has a color scheme and design that is similar to Qatar Airways' branding.
Why it is actually wrong: The livery and branding on the aircraft clearly indicate that it belongs to Oman Air, not Qatar Airways.

Why statement 3 might seem correct: The aircraft has a color scheme and design that is similar to Emirates' branding.
Why it is actually wrong: The livery and branding on the aircraft clearly indicate that it belongs to Oman Air, not Emirates.

The chosen statement is grounded because the aircraft clearly displays the branding and livery of Oman Air, making statement 1 the correct choice.",true
f0b6c336575fcb24a5a9686df93a53b3d24e018beff806f419ddbac883a01517,1,,false
f0b6c336575fcb24a5a9686df93a53b3d24e018beff806f419ddbac883a01517,2,,false
1313b8eab411543044b44b2e330ff5b2c9db348468047bc457b4d109644562f5,0,"Answer: 2

Why statement 1 might seem correct: The individuals are dressed in traditional attire, which could be associated with religious practices in many cultures.
Why it is actually wrong: There is no specific evidence in the image that suggests they are preparing for a religious pilgrimage. The setting and their attire do not directly indicate a religious context.

Why statement 3 might seem correct: The individuals are near a pool, which could suggest a casual poolside gathering.
Why it is actually wrong: The attire and headpieces are not typical for a casual poolside gathering. They are more elaborate and ceremonial.

Why statement 2 is grounded: The traditional attire and headpieces are indicative of a Balinese dance performance, which often involves such elaborate costumes and headpieces.
Why it is actually correct: The visual evidence of the traditional attire and headpieces strongly suggests that the individuals are preparing for a traditional Balinese dance performance.",false
1313b8eab411543044b44b2e330ff5b2c9db348468047bc457b4d109644562f5,1,,true
1313b8eab411543044b44b2e330ff5b2c9db348468047bc457b4d109644562f5,2,,false
aa563c2700e58fe7291af169390fb5a0e4ee23fd093a692e994d949d5e887328,0,"Answer: 1

Why statement 2 might seem correct: The athletes on the podium are holding flags, and the colors of the flags might be mistaken for those of Oman.
Why it is actually wrong: The flags prominently displayed by the athletes are red, white, and green, which are the colors of the flag of Bahrain, not Oman.

Why statement 3 might seem correct: The athletes on the podium are holding flags, and the colors of the flags might be mistaken for those of Qatar.
Why it is actually wrong: The flags prominently displayed by the athletes are red, white, and green, which are the colors of the flag of Bahrain, not Qatar.

The chosen statement is grounded because the athletes are holding the flag of Bahrain, which is red, white, and green.",true
aa563c2700e58fe7291af169390fb5a0e4ee23fd093a692e994d949d5e887328,1,,false
aa563c2700e58fe7291af169390fb5a0e4ee23fd093a692e994d949d5e887328,2,,false
2091623ee84e8a7eb347ea59d71884121b6dce29d94c50994296aa828060aa48,0,"Answer: 2

Why statement 1 might seem correct: The image shows a large structure, which could be mistaken for a dome.
Why it is actually wrong: The structure is clearly labeled as a high school building, not a dome.

Why statement 3 might seem correct: The structure appears to be a significant building, which could be mistaken for a historical monument.
Why it is actually wrong: The structure is labeled as a high school, not a historical monument.

Why statement 2 is grounded: The primary architectural feature visible in the image is indeed a modern high school building, as indicated by the label on the structure.",false
2091623ee84e8a7eb347ea59d71884121b6dce29d94c50994296aa828060aa48,1,,true
2091623ee84e8a7eb347ea59d71884121b6dce29d94c50994296aa828060aa48,2,,false
271907de2d807f9111bdbe4b8798a49da9756c4a360bdb58ce8abe4bf70dfa8c,0,"Answer: 3

Why statement 1 might seem correct: [best argument for it]
   Why it is actually wrong: [specific visual evidence that contradicts it]
   There is no evidence in the image that suggests the people are conducting research on the turtle's habitat. The image only shows people taking photos, which does not necessarily imply research activities.

Why statement 2 might seem correct: [best argument for it]
   Why it is actually wrong: [specific visual evidence that contradicts it]
   There is no indication in the image that the people are preparing the turtle for relocation. The image shows the turtle in its natural habitat, and the people are observing and taking photos, not engaging in any activities that would suggest preparation for relocation.

Why statement 3 might seem correct: [best argument for it]
   Why it is actually wrong: [specific visual evidence that contradicts it]
   The image shows a group of people taking photos of a sea turtle, which is a rare sighting in the Arab world. This suggests that the people are documenting a rare sighting, as they are capturing the moment with their cameras.

Confirm why statement 3 is grounded:
   The image clearly shows a group of people taking photos of a sea turtle, which indicates that they are documenting a rare sighting. The presence of tourists and the fact that they are taking photos of the turtle suggest that this is a special and noteworthy event, making statement 3 the correct and grounded statement.",false
271907de2d807f9111bdbe4b8798a49da9756c4a360bdb58ce8abe4bf70dfa8c,1,,false
271907de2d807f9111bdbe4b8798a49da9756c4a360bdb58ce8abe4bf70dfa8c,2,,true
651d53b9c746a06872cf8305d7f7db62a9256f8c392520ef2588af892955c145,0,"Answer: 3

Why statement 1 might seem correct: The books appear to be old and well-used, which could suggest they are used for scientific research and experimentation.
Why it is actually wrong: There is no specific visual evidence such as scientific diagrams, formulas, or technical language that would indicate these books are used for scientific research and experimentation.

Why statement 2 might seem correct: The books have ornate covers and appear to be old, which could suggest they are religious texts.
Why it is actually wrong: There is no specific visual evidence such as religious symbols, titles, or text that would indicate these books are used for religious study and worship.

Why statement 3 is grounded: The books have worn covers and appear to be old, which suggests they are used for casual reading and entertainment.
Why it is actually correct: The books' worn appearance and the fact that they are arranged in a way that suggests they are part of a personal collection, rather than being organized for a specific purpose like scientific research or religious study, supports the idea that they are used for casual reading and entertainment.",false
651d53b9c746a06872cf8305d7f7db62a9256f8c392520ef2588af892955c145,1,,false
651d53b9c746a06872cf8305d7f7db62a9256f8c392520ef2588af892955c145,2,,true
0dffdb6536b7ab3e20898d78ad5c33dc1e8442f0f0b5c26cf283e4483dbee61e,0,"Answer: 1

Why statement 2 might seem correct: The presence of comfortable seating and a relaxed atmosphere might suggest a recreational center.
Why it is actually wrong: The presence of medical equipment, such as IV stands and a blood bag, indicates that this is a medical treatment facility.

Why statement 3 might seem correct: The seating arrangement and the presence of a person in a medical setting might suggest a classroom.
Why it is actually wrong: The presence of medical equipment and the specific setup for medical treatment clearly indicate that this is a medical facility, not a classroom.

The chosen statement is grounded because the medical equipment and the setup of the facility clearly indicate that it is a medical treatment facility.",true
0dffdb6536b7ab3e20898d78ad5c33dc1e8442f0f0b5c26cf283e4483dbee61e,1,,false
0dffdb6536b7ab3e20898d78ad5c33dc1e8442f0f0b5c26cf283e4483dbee61e,2,,false
c3bf14f1fb01ec91bb6ced6b377dc55940c1cac3caa2d70acef68788b2285f62,0,"Answer: 1

Why statement 2 might seem correct: A cartographer might seem responsible for studying and authenticating this type of coin because cartographers are experts in maps and geography, and coins often have inscriptions related to geography or history.
Why it is actually wrong: The image shows a coin with Arabic inscriptions, which are related to language and script, not geography or cartography.

Why statement 3 might seem correct: A linguist might seem responsible for studying and authenticating this type of coin because linguists study languages and scripts.
Why it is actually wrong: The image shows a coin with Arabic inscriptions, which are related to language and script, not linguistics in the broader sense.

Why statement 1 is grounded: A numismatist is an expert in the study and authentication of coins, which is directly relevant to the image showing a coin with inscriptions and markings that a numismatist would analyze.

Therefore, the correct answer is Statement 1.",true
c3bf14f1fb01ec91bb6ced6b377dc55940c1cac3caa2d70acef68788b2285f62,1,,false
c3bf14f1fb01ec91bb6ced6b377dc55940c1cac3caa2d70acef68788b2285f62,2,,false
c07f9e90a3144f7c18df49b37dc8202f4a0b984e97edca6e5358fde151ca96ed,0,"Answer: 1

Why statement 2 might seem correct: The style of clothing seen in the image, with its embroidery and design, might seem similar to traditional Northern European garments, which often feature intricate patterns and rich colors.

Why it is actually wrong: The clothing in the image is distinctly different from traditional Northern European attire. Northern European clothing typically includes elements like tunics, long-sleeved shirts, and woolen fabrics, which are not present in the image. Instead, the clothing in the image has a more ornate and elaborate design, which is characteristic of South Asian attire.

Why statement 1 is grounded: The style of clothing seen in the image is most closely associated with South Asia. The clothing features intricate embroidery, a high collar, and a patterned design that is characteristic of traditional South Asian garments, such as a sherwani or a Nehru jacket. These elements are commonly found in South Asian attire, making statement 1 the correct choice.",true
c07f9e90a3144f7c18df49b37dc8202f4a0b984e97edca6e5358fde151ca96ed,1,,false
c07f9e90a3144f7c18df49b37dc8202f4a0b984e97edca6e5358fde151ca96ed,2,,false
b10b0c5e8478d9a278699d00bc5b9b97f955e2ba9d794c03b8d313104be1663f,0,"Answer: 1

Why statement 2 might seem correct: The terracotta pots and the architectural style could be mistaken for those found in South America, particularly in regions with a rich history of pottery and traditional architecture.

Why it is actually wrong: The architectural features, such as the arched windows and the style of the pots, are more indicative of Middle Eastern or North African architecture, not South American.

Why statement 3 might seem correct: The terracotta pots and the architectural style could be mistaken for those found in Scandinavia, where traditional pottery and unique architectural styles are prevalent.

Why it is actually wrong: The architectural features, such as the arched windows and the style of the pots, are more indicative of Middle Eastern or North African architecture, not Scandinavian.

The chosen statement is grounded because the architectural features and terracotta pots in the image are most representative of the Middle East, characterized by the arched windows and the style of the pots, which are common in this region.",true
b10b0c5e8478d9a278699d00bc5b9b97f955e2ba9d794c03b8d313104be1663f,1,,false
b10b0c5e8478d9a278699d00bc5b9b97f955e2ba9d794c03b8d313104be1663f,2,,false
8f811e9841e8ea7e2975849f45f870c756596a495102e30f659972eba2c883ec,0,"Answer: 2

Why statement 1 might seem correct: The seating pods are designed to be enclosed, which could lead one to think they are intended for storing luggage.
Why it is actually wrong: The pods are clearly designed for seating and have a flat surface and armrests, which are not suitable for storing luggage.
Why statement 3 might seem correct: The enclosed design and comfortable appearance of the pods could suggest they are intended for entertainment areas.
Why it is actually wrong: There are no visible screens or entertainment devices within the pods, and the design is more focused on privacy and comfort rather than entertainment.

The primary purpose of the seating pods in this airplane cabin is to provide privacy and comfort for travelers, as evidenced by the enclosed design and comfortable seating arrangement.",false
8f811e9841e8ea7e2975849f45f870c756596a495102e30f659972eba2c883ec,1,,true
8f811e9841e8ea7e2975849f45f870c756596a495102e30f659972eba2c883ec,2,,false
e467bf0e9c964b55198e3da52b0c8ff7c40cda79c57fcc580cefd22716bdd69c,0,"Answer: 3

Why statement 1 might seem correct: Tropical rainforests are known for their dense vegetation and biodiversity, which might suggest that ancient ruins could be found there. However, the image shows dry, arid conditions, which are not typical of tropical rainforests.

Why statement 2 might seem correct: Urban city centers are often associated with modern infrastructure and buildings. However, the image shows ancient stone ruins, which are not characteristic of urban city centers.

Why statement 3 might seem correct: Desert regions are known for their arid and dry conditions, which match the appearance of the ruins in the image. The clear blue sky and lack of vegetation support this.

Why it is actually wrong: The ruins are not in a desert region; they are in a dry, arid environment, but not a desert. The presence of mountains in the background and the lack of sand dunes or cacti suggest that this is not a desert.

Why statement 3 is grounded: The ruins are in a dry, arid environment, which is consistent with the appearance of ancient stone ruins found in desert regions. The clear blue sky and lack of vegetation support this.",false
e467bf0e9c964b55198e3da52b0c8ff7c40cda79c57fcc580cefd22716bdd69c,1,,false
e467bf0e9c964b55198e3da52b0c8ff7c40cda79c57fcc580cefd22716bdd69c,2,,true
df32536a386778b3f719be2d6cb7a321d1628b6fa7ca4e2b4d5bb5db8299836c,0,"Answer: 3

Why statement 1 might seem correct: Terracotta pots have been used historically for various purposes, including storage. It is possible that in some cultures, they might have been used to store jewelry and clothing.
Why it is actually wrong: The image shows decorative patterns and designs on the pots, which are more typical of pots used for ceremonial or decorative purposes rather than for storing practical items like jewelry and clothing.

Why statement 2 might seem correct: Terracotta pots have been used for centuries to store various items, including books and papers.
Why it is actually wrong: The pots in the image have intricate designs and are not shaped or sized in a way that suggests they are used for storing books and papers.

Why statement 3 is grounded: Terracotta pots like those in the image are commonly used to store water and grains in many cultures, especially in arid regions where such pots are easily accessible and practical for storage.
The pots in the image are large and sturdy, which are characteristics suitable for storing water and grains.",false
df32536a386778b3f719be2d6cb7a321d1628b6fa7ca4e2b4d5bb5db8299836c,1,,false
df32536a386778b3f719be2d6cb7a321d1628b6fa7ca4e2b4d5bb5db8299836c,2,,true
0cd63bcb00b8bb70a566c04cb7568fa27c19bf70d17e3790e13c9b4bd9e2a500,0,"Answer: 1

Why statement 2 might seem correct: The fortress appears to have a wooden door, which might suggest that wood is used in its construction.
Why it is actually wrong: The fortress is primarily made of mud or stone, as evidenced by the texture and color of the walls and the lack of visible wooden elements other than the door.
Why statement 3 might seem correct: The fortress looks modern and might seem to be made of concrete.
Why it is actually wrong: The fortress is constructed using traditional materials like mud or stone, which is evident from the texture and color of the walls. There are no signs of modern materials like concrete.
Why statement 1 is grounded: The fortress is made of mud or stone, as indicated by the texture and color of the walls, which are typical of such construction materials in desert regions.",true
0cd63bcb00b8bb70a566c04cb7568fa27c19bf70d17e3790e13c9b4bd9e2a500,1,,false
0cd63bcb00b8bb70a566c04cb7568fa27c19bf70d17e3790e13c9b4bd9e2a500,2,,false
e1961f4c6e6dc1cb0dbf374737f16f9742b41afdcad778eb9e987b89cfa1d7c4,0,"Answer: 1

Why statement 2 might seem correct: The basket appears to have a smooth and shiny surface, which could suggest it is made of metal.
Why it is actually wrong: The texture and appearance of the basket, along with the visible fibers and weaving pattern, clearly indicate that it is made of natural fibers, not metal.

Why statement 3 might seem correct: The basket has a uniform and consistent appearance, which could suggest it is made of plastic.
Why it is actually wrong: The visible weaving pattern and the natural coloration of the fibers indicate that the basket is made of natural materials, not plastic.

The chosen statement (1) is grounded because the visual evidence clearly shows a woven basket with a natural fiber texture, which is consistent with the description in the statement.",true
e1961f4c6e6dc1cb0dbf374737f16f9742b41afdcad778eb9e987b89cfa1d7c4,1,,false
e1961f4c6e6dc1cb0dbf374737f16f9742b41afdcad778eb9e987b89cfa1d7c4,2,,false
8307dff2be6a333f6bed2ffad42585e5803f8f00004919e3ccc1d479794ac7d3,0,"Answer: 3

Why statement 1 might seem correct: The building appears to have a flat roof, which might be mistaken for slanted roofs from a distance.
Why it is actually wrong: The image clearly shows a flat roof, not slanted roofs.

Why statement 2 might seem correct: The building has a large, central structure that could be mistaken for a dome.
Why it is actually wrong: There are no domes visible in the image; the structure is flat.

Why statement 3 is grounded: The building prominently features arched doorways, which are clearly visible in the image.
Why it is actually correct: The image shows multiple arched doorways, confirming this statement.",false
8307dff2be6a333f6bed2ffad42585e5803f8f00004919e3ccc1d479794ac7d3,1,,false
8307dff2be6a333f6bed2ffad42585e5803f8f00004919e3ccc1d479794ac7d3,2,,true
4303f9dc22cbd4d29ac1e39e469b96f907f01132cdfe19d61a05bfc1100c0232,0,"Answer: 2

Why statement 1 might seem correct: The building appears to have a modern, industrial look, which might lead one to think it is made of concrete and steel.
Why it is actually wrong: The image shows a building with a rough, uneven surface and visible stones, which are not typical materials for concrete and steel structures.

Why statement 3 might seem correct: The building looks like it could be made of wood and bricks, as these materials are often used in traditional construction.
Why it is actually wrong: The building's surface is not consistent with wood or brick construction, and there are no visible wood or brick materials.

Why statement 2 is grounded: The building's surface is made of stone and mud, which are common materials in traditional construction in many parts of the Arab world.
Why it is actually correct: The image shows a building with a rough, uneven surface and visible stones, which are typical of stone and mud construction.",false
4303f9dc22cbd4d29ac1e39e469b96f907f01132cdfe19d61a05bfc1100c0232,1,,true
4303f9dc22cbd4d29ac1e39e469b96f907f01132cdfe19d61a05bfc1100c0232,2,,false
2e817ed5ccc4785dc4a3a7da426d5ab26d9067d72117c237efca06a6f524a2ab,0,"Answer: 1

Why statement 2 might seem correct: The individuals are dressed formally, which could be associated with a fashion show.
Why it is actually wrong: The presence of national flags and formal attire typically indicates a diplomatic or official event rather than a fashion show.

Why statement 3 might seem correct: The formal attire and setting could be associated with a sports award ceremony.
Why it is actually wrong: The presence of national flags and the formal handshake between two individuals suggest a diplomatic or official meeting rather than a sports award ceremony.

This image most likely depicts a diplomatic meeting because of the presence of national flags and the formal attire of the individuals, which is common in diplomatic settings.",true
2e817ed5ccc4785dc4a3a7da426d5ab26d9067d72117c237efca06a6f524a2ab,1,,false
2e817ed5ccc4785dc4a3a7da426d5ab26d9067d72117c237efca06a6f524a2ab,2,,false
da2514d67cfd89f8008d79092b00f89b8bc6d9278556761fd9e40bd9ad2f4e57,0,"Answer: 1

Why statement 2 might seem correct: The dress has a formal appearance and could be mistaken for a modern evening gown.
Why it is actually wrong: The dress has distinct cultural patterns and embroidery, which are not typical of modern evening gowns.

Why statement 3 might seem correct: The dress could be mistaken for a business suit due to its structured design.
Why it is actually wrong: The dress has elaborate embroidery and cultural patterns, which are not characteristic of a business suit.

The chosen statement is grounded because the dress clearly features traditional embroidery and cultural patterns, which are evident in the detailed design and motifs.",true
da2514d67cfd89f8008d79092b00f89b8bc6d9278556761fd9e40bd9ad2f4e57,1,,false
da2514d67cfd89f8008d79092b00f89b8bc6d9278556761fd9e40bd9ad2f4e57,2,,false
47be8b58f25f76e00d3ec008680bcb2cd815608114d170f65c421e423e083478,0,"Answer: 3

Why statement 1 might seem correct: Crenellations are often mistaken for decorative elements due to their distinctive appearance and the aesthetic appeal they add to the architecture.
Why it is actually wrong: The crenellations are clearly designed for defense, as they provide cover for defenders while allowing them to shoot arrows or throw projectiles at attackers.

Why statement 2 might seem correct: Ventilation is another plausible function for crenellations, as they could allow for airflow and reduce heat buildup in the fort.
Why it is actually wrong: The primary function of crenellations is not ventilation but defense. There is no visual evidence in the image that suggests ventilation is a primary purpose.

Why statement 3 is grounded: The crenellations are strategically placed on the walls of the fort, providing cover and protection for defenders while allowing them to observe and engage with potential attackers. This is a clear indication that their primary purpose is defense against attacks.",false
47be8b58f25f76e00d3ec008680bcb2cd815608114d170f65c421e423e083478,1,,false
47be8b58f25f76e00d3ec008680bcb2cd815608114d170f65c421e423e083478,2,,true
9f9ffdf4de8b9316c6cc2a083e20013b35f1926d28cc5977a02713ff1f25a746,0,"Answer: 2

Why statement 1 might seem correct: The image shows a woman dressed in traditional attire, which could be displayed in a museum setting. The presence of ornate columns and stained glass windows also suggests a historical or cultural context that could be found in a museum.

Why it is actually wrong: The woman is praying, which is an activity more commonly associated with a religious setting rather than a museum.

Why statement 3 might seem correct: The presence of stained glass windows and the ornate columns could suggest a library setting, which often features such architectural elements.

Why it is actually wrong: The woman's attire and the act of prayer are more indicative of a religious setting, not a library.

Why statement 2 is grounded: The woman is praying, and the stained glass windows and ornate columns are typical of a church setting. The overall ambiance and architectural elements support this interpretation.

Therefore, the correct answer is Statement 2: The image is likely set in a church.",false
9f9ffdf4de8b9316c6cc2a083e20013b35f1926d28cc5977a02713ff1f25a746,1,,true
9f9ffdf4de8b9316c6cc2a083e20013b35f1926d28cc5977a02713ff1f25a746,2,,false
b9cf06abcb106a8ad8d31e454df899218a6c014ce018d888e74b5a084dd7fe4a,0,"Answer: 1

Why statement 2 might seem correct: The omnidirectional treadmills appear to be designed for physical activity, which could suggest an intent to improve fitness during gaming.

Why it is actually wrong: The primary purpose of these treadmills is to allow free movement within a virtual reality environment, as evidenced by the VR headsets and the virtual environment displayed on the screen.

Why statement 3 might seem correct: The presence of the treadmills and the gaming setup could suggest they are used as a seating area for gamers.

Why it is actually wrong: The treadmills are specifically designed for movement, not for seating, as indicated by their structure and the fact that they are actively being used for movement.

Why statement 1 is grounded: The omnidirectional treadmills are clearly designed for free movement within a virtual reality environment, as shown by the VR headsets and the virtual environment displayed on the screen.",true
b9cf06abcb106a8ad8d31e454df899218a6c014ce018d888e74b5a084dd7fe4a,1,,false
b9cf06abcb106a8ad8d31e454df899218a6c014ce018d888e74b5a084dd7fe4a,2,,false
eb95bcfb2c949a836960baeeeb68d5aee8716f679217cb4a4c83707a45f860d5,0,"Answer: 2

Why statement 1 might seem correct: The individuals are dressed in traditional attire and appear to be celebrating, which could suggest a cultural event.
Why it is actually wrong: There is no indication of celebration or festivity in their expressions or body language. They are holding rifles, which is not typical for a cultural event.

Why statement 3 might seem correct: The individuals are holding rifles, which could suggest preparation for a sports competition.
Why it is actually wrong: The context and attire suggest a protest or demonstration rather than a sports event. There is no visible sports equipment or setting.

Why statement 2 is grounded: The individuals are holding rifles and appear to be part of a group, which is characteristic of a protest or demonstration. The presence of a flag also supports this interpretation.
Why it is actually correct: The visual evidence of rifles and the group setting aligns with a protest or demonstration, not a cultural event or sports competition.",false
eb95bcfb2c949a836960baeeeb68d5aee8716f679217cb4a4c83707a45f860d5,1,,true
eb95bcfb2c949a836960baeeeb68d5aee8716f679217cb4a4c83707a45f860d5,2,,false
a5ffe93c0ff6398bb717cb1aca18c1e1337876b2789956c80aae3c65d10195ba,0,"Answer: 1

Why statement 2 might seem correct: The jug has a shiny, metallic appearance which could lead one to believe it is made of silver.
Why it is actually wrong: The color and texture of the jug, along with the visible patina, suggest that it is made of copper or brass, not silver.

Why statement 3 might seem correct: The jug has a smooth, glossy finish which could make one think it is ceramic.
Why it is actually wrong: The jug has a distinct metallic sheen and the handle appears to be made of a metal, not ceramic.

The chosen statement is grounded because the visual evidence, such as the color, texture, and patina, clearly indicate that the jug is made of copper or brass.",true
a5ffe93c0ff6398bb717cb1aca18c1e1337876b2789956c80aae3c65d10195ba,1,,false
a5ffe93c0ff6398bb717cb1aca18c1e1337876b2789956c80aae3c65d10195ba,2,,false
122f752d2ca69550fdfa946dab718ed61564539839850c44a57b25dfcdb1ec89,0,"Answer: 1

Why statement 2 might seem correct: The presence of a large, comfortable sofa and cushions could suggest a setting suitable for a business conference room where people might relax during breaks.
Why it is actually wrong: The image shows a cozy, inviting space with a fireplace and candles, which is more indicative of a relaxation lounge than a formal business setting.

Why statement 3 might seem correct: The arrangement of the sofa and cushions could be interpreted as suitable for a dining area in a restaurant.
Why it is actually wrong: The image does not show any dining tables, chairs, or typical restaurant decor, which makes it less likely to be a formal dining area.

Why statement 1 is grounded: The image shows a large, comfortable sofa with cushions and a fireplace, which is typical of a relaxation lounge in a spa or wellness center. The presence of candles and a cozy atmosphere further supports this interpretation.",true
122f752d2ca69550fdfa946dab718ed61564539839850c44a57b25dfcdb1ec89,1,,false
122f752d2ca69550fdfa946dab718ed61564539839850c44a57b25dfcdb1ec89,2,,false
f2eb95c464ed84f0c64c2e9f3c5f13b1a5fdb094c2c87b619840fc9a62b9560e,0,"Answer: 3

Why statement 1 might seem correct: [best argument for it]
   - The blue boat on the beach could be associated with activities like mountain guiding, which often involves navigating bodies of water.

Why it is actually wrong: [specific visual evidence that contradicts it]
   - There is no evidence of a mountain guide or any related equipment in the image. The focus is solely on the boat and the beach.

Why statement 2 might seem correct: [best argument for it]
   - The blue boat could be associated with construction workers who might use boats for transporting materials or equipment.

Why it is actually wrong: [specific visual evidence that contradicts it]
   - There is no construction equipment or workers visible in the image. The scene is focused on the boat and the natural surroundings.

Why statement 3 is grounded: [specific visual evidence that supports it]
   - The blue boat is a common type of fishing boat, and the beach setting suggests it could be used by a fisherman. The absence of other specific evidence makes this the most plausible association.",false
f2eb95c464ed84f0c64c2e9f3c5f13b1a5fdb094c2c87b619840fc9a62b9560e,1,,false
f2eb95c464ed84f0c64c2e9f3c5f13b1a5fdb094c2c87b619840fc9a62b9560e,2,,true
8dca531dbce3a22a749a7c4946e3f0df308b05db2e9fc2e4a75efd004494abe6,0,"Answer: 1

Why statement 2 might seem correct: The building has large windows and a grand entrance, which are common features of libraries.
Why it is actually wrong: The presence of ornate sculptures and the word ""OPERAN"" on the building clearly indicate that it is an opera house, not a library.

Why statement 3 might seem correct: The building's grandeur and architectural style could also be associated with museums.
Why it is actually wrong: The word ""OPERAN"" and the decorative elements specific to opera houses strongly suggest that this is an opera house, not a museum.

The chosen statement is grounded because the word ""OPERAN"" is clearly visible on the building, indicating that it is an opera house.",true
8dca531dbce3a22a749a7c4946e3f0df308b05db2e9fc2e4a75efd004494abe6,1,,false
8dca531dbce3a22a749a7c4946e3f0df308b05db2e9fc2e4a75efd004494abe6,2,,false
2a423bdeb63cd24df92f76889e8bff6236baa1361f8faf42f36753730bdbaf2b,0,"Answer: 1

Why statement 2 might seem correct: The person is positioned on the side of the dune, which could suggest they are climbing.
Why it is actually wrong: The person is sitting on the dune, not actively climbing it.

Why statement 3 might seem correct: The person is on a dune, which is a common location for sandboarding.
Why it is actually wrong: There is no visible sandboard or equipment that the person is using, and they are simply sitting.

The person in the image is relaxing on the sand, which is visually supported by their seated position and the overall serene setting.",true
2a423bdeb63cd24df92f76889e8bff6236baa1361f8faf42f36753730bdbaf2b,1,,false
2a423bdeb63cd24df92f76889e8bff6236baa1361f8faf42f36753730bdbaf2b,2,,false
9d02a19bbe8cc5a6eeff5147df30509b86f1bac44c333d147ee798090b0d24bd,0,"Answer: 1

Why statement 2 might seem correct: The smoke dome could potentially enhance the aroma of the drink, which might be mistaken for enhancing flavor.
Why it is actually wrong: There is no visual evidence in the image that suggests the smoke dome is used to enhance the flavor of the drink. The smoke dome is primarily used for visual appeal.

Why statement 3 might seem correct: The smoke dome could be mistaken for a cooling mechanism, as smoke is often associated with cooling.
Why it is actually wrong: The smoke dome is clearly used for visual effect, as it is placed on top of the cocktail glass and is not in contact with the drink. There is no evidence that it serves to keep the drink cold.

The chosen statement (1) is grounded because the smoke dome is clearly used to create a visually appealing presentation, as evidenced by its placement and the way it interacts with the light and the drink.",true
9d02a19bbe8cc5a6eeff5147df30509b86f1bac44c333d147ee798090b0d24bd,1,,false
9d02a19bbe8cc5a6eeff5147df30509b86f1bac44c333d147ee798090b0d24bd,2,,false
7d2b79d132823b8010464afdc0d8a7db4ea83460a6432f184324b07c8af45ad7,0,"Answer: 2

Why statement 1 might seem correct: The image shows a landscape with undulating patterns, which could be mistaken for snowy mountain ranges.
Why it is actually wrong: The image clearly shows sand dunes with a distinct texture and color typical of a desert environment, not the snowy white and rugged appearance of mountains.

Why statement 3 might seem correct: The image shows a natural landscape, which could be associated with a tropical rainforest.
Why it is actually wrong: The image shows sand dunes, which are characteristic of arid environments, not the dense, green, and humid conditions of a tropical rainforest.

The environment shown in the image is a desert with sand dunes, which is evident from the sandy texture and undulating patterns typical of desert landscapes.",false
7d2b79d132823b8010464afdc0d8a7db4ea83460a6432f184324b07c8af45ad7,1,,true
7d2b79d132823b8010464afdc0d8a7db4ea83460a6432f184324b07c8af45ad7,2,,false
4f4d81517d7ee2346145f1f9cf07c63be52ebdf94fdf6fcf4565b0932047aaaf,0,"Answer: 3

Why statement 1 might seem correct: The text 'NIGHT WIRE' in the background could be associated with a news broadcast, as it appears to be a title or heading that might be used in such a context.

Why it is actually wrong: The visual evidence in the image shows a person wearing headphones and laughing, which is more indicative of a gaming or entertainment setting rather than a news broadcast.

Why statement 2 might seem correct: The text 'NIGHT WIRE' could also be associated with a music concert, as it has a dynamic and energetic feel that is often associated with music events.

Why it is actually wrong: The visual evidence in the image shows a person wearing headphones and laughing, which is more indicative of a gaming or entertainment setting rather than a music concert.

Why statement 3 is grounded: The text 'NIGHT WIRE' in the background, combined with the person wearing headphones and laughing, suggests a gaming event or show. The headphones and the context imply that the person is engaged in an activity related to gaming or entertainment, which is consistent with a gaming event or show.

Therefore, the correct answer is statement 3.",false
4f4d81517d7ee2346145f1f9cf07c63be52ebdf94fdf6fcf4565b0932047aaaf,1,,false
4f4d81517d7ee2346145f1f9cf07c63be52ebdf94fdf6fcf4565b0932047aaaf,2,,true
f5a08c5aa47d9f9c4cad2956c40d84f9c45390f9305a5199f1e279f1942491fc,0,"Answer: 2

Why statement 1 might seem correct: The garment has a significant amount of red detailing, which might make it seem like the primary color.
Why it is actually wrong: The majority of the garment is black, which is the dominant color.

Why statement 3 might seem correct: The garment does have some blue elements, which might make it seem like a primary color.
Why it is actually wrong: The blue is not the dominant color; the primary color is black.

Why statement 2 is grounded: The garment is predominantly black, with red detailing. The black fabric covers the majority of the garment, making it the primary color.
Why statement 2 is actually correct: The visual evidence clearly shows that the garment is primarily black.",false
f5a08c5aa47d9f9c4cad2956c40d84f9c45390f9305a5199f1e279f1942491fc,1,,true
f5a08c5aa47d9f9c4cad2956c40d84f9c45390f9305a5199f1e279f1942491fc,2,,false
9b2ed3bc636fa4782a9c86fe94b9a69969590bea033b217fa2fe7acefb4806f6,0,"Answer: 1

Why statement 2 might seem correct: The Church of the Holy Sepulchre is a significant religious site in Jerusalem, and it is located near the Temple Mount. It might seem reasonable to assume that it could be visible in a photograph of the Temple Mount.

Why it is actually wrong: The photograph in the image does not show the Church of the Holy Sepulchre. The focus is on the Dome of the Rock and other structures on the Temple Mount, but the Church of the Holy Sepulchre is not prominently visible in this photograph.

Why statement 3 might seem correct: The Western Wall is another significant religious site in Jerusalem and is located near the Temple Mount. It might seem reasonable to assume that it could be visible in a photograph of the Temple Mount.

Why it is actually wrong: The photograph in the image does not show the Western Wall. The focus is on the Dome of the Rock and other structures on the Temple Mount, but the Western Wall is not prominently visible in this photograph.

Why statement 1 is grounded: The photograph in the image prominently features the Dome of the Rock, which is a significant structure on the Temple Mount. The caption also confirms that the photograph is from 1898 and shows the Temple Mount, making this statement correct.",true
9b2ed3bc636fa4782a9c86fe94b9a69969590bea033b217fa2fe7acefb4806f6,1,,false
9b2ed3bc636fa4782a9c86fe94b9a69969590bea033b217fa2fe7acefb4806f6,2,,false
6d63fdf22861f4859527657306e13d4eab0222da2563bda142410d564545dc0c,0,"Answer: 2

Why statement 1 might seem correct: The building's design and the presence of a palm tree might suggest a residential area, which often includes such landscaping.
Why it is actually wrong: The building prominently displays the name 'QUERCUS' and 'ARP', which are typically associated with corporate or office buildings rather than residential complexes.

Why statement 3 might seem correct: The building's size and the presence of multiple floors might suggest a shopping mall, which often has large, multi-story structures.
Why it is actually wrong: There are no visible signs or features that are typically associated with shopping malls, such as large retail storefronts or signage for shops.

Why statement 2 is grounded: The building's name 'QUERCUS' and 'ARP' are indicative of corporate or office buildings, and the structure's design is consistent with office buildings rather than residential or shopping malls.",false
6d63fdf22861f4859527657306e13d4eab0222da2563bda142410d564545dc0c,1,,true
6d63fdf22861f4859527657306e13d4eab0222da2563bda142410d564545dc0c,2,,false
b8513cdf9719b2e6c83aeceaae1d3dc8f37711fd18d2b58731bca64b2684af57,0,"Answer: 3

Why statement 1 might seem correct: The setting appears to be a clinical environment, which could be a pharmacy.
Why it is actually wrong: The presence of a tent-like structure and the casual attire of the individuals suggest an outdoor or temporary setting, not a pharmacy.

Why statement 2 might seem correct: The clinical environment and the medical procedure being performed could suggest a hospital room.
Why it is actually wrong: The setting appears to be a temporary structure, likely an emergency tent, rather than a permanent hospital room.

This medical procedure is likely taking place in an emergency tent because the setting resembles a temporary structure, and the individuals are dressed in casual clothing, which is common in emergency or field medical settings.",false
b8513cdf9719b2e6c83aeceaae1d3dc8f37711fd18d2b58731bca64b2684af57,1,,false
b8513cdf9719b2e6c83aeceaae1d3dc8f37711fd18d2b58731bca64b2684af57,2,,true
a0b57786384396d5e4cfb122c657477422616c9e0b1613ee153c87157eef95ad,0,"Answer: 2

Why statement 1 might seem correct: [best argument for it]
   - Palm oil is a common ingredient in many soaps, and it is often used in traditional soaps from various regions.

Why it is actually wrong: [specific visual evidence that contradicts it]
   - The image shows a soap with Arabic text, specifically mentioning ""Nablus,"" but there is no mention of palm oil in the visible text.

Why statement 3 might seem correct: [best argument for it]
   - Coconut oil is another common ingredient in soaps and is often used in traditional soaps.

Why it is actually wrong: [specific visual evidence that contradicts it]
   - The image does not show any text indicating the use of coconut oil in the soap.

Why statement 2 is grounded: [specific visual evidence that supports it]
   - The soap in the image has text that includes ""Nablus"" and ""Nablus Soap,"" which suggests that it is a product from Nablus. Given that olive oil is a traditional ingredient in Nablus soap, this statement is supported by the context provided in the image.",false
a0b57786384396d5e4cfb122c657477422616c9e0b1613ee153c87157eef95ad,1,,true
a0b57786384396d5e4cfb122c657477422616c9e0b1613ee153c87157eef95ad,2,,false
63c4fa592916c49b082f5c19fa15aaecf6454485d1578086dcbf07cc3926aaaf,0,"Answer: 1

Why statement 1 might seem correct: The image shows various cleaning and personal care products, but there is no visible solid shampoo among them.

Why it is actually wrong: The image clearly shows a bottle labeled ""HiBAR. SOLID SHAMPOO"" on the right side of the image.

Why statement 2 might seem correct: The image shows a variety of personal care products, but there is no visible toothpaste among them.

Why it is actually wrong: The image shows a tube of toothpaste with the label ""MELORA"" on the left side of the image.

Why statement 3 might seem correct: The image shows various items, but there are no wool dryer balls visible.

Why it is actually wrong: The image shows a white spherical object that appears to be a wool dryer ball on the left side of the image.",true
63c4fa592916c49b082f5c19fa15aaecf6454485d1578086dcbf07cc3926aaaf,1,,false
63c4fa592916c49b082f5c19fa15aaecf6454485d1578086dcbf07cc3926aaaf,2,,false
28e2b8ead0d749ff66a2b5a8a3acccbd1348a5eec5a4e4dd202a3fb4540131f4,0,"Answer: 3

Why statement 1 might seem correct: The lighting and position of the sun could suggest it is morning.
Why it is actually wrong: The sky is not bright enough to indicate morning light, and the sun is low on the horizon, which is more typical of sunset.

Why statement 2 might seem correct: The lighting and position of the sun could suggest it is afternoon.
Why it is actually wrong: The sky is not bright enough to indicate afternoon light, and the sun is low on the horizon, which is more typical of sunset.

Why statement 3 is grounded: The lighting and position of the sun, along with the color of the sky, suggest that the image depicts sunset. The low position of the sun on the horizon and the warm colors in the sky are typical indicators of sunset.",false
28e2b8ead0d749ff66a2b5a8a3acccbd1348a5eec5a4e4dd202a3fb4540131f4,1,,false
28e2b8ead0d749ff66a2b5a8a3acccbd1348a5eec5a4e4dd202a3fb4540131f4,2,,true
dccf8d188975ee269b7598ca8317513f23bb669e2fe67d27738c3417db149f8e,0,"Answer: 2

Why statement 1 might seem correct: The flag in the background has a red, white, and black color scheme, which is similar to the flag of the United Arab Emirates.

Why it is actually wrong: The flag in the image has a green stripe at the bottom, which is not present in the flag of the United Arab Emirates.

Why statement 3 might seem correct: The flag in the background has a green stripe at the bottom, which is a common feature in the flags of the Arab world, including Palestine.

Why it is actually wrong: The flag in the image has a red stripe at the top, which is not present in the flag of Palestine.

Why statement 2 is grounded: The flag in the image has a red, white, and green color scheme, which matches the flag of Jordan.

Therefore, the correct answer is Statement 2.",false
dccf8d188975ee269b7598ca8317513f23bb669e2fe67d27738c3417db149f8e,1,,true
dccf8d188975ee269b7598ca8317513f23bb669e2fe67d27738c3417db149f8e,2,,false
e9ad5a1956dc1ec172cea80a02ec1280943e385d5cd8996ac9d44ba13e344a6d,0,"Answer: 3

Why statement 1 might seem correct: The space has multiple computer setups and chairs, which could be used for office meetings.
Why it is actually wrong: The setups are specifically designed for gaming, indicated by the ""GAME ZONE"" labels and the presence of gaming chairs and equipment.

Why statement 2 might seem correct: The space has a modern and artistic feel, which could be suitable for displaying art exhibitions.
Why it is actually wrong: There is no visible artwork or display setups that would indicate the space is used for art exhibitions. The focus is on gaming setups.

Why statement 3 is grounded: The space is equipped with multiple gaming stations, gaming chairs, and monitors, indicating it is used for hosting esports tournaments.
Why it is actually correct: The ""GAME ZONE"" labels and the setups are specifically designed for gaming, which supports the idea of hosting esports tournaments.",false
e9ad5a1956dc1ec172cea80a02ec1280943e385d5cd8996ac9d44ba13e344a6d,1,,false
e9ad5a1956dc1ec172cea80a02ec1280943e385d5cd8996ac9d44ba13e344a6d,2,,true
b5dfb06be5f689953b1d6eccfd49dc1b96b2854a5fac03c72a08477790430a96,0,"Answer: 1

Why statement 2 might seem correct: The presence of students and staff, and the casual attire, might suggest a sports event.
Why it is actually wrong: There is no visible sports equipment or setting, and the context appears to be more formal and organized, typical of an educational assembly.

Why statement 3 might seem correct: The raised hands and the presence of adults might suggest a protest or demonstration.
Why it is actually wrong: There is no visible signage or context indicating a protest, and the overall atmosphere seems more celebratory or formal than protest-like.

The chosen statement is grounded because the image shows a group of students and staff gathered in a formal manner, which is consistent with a school assembly to promote education and awareness.",true
b5dfb06be5f689953b1d6eccfd49dc1b96b2854a5fac03c72a08477790430a96,1,,false
b5dfb06be5f689953b1d6eccfd49dc1b96b2854a5fac03c72a08477790430a96,2,,false
0a8891aa1329a8c55ebfee1b098f47540f40176e23c855d1fb53aa48162d2457,0,"Answer: 3

Why statement 1 might seem correct: The presence of a large crowd and the fact that many people are wearing red caps and uniforms could suggest a political rally.
Why it is actually wrong: There is no visible political symbolism or banners that would typically be associated with a political rally.

Why statement 2 might seem correct: The uniforms and red caps worn by many individuals could suggest a military parade.
Why it is actually wrong: There is no visible military equipment or vehicles that would typically be associated with a military parade.

Why statement 3 is grounded: The presence of a Christmas tree and the attire of the crowd, along with the religious site in the background, suggest that a Christmas celebration is taking place.
Why it is actually correct: The Christmas tree and the religious site in the background provide strong visual evidence that a Christmas celebration is likely taking place.",false
0a8891aa1329a8c55ebfee1b098f47540f40176e23c855d1fb53aa48162d2457,1,,false
0a8891aa1329a8c55ebfee1b098f47540f40176e23c855d1fb53aa48162d2457,2,,true
e7ddde6c7e4d5f85cc5b667bdf5cdd07e9f422ad16a7059fe17a12357d705f7e,0,"Answer: 1

Why statement 2 might seem correct: The Star of David is often associated with peace and unity due to its symmetrical and harmonious design, which can be interpreted as a symbol of balance and togetherness.

Why it is actually wrong: The image shows the Star of David on the Israeli flag, which is a clear representation of Judaism and Jewish identity. There is no visual evidence in the image that suggests the Star of David symbolizes peace and unity.

Why statement 3 might seem correct: Some might argue that the Star of David is merely a decorative design without specific meaning, as it is a common geometric shape.

Why it is actually wrong: The Star of David is widely recognized as a symbol of Judaism and Jewish identity, as it is prominently featured on the Israeli flag. The image clearly shows the Star of David in this context, indicating its significance.

Why statement 1 is grounded: The Star of David on the Israeli flag represents Judaism and Jewish identity, as it is a widely recognized symbol within the Jewish community and is prominently displayed on the national flag of Israel.",true
e7ddde6c7e4d5f85cc5b667bdf5cdd07e9f422ad16a7059fe17a12357d705f7e,1,,false
e7ddde6c7e4d5f85cc5b667bdf5cdd07e9f422ad16a7059fe17a12357d705f7e,2,,false
5cd6b2cb0c17580da11f38f22447f4f0841ddc06773b69478e68ed08a000908a,0,"Answer: 2

Why statement 1 might seem correct: The tall city buildings in the background could contribute to the ambiance by providing a sense of urban sophistication and a backdrop that enhances the overall experience of dining outdoors.

Why it is actually wrong: There are no tall city buildings visible in the image. The background shows a calm body of water and a gradient sky, not any urban structures.

Why statement 2 might seem correct: The gradient colors of the sunset sky create a serene and romantic atmosphere, which is often associated with outdoor dining settings.

Why it is actually wrong: The gradient colors of the sunset sky are the most prominent feature in the image and contribute significantly to the ambiance.

Why statement 3 might seem correct: The presence of sports equipment could contribute to the ambiance by adding a sense of activity and liveliness to the setting.

Why it is actually wrong: There is no visible sports equipment in the image. The setting is focused on the dining area and the natural beauty of the sunset.

The chosen statement (2) is grounded because the gradient colors of the sunset sky are clearly visible and contribute significantly to the ambiance of the outdoor dining setting.",false
5cd6b2cb0c17580da11f38f22447f4f0841ddc06773b69478e68ed08a000908a,1,,true
5cd6b2cb0c17580da11f38f22447f4f0841ddc06773b69478e68ed08a000908a,2,,false
09fe2909fd5f095ae05fdabd1939beead6ffa8db51157f07e5e9eb37ca4d0fa1,0,"Answer: 2

Why statement 1 might seem correct: The mural in the background appears to depict a scene with multiple figures, which could be interpreted as a historical painting.

Why it is actually wrong: The mural features abstract and colorful designs, including shapes and patterns, rather than a detailed historical scene.

Why statement 3 might seem correct: The mural does include some geometric shapes, such as circles and lines.

Why it is actually wrong: The mural is predominantly abstract and colorful, with a variety of shapes and patterns, not just minimalist geometric shapes.

Why statement 2 is grounded: The mural in the background of the image clearly features an abstract and colorful design, with vibrant colors and intricate patterns that are not representative of a historical or minimalist geometric style.",false
09fe2909fd5f095ae05fdabd1939beead6ffa8db51157f07e5e9eb37ca4d0fa1,1,,true
09fe2909fd5f095ae05fdabd1939beead6ffa8db51157f07e5e9eb37ca4d0fa1,2,,false
4af9a07aff7759bb3bc0ff9ce1eb613b95c1c1a354487622c731ecd4c174eae4,0,"Answer: 1

Why statement 2 might seem correct: The crucifix appears to have a shiny, reflective surface, which could suggest it is made of plastic or glass.
Why it is actually wrong: The crucifix has a clear wood texture visible on the horizontal beam and the vertical post, indicating it is made of wood. Additionally, the figure of Jesus on the cross is made of metal, not plastic or glass.

Why statement 3 might seem correct: The crucifix has a solid, heavy appearance which could suggest it is made of stone or ceramic.
Why it is actually wrong: The crucifix has a clear wood texture visible on the horizontal beam and the vertical post, indicating it is made of wood. The figure of Jesus on the cross is made of metal, not stone or ceramic.

The chosen statement (1) is grounded because the crucifix clearly shows a wood texture on the horizontal beam and the vertical post, and the figure of Jesus is made of metal.",true
4af9a07aff7759bb3bc0ff9ce1eb613b95c1c1a354487622c731ecd4c174eae4,1,,false
4af9a07aff7759bb3bc0ff9ce1eb613b95c1c1a354487622c731ecd4c174eae4,2,,false
34e68cb39b33220621fc39a8dbaaae0150262b02de045dab8516c34908a61005,0,"Answer: 1

Why statement 2 might seem correct: The architecture and the style of the buildings could be reminiscent of European cities.
Why it is actually wrong: The presence of the mosque tower and the Arabic script on the buildings are strong indicators that this is a Middle Eastern city.

Why statement 3 might seem correct: The architecture and the style of the buildings could be reminiscent of South American cities.
Why it is actually wrong: The presence of the mosque tower and the Arabic script on the buildings are strong indicators that this is a Middle Eastern city.

The chosen statement is grounded because the mosque tower and Arabic script are clear indicators of a Middle Eastern location.",true
34e68cb39b33220621fc39a8dbaaae0150262b02de045dab8516c34908a61005,1,,false
34e68cb39b33220621fc39a8dbaaae0150262b02de045dab8516c34908a61005,2,,false
3dc6730a21a436da006081244906771f6a7e58e471fde3349a88ea07150c0ece,0,"Answer: 1

Why statement 2 might seem correct: The presence of a woman in a ballet costume might suggest a Western ballet performance.
Why it is actually wrong: The costumes and dance style shown in the image are distinctly Arabic, not Western ballet.

Why statement 3 might seem correct: The attire of the dancers, particularly the woman in the white dress, could be reminiscent of Indian classical dance.
Why it is actually wrong: The dance style and costumes are clearly Arabic, not Indian classical dance.

The dance performance shown in the image highlights Arabic dance, as evidenced by the traditional Arabic attire and the specific dance style being performed.",true
3dc6730a21a436da006081244906771f6a7e58e471fde3349a88ea07150c0ece,1,,false
3dc6730a21a436da006081244906771f6a7e58e471fde3349a88ea07150c0ece,2,,false
7b1c3cfcfb14efc917cb493837052fa06b1297a72a8c1c5220eae5df73312d01,0,"Answer: 1

Why statement 2 might seem correct: The bouquet appears to have a variety of flowers, and pink carnations and lavender are common in wedding bouquets.
Why it is actually wrong: There are no visible pink carnations or lavender in the bouquet. The flowers visible are primarily orange roses and white flowers.

Why statement 3 might seem correct: The bouquet appears to have a variety of flowers, and red tulips and yellow daisies are common in wedding bouquets.
Why it is actually wrong: There are no visible red tulips or yellow daisies in the bouquet. The flowers visible are primarily orange roses and white flowers.

Why statement 1 is grounded: The bouquet held by the person includes orange roses and white flowers, which can be clearly seen in the image.",true
7b1c3cfcfb14efc917cb493837052fa06b1297a72a8c1c5220eae5df73312d01,1,,false
7b1c3cfcfb14efc917cb493837052fa06b1297a72a8c1c5220eae5df73312d01,2,,false
9bc56a33ed0006f7034a9b56be06e58ac8c8ee214611268364fdd10ed7bacd11,0,"Answer: 3

Why statement 1 might seem correct: The building has a sign that reads ""Old City Pharmacy,"" which could be mistaken for a restaurant sign.
Why it is actually wrong: The sign clearly states ""Old City Pharmacy,"" indicating that the building is a pharmacy, not a restaurant.

Why statement 2 might seem correct: The building appears to be a multi-story structure, which could suggest it is a residential building.
Why it is actually wrong: The signage and the context indicate that it is a pharmacy, not a residential building.

Why statement 3 is grounded: The signage on the building clearly reads ""Old City Pharmacy,"" indicating that the building is indeed a pharmacy.",false
9bc56a33ed0006f7034a9b56be06e58ac8c8ee214611268364fdd10ed7bacd11,1,,false
9bc56a33ed0006f7034a9b56be06e58ac8c8ee214611268364fdd10ed7bacd11,2,,true
d420ebb7925086882bc394b4763871b0039ef1db091adb2e14028b50b1dbc364,0,"Answer: 1

Why statement 2 might seem correct: The image shows a variety of structures, and it is possible to imagine that some might have glass panels and steel beams.
Why it is actually wrong: There are no visible glass panels or steel beams in the image. The structures are primarily made of stone and have domes.

Why statement 3 might seem correct: The image shows a variety of buildings, and it is possible to imagine that some might have wooden structures and thatched roofs.
Why it is actually wrong: There are no visible wooden structures or thatched roofs in the image. The buildings are primarily made of stone.

Why statement 1 is grounded: The image shows stone walls and domes, which are characteristic features of the Cave of the Patriarchs.",true
d420ebb7925086882bc394b4763871b0039ef1db091adb2e14028b50b1dbc364,1,,false
d420ebb7925086882bc394b4763871b0039ef1db091adb2e14028b50b1dbc364,2,,false
bb2bf3a692d94989c4072f90246e5d9c6bf5f44c8d7f6d3adb869eccaca99b03,0,"Answer: 2

Why statement 1 might seem correct: The screened porch appears to be a decorative addition to the cabin, enhancing its aesthetic appeal.
Why it is actually wrong: There is no visual evidence that the screened porch is primarily used for decoration; it is more likely functional.

Why statement 3 might seem correct: The screened porch could be used for storage, as it is an enclosed space.
Why it is actually wrong: There is no visual evidence that the screened porch is used for storage; it appears to be more of a living space.

Why statement 2 is grounded: The screened porch is designed to provide an outdoor space free from insects, as indicated by the screens and the fact that it is an enclosed area.
The primary purpose of the screened porch visible in the cabin is to provide an outdoor space free from insects.",false
bb2bf3a692d94989c4072f90246e5d9c6bf5f44c8d7f6d3adb869eccaca99b03,1,,true
bb2bf3a692d94989c4072f90246e5d9c6bf5f44c8d7f6d3adb869eccaca99b03,2,,false
f6934f8de9cb64ff3639e46e8b44b2549754aa674b5671d74f6ddd70e724284f,0,"Answer: 1

Why statement 2 might seem correct: The presence of a salad with tomatoes and cucumbers could be associated with Italian cuisine, which often includes fresh salads.
Why it is actually wrong: The food items shown, such as the fried meat and the type of salad, are more indicative of Middle Eastern cuisine, not Italian.

Why statement 3 might seem correct: The fried meat and the type of salad could be associated with Mexican cuisine, which often includes fried meats and fresh salads.
Why it is actually wrong: The food items shown are more characteristic of Middle Eastern cuisine, not Mexican.

The cuisine represented in the image is most likely Middle Eastern based on the food items shown, such as the fried meat and the type of salad.",true
f6934f8de9cb64ff3639e46e8b44b2549754aa674b5671d74f6ddd70e724284f,1,,false
f6934f8de9cb64ff3639e46e8b44b2549754aa674b5671d74f6ddd70e724284f,2,,false
36746a766496ac85da822d8954982f261c1efc97bb1d8ec26e723a0b864324dc,0,"Answer: 3

Why statement 1 might seem correct: The stacked stones could appear to be naturally formed by erosion, as they are part of the rocky formation and blend with the natural environment.

Why it is actually wrong: The stones are clearly part of a man-made structure, as evidenced by their uniformity and deliberate placement within the rock formation.

Why statement 2 might seem correct: The stacked stones could be mistaken for a modern art installation due to their artistic arrangement and the natural setting.

Why it is actually wrong: The stones are part of a historical structure, not a contemporary art installation. The presence of people examining the site suggests it is of historical or archaeological interest.

Why statement 3 is grounded: The stacked stones are part of an ancient dwelling or structure, as indicated by their placement within the rock formation and the context of the site being visited by people who are likely interested in its historical significance.

The specific visual evidence that contradicts statements 1 and 2 includes the uniformity and deliberate placement of the stones, as well as the context provided by the people examining the site, which suggests historical or archaeological interest rather than natural erosion or modern art.",false
36746a766496ac85da822d8954982f261c1efc97bb1d8ec26e723a0b864324dc,1,,false
36746a766496ac85da822d8954982f261c1efc97bb1d8ec26e723a0b864324dc,2,,true
75137521cfa7da02e3c1fbe6781272109c71c2a8b9395aa58094fa8e446fe209,0,"Answer: 2

Why statement 1 might seem correct: The planter appears to have a metallic sheen, which might suggest it is made of metal.
Why it is actually wrong: The planter has a distinct woven texture, which is characteristic of natural fibers, not metal.

Why statement 3 might seem correct: The planter has a smooth and uniform appearance, which might suggest it is made of plastic.
Why it is actually wrong: The planter has a textured, woven pattern that is typical of natural fiber materials, not plastic.

Why statement 2 is grounded: The planter has a clear woven texture that is consistent with natural fibers, such as rattan or bamboo. The visual evidence clearly shows the interlaced pattern typical of woven materials.",false
75137521cfa7da02e3c1fbe6781272109c71c2a8b9395aa58094fa8e446fe209,1,,true
75137521cfa7da02e3c1fbe6781272109c71c2a8b9395aa58094fa8e446fe209,2,,false
3329d973bbe7104e2f633eece86ffd1f2c1b7bb05f4355a9f5a6aa9e3176f191,0,"Answer: 2

Why statement 1 might seem correct: The handles of the handbag appear to be metallic in color and texture.
Why it is actually wrong: The handles are clearly made of wood, as evidenced by the visible grain and natural color.

Why statement 3 might seem correct: The handles have a smooth and uniform appearance, which could be mistaken for plastic.
Why it is actually wrong: The handles have the characteristic texture and color of wood, not plastic.

Why statement 2 is grounded: The handles are visibly made of wood, with a natural grain and color, which is consistent with wooden materials.",false
3329d973bbe7104e2f633eece86ffd1f2c1b7bb05f4355a9f5a6aa9e3176f191,1,,true
3329d973bbe7104e2f633eece86ffd1f2c1b7bb05f4355a9f5a6aa9e3176f191,2,,false
d29bbbf0c52ccecc47a37cc07cc4ae855f44ff4c612e609f2670a6cbd5afd9b6,0,"Answer: 2

Why statement 1 might seem correct: The script appears to be a form of cursive writing, which is common in Greek manuscripts. However, the specific characters and structure do not match Greek script.

Why statement 3 might seem correct: The script appears to be a form of cursive writing, which is common in Latin manuscripts. However, the specific characters and structure do not match Latin script.

Why statement 2 is actually wrong: The script in the image is most likely written in Hebrew. The specific characters and structure match Hebrew script, including the unique shapes and forms of the letters.

Why statement 2 is grounded: The script in the image is most likely written in Hebrew. The specific characters and structure match Hebrew script, including the unique shapes and forms of the letters.",false
d29bbbf0c52ccecc47a37cc07cc4ae855f44ff4c612e609f2670a6cbd5afd9b6,1,,true
d29bbbf0c52ccecc47a37cc07cc4ae855f44ff4c612e609f2670a6cbd5afd9b6,2,,false
14e6efea3eac5ff92178bba9dcd00378ffd780cb0445a1a81df7dbef9e667a26,0,"Answer: 3

Why statement 1 might seem correct: The trees in the image have a similar shape and structure to palm trees, which are commonly found in agricultural landscapes.
Why it is actually wrong: The trees in the image have a different shape and structure compared to palm trees, which typically have a more elongated and slender form.

Why statement 2 might seem correct: The trees in the image have a similar shape and structure to pine trees, which are commonly found in agricultural landscapes.
Why it is actually wrong: The trees in the image have a different shape and structure compared to pine trees, which typically have a more conical and needle-like form.

Why statement 3 is grounded: The trees in the image have a distinct shape and structure that is characteristic of olive trees, which are commonly found in agricultural landscapes in the Arab world.
The specific visual evidence that contradicts the other statements includes the shape and structure of the trees, which are more consistent with olive trees than palm or pine trees.",false
14e6efea3eac5ff92178bba9dcd00378ffd780cb0445a1a81df7dbef9e667a26,1,,false
14e6efea3eac5ff92178bba9dcd00378ffd780cb0445a1a81df7dbef9e667a26,2,,true
1335e0592fa2a0a8a3a32a34d205df1a9071db99d9e637734c3732a32d017555,0,"Answer: 1

Why statement 2 might seem correct: The fort's location along the coastline could suggest it was used for storage, as coastal locations are often chosen for their strategic advantage in trade and storage.

Why it is actually wrong: There is no visible evidence in the image that the fort was used for storage purposes. The image shows a fort with defensive structures, such as battlements and a watchtower, which are typical features of a defensive fortification rather than a storage facility.

Why statement 3 might seem correct: The scenic location of the fort along the coastline could make it an attractive tourist destination.

Why it is actually wrong: The image does not provide any evidence that the fort was intended to be a tourist attraction. The focus is on the fort's defensive structures and its strategic coastal location.

The chosen statement (1) is grounded because the fort's defensive structures, such as the battlements and watchtower, are indicative of a fort built for protection against naval attacks.",true
1335e0592fa2a0a8a3a32a34d205df1a9071db99d9e637734c3732a32d017555,1,,false
1335e0592fa2a0a8a3a32a34d205df1a9071db99d9e637734c3732a32d017555,2,,false
977cfea717bac9e874cffd295341223d8faae55d66eeefb333ac9c10b621ba23,0,"Answer: 2

Why statement 1 might seem correct: The presence of a building and the outdoor area could suggest a sports facility, and tennis tournaments often require such setups.
Why it is actually wrong: There are no visible tennis rackets, balls, or tennis court markings in the image. Instead, there are golf mats and golf clubs, indicating that the facility is for golf practice.

Why statement 3 might seem correct: The outdoor area and the building could suggest a sports facility, and football matches often require such setups.
Why it is actually wrong: There are no visible footballs, goals, or football field markings in the image. Instead, there are golf mats and golf clubs, indicating that the facility is for golf practice.

Why statement 2 is grounded: The presence of golf mats, golf clubs, and individuals practicing swings strongly suggest that the primary purpose of the facility is practicing golf swings.",false
977cfea717bac9e874cffd295341223d8faae55d66eeefb333ac9c10b621ba23,1,,true
977cfea717bac9e874cffd295341223d8faae55d66eeefb333ac9c10b621ba23,2,,false
06c36a70dc8535a9316c1cb3a26003c141d02cc0a39a26b52089bc33f1416586,0,"Answer: 1

Why statement 2 might seem correct: The presence of lights in the image might suggest a cityscape.
Why it is actually wrong: There are no distinct structures or lights that resemble a cityscape; the image is dominated by sand dunes under a starry sky.

Why statement 3 might seem correct: The darkness and lack of vegetation might suggest a dense forest.
Why it is actually wrong: The image clearly shows sand dunes, not a forest, and there is no indication of trees or dense vegetation.

The primary visual feature of the photograph is sand dunes illuminated under a starry sky, which is evident from the smooth, undulating shapes of the dunes and the clear night sky dotted with stars.",true
06c36a70dc8535a9316c1cb3a26003c141d02cc0a39a26b52089bc33f1416586,1,,false
06c36a70dc8535a9316c1cb3a26003c141d02cc0a39a26b52089bc33f1416586,2,,false
5577cc59b56fa5692b2a1e51d2aaee52d73a6550ebfec2d55249a96bb8b3a60b,0,"Answer: 2

Why statement 1 might seem correct: The dish shown in the image has rice and chicken, which are common ingredients in Paella.
Why it is actually wrong: The rice in the image is mixed with spices and vegetables, which is not typical of Paella, which usually contains seafood and saffron.

Why statement 3 might seem correct: The dish shown in the image has rice, which is a key ingredient in Risotto.
Why it is actually wrong: The rice in the image is mixed with chicken and vegetables, which is not typical of Risotto, which usually contains broth and Parmesan cheese.

Why statement 2 is grounded: The dish shown in the image has rice mixed with chicken and vegetables, which is characteristic of Biryani.
Why it is actually wrong: The rice in the image is mixed with spices and vegetables, which is not typical of Biryani, which usually contains meat and a variety of spices.",false
5577cc59b56fa5692b2a1e51d2aaee52d73a6550ebfec2d55249a96bb8b3a60b,1,,true
5577cc59b56fa5692b2a1e51d2aaee52d73a6550ebfec2d55249a96bb8b3a60b,2,,false
e7964d23045b0cd421bcf387c86a8b2b073f553c5492c8fe7ecceff6bd96699e,0,"Answer: 2

Why statement 1 might seem correct: Red carpets are often used in various settings to reduce noise, as they absorb sound and provide a softer surface.
Why it is actually wrong: The primary function of the red carpet in the mosque is not to reduce noise, but rather to serve as a designated prayer area for worshippers. The carpet is laid out in a way that clearly marks the area where people should stand during prayers.

Why statement 3 might seem correct: The red carpet does enhance the visual appeal of the mosque, making it look more vibrant and attractive.
Why it is actually wrong: While the red carpet does enhance the visual appeal, its primary function is not to serve as a decorative element but to designate the prayer area.

Why statement 2 is grounded: The red carpet is laid out in a clear and organized manner, indicating that it is intended for use by worshippers during prayers. The arrangement and placement of the carpet within the mosque space suggest its primary function as a prayer area.",false
e7964d23045b0cd421bcf387c86a8b2b073f553c5492c8fe7ecceff6bd96699e,1,,true
e7964d23045b0cd421bcf387c86a8b2b073f553c5492c8fe7ecceff6bd96699e,2,,false
87541278eafea5178d69886a36f37e2bef5a9613add380dc054040c7ae0b327f,0,"Answer: 3

Why statement 1 might seem correct: The image shows a large golden sculpture, which could be mistaken for a thumb sculpture located on a busy street intersection.
Why it is actually wrong: The sculpture is located in an outdoor plaza surrounded by traditional buildings, not on a busy street intersection.

Why statement 2 might seem correct: The sculpture is indoors, which could be mistaken for being inside a museum setting.
Why it is actually wrong: The sculpture is in an outdoor plaza, not inside a museum.

Why statement 3 is grounded: The sculpture is indeed located in an outdoor plaza surrounded by traditional buildings, as seen in the image.",false
87541278eafea5178d69886a36f37e2bef5a9613add380dc054040c7ae0b327f,1,,false
87541278eafea5178d69886a36f37e2bef5a9613add380dc054040c7ae0b327f,2,,true
58923b56fdd28e58025099068541a8b59b4846ea58bde6b95db925f41fceaa07,0,"Answer: 1

Why statement 2 might seem correct: The presence of people and the setup of the area suggest a cultural performance might be taking place.
Why it is actually wrong: There is no visible stage or performance area, and the people are seated and dining, not gathered to watch a performance.

Why statement 3 might seem correct: The area appears to be a market with stalls and people, which might suggest shopping.
Why it is actually wrong: The primary focus is on the dining area, and there are no visible stalls or market activities.

Why statement 1 is grounded: The primary activity is clearly outdoor dining, as evidenced by the tables, chairs, and people seated and dining in the area.",true
58923b56fdd28e58025099068541a8b59b4846ea58bde6b95db925f41fceaa07,1,,false
58923b56fdd28e58025099068541a8b59b4846ea58bde6b95db925f41fceaa07,2,,false
45b58277ea3e68d85193c0816f5cb484dd20e3896e86a7c43cb0a8d2c75e1682,0,"Answer: 3

Why statement 1 might seem correct: The circular platform is elevated and appears to be a flat surface, which could be used for a rooftop restaurant.
Why it is actually wrong: There are no visible tables, chairs, or any other typical restaurant setup on the platform.

Why statement 2 might seem correct: The circular platform is flat and large enough to be a swimming pool.
Why it is actually wrong: There are no visible water bodies or pool structures on the platform.

Why statement 3 is grounded: The circular platform has a distinct yellow circle marking, which is commonly used for helicopter landing pads.
Why it is actually correct: The presence of the marking and the flat surface are consistent with a helicopter landing pad.",false
45b58277ea3e68d85193c0816f5cb484dd20e3896e86a7c43cb0a8d2c75e1682,1,,false
45b58277ea3e68d85193c0816f5cb484dd20e3896e86a7c43cb0a8d2c75e1682,2,,true
cda242553d0ba9f1813b5d1a7e3810d8d0134e4784a4da3d240c426235d9e2d6,0,"Answer: 2

Why statement 1 might seem correct: The presence of modern elements like the satellite dish and the flag on the boat might suggest that it is powered by advanced engines and modern technologies.
Why it is actually wrong: The boat's design and structure, including the wooden construction and traditional elements, indicate that it relies on traditional craftsmanship rather than modern technology.

Why statement 3 might seem correct: The sleek design and pointed bow of the boat might suggest that it is designed for high-speed racing.
Why it is actually wrong: The boat appears to be moored and not actively engaged in racing, and its design does not specifically indicate high-speed racing capabilities.

Why statement 2 is grounded: The boat's wooden construction and traditional design elements, such as the wooden railings and the overall structure, clearly showcase traditional craftsmanship.
Why statement 1 and 3 are hallucinations: The boat's design and visible elements do not support the claims of advanced engine technology or high-speed racing capabilities.",false
cda242553d0ba9f1813b5d1a7e3810d8d0134e4784a4da3d240c426235d9e2d6,1,,true
cda242553d0ba9f1813b5d1a7e3810d8d0134e4784a4da3d240c426235d9e2d6,2,,false
3d398b623d455f0195413a2b961cd229ca06709d31239ac9ed7f4fd4991eef62,0,"Answer: 1

Why statement 2 might seem correct: [best argument for it]
   - The colorful building facades could potentially reflect sunlight and reduce the amount of heat absorbed by the building, which might help in reducing the heat inside the building.

Why it is actually wrong: [specific visual evidence that contradicts it]
   - There is no visible evidence in the image that the colorful facades are designed specifically to reduce heat absorption. The primary visual evidence suggests that the colorful facades are intended to enhance aesthetic appeal rather than functional purposes like heat reduction.

Why statement 3 might seem correct: [best argument for it]
   - The colorful building facades might seem to provide structural support due to their vibrant and eye-catching design, which could be perceived as a form of architectural strength.

Why it is actually wrong: [specific visual evidence that contradicts it]
   - The image does not show any structural elements or supports that are enhanced by the colorful facades. The facades appear to be purely decorative and do not contribute to the structural integrity of the building.",true
3d398b623d455f0195413a2b961cd229ca06709d31239ac9ed7f4fd4991eef62,1,,false
3d398b623d455f0195413a2b961cd229ca06709d31239ac9ed7f4fd4991eef62,2,,false
7db71561f1dbb62ed2cf6bfaf1d41c49368ef795eebf4f10ce062430b7b9f895,0,"Answer: 3

Why statement 1 might seem correct: The presence of people on boats and the setting suggest that they might be engaged in fishing activities.
Why it is actually wrong: There is no visible evidence of fishing gear or activities such as nets or bait, and the boats are not in a typical fishing position.

Why statement 2 might seem correct: The boats and the setting give the impression of a leisure activity.
Why it is actually wrong: The boats are not designed for leisure rides and are equipped with sails, indicating a more active and possibly competitive activity.

Why statement 3 is grounded: The boats are traditional dhows with sails, and the setting suggests a race or competition.
Why it is actually correct: The boats are rigged for sailing and are in a formation that is typical for a sailing race, and the presence of spectators and the organized nature of the event support this interpretation.",false
7db71561f1dbb62ed2cf6bfaf1d41c49368ef795eebf4f10ce062430b7b9f895,1,,false
7db71561f1dbb62ed2cf6bfaf1d41c49368ef795eebf4f10ce062430b7b9f895,2,,true
504f1d7203d2b9358ea756410c3aa40b37fa86b10114e337eff7519ed7e80dd9,0,"Answer: 3

Why statement 1 might seem correct: [best argument for it]
   - The dhow boat appears to be a large vessel, which could be used for military operations.

Why it is actually wrong: [specific visual evidence that contradicts it]
   - There is no visible military equipment or personnel on the boat, and the context of the image shows a calm, non-military environment.

Why statement 2 might seem correct: [best argument for it]
   - The dhow boat looks well-maintained and could be used for luxury cruises.

Why it is actually wrong: [specific visual evidence that contradicts it]
   - The boat appears to be in a natural, non-luxurious setting, and there are no signs of luxury amenities or passengers.

Why statement 3 is grounded: [specific visual evidence that supports it]
   - The dhow boat is in a body of water, which is typical for fishing and trading activities. The presence of the city in the background suggests that the boat could be involved in trading activities.",false
504f1d7203d2b9358ea756410c3aa40b37fa86b10114e337eff7519ed7e80dd9,1,,false
504f1d7203d2b9358ea756410c3aa40b37fa86b10114e337eff7519ed7e80dd9,2,,true
5d855e7ffd6a9d99385d14ef078cabd01e2ccccbfc243656bd69b75b841b6be2,0,"Answer: 2

Why statement 1 might seem correct: The presence of people in casual attire and the relaxed atmosphere might suggest a music concert.
Why it is actually wrong: There is no visible stage, musical equipment, or performers that would typically be associated with a music concert.

Why statement 3 might seem correct: The diverse crowd and the presence of individuals in traditional attire might suggest a political rally.
Why it is actually wrong: There is no visible political signage, banners, or speakers that would typically be associated with a political rally.

Why statement 2 is grounded: The stadium seating, the presence of individuals in sports attire, and the overall setting suggest that a sports event is taking place.
Why it is actually correct: The stadium is filled with people dressed in various sports-related attire, and the seating arrangement is typical for a sports event.",false
5d855e7ffd6a9d99385d14ef078cabd01e2ccccbfc243656bd69b75b841b6be2,1,,true
5d855e7ffd6a9d99385d14ef078cabd01e2ccccbfc243656bd69b75b841b6be2,2,,false
ecd6cc45aff64746aa989788fbc92b63d54c1575232b30a5d15edfc530cccac3,0,"Answer: 1

Why statement 2 might seem correct: The modern art piece on the wall might suggest that the exhibit includes modern art.
Why it is actually wrong: The exhibit primarily showcases religious artifacts and scriptures, not modern art pieces.

Why statement 3 might seem correct: The presence of ancient-looking objects on display might suggest that the exhibit includes ancient scientific instruments.
Why it is actually wrong: The exhibit is focused on religious artifacts and scriptures, not ancient scientific instruments.

The primary purpose of the museum exhibit shown in the image is to showcase religious artifacts and scriptures, as evidenced by the religious artifacts and scriptures displayed in the exhibit.",true
ecd6cc45aff64746aa989788fbc92b63d54c1575232b30a5d15edfc530cccac3,1,,false
ecd6cc45aff64746aa989788fbc92b63d54c1575232b30a5d15edfc530cccac3,2,,false
5b71bbf20182b6d949477f3614318e05e59d56f1cf91eb1808fd47ec3652cc69,0,"Answer: 1

Why statement 2 might seem correct: The sculpture appears to be a stone statue, which could be a historical figure.
Why it is actually wrong: The sculpture is metallic and abstract, not stone, and it does not depict a historical figure.

Why statement 3 might seem correct: The sculpture appears to be a wooden installation, which could be shaped like a musical instrument.
Why it is actually wrong: The sculpture is metallic and abstract, not wooden, and it does not resemble a musical instrument.

The chosen statement is grounded because the sculpture is indeed a metallic abstract form inspired by Arabic calligraphy, as evidenced by the intricate, flowing shapes and the presence of Arabic script on the base.",true
5b71bbf20182b6d949477f3614318e05e59d56f1cf91eb1808fd47ec3652cc69,1,,false
5b71bbf20182b6d949477f3614318e05e59d56f1cf91eb1808fd47ec3652cc69,2,,false
a93ce30da83648067b73e70527ff9dd5ce4565d94ced5b45b23bb69d5c634f92,0,"Answer: 1

Why statement 2 might seem correct: The presence of a dome and minarets in the background could be mistaken for Victorian-style architecture, which often includes such elements.

Why it is actually wrong: The buildings in the image have distinct Middle Eastern stone architecture features, such as flat roofs, arches, and intricate stonework, which are not characteristic of Victorian architecture.

Why statement 3 might seem correct: The modern glass architecture might seem plausible due to the clean lines and open spaces in the marketplace.

Why it is actually wrong: The buildings in the image are clearly traditional stone structures, not modern glass architecture.

The most prominent architectural style in this marketplace scene is traditional Middle Eastern stone architecture.",true
a93ce30da83648067b73e70527ff9dd5ce4565d94ced5b45b23bb69d5c634f92,1,,false
a93ce30da83648067b73e70527ff9dd5ce4565d94ced5b45b23bb69d5c634f92,2,,false
515cec218ca2944d0ea49ebdb05d56dd40fe6212fba0008844465f48fa6bfc28,0,"Answer: 1

Why statement 2 might seem correct: [best argument for it]
   African wood carving often involves intricate and abstract designs, which could be mistaken for the abstract forms in the sculpture.

Why it is actually wrong: [specific visual evidence that contradicts it]
   The sculpture is made of metal and has a distinctly modern, abstract design, which is not characteristic of traditional African wood carving.

Why statement 3 might seem correct: [best argument for it]
   Japanese origami often involves the creation of intricate, folded paper designs, which could be mistaken for the complex shapes in the sculpture.

Why it is actually wrong: [specific visual evidence that contradicts it]
   The sculpture is made of metal and has a three-dimensional, abstract form, which is not typical of origami, which is usually two-dimensional and made from paper.

Why statement 1 is grounded: [specific visual evidence that supports it]
   The sculpture features Arabic calligraphy, which is a prominent element in the design. The calligraphy is clearly visible and forms a significant part of the sculpture's structure.",true
515cec218ca2944d0ea49ebdb05d56dd40fe6212fba0008844465f48fa6bfc28,1,,false
515cec218ca2944d0ea49ebdb05d56dd40fe6212fba0008844465f48fa6bfc28,2,,false
734044ecb95d9f104b61e778b785049006a35fcc6a8b6b6991db1708a86467a3,0,"Answer: 3

Why statement 1 might seem correct: The Louvre Abu Dhabi is known for its unique architecture, and the desert rose is a common motif in Middle Eastern art and architecture.
Why it is actually wrong: The image does not show the Louvre Abu Dhabi, and the architecture depicted does not resemble the interlocking disc shapes of the Louvre Abu Dhabi.

Why statement 2 might seem correct: The Guggenheim Museum Bilbao is renowned for its innovative architecture, and the desert rose is a common theme in modern architecture.
Why it is actually wrong: The image does not show the Guggenheim Museum Bilbao, and the architecture depicted does not resemble the interlocking disc shapes of the Guggenheim Museum Bilbao.

Why statement 3 is grounded: The image shows a building with interlocking disc shapes and a desert rose motif, which is characteristic of the National Museum of Qatar.
Why it is actually correct: The architecture in the image matches the known design of the National Museum of Qatar, which is inspired by the desert rose and features interlocking disc shapes.",false
734044ecb95d9f104b61e778b785049006a35fcc6a8b6b6991db1708a86467a3,1,,false
734044ecb95d9f104b61e778b785049006a35fcc6a8b6b6991db1708a86467a3,2,,true
b21820e5ac32afe5d568380b20010b2d2b041f61cddf119d89d413f1d8978072,0,"Answer: 3

Why statement 1 might seem correct: Batman and Superman are both popular comic book characters and are often featured in gaming cafes.
Why it is actually wrong: There is no visual evidence of Batman or Superman in the wall art.

Why statement 2 might seem correct: Thor and Hulk are also popular comic book characters and could be featured in the wall art.
Why it is actually wrong: There is no visual evidence of Thor or Hulk in the wall art.

Why statement 3 is grounded: Spider-Man and Iron Man are prominently featured in the wall art, as seen in the image.
Why it is actually correct: The image clearly shows Spider-Man and Iron Man on the left side of the wall art.",false
b21820e5ac32afe5d568380b20010b2d2b041f61cddf119d89d413f1d8978072,1,,false
b21820e5ac32afe5d568380b20010b2d2b041f61cddf119d89d413f1d8978072,2,,true
b4e0d22b37c3aa6cda0e692208b111d25f56e11e4ee59e5d5c4cacdb0fae6f07,0,"Answer: 3

Why statement 1 might seem correct: The image shows a large rock formation, which could be mistaken for a coastal cliff.
Why it is actually wrong: The surrounding environment is a desert with sand and no visible ocean or sea, indicating it is not a coastal cliff.

Why statement 2 might seem correct: The rock formation could be mistaken for a mountain range.
Why it is actually wrong: The image shows a flat, arid landscape with no trees or vegetation, which is characteristic of a desert rather than a forested mountain range.

Why statement 3 is grounded: The image shows a desert with sedimentary rock formations, which are common in arid environments.
Confirm why your chosen statement IS grounded: The rock formations and the sandy, barren landscape are indicative of a desert environment, making statement 3 the correct choice.",false
b4e0d22b37c3aa6cda0e692208b111d25f56e11e4ee59e5d5c4cacdb0fae6f07,1,,false
b4e0d22b37c3aa6cda0e692208b111d25f56e11e4ee59e5d5c4cacdb0fae6f07,2,,true
841801281a0fdfbf869099ad2228e592a62349c4bbdf772b6798e40b9c537f05,0,"Answer: 2

Why statement 1 might seem correct: The image shows a logo with the letters ""DAZN,"" which is a sports streaming service that covers various sports, including Mixed Martial Arts (MMA). MMA is a popular sport that DAZN covers, so it might seem correct.
Why it is actually wrong: The image does not depict any visual elements or symbols that are specific to Mixed Martial Arts. The logo itself does not provide any direct evidence that it is related to MMA.

Why statement 3 might seem correct: Wrestling is another sport that DAZN covers, and the logo could potentially be associated with it.
Why it is actually wrong: The image does not show any wrestling-related imagery or symbols. The logo alone does not provide any direct evidence that it is related to Wrestling.

Why statement 2 is grounded: The image shows a logo with the letters ""DAZN,"" which is a sports streaming service that covers various sports, including Boxing. Boxing is a popular sport that DAZN covers, so it is grounded in the image.
Why it is actually wrong: The image does not depict any visual elements or symbols that are specific to Boxing. The logo itself does not provide any direct evidence that it is related to Boxing.",false
841801281a0fdfbf869099ad2228e592a62349c4bbdf772b6798e40b9c537f05,1,,true
841801281a0fdfbf869099ad2228e592a62349c4bbdf772b6798e40b9c537f05,2,,false
1ffddf3a6d0845ef11b4770bdcb950f589b04ccf490152e84c0f31bfe3812f29,0,"Answer: 1

Why statement 2 might seem correct: The signboard is placed in a prominent position, which could suggest it serves as a directional guide for visitors.
Why it is actually wrong: The signboard displays Arabic calligraphy, which is typically used to convey spiritual messages or religious texts, not directions.

Why statement 3 might seem correct: The signboard's placement in what appears to be a public space could suggest it indicates the entrance to a marketplace.
Why it is actually wrong: The signboard's design and content are more indicative of a religious or spiritual message rather than a commercial one.

Why statement 1 is grounded: The signboard displays Arabic calligraphy, which is commonly used in Islamic architecture to display sacred texts or spiritual messages.",true
1ffddf3a6d0845ef11b4770bdcb950f589b04ccf490152e84c0f31bfe3812f29,1,,false
1ffddf3a6d0845ef11b4770bdcb950f589b04ccf490152e84c0f31bfe3812f29,2,,false
5552ca02fc9726322cb39361e72325e422411e104673ebb616498f137877c551,0,"Answer: 1

Why statement 2 might seem correct: The lanterns are decorated and illuminated, which could be associated with festive occasions like Christmas.
Why it is actually wrong: The design and style of the lanterns are more characteristic of Islamic art and architecture, which is commonly associated with Ramadan rather than Christmas.

Why statement 3 might seem correct: The lanterns are illuminated and ornate, which could be associated with Diwali, a festival of lights.
Why it is actually wrong: The specific design elements, such as the floral patterns and geometric shapes, are more indicative of Islamic art, which is more commonly associated with Ramadan.

These ornate lanterns are most likely associated with Ramadan because the design elements and the way they are illuminated are characteristic of Islamic art and architecture, which is commonly associated with Ramadan celebrations.",true
5552ca02fc9726322cb39361e72325e422411e104673ebb616498f137877c551,1,,false
5552ca02fc9726322cb39361e72325e422411e104673ebb616498f137877c551,2,,false
0ce75b901a6c60bda24eb425e876f020dea77ea2a3ec6b7ae80bd9c78a1f2b46,0,"Answer: 2

Why statement 1 might seem correct: The building looks well-maintained and modern, which could suggest it is a modern museum.
Why it is actually wrong: The architecture and design of the building are not typical of modern museums, which usually have glass facades and contemporary designs. Instead, the building has a historic and traditional appearance.

Why statement 3 might seem correct: The building has a fortress-like appearance with a tower and arched windows, which could suggest it is a medieval castle.
Why it is actually wrong: The building does not have the typical features of a medieval castle, such as a moat, battlements, or a more fortified structure. Additionally, the presence of a dome and arched windows is more characteristic of monastic architecture.

Why statement 2 is grounded: The building has a dome and arched windows, which are common features of historic monasteries. The overall design and structure also resemble traditional monastic architecture, which is often found in religious buildings from the Middle Ages.",false
0ce75b901a6c60bda24eb425e876f020dea77ea2a3ec6b7ae80bd9c78a1f2b46,1,,true
0ce75b901a6c60bda24eb425e876f020dea77ea2a3ec6b7ae80bd9c78a1f2b46,2,,false
9305bb3647a16addd7ebc99c808f2f5cef48af4a48775bc885ca23a4e20060ec,0,"Answer: 2

Why statement 1 might seem correct: The presence of microphones on a podium often suggests a musical performance setup, as microphones are commonly used in such settings.

Why it is actually wrong: The image shows a podium in front of a mosque, which is a place for religious gatherings and not typically associated with musical performances.

Why statement 2 might seem correct: The wooden podium with microphones is a common setup for public speeches or religious sermons, especially in a religious context.

Why it is actually wrong: The image clearly shows the podium in front of a mosque, indicating that it is used for religious sermons rather than public speeches.

Why statement 3 might seem correct: The podium could be mistaken for a market stall due to its placement in a public space.

Why it is actually wrong: The image shows the podium in front of a mosque, not in a market setting, and there are no goods or market-related items visible in the image.

The chosen statement (2) is grounded because the image shows a podium in front of a mosque, which is a place for religious sermons, not a musical performance or a market stall.",false
9305bb3647a16addd7ebc99c808f2f5cef48af4a48775bc885ca23a4e20060ec,1,,true
9305bb3647a16addd7ebc99c808f2f5cef48af4a48775bc885ca23a4e20060ec,2,,false
d390bce021e187e3ea9a54f24b586673cecd31353c60146dcfa76f363b6ffafd,0,"Answer: 1

Why statement 2 might seem correct: The paved pathway appears to be wide and suitable for cycling races.
Why it is actually wrong: There are no visible cyclists or racing equipment on the pathway.

Why statement 3 might seem correct: The presence of a person sitting on the pathway might suggest fishing activities.
Why it is actually wrong: There are no fishing rods or fishing gear visible, and the pathway is not near a body of water.

Why statement 1 is grounded: People are seen walking and jogging along the pathway, which is a common activity for such a setting.",true
d390bce021e187e3ea9a54f24b586673cecd31353c60146dcfa76f363b6ffafd,1,,false
d390bce021e187e3ea9a54f24b586673cecd31353c60146dcfa76f363b6ffafd,2,,false
f5923b613425908d1762bee076ba7023a7ef76a7c0b25201f779d99208396a75,0,"Answer: 2

Why statement 1 might seem correct: The café does have metal stools, but they are not the predominant seating option.
Why it is actually wrong: The majority of the seating consists of chairs with colorful patterned upholstery, not metal stools.

Why statement 3 might seem correct: The café does have wooden benches, but they are not the predominant seating option.
Why it is actually wrong: The majority of the seating consists of chairs with colorful patterned upholstery, not wooden benches.

Why statement 2 is grounded: The café predominantly features chairs with colorful patterned upholstery for seating, which is the most common type of seating visible in the image.",false
f5923b613425908d1762bee076ba7023a7ef76a7c0b25201f779d99208396a75,1,,true
f5923b613425908d1762bee076ba7023a7ef76a7c0b25201f779d99208396a75,2,,false
6c5aa79d0797a37eb1eb5b175565bc24a787d8f8f11ade429a6858e524abd640,0,"Answer: 1

Why statement 2 might seem correct: The image shows a train on tracks, which could be mistaken for a cable car system.
Why it is actually wrong: There are no visible cables or pulleys that are typically associated with a cable car system.

Why statement 3 might seem correct: The train is on tracks that appear to be underground, which could be mistaken for an underground subway.
Why it is actually wrong: The train is on an elevated track, not underground.

The chosen statement is grounded because the image clearly shows an automated train system with tracks and a station platform, which is consistent with the description of an automated train system.",true
6c5aa79d0797a37eb1eb5b175565bc24a787d8f8f11ade429a6858e524abd640,1,,false
6c5aa79d0797a37eb1eb5b175565bc24a787d8f8f11ade429a6858e524abd640,2,,false
f33660d26463e55f45c6ec239ec12520a626eb4dd4edc178a5c5bd2eae104ea8,0,"Answer: 1

Why statement 2 might seem correct: The presence of a body of water and the docked boat might lead one to think that a modern yacht could be docked there.
Why it is actually wrong: There is no visible modern yacht in the image; instead, there is a traditional wooden dhow docked by the shore.

Why statement 3 might seem correct: The docked boat could be mistaken for a fishing trawler due to its appearance.
Why it is actually wrong: The boat in the image is clearly a traditional wooden dhow, not a fishing trawler.

Why statement 1 is grounded: The image clearly shows a traditional wooden dhow docked by the shore, which matches the description in the statement.

Therefore, the correct answer is Statement 1.",true
f33660d26463e55f45c6ec239ec12520a626eb4dd4edc178a5c5bd2eae104ea8,1,,false
f33660d26463e55f45c6ec239ec12520a626eb4dd4edc178a5c5bd2eae104ea8,2,,false
f56157039ac4ae1f02bcc670974abb2b7c55861388dd63e331d62211362cc645,0,"Answer: 1

Why statement 2 might seem correct: The gallery setting and the presence of other paintings might lead one to assume that the central painting is part of a series or collection, potentially including monochrome landscapes.

Why it is actually wrong: The central painting is not monochrome; it features a vibrant and colorful composition with multiple human figures and a detailed background.

Why statement 3 might seem correct: The central painting appears to be a detailed and realistic depiction of human figures, which could lead one to think it is a portrait.

Why it is actually wrong: The painting is not a realistic portrait of a single individual; it is a colorful abstract work with multiple figures and a detailed background.

The chosen statement is grounded because the central painting in the gallery is indeed a colorful abstract work featuring stylized human figures and a detailed background, as described in Statement 1.",true
f56157039ac4ae1f02bcc670974abb2b7c55861388dd63e331d62211362cc645,1,,false
f56157039ac4ae1f02bcc670974abb2b7c55861388dd63e331d62211362cc645,2,,false
7414d2cbe73a8c258ec24483aff81cf2141cbd85c092017e8559d9ec1455e9d5,0,"Answer: 3

Why statement 1 might seem correct: The room has a high ceiling and large windows, which are common features in Victorian-style rooms. The presence of a large, ornate table could also suggest a Victorian influence.

Why it is actually wrong: The room's high ceiling and large windows do not necessarily indicate a Victorian style. Additionally, the table's design is more modern and minimalist, lacking the ornate details typical of Victorian furniture.

Why statement 2 might seem correct: The room has a clean, uncluttered look with a focus on the large, minimalist table and the use of natural light.

Why it is actually wrong: The room's industrial elements, such as the exposed beams and concrete floor, suggest an industrial style rather than a minimalist one.

Why statement 3 is grounded: The room's industrial elements, such as the exposed beams, concrete floor, and metal elements, are characteristic of an industrial-style design.

The primary style of the room where the group is gathered is industrial-style.",false
7414d2cbe73a8c258ec24483aff81cf2141cbd85c092017e8559d9ec1455e9d5,1,,false
7414d2cbe73a8c258ec24483aff81cf2141cbd85c092017e8559d9ec1455e9d5,2,,true
1fca5455a9bc0144853d07fbb9bf91c6bd3bf4dcae9ac3f7d169c1eb3ad5d642,0,"Answer: 3

Why statement 1 might seem correct: The image shows a railing, which is commonly associated with trains.
Why it is actually wrong: The image shows water and a horizon, which are not typical features of a train.

Why statement 2 might seem correct: The image shows a railing, which is commonly associated with airplanes.
Why it is actually wrong: The image shows water and a horizon, which are not typical features of an airplane.

Why statement 3 is grounded: The image shows water and a horizon, which are typical features of a boat. Additionally, the railing is consistent with the design of a boat's deck.",false
1fca5455a9bc0144853d07fbb9bf91c6bd3bf4dcae9ac3f7d169c1eb3ad5d642,1,,false
1fca5455a9bc0144853d07fbb9bf91c6bd3bf4dcae9ac3f7d169c1eb3ad5d642,2,,true
da01de58b9eb98475e60bbbcc120520e8007cfc6d48004b913a945d86be19f41,0,"Answer: 2

Why statement 1 might seem correct: The red carpet appears to be a soft surface, which could suggest it is intended for walking comfort.
Why it is actually wrong: The primary function of the red carpet in this context is not to provide a soft surface for walking, but rather to guide people in a procession, as seen in the image.

Why statement 3 might seem correct: The red carpet adds a vibrant color to the room's decor.
Why it is actually wrong: The primary function of the red carpet is not to add color to the room's decor, but to guide people in a procession, as evidenced by the people walking on it.

Why statement 2 is grounded: The red carpet is laid out in a way that clearly guides the procession of people, indicating its primary function in this context is to guide people walking in a procession.",false
da01de58b9eb98475e60bbbcc120520e8007cfc6d48004b913a945d86be19f41,1,,true
da01de58b9eb98475e60bbbcc120520e8007cfc6d48004b913a945d86be19f41,2,,false
12f9128f8ffc520cfe180ed5a8546145805adfb93d0e4610baa75c9fb2f82f70,0,"Answer: 3

Why statement 1 might seem correct: Camels are often used in the Arab world for various purposes, including guarding property. The presence of camels in the image might lead one to believe that they are being used for this purpose.

Why it is actually wrong: There is no evidence in the image that the camels are being used for guarding property. The camels are not positioned in a way that suggests they are protecting anything, and there are no people or objects that they are guarding.

Why statement 2 might seem correct: Camels are known to be used in racing, and the image shows camels, which might lead one to think they are being used for racing.

Why it is actually wrong: The image does not show any racing equipment or infrastructure, nor are the camels positioned in a way that suggests they are participating in a race. The camels are simply standing and being tended to by the people.

Why statement 3 is grounded: The image shows camels being led by people, which is a common way camels are used for transportation and carrying goods in the Arab world.

Therefore, the correct statement is 3, as it is the only one grounded in the image.",false
12f9128f8ffc520cfe180ed5a8546145805adfb93d0e4610baa75c9fb2f82f70,1,,false
12f9128f8ffc520cfe180ed5a8546145805adfb93d0e4610baa75c9fb2f82f70,2,,true
bc41823c33193898b0b0661b0b2c9d8475dd17293e79ef40b1b9d2915c321708,0,"Answer: 1

Why statement 2 might seem correct: The image shows a large gathering of people in a mosque, which is a common setting for Friday prayer gatherings.
Why it is actually wrong: The image shows a large crowd gathered around the Kaaba, which is a specific feature of the Hajj pilgrimage and not a regular Friday prayer gathering.

Why statement 3 might seem correct: The image shows a large crowd around the Kaaba, which is where the Kiswa (cloth covering) is replaced during the Hajj pilgrimage.
Why it is actually wrong: The image does not show any specific activity related to the replacement of the Kiswa, and the presence of a large crowd does not necessarily indicate this specific event.

The chosen statement (1) is grounded because the image shows a large crowd gathered around the Kaaba, which is a key feature of the Hajj pilgrimage.",true
bc41823c33193898b0b0661b0b2c9d8475dd17293e79ef40b1b9d2915c321708,1,,false
bc41823c33193898b0b0661b0b2c9d8475dd17293e79ef40b1b9d2915c321708,2,,false
ef6a7c5b7782e4cca6367aa7dae0f6dc1fb210c9d36f9e1cd94933639a48050b,0,"Answer: 2

Why statement 1 might seem correct: The interior design and layout of the space, with its large open areas and columns, could be reminiscent of a marketplace.
Why it is actually wrong: The presence of religious symbols and the overall architectural style suggest that this is a place of worship, not a marketplace.

Why statement 3 might seem correct: The elaborate decorations and lighting could suggest an art exhibition space.
Why it is actually wrong: The space is clearly designed for gatherings and prayers, not for displaying art.

Why statement 2 is grounded: The architectural elements, such as the arches, domes, and intricate patterns, are characteristic of Islamic religious architecture. The presence of prayer rugs and the overall layout are typical of a mosque designed for religious gatherings and prayers.",false
ef6a7c5b7782e4cca6367aa7dae0f6dc1fb210c9d36f9e1cd94933639a48050b,1,,true
ef6a7c5b7782e4cca6367aa7dae0f6dc1fb210c9d36f9e1cd94933639a48050b,2,,false
341ba0dbec8b2080e3222ac00c54d32afa3e5f1114fcc0e1348b8b2a71179c3f,0,"Answer: 1

Why statement 2 might seem correct: [best argument for it]
   - The presence of rice and meat is common in Japanese cuisine, and the presentation style is often associated with Japanese dishes.

Why it is actually wrong: [specific visual evidence that contradicts it]
   - The dish in the image includes a yogurt-like condiment and a tomato-based side, which are not typical components of Japanese cuisine. Additionally, the style of the rice and meat preparation is more reminiscent of Middle Eastern or South Asian cuisine.

Why statement 3 might seem correct: [best argument for it]
   - The tomato-based side and the yogurt-like condiment could be associated with Italian cuisine, which often includes tomato-based sauces and dairy products.

Why it is actually wrong: [specific visual evidence that contradicts it]
   - The rice and meat preparation in the image is not characteristic of Italian cuisine. Instead, it resembles a dish from the Middle East or South Asia, where rice and meat are commonly served together.

Why statement 1 is grounded: [specific visual evidence that supports it]
   - The dish in the image includes a yogurt-like condiment and a tomato-based side, which are common elements in Indian cuisine. The presentation and ingredients align more closely with Indian culinary traditions than with Japanese or Italian cuisine.",true
341ba0dbec8b2080e3222ac00c54d32afa3e5f1114fcc0e1348b8b2a71179c3f,1,,false
341ba0dbec8b2080e3222ac00c54d32afa3e5f1114fcc0e1348b8b2a71179c3f,2,,false
4836a89f12bca1d7053e5ea0408e86e5e6b670eb5ec40e33d6fc678d199f8fbd,0,"Answer: 2

Why statement 1 might seem correct: Mud-brick architecture is indeed common in South America, particularly in regions with arid climates. Palm trees are also native to South America, especially in tropical and subtropical areas.

Why it is actually wrong: The image shows mud-brick architecture and palm trees, but the setting appears to be in a desert-like environment, which is more typical of the Middle East rather than South America.

Why statement 3 might seem correct: Scandinavia is known for its cold climate, and mud-brick architecture is not commonly associated with this region. Palm trees are also not native to Scandinavia.

Why it is actually wrong: The image shows mud-brick architecture and palm trees, but the environment looks arid and desert-like, which is not characteristic of Scandinavia.

Why statement 2 is grounded: The image shows mud-brick architecture and palm trees in a desert-like environment, which is typical of the Middle East. The architecture and vegetation are consistent with regions in the Middle East where such conditions are prevalent.",false
4836a89f12bca1d7053e5ea0408e86e5e6b670eb5ec40e33d6fc678d199f8fbd,1,,true
4836a89f12bca1d7053e5ea0408e86e5e6b670eb5ec40e33d6fc678d199f8fbd,2,,false
22ec4a987fcc96e513e9504376b7739a40dd1cfafd92967bc87629d08abf6803,0,"Answer: 2

Why statement 1 might seem correct: The image shows a large crowd of people performing a ritual around the Kaaba, which is a common scene during Salah, a Muslim prayer.
Why it is actually wrong: Salah involves standing, bowing, prostrating, and sitting, but the image does not clearly show these specific actions. Instead, the crowd is shown moving in a circular pattern around the Kaaba, which is characteristic of Tawaf, a specific ritual performed during the Hajj and Umrah pilgrimages.

Why statement 3 might seem correct: Zakat is a form of almsgiving and is an important Islamic practice. The presence of a large crowd could suggest that they are performing this ritual.
Why it is actually wrong: Zakat involves giving a portion of one's wealth to charity, which is not depicted in the image. The image shows people physically moving around the Kaaba, which is not related to Zakat.

Why statement 2 is grounded: The image shows a large crowd of people performing a ritual around the Kaaba by walking in a circular pattern, which is characteristic of Tawaf, a specific ritual performed during the Hajj and Umrah pilgrimages.",false
22ec4a987fcc96e513e9504376b7739a40dd1cfafd92967bc87629d08abf6803,1,,true
22ec4a987fcc96e513e9504376b7739a40dd1cfafd92967bc87629d08abf6803,2,,false
2206b28c4b0e34d224639b28a8e3a5c28f446eac06e463b0fed095f7b03d6819,0,"Answer: 3

Why statement 1 might seem correct: The golden ornament is placed at the top of the arrangement, which could suggest it serves as a lighting element.
Why it is actually wrong: There is no visible light source or indication that the golden ornament is illuminating anything in the arrangement.

Why statement 2 might seem correct: The golden ornament is placed at the top of the arrangement, which could suggest it provides structural support.
Why it is actually wrong: There is no visible indication that the golden ornament is providing any structural support to the arrangement.

Why statement 3 is grounded: The golden ornament features Arabic calligraphy, which is a significant cultural element in the Arab world. This indicates that the ornament adds cultural significance to the arrangement.",false
2206b28c4b0e34d224639b28a8e3a5c28f446eac06e463b0fed095f7b03d6819,1,,false
2206b28c4b0e34d224639b28a8e3a5c28f446eac06e463b0fed095f7b03d6819,2,,true
4f4f5fdeeea2f66c197138e9e675bfead96977069846e12796bdd5a659a50e73,0,"Answer: 3

Why statement 1 might seem correct: The bracelet appears to have a texture that could be associated with leather.
Why it is actually wrong: The bracelet is clearly made of metal, not leather.

Why statement 2 might seem correct: The bracelet has a shiny appearance that could be associated with plastic.
Why it is actually wrong: The bracelet is made of metal, not plastic.

Why statement 3 is grounded: The bracelet is made of stainless steel, as evidenced by its metallic appearance and the typical construction of a stainless steel bracelet.",false
4f4f5fdeeea2f66c197138e9e675bfead96977069846e12796bdd5a659a50e73,1,,false
4f4f5fdeeea2f66c197138e9e675bfead96977069846e12796bdd5a659a50e73,2,,true
9c38cba22aa3b9b9e4d01b28091f5b5daa657aafd70976f5cbe55abf72b938f1,0,"Answer: 2

Why statement 1 might seem correct: The image shows a spacious area with a high ceiling and a moving walkway, which are common features in train stations.
Why it is actually wrong: The presence of a moving walkway and the architectural style do not exclusively indicate a train station; they can also be found in airports and other transportation hubs.

Why statement 3 might seem correct: The image shows a moving walkway, which is a common feature in bus stations.
Why it is actually wrong: The architectural style and the presence of a moving walkway are not unique to bus stations and can be found in other transportation facilities.

Why statement 2 is grounded: The image shows a moving walkway, a high ceiling with a unique architectural design, and a spacious area which are typical features of an airport terminal.
The presence of these elements, along with the overall layout and design, strongly suggest that the image depicts an airport terminal.",false
9c38cba22aa3b9b9e4d01b28091f5b5daa657aafd70976f5cbe55abf72b938f1,1,,true
9c38cba22aa3b9b9e4d01b28091f5b5daa657aafd70976f5cbe55abf72b938f1,2,,false
6d65c38313ad5110ff07dc021203ddcdf877c54d169b2595ffea2ce497f1c9db,0,"Answer: 3

Why statement 1 might seem correct: The dark color and glossy appearance of the dish could be reminiscent of chocolate truffles.
Why it is actually wrong: The shape and the visible filling inside the halves suggest that they are stuffed dates, not truffles.

Why statement 2 might seem correct: The presence of what appears to be fruit and nuts could make one think of a fruit salad.
Why it is actually wrong: The dish is presented as a single serving of stuffed dates, not a collection of various fruits.

Why statement 3 is grounded: The dish shown in the image is indeed stuffed dates with pistachios, as evidenced by the visible filling and the pistachios on top.",false
6d65c38313ad5110ff07dc021203ddcdf877c54d169b2595ffea2ce497f1c9db,1,,false
6d65c38313ad5110ff07dc021203ddcdf877c54d169b2595ffea2ce497f1c9db,2,,true
25183efc69b18c7a1e2e17d60a62784edd12b3b910b5c168d7b271a6f8777c7a,0,"Answer: 3

Why statement 1 might seem correct: The site shown in the image has a large open area surrounded by buildings, which could be associated with Christian baptism practices.
Why it is actually wrong: The architectural style and layout of the site are distinctly Islamic, with a central dome and surrounding structures typical of a mosque, not a Christian baptism site.

Why statement 2 might seem correct: The site shown in the image has a large open area that could be used for meditation practices.
Why it is actually wrong: The site is clearly a mosque, as indicated by the central dome and the surrounding structures, which are not typical of Buddhist meditation sites.

Why statement 3 is grounded: The site shown in the image is a mosque, and the Hajj pilgrimage is a major Islamic religious event that involves visiting significant Islamic sites, including mosques.
Why it is actually correct: The layout and architectural features of the site are consistent with those of a mosque, which is a central location for the Hajj pilgrimage.",false
25183efc69b18c7a1e2e17d60a62784edd12b3b910b5c168d7b271a6f8777c7a,1,,false
25183efc69b18c7a1e2e17d60a62784edd12b3b910b5c168d7b271a6f8777c7a,2,,true
aac74723d8ae9f8cf08bc13f9e8e9b315f0504a1ca10a1b6f75c01a7502ebd24,0,"Answer: 2

Why statement 1 might seem correct: The presence of a large crowd and the celebratory atmosphere could be reminiscent of a musical concert.
Why it is actually wrong: The stage setup, with a large screen displaying ""ESPORTS WORLD CUP"" and the presence of a group of people in sports uniforms, clearly indicates an esports championship event rather than a musical concert.

Why statement 3 might seem correct: The formal attire of some individuals and the structured stage setup could suggest a formal business conference.
Why it is actually wrong: The overall context, including the large screen displaying ""ESPORTS WORLD CUP"" and the celebratory crowd, strongly indicates an esports event rather than a business conference.

Why statement 2 is grounded: The large screen displaying ""ESPORTS WORLD CUP"" and the group of people in sports uniforms, along with the enthusiastic crowd, all point to an esports championship event.",false
aac74723d8ae9f8cf08bc13f9e8e9b315f0504a1ca10a1b6f75c01a7502ebd24,1,,true
aac74723d8ae9f8cf08bc13f9e8e9b315f0504a1ca10a1b6f75c01a7502ebd24,2,,false
76f31011e3230675f33beb2026442f0e94f636bb2b1190410bd6175407571660,0,"Answer: 1

Why statement 2 might seem correct: The presence of people and the variety of goods suggest a cultural event.
Why it is actually wrong: There is no evidence of cultural activities or decorations that would indicate a festival.

Why statement 3 might seem correct: The variety of goods suggests handmade crafts.
Why it is actually wrong: The image clearly shows fresh produce, not handmade crafts.

The main purpose of this outdoor farmers market is to provide fresh produce to the community, as evidenced by the abundance of fresh vegetables and fruits in the image.",true
76f31011e3230675f33beb2026442f0e94f636bb2b1190410bd6175407571660,1,,false
76f31011e3230675f33beb2026442f0e94f636bb2b1190410bd6175407571660,2,,false
387fcb0ab6031124337f598fbd13fd635d4307943f95e2b2be5fff3dc902e917,0,"Answer: 2

Why statement 1 might seem correct: The mosque is situated on a rocky shoreline, which could be part of a desert region.
Why it is actually wrong: The mosque is not in a desert; it is near a body of water, which is not characteristic of a desert environment.

Why statement 3 might seem correct: The mosque is surrounded by a rocky shoreline, which could be part of a forested area.
Why it is actually wrong: The mosque is not in a forested area; it is near a rocky shoreline, which is not characteristic of a forested environment.

Why statement 2 is grounded: The mosque is indeed located near a rocky shoreline, which is evident from the image.
Why it is actually correct: The mosque is situated on a rocky shoreline, which is clearly visible in the image.",false
387fcb0ab6031124337f598fbd13fd635d4307943f95e2b2be5fff3dc902e917,1,,true
387fcb0ab6031124337f598fbd13fd635d4307943f95e2b2be5fff3dc902e917,2,,false
9a267c7ae99096c9acb4274c57c78db18d6a51cbb4c3d70db1b03d8edda31f68,0,"Answer: 1

Why statement 2 might seem correct: The presence of traditional attire and a stage setup could suggest a wedding ceremony.
Why it is actually wrong: There is no visible presence of a bride or groom, and the context of the event does not resemble a typical wedding setup.

Why statement 3 might seem correct: The stage and the large screen with text in Arabic could suggest a national celebration.
Why it is actually wrong: There is no specific indication that the event is related to Saudi National Day, and the text on the screen does not explicitly mention it.

Why statement 1 is grounded: The stage setup with musical instruments and performers suggests that the event is a musical concert. The large screen displaying text and the overall setup are typical for such events.",true
9a267c7ae99096c9acb4274c57c78db18d6a51cbb4c3d70db1b03d8edda31f68,1,,false
9a267c7ae99096c9acb4274c57c78db18d6a51cbb4c3d70db1b03d8edda31f68,2,,false
75a2c118351401499f159f11ce5c1bbdf5fcfdd0d102310b20b9d0ebadeb2391,0,"Answer: 2

Why statement 1 might seem correct: The image shows a large tent city, which could be associated with a cultural festival in Dubai, UAE.
Why it is actually wrong: The tents are arranged in a specific pattern that is characteristic of the Hajj pilgrimage in Mina, Saudi Arabia, not a cultural festival in Dubai.

Why statement 3 might seem correct: The image shows a large tent city, which could be associated with a religious conference in Cairo, Egypt.
Why it is actually wrong: The tents are arranged in a specific pattern that is characteristic of the Hajj pilgrimage in Mina, Saudi Arabia, not a religious conference in Cairo.

Why statement 2 is grounded: The tents are arranged in a specific pattern that is characteristic of the Hajj pilgrimage in Mina, Saudi Arabia, and the location and setup are consistent with the Hajj pilgrimage site.",false
75a2c118351401499f159f11ce5c1bbdf5fcfdd0d102310b20b9d0ebadeb2391,1,,true
75a2c118351401499f159f11ce5c1bbdf5fcfdd0d102310b20b9d0ebadeb2391,2,,false
5d77de1efc2f2eb9aa4c3bd9e6941af1ed864ee6410b31ff1c31a63a468456ed,0,"Answer: 2

Why statement 1 might seem correct: The object appears to have a smooth and uniform appearance, which could suggest it is made of plastic.
Why it is actually wrong: The object has a distinct wood grain pattern and texture, which is clearly visible on its surface.

Why statement 3 might seem correct: The object has a metallic-looking chain at the top, which could suggest it is made of metal.
Why it is actually wrong: The main body of the object has a wood grain pattern and texture, indicating it is made of wood.

Why statement 2 is grounded: The object has a wood grain pattern and texture, indicating it is made of wood.",false
5d77de1efc2f2eb9aa4c3bd9e6941af1ed864ee6410b31ff1c31a63a468456ed,1,,true
5d77de1efc2f2eb9aa4c3bd9e6941af1ed864ee6410b31ff1c31a63a468456ed,2,,false
920aef92030ba7a8e1376eb97b650eaaabd275eec84160cdef2dd09ac5734508,0,"Answer: 1

Why statement 2 might seem correct: The mosque in the image has a distinctive white color and multiple minarets, which could be mistaken for the Blue Mosque in Istanbul, known for its white exterior and four minarets.

Why it is actually wrong: The mosque in the image has a unique architectural style with a tall, slender minaret and a different layout compared to the Blue Mosque. Additionally, the presence of people in traditional attire suggests a different cultural context.

Why statement 3 might seem correct: The mosque in the image has a large courtyard and a grand entrance, which could be associated with the Sheikh Zayed Grand Mosque in Abu Dhabi.

Why it is actually wrong: The mosque in the image has a different architectural style and layout compared to the Sheikh Zayed Grand Mosque, which is known for its intricate geometric patterns and large dome.

The chosen statement (1) is grounded because the mosque depicted in the image matches the description and visual characteristics of Al-Masjid an-Nabawi in Medina, including the distinctive white color, multiple minarets, and the presence of people in traditional attire, which is common in Islamic religious sites.",true
920aef92030ba7a8e1376eb97b650eaaabd275eec84160cdef2dd09ac5734508,1,,false
920aef92030ba7a8e1376eb97b650eaaabd275eec84160cdef2dd09ac5734508,2,,false
fd1fbb4b8a6c1b03c6e4750901821a04d462b950bd1616fe3ad86c9137f2f8ed,0,"Answer: 2

Why statement 1 might seem correct: The fabric is shown on a mannequin, which is commonly used to display clothing items like skirts.
Why it is actually wrong: The fabric is not styled as a skirt but rather as a tablecloth, as indicated by the image.

Why statement 3 might seem correct: The fabric is shown on a mannequin, which could suggest it is a scarf.
Why it is actually wrong: The fabric is not styled as a scarf but rather as a tablecloth, as indicated by the image.

Why statement 2 is grounded: The fabric is shown on a mannequin and is designed to cover a table, which is the primary function of a tablecloth.
Why it is actually wrong: The fabric is not styled as a skirt or a scarf, which are different from the primary function of a tablecloth.",false
fd1fbb4b8a6c1b03c6e4750901821a04d462b950bd1616fe3ad86c9137f2f8ed,1,,true
fd1fbb4b8a6c1b03c6e4750901821a04d462b950bd1616fe3ad86c9137f2f8ed,2,,false
fb04c169f4bbdf83350c8ac6cfe3366122f0e2e6430cdfd4f08674e24e461e41,0,"Answer: 3

Why statement 1 might seem correct: The gold bracelet does have geometric patterns, such as the intricate designs and shapes that form the overall structure of the bracelet.

Why it is actually wrong: The image does not show any clear geometric patterns, but rather a series of floral and ornamental designs.

Why statement 2 might seem correct: The gold bracelet does have abstract shapes, such as the intricate and ornate designs that form the overall structure of the bracelet.

Why it is actually wrong: The image does not show any clear abstract shapes, but rather a series of floral and ornamental designs.

Why statement 3 is grounded: The gold bracelet in the image features floral designs, such as the detailed and ornate floral motifs that are present throughout the bracelet.

Confirm why your chosen statement is grounded: The gold bracelet in the image clearly features floral designs, making statement 3 the correct and grounded statement.",false
fb04c169f4bbdf83350c8ac6cfe3366122f0e2e6430cdfd4f08674e24e461e41,1,,false
fb04c169f4bbdf83350c8ac6cfe3366122f0e2e6430cdfd4f08674e24e461e41,2,,true
942d84d386db40745cff838d7d493b0ee8dee6460148abec4bf54a2fce00a17d,0,"Answer: 3

Why statement 1 might seem correct: The presence of various components and tools in the kit might suggest it is a diagnostic kit used in medical settings.
Why it is actually wrong: The tools and components shown in the image are not typical of medical diagnostic equipment. They include items like hoses, gauges, and pressure testers, which are more commonly associated with mechanical or automotive systems rather than medical diagnostics.

Why statement 2 might seem correct: The tools and components shown in the image could be used for plumbing repair, as they include hoses and pressure testers.
Why it is actually wrong: The specific items in the kit, such as the pressure gauges and hoses, are more indicative of a radiator pressure tester kit, which is designed for testing and maintaining car radiators, rather than general plumbing repair.

Why statement 3 is grounded: The image shows a kit with various pressure gauges, hoses, and a pressure tester, which are typical components of a radiator pressure tester kit. These tools are specifically designed for testing and maintaining car radiators, making statement 3 the correct and grounded statement.",false
942d84d386db40745cff838d7d493b0ee8dee6460148abec4bf54a2fce00a17d,1,,false
942d84d386db40745cff838d7d493b0ee8dee6460148abec4bf54a2fce00a17d,2,,true
cccea5fa9634407807c3e4d32591a2b680025db49e92f1783be16d5891fdd7c0,0,"Answer: 1

Why statement 2 might seem correct: The walls in the image appear to be made of stone, which could be mistaken for concrete. Concrete walls are also common in many regions and can be mistaken for stone walls.

Why it is actually wrong: The walls in the image are clearly made of stone, as evidenced by the visible texture and color of the stone. There are no visible steel reinforcements, which are typically used in concrete construction.

Why statement 3 might seem correct: The image shows a structure with walls that could be mistaken for glass, especially if one is looking from a distance or if the lighting is bright.

Why it is actually wrong: The walls are not made of glass; they are made of stone. The walls have a solid, opaque appearance, which is characteristic of stone construction. There are no visible metal frames that would be associated with glass walls.

Why statement 1 is grounded: The image clearly shows stone walls with wooden beams. The texture and color of the walls, as well as the visible wooden beams, confirm this.",true
cccea5fa9634407807c3e4d32591a2b680025db49e92f1783be16d5891fdd7c0,1,,false
cccea5fa9634407807c3e4d32591a2b680025db49e92f1783be16d5891fdd7c0,2,,false
a52f488750324e73ddc1ecf7ba11cc56427c46bda312d3e3ad9eb1a6387ed141,0,"Answer: 3

Why statement 1 might seem correct: The presence of a man playing a stringed instrument in a natural setting might evoke images of European mountain scenes where such activities are common.
Why it is actually wrong: The background shows a reddish-brown rock formation, which is characteristic of desert landscapes, not snowy mountains.

Why statement 2 might seem correct: The man's attire and the natural setting might suggest a tropical environment.
Why it is actually wrong: The reddish-brown rock formation and the arid environment clearly indicate a desert, not a tropical rainforest.

Why statement 3 is grounded: The reddish-brown rock formation and the man's traditional Middle Eastern attire, including the keffiyeh and the style of clothing, strongly suggest a desert region in the Middle East.
Why it is actually correct: The visual evidence of the desert-like environment and the traditional Middle Eastern clothing strongly support this statement.",false
a52f488750324e73ddc1ecf7ba11cc56427c46bda312d3e3ad9eb1a6387ed141,1,,false
a52f488750324e73ddc1ecf7ba11cc56427c46bda312d3e3ad9eb1a6387ed141,2,,true
4546038c51400534317edba9e80c46d890f1d160b259db81aa95d244ee2eb2c5,0,"Answer: 2

Why statement 1 might seem correct: The presence of a woman in a black dress and the group of people gathered around a display suggest that they are observing something of interest, possibly fossils.
Why it is actually wrong: There is no visible evidence of fossils in the image. The display features historical swords and photographs, not natural history fossils.

Why statement 3 might seem correct: The setting appears to be a museum, which could include modern art paintings.
Why it is actually wrong: There is no visible evidence of modern art paintings in the image. The display features historical swords and photographs.

Why statement 2 is grounded: The display prominently features historical swords and photographs, which are clearly visible in the image.
Why it is actually correct: The people are indeed observing a collection of historical swords and photographs, as evidenced by the display in the image.",false
4546038c51400534317edba9e80c46d890f1d160b259db81aa95d244ee2eb2c5,1,,true
4546038c51400534317edba9e80c46d890f1d160b259db81aa95d244ee2eb2c5,2,,false
7d086f02e50b795bd9959ef8410cfe219d96f1a781432b14fb49b0e5bab43987,0,"Answer: 2

Why statement 1 might seem correct: The outfit does have a pattern, but it is not geometric. It has floral designs.
Why it is actually wrong: The embroidery on the outfit is clearly floral, not geometric.

Why statement 3 might seem correct: The outfit does have a design, but it is not abstract. It has floral and floral-like patterns.
Why it is actually wrong: The embroidery on the outfit is floral, not abstract.

Why statement 2 is correct: The outfit prominently features floral design embroidery.
Why it is actually correct: The floral designs are clearly visible on the outfit, covering a significant portion of the garment.",false
7d086f02e50b795bd9959ef8410cfe219d96f1a781432b14fb49b0e5bab43987,1,,true
7d086f02e50b795bd9959ef8410cfe219d96f1a781432b14fb49b0e5bab43987,2,,false
38433f2ef250a6689b515dc31e39f992fdeb5d60b575488bfea9612461e5f705,0,"Answer: 1

Why statement 2 might seem correct: The dish appears to be a type of roll, which could be mistaken for spring rolls.
Why it is actually wrong: The dish is not in the shape or form typically associated with spring rolls, and the filling does not resemble the ingredients commonly used in spring rolls.

Why statement 3 might seem correct: The dish could be mistaken for skewers due to the elongated shape.
Why it is actually wrong: The dish is not skewered and does not have the appearance of grilled chicken.

The dish featured prominently in the image is stuffed bell peppers because it has the appearance of stuffed bell peppers, with the bell pepper shape and the filling visible inside.",true
38433f2ef250a6689b515dc31e39f992fdeb5d60b575488bfea9612461e5f705,1,,false
38433f2ef250a6689b515dc31e39f992fdeb5d60b575488bfea9612461e5f705,2,,false
91ba16b5ee2facf6086b8f44268ef89a0283d3e5c2fa9706522ac3df6a817290,0,"Answer: 2

Why statement 1 might seem correct: The image shows a building with a large, open space that could be interpreted as a glass dome.
Why it is actually wrong: There is no visible glass dome in the image; the structure appears to be a flat roof.

Why statement 3 might seem correct: The presence of greenery and outdoor seating suggests the possibility of a rooftop garden.
Why it is actually wrong: There is no clear evidence of a rooftop garden; the greenery is on the ground level.

Why statement 2 is grounded: The image clearly shows a decorative lattice structure on the building's exterior.
Why it is actually correct: The lattice structure is prominently featured on the building, making it a key architectural element.",false
91ba16b5ee2facf6086b8f44268ef89a0283d3e5c2fa9706522ac3df6a817290,1,,true
91ba16b5ee2facf6086b8f44268ef89a0283d3e5c2fa9706522ac3df6a817290,2,,false
8d8752a06a54b4d752df6282643655cae228264545b639e143e0bd837207a20a,0,"Answer: 2

Why statement 1 might seem correct: Dried fruits and nuts are often sold in markets because they are preserved and do not spoil easily, which might lead one to think they require refrigeration at all times.
Why it is actually wrong: The image shows a market stall with various dried fruits and nuts displayed in open containers, indicating that they do not require refrigeration.

Why statement 3 might seem correct: Dried fruits and nuts are often associated with special occasions and festivals, which might lead one to think they are only used during such events.
Why it is actually wrong: The image shows a market stall with a variety of dried fruits and nuts, suggesting that they are sold regularly and not just during special festivals.

Why statement 2 is grounded: Dried fruits and nuts have a long shelf life and are easy to transport, making them ideal for sale in markets. The image shows a market stall with a wide variety of dried fruits and nuts, indicating that they are commonly sold in markets.",false
8d8752a06a54b4d752df6282643655cae228264545b639e143e0bd837207a20a,1,,true
8d8752a06a54b4d752df6282643655cae228264545b639e143e0bd837207a20a,2,,false
65982bc2a0553f7635aec12e75c2cc4564bf363d5fb861500125892df2eee95c,0,"Answer: 3

Why statement 1 might seem correct: The presence of palm trees and dry vegetation can sometimes be associated with cold and snowy climates, especially if one is not familiar with the typical environments of palm trees.
Why it is actually wrong: The image shows a clear sky and the presence of palm trees, which typically thrive in warm and tropical climates. The dry vegetation also suggests a warm and dry environment rather than a cold and snowy one.

Why statement 2 might seem correct: The presence of palm trees and dry vegetation can sometimes be associated with tropical and humid climates.
Why it is actually wrong: The image shows a clear sky and the presence of palm trees, which typically thrive in warm and tropical climates. However, the dry vegetation suggests a warm and dry environment rather than a humid one.

Why statement 3 is grounded: The presence of palm trees and dry vegetation in the image suggests that the climate of this area is warm and dry. The palm trees are indicative of a warm climate, and the dry vegetation is typical of arid or semi-arid regions. The clear sky and the overall appearance of the landscape further support this conclusion.",false
65982bc2a0553f7635aec12e75c2cc4564bf363d5fb861500125892df2eee95c,1,,false
65982bc2a0553f7635aec12e75c2cc4564bf363d5fb861500125892df2eee95c,2,,true
ce5ee8bd5d19df0355145536f7d248ff095c30426fcb7a785dcd09e6e591047c,0,"Answer: 1

Why statement 2 might seem correct: The wrestling match appears to be taking place in an enclosed space, which could suggest an indoor gymnasium.
Why it is actually wrong: The image clearly shows a sandy arena, not an indoor gymnasium. The presence of sand and the outdoor setting are evident.

Why statement 3 might seem correct: The wrestling match is on a flat surface, which could be mistaken for concrete pavement.
Why it is actually wrong: The surface is clearly sandy, not concrete. The texture and color of the sandy ground are distinct.

The chosen statement (1) is grounded because the sandy arena is clearly visible in the image, indicating an outdoor setting.",true
ce5ee8bd5d19df0355145536f7d248ff095c30426fcb7a785dcd09e6e591047c,1,,false
ce5ee8bd5d19df0355145536f7d248ff095c30426fcb7a785dcd09e6e591047c,2,,false
9fa0356604435740b33ca6f657dcdc97f25596aa6f1868d6d353a37e573ede62,0,"Answer: 3

Why statement 1 might seem correct: The presence of multiple camels and riders in a line suggests a ceremonial procession.
Why it is actually wrong: There is no indication of ceremonial attire or behavior, and the riders appear to be in motion, which is more typical of a procession than a ceremonial event.

Why statement 2 might seem correct: The camels are in motion and the riders are holding reins, which could suggest a racing competition.
Why it is actually wrong: There is no visible track or setting that indicates a racing competition, and the riders do not appear to be in a competitive stance.

Why statement 3 is grounded: The image shows a regular day in the desert with camels and riders going about their activities.
Why it is actually correct: The environment and the activities depicted are consistent with daily life in a desert setting, without any specific indication of a special event like a procession or race.",false
9fa0356604435740b33ca6f657dcdc97f25596aa6f1868d6d353a37e573ede62,1,,false
9fa0356604435740b33ca6f657dcdc97f25596aa6f1868d6d353a37e573ede62,2,,true
ec047ea17a31f8211da18782a6ac4405763eba5c693308ed8d44b6e47565ddfd,0,"Answer: 3

Why statement 1 might seem correct: The presence of a large crowd in a public square could suggest a protest, and transportation issues are common topics for protests.
Why it is actually wrong: There is no visible signage, placards, or any indication of a protest related to transportation issues. The crowd is gathered around a flag, which is the focal point.

Why statement 2 might seem correct: The gathering could be for a cultural festival, especially if the location is known for such events.
Why it is actually wrong: There is no evidence of any cultural festival activities such as music, food stalls, or decorations. The focus is on the flag.

Why statement 3 is grounded: The large Palestinian flag is prominently displayed in the center of the square, indicating that the gathering is focused on displaying this flag.
Why it is actually correct: The flag is the central focus of the gathering, with many people standing around it, suggesting that the primary focus is indeed the display of the Palestinian flag.",false
ec047ea17a31f8211da18782a6ac4405763eba5c693308ed8d44b6e47565ddfd,1,,false
ec047ea17a31f8211da18782a6ac4405763eba5c693308ed8d44b6e47565ddfd,2,,true
c14b317ae06fb7e4e22fd6011c4e896b9c5eedb0c967fdf2865908bf5ebc9ee5,0,"Answer: 2

Why statement 1 might seem correct: The intricate and detailed nature of the designs on the ceramic dish could suggest that embossing was used, as embossing can create detailed patterns.
Why it is actually wrong: The colors and patterns are too varied and complex for embossing, which typically creates a uniform pattern without the vibrant color variations seen here.
Why statement 3 might seem correct: The uniformity and precision of the patterns could suggest machine printing.
Why it is actually wrong: The irregularities and hand-drawn quality of the patterns indicate that they were not created by machine printing.
Why statement 2 is grounded: The hand-painted nature of the designs is evident from the irregularities and the unique color variations, which are characteristic of hand-painting.",false
c14b317ae06fb7e4e22fd6011c4e896b9c5eedb0c967fdf2865908bf5ebc9ee5,1,,true
c14b317ae06fb7e4e22fd6011c4e896b9c5eedb0c967fdf2865908bf5ebc9ee5,2,,false
a948ef0275f5de455a887613e3342466f92f9da11f2bf2bb0871ea1d39868fcc,0,"Answer: 1

Why statement 2 might seem correct: The graves are arranged in a pattern around the buildings, which could be mistaken for decorative elements of the landscape.

Why it is actually wrong: The graves are clearly demarcated and appear to be functional, as they are surrounded by small mounds of earth, which are typical of burial plots.

Why statement 3 might seem correct: The graves are not currently being used, which could lead one to believe they are unused plots awaiting future use.

Why it is actually wrong: The graves are not empty and are clearly intended for burial, as evidenced by the mounds of earth and the overall layout of the site.

The chosen statement (1) is grounded because the graves are clearly associated with the religious site, as they are located around the buildings and are part of the overall layout of the cemetery.",true
a948ef0275f5de455a887613e3342466f92f9da11f2bf2bb0871ea1d39868fcc,1,,false
a948ef0275f5de455a887613e3342466f92f9da11f2bf2bb0871ea1d39868fcc,2,,false
b3898428f17dbc016a708ae929613d8e9125734e7fada409d2d8e2fcbe319129,0,"Answer: 1

Why statement 2 might seem correct: The background shows a green area which might be mistaken for a forest.
Why it is actually wrong: There is no visible wildlife or dense forest structure in the background; it appears to be a shoreline with sparse vegetation.

Why statement 3 might seem correct: The background shows a barren area which might be mistaken for a desert.
Why it is actually wrong: The background shows a shoreline with water and vegetation, not a desert landscape.

Why statement 1 is grounded: The background clearly shows a shoreline with people and a boat, which is consistent with the visual evidence in the image.",true
b3898428f17dbc016a708ae929613d8e9125734e7fada409d2d8e2fcbe319129,1,,false
b3898428f17dbc016a708ae929613d8e9125734e7fada409d2d8e2fcbe319129,2,,false
fe5a007551a94df8a5c2ce4ea508668f37450192ecc2c0fcf934f6ceba2061d8,0,"Answer: 2

Why statement 1 might seem correct: Adobe-style buildings are often used for storage due to their thick walls which can protect stored goods from the harsh desert climate.
Why it is actually wrong: The buildings in the image are not in a state that suggests they are used for storage; they appear to be residential with visible windows and doors.

Why statement 3 might seem correct: Modern shopping malls are often built in urban areas, and the image shows a desert setting.
Why it is actually wrong: The buildings in the image are traditional adobe structures, not modern commercial buildings.

Why statement 2 is grounded: The buildings in the image have residential characteristics such as windows and doors, and are likely used for housing in a rural or semi-rural setting.

Confirming why statement 2 is grounded: The image shows traditional adobe-style buildings with windows and doors, which are typical features of residential housing in many parts of the Arab world.",false
fe5a007551a94df8a5c2ce4ea508668f37450192ecc2c0fcf934f6ceba2061d8,1,,true
fe5a007551a94df8a5c2ce4ea508668f37450192ecc2c0fcf934f6ceba2061d8,2,,false
b3ee6f299203a214f949dc79fe28f4f4faa3073d707da583caf770db2dc7b921,0,"Answer: 1

Why statement 2 might seem correct: [best argument for it]
- The sheets of dried bark or fiber material could be used in the construction of fishing nets, as they are flexible and durable materials that can be woven together to form nets.

Why it is actually wrong: [specific visual evidence that contradicts it]
- The image shows sheets of material that are flat and rigid, which is not characteristic of the flexible and woven nature of fishing nets.

Why statement 3 might seem correct: [best argument for it]
- The sheets of dried bark or fiber material could be used in the construction of buoys, as they can be shaped and attached to other materials to float on water.

Why it is actually wrong: [specific visual evidence that contradicts it]
- The sheets in the image are not shaped or designed in a way that would allow them to be used as buoys, which typically require a hollow, buoyant form.

Why statement 1 is grounded: [specific visual evidence that supports it]
- The sheets of dried bark or fiber material could be associated with boat construction in water transport because they could be used as a material for boat hulls or as reinforcement materials in boat construction. The sheets appear to be flat and rigid, which is suitable for structural components in boats.",true
b3ee6f299203a214f949dc79fe28f4f4faa3073d707da583caf770db2dc7b921,1,,false
b3ee6f299203a214f949dc79fe28f4f4faa3073d707da583caf770db2dc7b921,2,,false
f89f089a55f3629d84f841e93d319656eac7fb024677013d813d9d0538a36300,0,"Answer: 2

Why statement 1 might seem correct: The river is surrounded by what appears to be a forested area.
Why it is actually wrong: The image shows rocky terrain and dry hills, not dense forest with lush greenery.

Why statement 3 might seem correct: The mountains in the background appear to be snow-covered.
Why it is actually wrong: The mountains are not covered in snow; they are rocky and dry.

Why statement 2 is grounded: The river is indeed surrounded by rocky terrain with dry hills, as seen in the image.",false
f89f089a55f3629d84f841e93d319656eac7fb024677013d813d9d0538a36300,1,,true
f89f089a55f3629d84f841e93d319656eac7fb024677013d813d9d0538a36300,2,,false
66ccd26487e0649344ce1f939c1f3c6cab41f31a02879cf65c895edfa4966685,0,"Answer: 2

Why statement 1 might seem correct: The barrier in the background does have advertisements on it, which might lead one to believe that its primary function is to display advertisements.

Why it is actually wrong: The barrier also serves a protective function by shielding spectators from the puck, which is a crucial aspect of its design and use in an ice hockey rink.

Why statement 3 might seem correct: The barrier is indeed positioned to protect spectators from the puck, which is a primary safety feature in an ice hockey rink.

Why it is actually wrong: The barrier also displays advertisements, which is a secondary but significant function of the barrier.

Why statement 2 is grounded: The barrier serves both protective and advertising functions, as evidenced by its placement and design in the image.",false
66ccd26487e0649344ce1f939c1f3c6cab41f31a02879cf65c895edfa4966685,1,,true
66ccd26487e0649344ce1f939c1f3c6cab41f31a02879cf65c895edfa4966685,2,,false
84a50fc71eca5fd72072011f57e6a998e1cf2842586e03b8cc1ee62ff85712fc,0,"Answer: 2

Why statement 1 might seem correct: The pyramids in the image resemble the famous pyramids of Giza, which are located in Egypt. However, the text in the image is in Arabic, suggesting that the image might be from an Arab country, which could lead one to think they are in Morocco.

Why it is actually wrong: The pyramids shown in the image are not located in Morocco. The text in the image is in Arabic, but this does not change the location of the pyramids. The visual evidence clearly shows that these pyramids are in a desert landscape, which is characteristic of the pyramids in Egypt, not Morocco.

Why statement 3 might seem correct: The pyramids in the image could also be mistaken for those in Sudan, as the Nubian pyramids are located in Sudan and share a similar architectural style.

Why it is actually wrong: The pyramids shown in the image are not located in Sudan. The visual evidence shows that these pyramids are in a desert landscape that is characteristic of the pyramids in Egypt, not Sudan.

Why statement 2 is grounded: The pyramids shown in the image are located in Egypt. The visual evidence clearly shows that these pyramids are in a desert landscape that is characteristic of the pyramids in Egypt.",false
84a50fc71eca5fd72072011f57e6a998e1cf2842586e03b8cc1ee62ff85712fc,1,,true
84a50fc71eca5fd72072011f57e6a998e1cf2842586e03b8cc1ee62ff85712fc,2,,false
13c74d20a3b76608ef277bc7c80dbd8a4ba6d3d2c07a37e8e56a92a03f2a110e,0,"Answer: 3

Why statement 1 might seem correct: The inflatable boat is being used in an urban area, which might suggest recreational use.
Why it is actually wrong: The individuals in the boat are wearing life vests and are being guided by people in uniforms, indicating a rescue operation rather than recreational boating.

Why statement 2 might seem correct: The boat is in a flooded area, which might suggest fishing.
Why it is actually wrong: The individuals in the boat are being guided by people in uniforms, indicating a rescue operation rather than fishing.

Why statement 3 is grounded: The individuals in the boat are wearing life vests and are being guided by people in uniforms, indicating a rescue operation during floods.",false
13c74d20a3b76608ef277bc7c80dbd8a4ba6d3d2c07a37e8e56a92a03f2a110e,1,,false
13c74d20a3b76608ef277bc7c80dbd8a4ba6d3d2c07a37e8e56a92a03f2a110e,2,,true
68290e9fbd73c198beef550c3590494594b55824662534cbf1057ac4b89997c1,0,"Answer: 3

Why statement 1 might seem correct: The street appears to be in a modern urban setting, which might lead one to assume that the buildings feature modern glass and steel architecture.

Why it is actually wrong: The buildings in the image have distinct half-timbered (Tudor-style) architecture, characterized by the exposed timber framing and plaster or brick infill.

Why statement 2 might seem correct: Brutalist architecture often features raw concrete and geometric forms, which might be mistaken for the buildings in the image.

Why it is actually wrong: The buildings in the image have a distinct half-timbered design, not the raw, unadorned concrete typical of Brutalist architecture.

Why statement 3 is grounded: The buildings in the image prominently feature half-timbered (Tudor-style) architecture, characterized by the exposed timber framing and plaster or brick infill, which is clearly visible in the image.",false
68290e9fbd73c198beef550c3590494594b55824662534cbf1057ac4b89997c1,1,,false
68290e9fbd73c198beef550c3590494594b55824662534cbf1057ac4b89997c1,2,,true
d906c249a76d86d8198ebe5124774aa4a71e475fd6d7eedbb301943fdbdcbfda,0,"Answer: 1

Why statement 2 might seem correct: The interior of the airplane wing might seem visible from an airplane window because the wing is a large structure that is part of the airplane's exterior. However, the wing is not typically visible from the window because it is located on the exterior of the plane and is not part of the viewable interior.

Why it is actually wrong: The image shows the wing of the airplane, but it is not visible from the window. The window provides a view of the sky and clouds, not the wing itself.

Why statement 3 might seem correct: A view of the ground and cities below might seem visible from an airplane window because this is a common view from an airplane during flight. However, the image does not show the ground or cities below; it shows clouds and the sky.

Why it is actually wrong: The image shows clouds and the sky, not the ground or cities below. The airplane is flying through the clouds, so the view is obscured by the clouds.

Why statement 1 is grounded: Clouds and the sky are typically visible from an airplane window during flight because the airplane is flying through the clouds, and the sky is always visible from the window. The image shows clouds and the sky, which confirms this statement.",true
d906c249a76d86d8198ebe5124774aa4a71e475fd6d7eedbb301943fdbdcbfda,1,,false
d906c249a76d86d8198ebe5124774aa4a71e475fd6d7eedbb301943fdbdcbfda,2,,false
5fa4904dab3408f157947154434998f56341b61c550045900582cab249b02c6d,0,"Answer: 3

Why statement 1 might seem correct: The light-skinned hand does not have any visible tattoos.
Why it is actually wrong: There are no tattoos on the light-skinned hand.

Why statement 2 might seem correct: The light-skinned hand does not have any visible bracelets.
Why it is actually wrong: There are no bracelets on the light-skinned hand.

Why statement 3 is grounded: The most prominent feature visible on the light-skinned hand is a diamond ring.
Why it is actually correct: The image clearly shows a diamond ring on the light-skinned hand.",false
5fa4904dab3408f157947154434998f56341b61c550045900582cab249b02c6d,1,,false
5fa4904dab3408f157947154434998f56341b61c550045900582cab249b02c6d,2,,true
263ea61e67545788e3ab77e4b4cf9e48b16bb763d977bc99beb8563c92597bb7,0,"Answer: 2

Why statement 1 might seem correct: [best argument for it]
   Catalytic converters are often made from metals that are durable and can withstand high temperatures. Titanium is a strong and lightweight metal, which might make it seem like a plausible material for a catalytic converter.

Why it is actually wrong: [specific visual evidence that contradicts it]
   The image shows a catalytic converter with a shiny, metallic surface that appears to be aluminum, not titanium. Aluminum is commonly used in catalytic converters due to its lightweight and good heat conductivity.

Why statement 2 is grounded:
   The catalytic converter in the image has a shiny, metallic surface that is characteristic of aluminum. Aluminum is a common material used in catalytic converters due to its lightweight and good heat conductivity.

Why statement 3 might seem correct: [best argument for it]
   Steel is a strong and durable material that can withstand high temperatures, which might make it seem like a plausible material for a catalytic converter.

Why it is actually wrong: [specific visual evidence that contradicts it]
   The image shows a catalytic converter with a shiny, metallic surface that appears to be aluminum, not steel. Steel is not commonly used in catalytic converters because it is heavier and less conductive than aluminum.",false
263ea61e67545788e3ab77e4b4cf9e48b16bb763d977bc99beb8563c92597bb7,1,,true
263ea61e67545788e3ab77e4b4cf9e48b16bb763d977bc99beb8563c92597bb7,2,,false
0b768a050a37d0b2c7414ff81ddf4e6c26e7fffa0d484b0e0e2fdaac8c68df0b,0,"Answer: 1

Why statement 2 might seem correct: The presence of men in suits suggests a formal or business-like setting.
Why it is actually wrong: There is no visible context or setting that indicates a business meeting, such as a conference room, office, or any business-related equipment.

Why statement 3 might seem correct: The presence of a woman holding a bouquet and a child could suggest a religious ceremony.
Why it is actually wrong: There is no clear indication of a religious setting, such as a church, mosque, or any religious symbols or attire.

Why statement 1 is grounded: The group appears to be a family, as they are standing together and smiling, suggesting a casual and familial gathering. The outdoor setting near a building does not necessarily indicate a specific event or occasion, making it plausible that this is a casual family outing.",true
0b768a050a37d0b2c7414ff81ddf4e6c26e7fffa0d484b0e0e2fdaac8c68df0b,1,,false
0b768a050a37d0b2c7414ff81ddf4e6c26e7fffa0d484b0e0e2fdaac8c68df0b,2,,false
48ca5f9679df64f81542f072909075f9e89a0136bf28d009e9de8f7c464ecdd2,0,"Answer: 1

Why statement 2 might seem correct: [best argument for it]
   - The airplane has a cargo door on the fuselage, which is a common feature for cargo planes.

Why it is actually wrong: [specific visual evidence that contradicts it]
   - The airplane has a passenger door and windows along the side, which are typical for passenger aircraft.

Why statement 3 might seem correct: [best argument for it]
   - The airplane has a military-style livery and markings, which might suggest it is used for military operations.

Why it is actually wrong: [specific visual evidence that contradicts it]
   - The airplane has commercial airline markings and branding, which are not typical for military aircraft.

Why statement 1 is grounded:
   - The airplane has passenger doors and windows, which are features of passenger aircraft.",true
48ca5f9679df64f81542f072909075f9e89a0136bf28d009e9de8f7c464ecdd2,1,,false
48ca5f9679df64f81542f072909075f9e89a0136bf28d009e9de8f7c464ecdd2,2,,false
274ce81b15c1748da00a56ff68068135e66f521eda4df71db2b876396ae2dc94,0,"Answer: 3

Why statement 1 might seem correct: The structure appears tall and modern, which could lead one to think it is a modern skyscraper.
Why it is actually wrong: The structure has a traditional design with a minaret-like top and a fortified base, which is not typical of modern skyscrapers.

Why statement 2 might seem correct: The structure has a minaret-like top and a fortified base, which could lead one to think it is a historical minaret or fortification.
Why it is actually wrong: The structure is not a minaret or fortification, but rather a lighthouse, as indicated by the light at the top.

Why statement 3 is grounded: The structure has a light at the top, which is characteristic of a lighthouse. The design and location also suggest it is a lighthouse, as it is situated near the sea and has a structure that is typical for guiding ships.",false
274ce81b15c1748da00a56ff68068135e66f521eda4df71db2b876396ae2dc94,1,,false
274ce81b15c1748da00a56ff68068135e66f521eda4df71db2b876396ae2dc94,2,,true
d76285f3c1ed4022b169ed928d1fb2b2aa55c78c086e5941836b217b1590e589,0,"Answer: 1

Why statement 2 might seem correct: The statue has a smooth and polished appearance, which is characteristic of marble statues.
Why it is actually wrong: The statue has a rough texture and a patina that is typical of bronze, not the smooth finish of marble.

Why statement 3 might seem correct: The statue has a dark coloration that could be associated with wood.
Why it is actually wrong: The statue has a metallic sheen and a patina that is typical of bronze, not the grainy texture of wood.

The chosen statement is grounded because the statue has a patina and texture that are characteristic of bronze, not marble or wood.",true
d76285f3c1ed4022b169ed928d1fb2b2aa55c78c086e5941836b217b1590e589,1,,false
d76285f3c1ed4022b169ed928d1fb2b2aa55c78c086e5941836b217b1590e589,2,,false
fd5aced68ebf575fa1eba6542764fcfaf2bf59488d0d438c7ef740a5a810fa66,0,"Answer: 3

Why statement 1 might seem correct: The image shows structures that resemble tents, which might lead one to think that tent shelters are predominant.
Why it is actually wrong: The image clearly shows traditional huts, not tents. The structures have thatched roofs and are more permanent in appearance.

Why statement 2 might seem correct: The image shows some modern-looking structures, which might lead one to think that modern apartment buildings are predominant.
Why it is actually wrong: The image does not show any modern apartment buildings. Instead, it shows traditional huts and makeshift shelters.

Why statement 3 is grounded: The image shows traditional huts with thatched roofs, which are the predominant structures visible.
Why it is actually correct: The visual evidence clearly shows traditional huts, which are the main structures in the image.",false
fd5aced68ebf575fa1eba6542764fcfaf2bf59488d0d438c7ef740a5a810fa66,1,,false
fd5aced68ebf575fa1eba6542764fcfaf2bf59488d0d438c7ef740a5a810fa66,2,,true
59abf574ec92cadecdbfb126c36763759a06e75d9c8a72bda5080d2bee98d126,0,"Answer: 2

Why statement 1 might seem correct: The individuals are dressed in formal attire and are standing in a formation, which could be indicative of a military parade.
Why it is actually wrong: There is no visible presence of military equipment, flags, or any other elements typically associated with military parades.

Why statement 3 might seem correct: The individuals are dressed in traditional clothing, which could suggest a traditional wedding dance.
Why it is actually wrong: The individuals are not engaging in the coordinated, synchronized movements typically associated with a wedding dance.

Why statement 2 is grounded: The individuals are wearing traditional Sufi attire, including turbans and flowing robes, and are engaged in a whirling dance, which is characteristic of Sufi whirling ceremonies.
Why it is actually wrong: The attire and dance movements are consistent with Sufi whirling ceremonies, not military parades or traditional wedding dances.",false
59abf574ec92cadecdbfb126c36763759a06e75d9c8a72bda5080d2bee98d126,1,,true
59abf574ec92cadecdbfb126c36763759a06e75d9c8a72bda5080d2bee98d126,2,,false
e409e79d6f7a916177ddbb3392c84e50e814a36912bc0e907758be43263fce1d,0,"Answer: 1

Why statement 2 might seem correct: The green pot has a cylindrical shape that could be mistaken for a household object like a container or a vase.
Why it is actually wrong: The green pot is a simple cylindrical pot without any design resembling a household object.

Why statement 3 might seem correct: The white pot has a spherical shape that could be mistaken for a household object like a ball or a decorative item.
Why it is actually wrong: The white pot is a plain spherical pot without any design resembling a household object.

Why statement 1 is grounded: The purple pot has a design that resembles a household object, specifically a stack of two household objects. The pot has a cylindrical shape with a smaller cylindrical piece stacked on top, resembling a stack of cups or containers.",true
e409e79d6f7a916177ddbb3392c84e50e814a36912bc0e907758be43263fce1d,1,,false
e409e79d6f7a916177ddbb3392c84e50e814a36912bc0e907758be43263fce1d,2,,false
8b68eac5b2fc888e20f3e37588a4d7be5016805de0c84a1c5b34e70c41b752ee,0,"Answer: 2

Why statement 1 might seem correct: The presence of lights and decorations could be associated with a business conference, which often includes festive decorations.
Why it is actually wrong: The decorations are more festive and whimsical, typical of a holiday festival rather than a business conference.

Why statement 3 might seem correct: The lights and decorations could be associated with a sports event, which often includes festive decorations.
Why it is actually wrong: The decorations are more festive and whimsical, typical of a holiday festival rather than a sports event.

Why statement 2 is grounded: The image shows decorations such as lights, a large candy cane, and a star, which are commonly associated with holiday festivals. The festive atmosphere and decorations strongly suggest that this is a holiday festival.",false
8b68eac5b2fc888e20f3e37588a4d7be5016805de0c84a1c5b34e70c41b752ee,1,,true
8b68eac5b2fc888e20f3e37588a4d7be5016805de0c84a1c5b34e70c41b752ee,2,,false
299318da3baaf4c5b12d108fc5f21635c1db075a227042aaae53dca5a0173128,0,"Answer: 2

Why statement 1 might seem correct: The large gathering of people and the presence of a crowd on elevated platforms could suggest a political rally.
Why it is actually wrong: The attire of the people, including traditional clothing and head coverings, along with the architectural style of the building, strongly indicate a religious setting rather than a political rally.

Why statement 3 might seem correct: The presence of a large crowd and the open space could suggest a music festival.
Why it is actually wrong: The attire of the people and the architectural style of the building, along with the presence of a dome and other religious structures, strongly indicate a religious setting rather than a music festival.

Why statement 2 is grounded: The large gathering of people, the presence of a dome-like structure, and the traditional attire of the participants all suggest a religious ceremony near a mosque.",false
299318da3baaf4c5b12d108fc5f21635c1db075a227042aaae53dca5a0173128,1,,true
299318da3baaf4c5b12d108fc5f21635c1db075a227042aaae53dca5a0173128,2,,false
5c7ab4ab377c60ef8fadb34d212098f9ce730f10ae01b6f4ae11a6a4ccd47eb8,0,"Answer: 1

Why statement 2 might seem correct: The artifact is placed on a wooden surface, which might lead one to think that the artifact itself is made of wood.
Why it is actually wrong: The artifact has a golden appearance and is described as resembling holy footprints, which are typically associated with gold in religious contexts.
Why statement 3 might seem correct: The artifact has a silver-like appearance in some parts, which might lead one to think it is primarily made of silver.
Why it is actually wrong: The majority of the artifact has a golden appearance, indicating that it is primarily made of gold rather than silver.",true
5c7ab4ab377c60ef8fadb34d212098f9ce730f10ae01b6f4ae11a6a4ccd47eb8,1,,false
5c7ab4ab377c60ef8fadb34d212098f9ce730f10ae01b6f4ae11a6a4ccd47eb8,2,,false
44aa94694c6dee820cddd87766c92fb7b509c42064871fea2fb885f59a979dc8,0,"Answer: 3

Why statement 1 might seem correct: [best argument for it]
   The Warner Bros logo is a well-known and easily recognizable symbol. It might be mistakenly assumed that the label includes this logo.

Why it is actually wrong: [specific visual evidence that contradicts it]
   There is no Warner Bros logo visible on any of the film reel labels in the image.

Why statement 2 might seem correct: [best argument for it]
   Universal Pictures is another major film studio, and its logo is also widely recognized. It might be mistakenly assumed that the label includes this logo.

Why it is actually wrong: [specific visual evidence that contradicts it]
   There is no Universal Pictures logo visible on any of the film reel labels in the image.

Why statement 3 is grounded: [specific visual evidence that supports it]
   The label on the film reel clearly states ""PARAMOUNT OXFORD FILMS,"" which directly confirms this statement.",false
44aa94694c6dee820cddd87766c92fb7b509c42064871fea2fb885f59a979dc8,1,,false
44aa94694c6dee820cddd87766c92fb7b509c42064871fea2fb885f59a979dc8,2,,true
0465396f13330c509dd7b8bea6ba23ae51b3350bb409e3fc06484c80bfa38ddf,0,"Answer: 1

Why statement 2 might seem correct: The people in the image are dressed in a manner that could be interpreted as formal, especially the man in the white shirt and vest.

Why it is actually wrong: The clothing worn by the individuals is distinctly traditional, including headscarves and traditional dresses, which are not typically associated with formal business attire.

Why statement 3 might seem correct: The clothing appears to be casual, as it is colorful and includes traditional elements that are often worn in everyday settings.

Why it is actually wrong: The clothing is more ceremonial and traditional, which is not characteristic of casual clothing.

Why statement 1 is grounded: The people in the image are wearing traditional clothing, including headscarves and traditional dresses, which are clearly visible and distinctly traditional.",true
0465396f13330c509dd7b8bea6ba23ae51b3350bb409e3fc06484c80bfa38ddf,1,,false
0465396f13330c509dd7b8bea6ba23ae51b3350bb409e3fc06484c80bfa38ddf,2,,false
f2c8265a06afd99374ef169e7f5486a439ace5ba812b871b2b5fb666343afed0,0,"Answer: 3

Why statement 1 might seem correct: The soap bars appear to be clean and unused, which could suggest they are intended for cooking purposes.
Why it is actually wrong: The soap bars have text and designs that are commonly associated with personal hygiene products, not cooking utensils.

Why statement 2 might seem correct: The soap bars are visually appealing and have a decorative design, which could suggest they are intended for decorative use.
Why it is actually wrong: The soap bars are shown being held by hands, indicating they are meant for use, not decoration.

Why statement 3 is grounded: The soap bars have text and designs that are commonly associated with personal hygiene products, and they are being held by hands, indicating they are meant for use.
Why it is actually wrong: The soap bars do not have any visual cues that suggest they are intended for cooking or decorative purposes.",false
f2c8265a06afd99374ef169e7f5486a439ace5ba812b871b2b5fb666343afed0,1,,false
f2c8265a06afd99374ef169e7f5486a439ace5ba812b871b2b5fb666343afed0,2,,true
c6f3d6b43f545109a9b4afd16a519a4b7bcfe3da07669fd8913dcc6f5a37dc2f,0,"Answer: 3

Why statement 1 might seem correct: The presence of children and the open space might suggest a recreational park setting.
Why it is actually wrong: The image shows a destroyed building and debris, which is not typical of a recreational park.

Why statement 2 might seem correct: The presence of rubble and construction materials might suggest a construction site.
Why it is actually wrong: The image shows significant destruction and human presence, which is not typical of a construction site.

Why statement 3 is grounded: The image shows a destroyed building, debris, and a general sense of destruction, which is indicative of a war-affected area.
Why it is actually correct: The visual evidence of destruction and human presence in a devastated environment strongly supports this statement.",false
c6f3d6b43f545109a9b4afd16a519a4b7bcfe3da07669fd8913dcc6f5a37dc2f,1,,false
c6f3d6b43f545109a9b4afd16a519a4b7bcfe3da07669fd8913dcc6f5a37dc2f,2,,true
5d8d448de9ba55be2a0343ddbd72e50ab7598a228170e85e96af4b6f055e309e,0,"Answer: 2

Why statement 1 might seem correct: The people are dressed in white robes, which could be associated with formal attire.
Why it is actually wrong: There is no evidence of preparation for a formal event, such as table settings or decorations.

Why statement 3 might seem correct: The presence of a kitchen and a table suggests that cooking could be taking place.
Why it is actually wrong: There is no visible cooking activity or kitchen utensils, and the people are not in the kitchen.

Why statement 2 is grounded: The people are dressed in hotel robes, and the setting includes a table and a lamp, which are typical of a hotel room. The relaxed posture and the presence of a beverage on the table support this.
Why it is actually correct: The image clearly shows a hotel room setting with people in hotel robes, indicating they are relaxing in their room.",false
5d8d448de9ba55be2a0343ddbd72e50ab7598a228170e85e96af4b6f055e309e,1,,true
5d8d448de9ba55be2a0343ddbd72e50ab7598a228170e85e96af4b6f055e309e,2,,false
f1febbc3342d1e75730effa090ad15f07a831e23903347b46ad357376885c5af,0,"Answer: 3

Why statement 1 might seem correct: The courtyard is enclosed by arches and has a ceremonial feel, which might suggest it is used for religious rituals.
Why it is actually wrong: There is no visible religious iconography or objects that would indicate it is used for religious purposes.

Why statement 2 might seem correct: The open space and seating arrangements could suggest it is used for trading goods.
Why it is actually wrong: There are no visible goods or merchants that would indicate it is used for trading.

Why statement 3 is grounded: The seating arrangements and open space suggest it is a place for social gatherings and relaxation.
Why it is actually correct: The presence of benches and tables, along with the open and inviting space, supports this interpretation.",false
f1febbc3342d1e75730effa090ad15f07a831e23903347b46ad357376885c5af,1,,false
f1febbc3342d1e75730effa090ad15f07a831e23903347b46ad357376885c5af,2,,true
88e6ab4466b163edc28f32f6041caeab81fd11eb6c942204fdaa0fd3b8faf518,0,"Answer: 2

Why statement 1 might seem correct: The green garnish on the meat could be mistaken for basil due to its similar color and leaf shape.
Why it is actually wrong: The garnish on the meat is not basil; it is cilantro, which has a distinctly different leaf shape and is more commonly used in Middle Eastern cuisine.

Why statement 3 might seem correct: Parsley is another herb that could be mistaken for cilantro due to its green color.
Why it is actually wrong: The garnish on the meat is not parsley; it is cilantro, which has a different leaf shape and is more commonly used in this context.

Why statement 2 is grounded: The garnish on the meat is cilantro, which is a common herb used in Middle Eastern cuisine and has the distinct leaf shape visible in the image.",false
88e6ab4466b163edc28f32f6041caeab81fd11eb6c942204fdaa0fd3b8faf518,1,,true
88e6ab4466b163edc28f32f6041caeab81fd11eb6c942204fdaa0fd3b8faf518,2,,false
7534655fa310f33caf1fec5fac55e2d6212dc97c95403143b3b7d759e2696f5c,0,"Answer: 1

Why statement 2 might seem correct: The knife has a sturdy handle and a sharp blade, which could suggest it is used for carving wood.
Why it is actually wrong: The knife has a design and shape typical of Japanese knives used for cutting sushi or sashimi, not for carving wood.

Why statement 3 might seem correct: The knife has a sharp blade, which could suggest it is used for peeling fruits.
Why it is actually wrong: The knife has a design and shape typical of Japanese knives used for cutting sushi or sashimi, not for peeling fruits.

The primary purpose of the knife shown in the image is cutting sushi or sashimi, as indicated by its design and the context of the image which includes sushi and chopsticks.",true
7534655fa310f33caf1fec5fac55e2d6212dc97c95403143b3b7d759e2696f5c,1,,false
7534655fa310f33caf1fec5fac55e2d6212dc97c95403143b3b7d759e2696f5c,2,,false
7e26097b385f2f17d8145e92c38cf7396b0925aa0df363eafb87856217faabf1,0,"Answer: 2

Why statement 1 might seem correct: The tiered serving tray is often used to store food for later use, as it allows for multiple items to be kept together and organized.
Why it is actually wrong: The image shows the tray being used to display and serve food items, not for storage purposes.

Why statement 3 might seem correct: The tray includes a teapot and a cup, which are commonly used for serving drinks like tea and coffee.
Why it is actually wrong: The main purpose of the tray is to organize and display a variety of food items, not just to serve drinks.

Why statement 2 is grounded: The tray is used to organize and display a variety of food items, including pastries, sandwiches, and fruits, which is evident from the image.
Why statement 1 and 3 are hallucinations: The image clearly shows the tray being used for organizing and displaying food items, not for storage or solely for serving drinks.",false
7e26097b385f2f17d8145e92c38cf7396b0925aa0df363eafb87856217faabf1,1,,true
7e26097b385f2f17d8145e92c38cf7396b0925aa0df363eafb87856217faabf1,2,,false
99f5956ed157c88bbf27967fdfc67c62db84115a3e9cd7c40541f73808ae7ea9,0,"Answer: 1

Why statement 2 might seem correct: [best argument for it]
   - The image shows a pastry that looks savory, which might lead one to think it is a savory dish.

Why it is actually wrong: [specific visual evidence that contradicts it]
   - The pastry in the image is clearly labeled as baklava, which is a sweet pastry known for its layers of dough and syrup.

Why statement 3 might seem correct: [best argument for it]
   - The image shows a cold-looking pastry, which might lead one to think it is a cold beverage.

Why it is actually wrong: [specific visual evidence that contradicts it]
   - The image clearly shows a pastry, not a beverage, and baklava is typically served as a dessert, not a drink.",true
99f5956ed157c88bbf27967fdfc67c62db84115a3e9cd7c40541f73808ae7ea9,1,,false
99f5956ed157c88bbf27967fdfc67c62db84115a3e9cd7c40541f73808ae7ea9,2,,false
7be81522c0fd20352dede1739fccc3f0038195701e040e02a489a51f79696a7a,0,"Answer: 2

Why statement 1 might seem correct: The image shows a structure that could be mistaken for a modern church due to its rectangular shape and the presence of what appears to be a doorway.
Why it is actually wrong: There are no modern architectural elements or materials visible that would indicate a modern church. The structure is ancient and made of stone, which is typical of ancient temples.

Why statement 3 might seem correct: The image shows a large structure on a hill, which could be mistaken for a medieval castle.
Why it is actually wrong: The structure is ancient and made of stone, typical of ancient temples, not medieval castles. There are no features like battlements or towers that would indicate a medieval castle.

Why statement 2 is grounded: The image shows a prominent ancient temple in the foreground with columns and a doorway, which are characteristic features of ancient temples.
Why it is actually correct: The structure is clearly an ancient temple, as evidenced by its architectural style and the presence of columns and a doorway.",false
7be81522c0fd20352dede1739fccc3f0038195701e040e02a489a51f79696a7a,1,,true
7be81522c0fd20352dede1739fccc3f0038195701e040e02a489a51f79696a7a,2,,false
ecb9ccd3bb7c6f5b9b1db6b64215266ce53454994fc0eeee58eb38b0544814ce,0,"Answer: 2

Why statement 1 might seem correct: The individuals are dressed in business attire, which is common for business meetings. The setting does not appear to be a typical art gallery environment.
Why it is actually wrong: The presence of artworks on the wall suggests that the setting is an art gallery, not a business environment.

Why statement 3 might seem correct: The individuals are pointing and discussing the artworks, which could indicate a casual conversation about art.
Why it is actually wrong: The interaction appears more formal and structured, typical of a guided discussion rather than a casual conversation.

Why statement 2 is grounded: The individuals are interacting with artworks, and their body language and attire suggest they are engaged in a guided discussion, typical of an art gallery setting.",false
ecb9ccd3bb7c6f5b9b1db6b64215266ce53454994fc0eeee58eb38b0544814ce,1,,true
ecb9ccd3bb7c6f5b9b1db6b64215266ce53454994fc0eeee58eb38b0544814ce,2,,false
0f29a91e74f160a1bac71a5110edf53f0632fe375267c1309cc8685c4b89d190,0,"Answer: 3

Why statement 1 might seem correct: The image shows a large screen in the background, which could be interpreted as a city skyline.
Why it is actually wrong: The screen displays a colorful abstract design, not a city skyline.

Why statement 2 might seem correct: The background appears to be a plain black curtain.
Why it is actually wrong: The background is a large screen displaying a colorful abstract design, not a plain black curtain.

Why statement 3 is grounded: The backdrop of the live music performance is indeed a colorful abstract design, as clearly visible on the large screen behind the performers.",false
0f29a91e74f160a1bac71a5110edf53f0632fe375267c1309cc8685c4b89d190,1,,false
0f29a91e74f160a1bac71a5110edf53f0632fe375267c1309cc8685c4b89d190,2,,true
30fbfeabbf4b626fa01df4865c81318371d7314cc7ac88e6b923840609842b20,0,"Answer: 1

Why statement 2 might seem correct: One of the women is holding something in her hand, which could be mistaken for a handbag and sunglasses.
Why it is actually wrong: There are no sunglasses or a handbag visible in the image. The woman is holding a walking stick and a yellow fruit.

Why statement 3 might seem correct: One of the women is holding something in her hand, which could be mistaken for a book and a pen.
Why it is actually wrong: There are no books or pens visible in the image. The woman is holding a walking stick and a yellow fruit.

Why statement 1 is grounded: One of the women is holding a walking stick and a yellow fruit in the image. This is clearly visible and matches the description.",true
30fbfeabbf4b626fa01df4865c81318371d7314cc7ac88e6b923840609842b20,1,,false
30fbfeabbf4b626fa01df4865c81318371d7314cc7ac88e6b923840609842b20,2,,false
bb121876b7c492e69fb6cd30ceb8c541c6f472dfefbf0c19fd66021acb249c75,0,"Answer: 1

Why statement 2 might seem correct: [best argument for it]
   Inflatable rafts are often used for camping in forests because they can be easily transported and set up in various terrains.

Why it is actually wrong: [specific visual evidence that contradicts it]
   The image shows an inflatable raft, which is designed for water-based activities, not for camping in forests.

Why statement 3 might seem correct: [best argument for it]
   Inflatable rafts can be used for cycling on trails as they are portable and can be used in different outdoor activities.

Why it is actually wrong: [specific visual evidence that contradicts it]
   The image clearly depicts an inflatable raft, which is primarily used for water-based activities, not for cycling on trails.",true
bb121876b7c492e69fb6cd30ceb8c541c6f472dfefbf0c19fd66021acb249c75,1,,false
bb121876b7c492e69fb6cd30ceb8c541c6f472dfefbf0c19fd66021acb249c75,2,,false
6b1dfe10acffbe3859c8a7df921192b6e28fd5a338a9075037ec901693dbd442,0,"Answer: 2

Why statement 1 might seem correct: The attire is elaborate and ornate, which could be associated with a casual gathering.
Why it is actually wrong: The attire is highly formal and adorned with precious stones and jewelry, which is not typical for casual gatherings.

Why statement 3 might seem correct: The attire is elaborate and could be associated with a traditional sports competition.
Why it is actually wrong: The attire is highly ornate and ceremonial, which is not typical for sports competitions.

This attire is most likely associated with a cultural pageant or ceremony because it is highly ornate and adorned with precious stones and jewelry, which is typical for such events.",false
6b1dfe10acffbe3859c8a7df921192b6e28fd5a338a9075037ec901693dbd442,1,,true
6b1dfe10acffbe3859c8a7df921192b6e28fd5a338a9075037ec901693dbd442,2,,false
771cb41f03463edbad116e5210de0f877e6b003254d860013e1b74e764923176,0,"Answer: 1

Why statement 2 might seem correct: The image contains a variety of spices, and turmeric is commonly used in many dishes from the Arab world. It might seem like turmeric could be present in the image.
Why it is actually wrong: There is no visible turmeric in the image. The spices shown include star anise, cinnamon, and nutmeg, but no turmeric.

Why statement 3 might seem correct: Nutmeg is another spice commonly used in the Arab world and could easily be included in a collection of spices.
Why it is actually wrong: There is no visible nutmeg in the image. The spices shown include star anise, cinnamon, and turmeric, but no nutmeg.

Why statement 1 is grounded: The image clearly shows star anise prominently placed in the upper left corner. It is easily identifiable by its star-shaped appearance.",true
771cb41f03463edbad116e5210de0f877e6b003254d860013e1b74e764923176,1,,false
771cb41f03463edbad116e5210de0f877e6b003254d860013e1b74e764923176,2,,false
cce67cb8e44284ec2c87ba45243dfd7edac0c5af37b3daf5d55245db75b04855,0,"Answer: 3

Why statement 1 might seem correct: The image shows a view from an aircraft window, and there is greenery visible below, which could be mistaken for a dense forest.
Why it is actually wrong: The greenery is spread out and appears to be fields rather than a dense forest.

Why statement 2 might seem correct: The image shows a view from an aircraft window, and there is a mountain visible in the distance.
Why it is actually wrong: The mountain is not covered in snow; it appears to be a barren or rocky mountain.

Why statement 3 is grounded: The image shows a view from an aircraft window, and there is a cityscape with buildings and fields visible below.
This statement is true because the image clearly shows a cityscape with buildings and fields, which matches the description in the statement.",false
cce67cb8e44284ec2c87ba45243dfd7edac0c5af37b3daf5d55245db75b04855,1,,false
cce67cb8e44284ec2c87ba45243dfd7edac0c5af37b3daf5d55245db75b04855,2,,true
ed96ad0245b6e371b6dacaad038462ab6872e9fdb448245bd72bc23334eff389,0,"Answer: 1

Why statement 2 might seem correct: The golden guard on the sword's hilt does add a decorative appeal, as it is visually striking and contrasts with the sword's blade.

Why it is actually wrong: The primary purpose of the golden guard is to protect the user's hand, not to add decorative appeal. The visual evidence that contradicts it is the clear design and placement of the guard, which is intended to shield the hand from the sharp edge of the sword.

Why statement 3 might seem correct: The golden guard could enhance the sword's grip, as it provides a textured surface that might improve the user's hold.

Why it is actually wrong: The primary purpose of the golden guard is to protect the user's hand, not to enhance the sword's grip. The visual evidence that contradicts it is the design and placement of the guard, which is primarily for protection rather than grip enhancement.",true
ed96ad0245b6e371b6dacaad038462ab6872e9fdb448245bd72bc23334eff389,1,,false
ed96ad0245b6e371b6dacaad038462ab6872e9fdb448245bd72bc23334eff389,2,,false
387ffb27766cf5f78df00db2bc351eb83fb87d630f856d49f5f5b369a4951d9d,0,"Answer: 3

Why statement 1 might seem correct: The sauce appears to be a greenish color, which is often associated with spinach-based sauces.
Why it is actually wrong: The sauce is not green; it is a reddish-orange color, which is not typical of spinach-based sauces.

Why statement 2 might seem correct: The sauce has a thick, chunky consistency, which is characteristic of potato-based sauces.
Why it is actually wrong: The sauce does not have the typical appearance of a potato-based sauce, which is usually smoother and less chunky.

Why statement 3 is grounded: The sauce is a reddish-orange color, which is characteristic of tomato-based sauces.
Why it is actually correct: The color and consistency of the sauce are consistent with tomato-based sauces, which are often chunky and have a reddish-orange hue.",false
387ffb27766cf5f78df00db2bc351eb83fb87d630f856d49f5f5b369a4951d9d,1,,false
387ffb27766cf5f78df00db2bc351eb83fb87d630f856d49f5f5b369a4951d9d,2,,true
1e375fdab80f3aff0bf1dc6823e8673e20a8f1fc2f13de4a07a73e4c0cdd6123,0,"Answer: 1

Why statement 2 might seem correct: The red carpeted flooring is visually striking and adds to the overall aesthetic of the mosque.
Why it is actually wrong: The primary purpose of the red carpeted flooring is not to enhance aesthetic appeal, but rather to indicate walking paths within the mosque. This is evident from the distinct red carpeted paths that guide worshippers through the mosque.

Why statement 3 might seem correct: The red carpeted flooring appears to be a comfortable surface, which could suggest it is intended for prayer.
Why it is actually wrong: The primary purpose of the red carpeted flooring is to indicate walking paths, not to provide a comfortable area for prayer. The flooring is designed to guide worshippers along specific paths, which is clearly visible in the image.

The chosen statement (1) is grounded because the red carpeted flooring clearly marks walking paths within the mosque, which is the primary purpose.",true
1e375fdab80f3aff0bf1dc6823e8673e20a8f1fc2f13de4a07a73e4c0cdd6123,1,,false
1e375fdab80f3aff0bf1dc6823e8673e20a8f1fc2f13de4a07a73e4c0cdd6123,2,,false
650b79bc852d15a8ed261efee1f069e8e62d2ebbf238ff5441fd1b6a8c37f0d7,0,"Answer: 3

Why statement 1 might seem correct: The presence of people gathered in a church setting might suggest a public event, such as a concert.
Why it is actually wrong: There is no visible stage, musical equipment, or any indication of a performance taking place.

Why statement 2 might seem correct: The group of people, including children and adults, gathered in a church setting might suggest a family gathering.
Why it is actually wrong: There is no specific indication of a family gathering, such as personal interactions or a specific setup for a family event.

Why statement 3 is grounded: The religious iconography, the presence of a chandelier, and the overall setting of the church strongly suggest that a religious ceremony is taking place.
Why it is actually correct: The image clearly shows a group of people in a church, which is a typical setting for religious ceremonies.",false
650b79bc852d15a8ed261efee1f069e8e62d2ebbf238ff5441fd1b6a8c37f0d7,1,,false
650b79bc852d15a8ed261efee1f069e8e62d2ebbf238ff5441fd1b6a8c37f0d7,2,,true
5db6cad7921e474ccd99d4e323448661e14f4a0074a5d6e2454b5dec8dffb148,0,"Answer: 3

Why statement 1 might seem correct: Modern lighting fixtures are often installed in historic buildings to enhance their ambiance and preserve their historical significance.
Why it is actually wrong: The image shows a traditional, ornate ceiling and wall designs, which are not associated with modern lighting fixtures.

Why statement 2 might seem correct: Minimalist designs are often seen in modern architecture, which might lead one to think that they are common in historic buildings.
Why it is actually wrong: The image displays intricate and elaborate wall designs, which are not minimalist.

Why statement 3 is grounded: Stained glass windows are a common feature in historic religious and ceremonial buildings, often used for decorative and symbolic purposes.
The image shows stained glass windows, which supports this statement.",false
5db6cad7921e474ccd99d4e323448661e14f4a0074a5d6e2454b5dec8dffb148,1,,false
5db6cad7921e474ccd99d4e323448661e14f4a0074a5d6e2454b5dec8dffb148,2,,true
079b44aa003d91a4750bf588997c349f4559e447d685e228828466c13b1c83c4,0,"Answer: 1

Why statement 2 might seem correct: The RAM slots are located on the motherboard, which might lead one to think they are used to connect a graphics card.
Why it is actually wrong: The RAM slots are specifically designed for memory modules (RAM), not graphics cards. Graphics cards are connected to the motherboard via PCIe slots, as shown in the image.

Why statement 3 might seem correct: The CPU socket is a component on the motherboard, which might lead one to think it is used to connect a graphics card.
Why it is actually wrong: The CPU socket is used to connect the central processing unit (CPU), not a graphics card. Graphics cards are connected to the motherboard via PCIe slots, as shown in the image.

The chosen statement (1) is grounded because the PCIe slots are indeed used to connect a graphics card, as shown in the image.",true
079b44aa003d91a4750bf588997c349f4559e447d685e228828466c13b1c83c4,1,,false
079b44aa003d91a4750bf588997c349f4559e447d685e228828466c13b1c83c4,2,,false
a465fc107292268f87998a24099cebc69a7cc72fbb81e1cf929de8224cddf84f,0,"Answer: 2

Why statement 1 might seem correct: The terrain appears to be covered in snow, which could suggest a snow-covered mountain range.
Why it is actually wrong: The image shows a dense forest with a winding river, not snow-covered mountains.

Why statement 3 might seem correct: The terrain appears to be barren and rocky, which could suggest a desert with sand dunes.
Why it is actually wrong: The image shows a dense forest with a winding river, not a desert with sand dunes.

The terrain visible in the image is a dense forest with a winding river, which confirms why statement 2 is true.",false
a465fc107292268f87998a24099cebc69a7cc72fbb81e1cf929de8224cddf84f,1,,true
a465fc107292268f87998a24099cebc69a7cc72fbb81e1cf929de8224cddf84f,2,,false
ba6e1b34f5ebced19b14226f24707fdae20495a7ec7578703a22a730c3c06129,0,"Answer: 3

Why statement 1 might seem correct: The vase has a patterned design, which could be interpreted as geometric.
Why it is actually wrong: The patterns are more abstract and fluid, not strictly geometric.

Why statement 2 might seem correct: The design could be mistaken for floral due to the swirling lines.
Why it is actually wrong: The design does not resemble flowers or plants.

Why statement 3 is grounded: The vase has Arabic calligraphy, which is clearly visible.
Why it is actually correct: The calligraphy is a prominent feature of the vase, making it the primary artistic element.",false
ba6e1b34f5ebced19b14226f24707fdae20495a7ec7578703a22a730c3c06129,1,,false
ba6e1b34f5ebced19b14226f24707fdae20495a7ec7578703a22a730c3c06129,2,,true
80f7b29ccb95ea3f418f4ed2dcfe0a3ba1b92e5c6476e10a35ed7abe37198b4c,0,"Answer: 2

Why statement 1 might seem correct: The planks appear to be metallic due to their color and texture.
Why it is actually wrong: The planks have a rough, uneven texture and visible grain, which are characteristics of wood, not metal.

Why statement 3 might seem correct: The planks appear to be solid and sturdy, which could suggest they are made of concrete.
Why it is actually wrong: The planks have a natural, organic appearance with visible grain and knots, which are typical of wood, not concrete.

Why statement 2 is grounded: The planks have a natural, organic appearance with visible grain and knots, which are typical of wood.",false
80f7b29ccb95ea3f418f4ed2dcfe0a3ba1b92e5c6476e10a35ed7abe37198b4c,1,,true
80f7b29ccb95ea3f418f4ed2dcfe0a3ba1b92e5c6476e10a35ed7abe37198b4c,2,,false
238af5eb02ce94bed135d5f86a2b558e3a3321ff167b92266d4b73980963abd1,0,"Answer: 2

Why statement 1 might seem correct: The stained glass windows are a common feature in many mosques, often used to illuminate the interior and create a sense of beauty and spirituality.

Why it is actually wrong: The image does not show any stained glass windows. Instead, it shows a building with a prominent minaret, which is a more definitive feature of a mosque.

Why statement 3 might seem correct: Domes are also a common architectural feature in many mosques, often used to cover the main prayer hall.

Why it is actually wrong: The image does not show any domes. The primary architectural feature visible is the minaret.

Why statement 2 is grounded: The minaret is a distinctive feature of mosques, often used for the call to prayer. The image clearly shows a tall, slender structure that is characteristic of a minaret.

Therefore, the correct statement is 2.",false
238af5eb02ce94bed135d5f86a2b558e3a3321ff167b92266d4b73980963abd1,1,,true
238af5eb02ce94bed135d5f86a2b558e3a3321ff167b92266d4b73980963abd1,2,,false
a064afe4d91592794db98b42ea0d3da7196e9cd851120cc597237a3f0a9ec64e,0,"Answer: 2

Why statement 1 might seem correct: The person in the foreground is wearing a dark suit jacket, which could be mistaken for traditional cultural clothing.
Why it is actually wrong: The person is also wearing a white shirt and a tie, which are not typically part of traditional cultural clothing.

Why statement 3 might seem correct: The person is not wearing a t-shirt and jeans, which are typically considered casual clothing.
Why it is actually wrong: The person is wearing a suit jacket, a white shirt, and a tie, which are formal attire.

Why statement 2 is grounded: The person is indeed wearing a suit jacket, a white shirt, and a tie, which are all components of a suit and tie outfit.",false
a064afe4d91592794db98b42ea0d3da7196e9cd851120cc597237a3f0a9ec64e,1,,true
a064afe4d91592794db98b42ea0d3da7196e9cd851120cc597237a3f0a9ec64e,2,,false
3d6ea02d0bf9c2208be26755ed7f4335f2005818b56c86b9b3c657a129656177,0,"Answer: 3

Why statement 1 might seem correct: The perfume bottle appears to have a plastic cap and a plastic spray nozzle, which might lead one to believe that the entire bottle is made of plastic.
Why it is actually wrong: The body of the perfume bottle is transparent and has a smooth, glossy finish, which is characteristic of glass.

Why statement 2 might seem correct: The spray nozzle and cap appear to be metallic, which might lead one to believe that the bottle is made of metal.
Why it is actually wrong: The body of the perfume bottle is transparent and has a smooth, glossy finish, which is characteristic of glass.

Why statement 3 is grounded: The body of the perfume bottle is transparent and has a smooth, glossy finish, which is characteristic of glass.",false
3d6ea02d0bf9c2208be26755ed7f4335f2005818b56c86b9b3c657a129656177,1,,false
3d6ea02d0bf9c2208be26755ed7f4335f2005818b56c86b9b3c657a129656177,2,,true
3eda30fdbe11ba0909a858b6b04adfefad8a2adec44b7eae7351880aa8a213e2,0,"Answer: 3

Why statement 1 might seem correct: The intricate geometric patterns and vibrant colors are reminiscent of Scandinavian design, which often features such motifs.
Why it is actually wrong: The designs in the image are more characteristic of Middle Eastern ceramics, which often include intricate geometric patterns and vibrant colors.

Why statement 2 might seem correct: The designs could be mistaken for South American ceramics due to the use of bright colors and intricate patterns.
Why it is actually wrong: The specific geometric patterns and the style of the designs are more indicative of Middle Eastern ceramics.

Why statement 3 is grounded: The designs in the image are consistent with Middle Eastern ceramics, which often feature intricate geometric patterns and vibrant colors.
The chosen statement is grounded because the designs in the image are most likely associated with the Middle East, as evidenced by the specific geometric patterns and vibrant color schemes that are characteristic of Middle Eastern ceramics.",false
3eda30fdbe11ba0909a858b6b04adfefad8a2adec44b7eae7351880aa8a213e2,1,,false
3eda30fdbe11ba0909a858b6b04adfefad8a2adec44b7eae7351880aa8a213e2,2,,true
106824cd08ab3b282400f810cc46cff5cb54cdebc018da59108aead987d75acc,0,"Answer: 2

Why statement 1 might seem correct: The presence of greenery and trees in the background could suggest a dense forest.
Why it is actually wrong: There is no dense forest visible in the background; instead, there are buildings and palm trees, indicating a coastal cityscape.

Why statement 3 might seem correct: The background shows a clear sky, which might suggest snow-covered mountains.
Why it is actually wrong: There are no snow-covered mountains visible in the background; instead, there are buildings and palm trees, indicating a coastal cityscape.

Why statement 2 is grounded: A coastal cityscape with buildings and palm trees is clearly visible in the background of the image.",false
106824cd08ab3b282400f810cc46cff5cb54cdebc018da59108aead987d75acc,1,,true
106824cd08ab3b282400f810cc46cff5cb54cdebc018da59108aead987d75acc,2,,false
45f1d29bde1395fa551654b534247c56f69451cf2840e9742d6cc381328c6966,0,"Answer: 3

Why statement 1 might seem correct: [The 3D printer is often used for scanning objects to create 3D models, which is a common function of such devices.]
Why it is actually wrong: [There is no visible scanning equipment or indication of scanning capabilities in the image.]

Why statement 2 might seem correct: [Laser cutting is another common function of 3D printers, and the image shows a device that could be used for such purposes.]
Why it is actually wrong: [There is no visible laser cutting equipment or indication of laser cutting capabilities in the image.]

Why statement 3 is grounded: [The image clearly shows a 3D printer with a printed object inside, indicating that its primary function is printing 3D models and components.]",false
45f1d29bde1395fa551654b534247c56f69451cf2840e9742d6cc381328c6966,1,,false
45f1d29bde1395fa551654b534247c56f69451cf2840e9742d6cc381328c6966,2,,true
bbb54f88a29dfd702fae41149abe7239c45ac0e1d917167991085b92b8a3a30c,0,"Answer: 2

Why statement 1 might seem correct: The pot appears to have a smooth, glossy finish which is characteristic of ceramic.
Why it is actually wrong: The pot has a metallic sheen and a distinct shine, which is not typical of ceramic.

Why statement 3 might seem correct: The pot looks modern and plastic-like in appearance.
Why it is actually wrong: The pot has a traditional design and a patina that suggests age and metal, not plastic.

Why statement 2 is grounded: The pot has a metallic sheen and a patina that suggests it is made of brass, a metal commonly used in traditional coffee or tea pots.",false
bbb54f88a29dfd702fae41149abe7239c45ac0e1d917167991085b92b8a3a30c,1,,true
bbb54f88a29dfd702fae41149abe7239c45ac0e1d917167991085b92b8a3a30c,2,,false
214422d5123b2a44b808910dc560ba8f1b5458c76e5bb622f8a3ba6f3743d676,0,"Answer: 1

Why statement 2 might seem correct: Traditional woven carpets are often associated with simple, solid color designs in various cultures. This perception might lead one to believe that they are characterized by plain solid colors with no design.

Why it is actually wrong: The image shows a traditional woven carpet with intricate floral and geometric patterns, which contradicts the notion of plain solid colors with no design.

Why statement 3 might seem correct: Machine-made carpets are often known for their uniform texture, which might lead one to believe that traditional woven carpets are also machine-made and have a uniform texture.

Why it is actually wrong: The image shows a traditional woven carpet with a handcrafted texture, which contradicts the idea of machine-made carpets with a uniform texture.

The chosen statement (1) is grounded because the image clearly shows a traditional woven carpet with intricate floral and geometric patterns, which aligns with the description provided in the statement.",true
214422d5123b2a44b808910dc560ba8f1b5458c76e5bb622f8a3ba6f3743d676,1,,false
214422d5123b2a44b808910dc560ba8f1b5458c76e5bb622f8a3ba6f3743d676,2,,false
c02610de1d09da503098fdcd3090016041914ee14f0a80eb0d0819f77f367484,0,"Answer: 1

Why statement 2 might seem correct: Bathhouses often have cooling systems to maintain a comfortable temperature for bathing. The presence of a water fountain could suggest a cooling function.
Why it is actually wrong: The central water fountain is clearly designed for bathing rituals, as evidenced by the surrounding bathing areas and the traditional bathhouse setting.

Why statement 3 might seem correct: The water fountain is visually appealing and adds to the aesthetic of the bathhouse.
Why it is actually wrong: The primary function of the water fountain is clearly for bathing rituals, as indicated by the surrounding bathing areas and the traditional bathhouse setting.

The chosen statement (1) is grounded because the central water fountain is surrounded by bathing areas and is part of a traditional bathhouse, indicating its primary function is facilitating water flow for bathing rituals.",true
c02610de1d09da503098fdcd3090016041914ee14f0a80eb0d0819f77f367484,1,,false
c02610de1d09da503098fdcd3090016041914ee14f0a80eb0d0819f77f367484,2,,false
12a869a7570ab1075d15fbacd4e5d7c3935c0111aaeb3f1b296b94c896db1461,0,"Answer: 2

Why statement 1 might seem correct: [best argument for it]
   - The image shows a variety of colorful and intricately designed pottery, which could be associated with South American artisanal crafts.

Why it is actually wrong: [specific visual evidence that contradicts it]
   - The presence of tagines, which are traditional Moroccan earthenware cooking pots, indicates that the pottery is from North Africa, not South America.

Why statement 3 might seem correct: [best argument for it]
   - The image shows a diverse range of pottery, which could be associated with the rich pottery traditions of East Asia.

Why it is actually wrong: [specific visual evidence that contradicts it]
   - The image does not show any clear indicators of East Asian pottery styles, such as specific shapes or motifs commonly associated with East Asian ceramics.",false
12a869a7570ab1075d15fbacd4e5d7c3935c0111aaeb3f1b296b94c896db1461,1,,true
12a869a7570ab1075d15fbacd4e5d7c3935c0111aaeb3f1b296b94c896db1461,2,,false
c5ebd6929d038278d0eb47abb519e262a0150207ef87807622a6ceff70fa7473,0,"Answer: 2

Why statement 1 might seem correct: The ice is used to separate different types of seafood, which is a common practice in seafood markets to organize the display.
Why it is actually wrong: The ice is not used to separate different types of seafood, but rather to keep the seafood fresh by maintaining a cold temperature.

Why statement 3 might seem correct: The ice could enhance the visual appeal of the seafood by creating a clean and fresh look.
Why it is actually wrong: The primary purpose of the ice is to keep the seafood fresh, not to enhance visual appeal. The visual appeal is more likely enhanced by the natural colors and textures of the seafood.

Why statement 2 is grounded: The ice is used to keep the seafood fresh by maintaining a cold temperature, which is essential for preserving the quality and safety of the seafood.
Specific visual evidence that contradicts statement 1: The ice is not separating different types of seafood, but rather is used to keep them fresh.
Specific visual evidence that contradicts statement 3: The ice is not used to enhance visual appeal, but rather to keep the seafood fresh.
Confirmation: Statement 2 is grounded because the ice is clearly used to maintain a cold temperature, which is essential for keeping the seafood fresh.",false
c5ebd6929d038278d0eb47abb519e262a0150207ef87807622a6ceff70fa7473,1,,true
c5ebd6929d038278d0eb47abb519e262a0150207ef87807622a6ceff70fa7473,2,,false
49bbcd7b5f7f5284b11a8414e2c76f45dcd0ff0a226039465d929d197cb93acc,0,"Answer: 3

Why statement 1 might seem correct: The tray below the board could logically be used to keep score, as it is common in many games to have a scoring mechanism.
Why it is actually wrong: The tray contains game pieces, not any scoring equipment or materials.

Why statement 2 might seem correct: The tray could seem like it could hold cards, as many games involve cards.
Why it is actually wrong: There are no cards visible in the tray; it only contains game pieces.

Why statement 3 is grounded: The tray contains additional game pieces, which are used in the game.
Why it is actually correct: The tray is clearly filled with extra game pieces, indicating its use for storing additional pieces.",false
49bbcd7b5f7f5284b11a8414e2c76f45dcd0ff0a226039465d929d197cb93acc,1,,false
49bbcd7b5f7f5284b11a8414e2c76f45dcd0ff0a226039465d929d197cb93acc,2,,true
33ddac1970af793d54f682990f452180bbf53ea7f746552d3ad44cb40b6371df,0,"Answer: 3

Why statement 1 might seem correct: The person is holding what appears to be an apple.
Why it is actually wrong: The tree in the background has olives, not apples.

Why statement 2 might seem correct: The person is holding what appears to be a pine cone.
Why it is actually wrong: The tree in the background has olives, not pines.

Why statement 3 is grounded: The tree in the background has olives, and the person is harvesting from it.",false
33ddac1970af793d54f682990f452180bbf53ea7f746552d3ad44cb40b6371df,1,,false
33ddac1970af793d54f682990f452180bbf53ea7f746552d3ad44cb40b6371df,2,,true
424770d9da193d9b9504b073f82ddace04282d8b214bdbb4d5726a18f8fdafa3,0,"Answer: 2

Why statement 1 might seem correct: Mizuhiki knots are often associated with Japanese culture and are sometimes made from metal wires, which can be seen in various decorative items.
Why it is actually wrong: The image shows Mizuhiki knots made from silk threads, not metal wires.

Why statement 3 might seem correct: Paper cords coated with lacquer are a common material for Mizuhiki knots, often used in traditional Japanese crafts.
Why it is actually wrong: The image clearly shows Mizuhiki knots made from silk threads, not paper cords coated with lacquer.

Why statement 2 is grounded: The image shows Mizuhiki knots made from silk threads, which are commonly used in traditional Japanese crafts.",false
424770d9da193d9b9504b073f82ddace04282d8b214bdbb4d5726a18f8fdafa3,1,,true
424770d9da193d9b9504b073f82ddace04282d8b214bdbb4d5726a18f8fdafa3,2,,false
3fb2687fe64d445e1c3aa8b10985fd3de0ebc9ae7cdfe72f1028ee6d1a5484b2,0,"Answer: 1

Why statement 2 might seem correct: The presence of plastic wrap in the image suggests that it might be used to wrap some of the food items.
Why it is actually wrong: The plastic wrap is clearly visible and is not being used to wrap any of the food items on the table. The food items are wrapped in green leaves, not plastic wrap.

Why statement 3 might seem correct: The presence of green leaves in the image suggests that paper might be used to wrap some of the food items.
Why it is actually wrong: The green leaves are clearly visible and are being used to wrap the food items, not paper. There is no evidence of paper being used in the image.

Why statement 1 is grounded: The green leaves wrapped around some of the food items are clearly visible in the image, indicating that they are being used to wrap the food.",true
3fb2687fe64d445e1c3aa8b10985fd3de0ebc9ae7cdfe72f1028ee6d1a5484b2,1,,false
3fb2687fe64d445e1c3aa8b10985fd3de0ebc9ae7cdfe72f1028ee6d1a5484b2,2,,false
404b766629a3705101c65132bd0abf07c31d98e9fddbf19b592bde126ea7610f,0,"Answer: 1

Why statement 2 might seem correct: Bougainvillea flowers are indeed a common sight in Mediterranean regions and are often used in traditional architecture for their vibrant colors and aesthetic appeal.

Why it is actually wrong: The image shows a bougainvillea flower, but it is not the most indicative feature of traditional Mediterranean architecture. The whitewashed walls and lantern are more characteristic of this style.

Why statement 3 might seem correct: Lanterns are often used in Mediterranean architecture for both practical and decorative purposes.

Why it is actually wrong: While the lantern is present in the image, it is not the most indicative feature of traditional Mediterranean architecture. The whitewashed walls and bougainvillea flowers are more representative of this style.

Why statement 1 is grounded: Whitewashed walls are a hallmark of traditional Mediterranean architecture, providing a cool and refreshing appearance in the hot climate. The image clearly shows a whitewashed wall, which is a strong indicator of this architectural style.",true
404b766629a3705101c65132bd0abf07c31d98e9fddbf19b592bde126ea7610f,1,,false
404b766629a3705101c65132bd0abf07c31d98e9fddbf19b592bde126ea7610f,2,,false
3519d655a5dde66db10907b74b75bde5e909f474d9cbca3dbd1a15cb68c76288,0,"Answer: 2

Why statement 1 might seem correct: [best argument for it]
   - The style of the door, with its bright yellow color and black and white striped arch, might be reminiscent of traditional Scandinavian design, which often features bold colors and geometric patterns.

Why it is actually wrong: [specific visual evidence that contradicts it]
   - The door is set within a building that has a distinctly North African architectural style, characterized by the use of bright colors, geometric patterns, and the specific design of the door and arch.

Why statement 3 might seem correct: [best argument for it]
   - East Asian architecture often incorporates bright colors and intricate designs, which could make the door seem similar to those found in East Asia.

Why it is actually wrong: [specific visual evidence that contradicts it]
   - The door's design, with its bright yellow color and black and white striped arch, is more characteristic of North African architecture rather than East Asian. The style of the door and the surrounding architecture do not align with typical East Asian design elements.",false
3519d655a5dde66db10907b74b75bde5e909f474d9cbca3dbd1a15cb68c76288,1,,true
3519d655a5dde66db10907b74b75bde5e909f474d9cbca3dbd1a15cb68c76288,2,,false
0fb9a8a97ea2dfcbb0fcce5f4488f2fa8abdf21bb6bc75283e7f97c01b9b66b6,0,"Answer: 3

Why statement 1 might seem correct: The seating arrangement includes a sofa and armchairs, which are typically used in formal settings for meetings.
Why it is actually wrong: The presence of a coffee table and the overall layout suggest a more casual and relaxed environment rather than a formal meeting space.

Why statement 2 might seem correct: The seating arrangement includes a sofa and armchairs, which are typically used in dining areas.
Why it is actually wrong: The lack of dining tables or chairs, and the presence of a coffee table, indicate that this space is not primarily designed for dining activities.

Why statement 3 is grounded: The seating arrangement includes a sofa and armchairs, which are typically used for relaxation and conversation. The presence of a coffee table and the overall layout suggest a comfortable and inviting space for social interaction.
Why it is actually correct: The seating arrangement and layout of the space indicate that it is designed for relaxation and conversation, making statement 3 the correct choice.",false
0fb9a8a97ea2dfcbb0fcce5f4488f2fa8abdf21bb6bc75283e7f97c01b9b66b6,1,,false
0fb9a8a97ea2dfcbb0fcce5f4488f2fa8abdf21bb6bc75283e7f97c01b9b66b6,2,,true
f7f56b45534156e03fc10cdfe69d7c4b1b2b45c58cb56f68d3d4a284fb7b145f,0,"Answer: 1

Why statement 2 might seem correct: The presence of a large crowd and a stage with a prominent display suggests a gathering of people for a significant event. The stage setup and lighting are typical of political rallies.

Why it is actually wrong: The stage displays prominent branding and the name ""SOLIDAYS,"" which is more indicative of a music festival rather than a political rally. Additionally, the crowd appears to be focused on the stage and taking photos, which is common behavior at music festivals.

Why statement 3 might seem correct: The large crowd and stage setup could also suggest a sports competition, especially if the event is a concert held during or after a sports match.

Why it is actually wrong: The branding and visual elements, such as the large screens displaying images and the stage design, are more characteristic of a music festival than a sports competition. The presence of a crowd taking photos and the stage setup further support the idea of a music festival.

Why statement 1 is grounded: The stage setup, large screens, and branding with the name ""SOLIDAYS"" are typical of a music festival. The crowd's behavior of taking photos and focusing on the stage also supports this interpretation.",true
f7f56b45534156e03fc10cdfe69d7c4b1b2b45c58cb56f68d3d4a284fb7b145f,1,,false
f7f56b45534156e03fc10cdfe69d7c4b1b2b45c58cb56f68d3d4a284fb7b145f,2,,false
4fe28cdc58cfbe33a4024c2aee0ba742acea7bcf9e4245b40960e4fd69be7b67,0,"Answer: 2

Why statement 1 might seem correct: The image shows a natural-looking environment with a large open space and a clear sky, which might suggest the presence of a natural pool.
Why it is actually wrong: There is no visible water body or pool in the image, and the ground appears dry and arid.

Why statement 3 might seem correct: The steep, eroded cliffs visible in the image could suggest opportunities for rock climbing.
Why it is actually wrong: There is no visible equipment or infrastructure for rock climbing, and the ground is flat, making it less likely for rock climbing activities.

Why statement 2 is grounded: The image shows a structure with multiple arches and openings, which are characteristic of cave dwellings.
Why it is actually correct: The structure's design and the presence of multiple openings suggest that visitors might explore historical cave dwellings at this location.",false
4fe28cdc58cfbe33a4024c2aee0ba742acea7bcf9e4245b40960e4fd69be7b67,1,,true
4fe28cdc58cfbe33a4024c2aee0ba742acea7bcf9e4245b40960e4fd69be7b67,2,,false
1d47b6141d53c78abce499898b664663b1fd3c10e01c05b4ce3b82266b18e642,0,"Answer: 3

Why statement 1 might seem correct: The shoes have a modern design and are not traditional in appearance, which might lead one to think they are modern sports shoes.
Why it is actually wrong: The shoes have ornate decorations and are not designed for running, which is a key feature of modern sports shoes.

Why statement 2 might seem correct: The shoes have a casual appearance and are not designed for rugged terrain, which might lead one to think they are casual shoes for hiking.
Why it is actually wrong: The shoes are highly decorative and not suitable for the rough conditions of hiking.

Why statement 3 is grounded: The shoes have intricate designs and decorations that are typical of traditional dances and ceremonies in many cultures, particularly in the Arab world.
Why it is actually correct: The shoes are ornate and elaborate, which is characteristic of traditional dance and ceremonial footwear.",false
1d47b6141d53c78abce499898b664663b1fd3c10e01c05b4ce3b82266b18e642,1,,false
1d47b6141d53c78abce499898b664663b1fd3c10e01c05b4ce3b82266b18e642,2,,true
37f7b94248166fea9127c41ac9c7bee8d26a16425aed729411ad19305c6f263f,0,"Answer: 2

Why statement 1 might seem correct: The slippers appear to have a smooth texture, which could be associated with rubber.
Why it is actually wrong: The slippers have a distinct sheen and texture that is characteristic of leather, not rubber.

Why statement 3 might seem correct: The slippers have a flat sole, which could be associated with canvas.
Why it is actually wrong: The slippers have a structured and polished appearance that is more typical of leather than canvas.

Why statement 2 is grounded: The slippers have a leather-like texture and sheen, indicating they are primarily made of leather.",false
37f7b94248166fea9127c41ac9c7bee8d26a16425aed729411ad19305c6f263f,1,,true
37f7b94248166fea9127c41ac9c7bee8d26a16425aed729411ad19305c6f263f,2,,false
504dbd0d6bf8f6d87738e6ff5a7b6cae458336471b03b9cc86223f2069b75f68,0,"Answer: 2

Why statement 1 might seem correct: The embroidery appears to have a painted design, which is a common technique in traditional embroidery.
Why it is actually wrong: The embroidery has a shiny, metallic appearance, which is not characteristic of painted designs.

Why statement 3 might seem correct: Plastic beads are often used in decorative embroidery, and the beads in the image have a glossy finish.
Why it is actually wrong: The beads have a reflective quality that is more consistent with silver thread, which also has a shiny appearance.

Why statement 2 is grounded: The embroidery has a shiny, metallic appearance, which is most consistent with silver thread.",false
504dbd0d6bf8f6d87738e6ff5a7b6cae458336471b03b9cc86223f2069b75f68,1,,true
504dbd0d6bf8f6d87738e6ff5a7b6cae458336471b03b9cc86223f2069b75f68,2,,false
0a285737f7f27e70b7c3c81c40ba8fd78ce7384538c258ba1bbc31105d8988db,0,"Answer: 1

Why statement 2 might seem correct: The pots appear to have a smooth and uniform texture, which could be mistaken for plastic.
Why it is actually wrong: The pots have a rough, textured surface and visible seams, which are characteristic of clay pots.

Why statement 3 might seem correct: The pots have a solid and sturdy appearance, which could be mistaken for metal.
Why it is actually wrong: The pots have a matte finish and visible imperfections, which are not typical of metal objects.

The chosen statement is grounded because the pots in the image have a textured, rough surface and visible seams, which are characteristic of clay pots.",true
0a285737f7f27e70b7c3c81c40ba8fd78ce7384538c258ba1bbc31105d8988db,1,,false
0a285737f7f27e70b7c3c81c40ba8fd78ce7384538c258ba1bbc31105d8988db,2,,false
eb1718ddcb71fb01c2b5545faa38059882e2bc8e799930b322626add66d70d29,0,"Answer: 1

Why statement 2 might seem correct: The building has a classical architectural style with columns and arches, which are common features in Ancient Greek architecture.
Why it is actually wrong: The building's style, particularly the large, robust columns and the specific arrangement of arches, is more characteristic of Roman architecture, which often built upon and adapted Greek styles.

Why statement 3 might seem correct: The building's massive and enduring construction might suggest it was built by the Ancient Egyptians, who were known for their monumental architecture.
Why it is actually wrong: The building's architectural style, with its arches and columns, is not typical of Ancient Egyptian architecture, which often featured pyramids and obelisks rather than such extensive use of arches and columns.

The building shown in the image was most likely constructed by the Ancient Romans, as evidenced by the architectural style and the use of arches and columns, which are hallmarks of Roman engineering and design.",true
eb1718ddcb71fb01c2b5545faa38059882e2bc8e799930b322626add66d70d29,1,,false
eb1718ddcb71fb01c2b5545faa38059882e2bc8e799930b322626add66d70d29,2,,false
dbd176fc1e508bb0a295782fdf9c4af8429e1413f576e97b9f926042c563d2de,0,"Answer: 1

Why statement 2 might seem correct: The person standing might appear to be cleaning the table because they are holding a plate and seem to be moving around the table.
Why it is actually wrong: There is no visual evidence that the person is cleaning the table. They are actually handing food to another person.

Why statement 3 might seem correct: The person standing might appear to be decorating the room because they are holding a plate and seem to be moving around the table.
Why it is actually wrong: There is no visual evidence that the person is decorating the room. They are actually handing food to another person.

Why statement 1 is grounded: The person standing is clearly handing food to another person, as evidenced by their hand holding a plate and their orientation towards another person at the table.",true
dbd176fc1e508bb0a295782fdf9c4af8429e1413f576e97b9f926042c563d2de,1,,false
dbd176fc1e508bb0a295782fdf9c4af8429e1413f576e97b9f926042c563d2de,2,,false
549d84a492d4e11f192ac9827a50c0efff8bc6cbe5fe5ae9f14041792e4b6b3c,0,"Answer: 3

Why statement 1 might seem correct: The house is surrounded by greenery and appears to be in a rural area, which might suggest the use of a wind turbine.
Why it is actually wrong: There is no visible wind turbine in the image.

Why statement 2 might seem correct: The lush greenery and the presence of a pool suggest a need for water conservation, which might lead one to think that the house has a rainwater harvesting system.
Why it is actually wrong: There is no visible rainwater harvesting system in the image.

Why statement 3 is grounded: The roof of the house has solar panels installed, which is a clear indication of a solar panel roof.
Why it is actually correct: The solar panels are clearly visible on the roof of the house.",false
549d84a492d4e11f192ac9827a50c0efff8bc6cbe5fe5ae9f14041792e4b6b3c,1,,false
549d84a492d4e11f192ac9827a50c0efff8bc6cbe5fe5ae9f14041792e4b6b3c,2,,true
5b85575b7b8c38fe4eee44bf3e0c0d5664f7127abb6052507d21cc45f47f7bfc,0,"Answer: 1

Why statement 2 might seem correct: The presence of the Twitch logo suggests a connection to gaming, and the plaque could be interpreted as a commemorative item for a gaming tournament victory.
Why it is actually wrong: The text on the plaque explicitly states ""Presented to Plaque to Reality For passing 100 followers,"" indicating that it is for reaching a follower milestone, not for a tournament victory.
Why statement 3 might seem correct: The plaque could be seen as a celebration item for a new Twitch channel.
Why it is actually wrong: The text on the plaque clearly indicates that it is for reaching 100 followers, not for the launch of a new channel.
Why statement 1 is grounded: The text on the plaque explicitly states ""Presented to Plaque to Reality For passing 100 followers,"" which directly supports this statement.",true
5b85575b7b8c38fe4eee44bf3e0c0d5664f7127abb6052507d21cc45f47f7bfc,1,,false
5b85575b7b8c38fe4eee44bf3e0c0d5664f7127abb6052507d21cc45f47f7bfc,2,,false
1f62f1c5f5c9a4053ae7bb3862f74f12c0edb04d8b280b51fd3e74ba73c64c1a,0,"Answer: 2

Why statement 1 might seem correct: The bamboo poles could be mistaken for decorative elements due to their uniform arrangement and the aesthetic appeal they add to the boat.
Why it is actually wrong: The bamboo poles are clearly used as part of the fishing equipment, as evidenced by their placement and the presence of fishing nets on the boat.

Why statement 3 might seem correct: The bamboo poles could be mistaken for building material due to their long and straight nature.
Why it is actually wrong: The bamboo poles are clearly used for fishing, as evidenced by their placement and the presence of fishing nets on the boat.

The primary purpose of the bamboo poles seen on the sailboat in the image is as fishing equipment. This is confirmed by the visual evidence of the fishing nets and the arrangement of the bamboo poles, which are typical components of a fishing setup.",false
1f62f1c5f5c9a4053ae7bb3862f74f12c0edb04d8b280b51fd3e74ba73c64c1a,1,,true
1f62f1c5f5c9a4053ae7bb3862f74f12c0edb04d8b280b51fd3e74ba73c64c1a,2,,false
35a297a52f9c13232cf6907d7e69a315d8a2c7a8d6c317e1e1d565e66ee91f98,0,"Answer: 1

Why statement 2 might seem correct: The presence of a road suggests human activity and infrastructure, which could be associated with urban sightseeing.

Why it is actually wrong: The landscape is dominated by rugged mountains and a winding road, which are more typical of a natural, outdoor setting rather than an urban environment.

Why statement 3 might seem correct: The road and the open space could be associated with recreational activities like beach volleyball.

Why it is actually wrong: The landscape is mountainous and arid, which is not conducive to beach volleyball, which typically requires a flat, sandy beach.

This landscape is most likely associated with hiking and trekking because the rugged mountains and winding road suggest a natural, outdoor setting suitable for such activities.",true
35a297a52f9c13232cf6907d7e69a315d8a2c7a8d6c317e1e1d565e66ee91f98,1,,false
35a297a52f9c13232cf6907d7e69a315d8a2c7a8d6c317e1e1d565e66ee91f98,2,,false
e93c50ae85dec9791199529623c2664847037791438ed02292a4d3e0e8ba2197,0,"Answer: 3

Why statement 1 might seem correct: The kitchen appears to have a modern and sleek design, which might suggest the presence of bright neon lighting.
Why it is actually wrong: There is no visible neon lighting in the image. The lighting appears to be more subtle and integrated into the design, such as the pendant lights.

Why statement 2 might seem correct: The kitchen has a modern and sleek design, which might suggest the presence of a traditional wood-burning stove.
Why it is actually wrong: There is no traditional wood-burning stove visible in the image. The kitchen features a modern, sleek design with a built-in oven and a gas stove.

Why statement 3 is grounded: The kitchen's design includes a large marble island, which is clearly visible in the image. The island has a marble countertop and is a central feature of the kitchen.

Confirming why statement 3 is grounded: The large marble island is a prominent and clearly visible element in the kitchen's design, making it the correct statement.",false
e93c50ae85dec9791199529623c2664847037791438ed02292a4d3e0e8ba2197,1,,false
e93c50ae85dec9791199529623c2664847037791438ed02292a4d3e0e8ba2197,2,,true
5e0b25eba9adfbe4ba5f4a86fbb24cbbb03a2433f78f4f912cb992c27be6537c,0,"Answer: 1

Why statement 2 might seem correct: [best argument for it]
   A fisherman might seem essential because the structure appears to be built in a rural area, which is often where fishermen live and work. However, the image does not provide any direct evidence of a body of water or fishing activities.

Why it is actually wrong: [specific visual evidence that contradicts it]
   The image shows a stone structure with no visible water bodies or fishing equipment, indicating that a fisherman would not be essential for its construction.

Why statement 3 might seem correct: [best argument for it]
   A tailor might seem essential because the structure appears to be in a rural area where people might need clothing. However, the image does not provide any direct evidence of tailoring activities.

Why it is actually wrong: [specific visual evidence that contradicts it]
   The image shows a stone structure with no visible tailoring tools or materials, indicating that a tailor would not be essential for its construction.

Why statement 1 is grounded: [specific visual evidence that supports it]
   The image shows a stone structure that would require the skills of a stonemason to construct. The presence of large stones and the method of construction visible in the image support the necessity of a stonemason.",true
5e0b25eba9adfbe4ba5f4a86fbb24cbbb03a2433f78f4f912cb992c27be6537c,1,,false
5e0b25eba9adfbe4ba5f4a86fbb24cbbb03a2433f78f4f912cb992c27be6537c,2,,false
e099270ecc445de55efc5d639f4f4b150bfe53d9dd53b604d431bbc94340a7d3,0,"Answer: 3

Why statement 1 might seem correct: The hand-shaped door knockers have a natural, organic appearance that could suggest they are made of wood.
Why it is actually wrong: The surface of the door knockers appears smooth and shiny, which is not characteristic of wood.

Why statement 2 might seem correct: The color and texture of the door knockers could be mistaken for plastic.
Why it is actually wrong: The door knockers have a detailed, sculpted appearance that is more consistent with metal casting.

Why statement 3 is grounded: The door knockers have a metallic sheen and detailed craftsmanship that is typical of metal objects.
The hand-shaped door knockers are likely made of metal.",false
e099270ecc445de55efc5d639f4f4b150bfe53d9dd53b604d431bbc94340a7d3,1,,false
e099270ecc445de55efc5d639f4f4b150bfe53d9dd53b604d431bbc94340a7d3,2,,true
ae6511d92613ad951406a15da4413388c3fef2e5db18da4611559ce6827a202d,0,"Answer: 3

Why statement 1 might seem correct: [A broken artifact can indeed demonstrate fragility, and museums often display such items to highlight the delicate nature of ancient objects.]
Why it is actually wrong: [The image shows a broken bowl, but there is no indication that the purpose is to demonstrate fragility. The bowl is displayed in a way that suggests it is being showcased for its artistic and cultural value.]

Why statement 2 might seem correct: [The bowl appears to be an ancient artifact, and museums often display such items to highlight modern ceramic production methods.]
Why it is actually wrong: [There is no evidence in the image that the bowl is being displayed to highlight modern ceramic production methods. The focus is on the artistic and cultural aspects of the bowl.]

Why statement 3 is grounded: [The bowl is intricately decorated with patterns and designs, which are indicative of artistic techniques and cultural heritage. The display of such an artifact in a museum is likely intended to showcase these aspects.]",false
ae6511d92613ad951406a15da4413388c3fef2e5db18da4611559ce6827a202d,1,,false
ae6511d92613ad951406a15da4413388c3fef2e5db18da4611559ce6827a202d,2,,true
ed010ca0146ddd1e58700cded2aafa7cffe020262988ed648301b27b4e1aabe7,0,"Answer: 1

Why statement 2 might seem correct: The structure appears to be a large, enclosed space with shelves and storage units, which could suggest it is used for storage.
Why it is actually wrong: The presence of the wooden and reed boat in the center of the structure, along with tools and materials, indicates that the primary purpose is related to boat construction, not storage.

Why statement 3 might seem correct: The boat is prominently displayed in the center of the structure, which could suggest it is on display.
Why it is actually wrong: The boat is not fully assembled and appears to be in the process of being constructed, indicating that it is not yet a completed boat.

The primary purpose of the structure shown in the image is to construct a traditional wooden and reed boat, as evidenced by the materials, tools, and partially constructed boat present in the space.",true
ed010ca0146ddd1e58700cded2aafa7cffe020262988ed648301b27b4e1aabe7,1,,false
ed010ca0146ddd1e58700cded2aafa7cffe020262988ed648301b27b4e1aabe7,2,,false
53de31ab04ca9d558cf3c09eda884d13f680c7adaf145aef3263b906a2c75d6c,0,"Answer: 3

Why statement 1 might seem correct: The gym has large windows that provide a view of a cityscape, which could be bustling.
Why it is actually wrong: The image clearly shows an ocean view through the windows, not a cityscape.

Why statement 2 might seem correct: The presence of large windows and the natural light could suggest a forest view.
Why it is actually wrong: The image shows an ocean view through the windows, not a dense forest.

Why statement 3 is grounded: The image clearly shows an ocean view through the large windows, which is the correct statement.",false
53de31ab04ca9d558cf3c09eda884d13f680c7adaf145aef3263b906a2c75d6c,1,,false
53de31ab04ca9d558cf3c09eda884d13f680c7adaf145aef3263b906a2c75d6c,2,,true
6c1fa79aab9a2ab4029dc6734f43f5c51b4d58bbad0ea28be48d3216d938c74f,0,"Answer: 2

Why statement 1 might seem correct: The building appears to be in a state of disrepair, which could suggest that it is undergoing renovations.
Why it is actually wrong: There is no visible construction equipment or materials, and the walls and floors are not in the process of being worked on.

Why statement 3 might seem correct: The building looks old and worn, which could suggest it was destroyed by a natural disaster.
Why it is actually wrong: There is no visible damage such as cracks, broken walls, or debris that would indicate a natural disaster.

Why statement 2 is grounded: The building has a neglected appearance with peeling paint, dirt on the floors, and exposed wooden panels, indicating long-term neglect.
Why it is actually correct: The absence of any ongoing renovation or disaster damage, coupled with the general state of disrepair, strongly suggests neglect over time.",false
6c1fa79aab9a2ab4029dc6734f43f5c51b4d58bbad0ea28be48d3216d938c74f,1,,true
6c1fa79aab9a2ab4029dc6734f43f5c51b4d58bbad0ea28be48d3216d938c74f,2,,false
4e83f315358b21ea9e90f468e0d63cbc8b9d0618d2f1bf99f36026c894b9c38e,0,"Answer: 3

Why statement 1 might seem correct: The yacht is flying a flag, and it appears to be the United States flag due to its red and white stripes and blue field with stars.
Why it is actually wrong: The flag on the yacht is not the United States flag; it has a different design with a red, white, and black color scheme and a unique emblem.

Why statement 2 might seem correct: The yacht is flying a flag, and it appears to be the United Kingdom flag due to its red, white, and blue colors.
Why it is actually wrong: The flag on the yacht is not the United Kingdom flag; it has a different design with a red, white, and black color scheme and a unique emblem.

Why statement 3 is grounded: The flag on the yacht has a red, white, and black color scheme and a unique emblem that matches the flag of the United Arab Emirates.
Why it is actually correct: The flag on the yacht is indeed the flag of the United Arab Emirates, as evidenced by its distinctive design and colors.",false
4e83f315358b21ea9e90f468e0d63cbc8b9d0618d2f1bf99f36026c894b9c38e,1,,false
4e83f315358b21ea9e90f468e0d63cbc8b9d0618d2f1bf99f36026c894b9c38e,2,,true
3fd8238f7db7be40be6b81f28f58c8ca9f36216915fbedefb8e6f5613ce37da1,0,"Answer: 2

Why statement 1 might seem correct: The presence of professional equipment and multiple individuals suggests a live broadcast setting.
Why it is actually wrong: There is no visible audience or live broadcast equipment, such as cameras or monitors, that would indicate a live broadcast.

Why statement 3 might seem correct: The individuals are handling professional equipment, which could be associated with a photography workshop.
Why it is actually wrong: The equipment is more indicative of video production, not photography.

Why statement 2 is grounded: The individuals are handling professional video equipment, and the environment appears to be a controlled setting typical of a film production.
Why it is actually correct: The presence of multiple cameras, monitors, and the focused attention on the equipment suggest that this is a behind-the-scenes work on a film production.",false
3fd8238f7db7be40be6b81f28f58c8ca9f36216915fbedefb8e6f5613ce37da1,1,,true
3fd8238f7db7be40be6b81f28f58c8ca9f36216915fbedefb8e6f5613ce37da1,2,,false
2c68884ea3c7a303cf1a08aaf3d5cf0d3095dabc9c14e53e07bf0b1c47834bc1,0,"Answer: 2

Why statement 1 might seem correct: The presence of people in traditional attire and the architectural style suggest a religious or cultural setting, which could lead one to think that they are attending a religious service.

Why it is actually wrong: The image shows people browsing through gold jewelry shops, which indicates that the primary activity is shopping, not attending a religious service.

Why statement 3 might seem correct: The setting appears to be a market or shopping area, which could lead one to think that dining at a restaurant is a primary activity.

Why it is actually wrong: There is no visible presence of food, tables, or any dining-related activities in the image. The focus is on the gold jewelry shops and the people browsing them.

Why statement 2 is grounded: The image clearly shows numerous gold jewelry shops with people browsing through them, indicating that shopping for gold jewelry is the primary activity depicted.

Therefore, the correct answer is Statement 2.",false
2c68884ea3c7a303cf1a08aaf3d5cf0d3095dabc9c14e53e07bf0b1c47834bc1,1,,true
2c68884ea3c7a303cf1a08aaf3d5cf0d3095dabc9c14e53e07bf0b1c47834bc1,2,,false
bad7ef5856db6a56bcfe36712ee7fa308cf59f2ba29508c39af230ec4b3a45cd,0,"Answer: 1

Why statement 2 might seem correct: The image shows a vehicle performing dune bashing, which might lead one to think it is a motorcycle.
Why it is actually wrong: The vehicle in the image is clearly an SUV, not a motorcycle. The shape and design of the vehicle, along with its size and features, are distinctly that of an SUV.

Why statement 3 might seem correct: The image shows a vehicle performing dune bashing, which might lead one to think it is a quad bike.
Why it is actually wrong: The vehicle in the image is an SUV, not a quad bike. The design and structure of the vehicle, including the shape and the presence of four wheels, are characteristic of an SUV, not a quad bike.

The chosen statement (1) is grounded because the image clearly shows a white SUV performing dune bashing, which matches the description in the statement.",true
bad7ef5856db6a56bcfe36712ee7fa308cf59f2ba29508c39af230ec4b3a45cd,1,,false
bad7ef5856db6a56bcfe36712ee7fa308cf59f2ba29508c39af230ec4b3a45cd,2,,false
c86cd34b9d73a70a489fc9cb0b9b6234cf1d3a7c74a890d47c3ac62bd79a60fe,0,"Answer: 1

Why statement 2 might seem correct: The large mural on the building appears to be an abstract installation, with its colorful and geometric design.
Why it is actually wrong: The mural is not abstract; it is a portrait of a person with a colorful background. There are no abstract installations visible on the building.

Why statement 3 might seem correct: The mural's vibrant colors and modern style might suggest a connection to classical sculptures.
Why it is actually wrong: The mural is a contemporary piece of art, not a classical sculpture. There are no classical sculptures displayed on the building.

Why statement 1 is grounded: The image clearly shows graffiti and murals on the building, including the large mural and the smaller graffiti tags on the lower part of the building.",true
c86cd34b9d73a70a489fc9cb0b9b6234cf1d3a7c74a890d47c3ac62bd79a60fe,1,,false
c86cd34b9d73a70a489fc9cb0b9b6234cf1d3a7c74a890d47c3ac62bd79a60fe,2,,false
0f4ef05f0f58e55ac526863c82441f624b753eb1fdc99400d5bba76c044621c4,0,"Answer: 3

Why statement 1 might seem correct: The foam sculpture on the coffee surface appears to be a detailed and artistic design, which could be mistaken for a foam sculpture.
Why it is actually wrong: The design is not sculpted out of foam but rather created by pouring and swirling the foam on top of the coffee, which is characteristic of latte art.

Why statement 2 might seem correct: The intricate design on the coffee surface could be mistaken for a form of engraving.
Why it is actually wrong: The design is not engraved but rather created by manipulating the foam on top of the coffee, which is a technique used in latte art.

Why statement 3 is grounded: The design on the coffee surface is created by pouring and swirling the foam, which is a technique commonly known as latte art.
Why it is actually correct: The visual evidence shows a detailed and artistic design created on the surface of the coffee using foam, which is characteristic of latte art.",false
0f4ef05f0f58e55ac526863c82441f624b753eb1fdc99400d5bba76c044621c4,1,,false
0f4ef05f0f58e55ac526863c82441f624b753eb1fdc99400d5bba76c044621c4,2,,true
276ca05162a836bfd41240af0a226f87d7eec84f79f077878a40875e8df11121,0,"Answer: 1

Why statement 2 might seem correct: The flooring appears to be made of wood, as it looks like wooden planks.
Why it is actually wrong: The flooring is actually covered with gravel, which is clearly visible and distinct from wood.

Why statement 3 might seem correct: The flooring looks like it could be concrete, as it is a solid and flat surface.
Why it is actually wrong: The flooring is actually gravel, which is a distinct material from concrete.

The chosen statement is grounded because the flooring is clearly gravel, as evidenced by the small, rounded stones covering the area.",true
276ca05162a836bfd41240af0a226f87d7eec84f79f077878a40875e8df11121,1,,false
276ca05162a836bfd41240af0a226f87d7eec84f79f077878a40875e8df11121,2,,false
fe4571223477f601ce47a604e7c272089ed35699808b0fe22b517b9c1f85df10,0,"Answer: 2

Why statement 1 might seem correct: The man is wearing a traditional white garment, which is often associated with chefs or cooks in the Arab world. However, there is no visual evidence of cooking utensils or food preparation.

Why statement 3 might seem correct: The setting appears calm and conducive to reading, and the man's relaxed posture could suggest he is reading. However, there is no visual evidence of a book or reading materials.

Why statement 2 is actually correct: The man is holding a cup of tea and there is another cup on the table, indicating that drinking tea is the primary activity.

Why statement 2 is grounded: The visual evidence of the cups and the man holding a cup of tea directly supports this statement.",false
fe4571223477f601ce47a604e7c272089ed35699808b0fe22b517b9c1f85df10,1,,true
fe4571223477f601ce47a604e7c272089ed35699808b0fe22b517b9c1f85df10,2,,false
6796508f971840ad76ea31a9619944474032c4e45061e6dad9bdf5ee9f0d7add,0,"Answer: 2

Why statement 1 might seem correct: The earrings have a star-like shape, which could be mistaken for a star-shaped design.
Why it is actually wrong: The earrings do not have a star-shaped design; they have a teardrop or diamond shape with a rose ornament in the center.

Why statement 3 might seem correct: The earrings have a diamond-shaped pendant, which could be mistaken for a diamond-shaped design.
Why it is actually wrong: The earrings do not have a diamond-shaped pendant; they have a teardrop or diamond shape with a rose ornament in the center.

Why statement 2 is grounded: The earrings have a rose-shaped ornament in the center, which is the main decorative feature.
Why it is actually correct: The earrings prominently feature a rose-shaped ornament in the center, making it the main decorative element.",false
6796508f971840ad76ea31a9619944474032c4e45061e6dad9bdf5ee9f0d7add,1,,true
6796508f971840ad76ea31a9619944474032c4e45061e6dad9bdf5ee9f0d7add,2,,false
71b799d84743d07dfb6ea951a87bd9f292a65305e2e66fa2ee2e7bd0633150a6,0,"Answer: 2

Why statement 1 might seem correct: The image shows a ceramic pot, which could be mistaken for a traditional Ethiopian coffee pot used in ceremonies.
Why it is actually wrong: The ceramic pot in the image is not specifically identified as a Jebena, which is the traditional clay pot used in Ethiopian coffee ceremonies.

Why statement 3 might seem correct: The image shows a woven basket, which could be mistaken for a traditional Ethiopian coffee basket used in ceremonies.
Why it is actually wrong: The woven basket in the image is not specifically identified as being used for brewing coffee during Ethiopian coffee ceremonies.

Why statement 2 is grounded: The image shows a woman holding a clay pot, which is a Jebena, a traditional Ethiopian clay pot used to brew coffee during ceremonies.
Why it is actually correct: The visual evidence in the image directly supports the use of a clay pot in Ethiopian coffee ceremonies.",false
71b799d84743d07dfb6ea951a87bd9f292a65305e2e66fa2ee2e7bd0633150a6,1,,true
71b799d84743d07dfb6ea951a87bd9f292a65305e2e66fa2ee2e7bd0633150a6,2,,false
a560f068e6f71b9233bd56bbe0554c48a68918495fb647cb4755d5d45a3bf7ef,0,"Answer: 1

Why statement 2 might seem correct: The woven basket filled with popcorn could be mistaken for a container used for storing grains, as baskets are often used for this purpose in various cultures.

Why it is actually wrong: The popcorn in the basket is clearly intended for consumption, as it is placed on a table with a cup and saucer, suggesting it is meant to be eaten alongside the coffee.

Why statement 3 might seem correct: The basket filled with popcorn could be seen as a decorative item, as it is placed on a table with other decorative items like the teapot and the colorful cup.

Why it is actually wrong: The primary purpose of the basket is to hold the popcorn, which is meant to be eaten, rather than being purely decorative.

The chosen statement (1) is grounded because the popcorn is placed on the table with a cup and saucer, indicating it is meant to be eaten during a coffee ceremony, which is a common practice in many Arab cultures.",true
a560f068e6f71b9233bd56bbe0554c48a68918495fb647cb4755d5d45a3bf7ef,1,,false
a560f068e6f71b9233bd56bbe0554c48a68918495fb647cb4755d5d45a3bf7ef,2,,false
cc9e93aba049559b12e404575e46fd0a12a6ab5e984ccdd28a0e2c90b3160594,0,"Answer: 1

Why statement 2 might seem correct: The outdoor seating area looks spacious and open, which could be suitable for a public waiting area.
Why it is actually wrong: The presence of tables and chairs, along with the setup for dining, strongly suggests that this area is intended for a restaurant or café.

Why statement 3 might seem correct: The area looks quiet and secluded, which could be suitable for a private workspace.
Why it is actually wrong: The setup with multiple tables and chairs, along with the open and inviting atmosphere, indicates that this area is meant for public dining rather than a private workspace.

The chosen statement (1) is grounded because the image shows tables and chairs arranged for dining, along with a clear view of the seating area, which is typical for a restaurant or café.",true
cc9e93aba049559b12e404575e46fd0a12a6ab5e984ccdd28a0e2c90b3160594,1,,false
cc9e93aba049559b12e404575e46fd0a12a6ab5e984ccdd28a0e2c90b3160594,2,,false
4049075e2fa9b793d1b719b61b136101e093822e4847b385aa3082558d9cda31,0,"Answer: 1

Why statement 2 might seem correct: The presence of boats and waterfront could suggest a private marina with luxury yachts.
Why it is actually wrong: The boats in the image are traditional cargo boats, not luxury yachts, and the setting appears to be more urban and public rather than private.

Why statement 3 might seem correct: The presence of boats and waterfront could suggest a rural fishing village.
Why it is actually wrong: The buildings in the background are urban and the boats are traditional cargo boats, not indicative of a fishing village.

The setting of the image is an urban waterfront with traditional cargo boats, which is the correct statement.",true
4049075e2fa9b793d1b719b61b136101e093822e4847b385aa3082558d9cda31,1,,false
4049075e2fa9b793d1b719b61b136101e093822e4847b385aa3082558d9cda31,2,,false
314de5409f0efa4ca05ddd95c57a2b53e4ab431b1b56ea617144fc4ecd6cc8c4,0,"Answer: 1

Why statement 2 might seem correct: The sleeves of the abaya have a decorative detail that appears to be metallic, which could be mistaken for studs.
Why it is actually wrong: The decorative detail on the sleeves is clearly embroidered with a zigzag pattern, not metallic studs.

Why statement 3 might seem correct: The sleeves have a pattern that could be mistaken for a floral print.
Why it is actually wrong: The pattern is not floral; it is a zigzag embroidery.

The chosen statement is grounded because the zigzag embroidery detail on the sleeves is clearly visible and matches the description in statement 1.",true
314de5409f0efa4ca05ddd95c57a2b53e4ab431b1b56ea617144fc4ecd6cc8c4,1,,false
314de5409f0efa4ca05ddd95c57a2b53e4ab431b1b56ea617144fc4ecd6cc8c4,2,,false
6f3712a0349b19c0a36060255ed64485cbb0605271ed1a5fd0242f86ddf73ac3,0,"Answer: 3

Why statement 1 might seem correct: The image shows a structure with people, which could be interpreted as a bustling cityscape.
Why it is actually wrong: The image clearly shows a rocky desert landscape with no signs of a cityscape.

Why statement 2 might seem correct: The presence of trees and the absence of a dense forest might make this statement seem plausible.
Why it is actually wrong: The image shows a rocky desert landscape with sparse vegetation, not a dense forest.

Why statement 3 is grounded: The image clearly depicts a rocky desert landscape with large rock formations and sparse vegetation.
Why it is actually correct: The visual evidence in the image supports this statement, showing a desert environment with rocky formations and sparse vegetation.",false
6f3712a0349b19c0a36060255ed64485cbb0605271ed1a5fd0242f86ddf73ac3,1,,false
6f3712a0349b19c0a36060255ed64485cbb0605271ed1a5fd0242f86ddf73ac3,2,,true
a5be37dcc7d22446033ae6d44c906357a1c6bd304177fcc72f43d3f1ac0d1dbf,0,"Answer: 1

Why statement 2 might seem correct: The image shows a large, open space with multiple levels and a high ceiling, which could be characteristic of a train station.
Why it is actually wrong: The presence of escalators, a food court, and the overall design of the space are more typical of an airport terminal rather than a train station.

Why statement 3 might seem correct: The image shows a food court and various shops, which could be characteristic of a shopping mall.
Why it is actually wrong: The presence of security checkpoints and the overall design of the space, including the escalators and the layout, are more typical of an airport terminal rather than a shopping mall.

The chosen statement is grounded because the image clearly shows an airport terminal with features such as escalators, security checkpoints, and a food court, which are typical of an airport environment.",true
a5be37dcc7d22446033ae6d44c906357a1c6bd304177fcc72f43d3f1ac0d1dbf,1,,false
a5be37dcc7d22446033ae6d44c906357a1c6bd304177fcc72f43d3f1ac0d1dbf,2,,false
75a851e7f088240f2ec431a12e2102aef5f15f1271cd703a267ffb1c5505bb25,0,"Answer: 3

Why statement 1 might seem correct: The playground has a treehouse-like structure, which might suggest that it is designed to showcase treehouse architecture.
Why it is actually wrong: The primary purpose of the playground is not to showcase treehouse architecture, but rather to provide children with a space for physical activity and play, as evidenced by the various play structures and the children actively engaging in play.

Why statement 2 might seem correct: The presence of adults and children in the playground might suggest that it is used for educational purposes.
Why it is actually wrong: There is no evidence in the image that the playground is used for formal educational classes. The primary purpose is to provide a space for physical activity and play, as indicated by the various play structures and the children playing.

Why statement 3 is grounded: The playground is filled with various play structures and children actively engaging in play, indicating that its primary purpose is to provide children with a space for physical activity and play.",false
75a851e7f088240f2ec431a12e2102aef5f15f1271cd703a267ffb1c5505bb25,1,,false
75a851e7f088240f2ec431a12e2102aef5f15f1271cd703a267ffb1c5505bb25,2,,true
87a46cd8272e0a1e40ed5e0470f41906c1aa7e9d8e132329f57eba1f09be641b,0,"Answer: 3

Why statement 1 might seem correct: The remote control has a circular button that could be mistaken for a camera lens.
Why it is actually wrong: There is no visible camera lens or sensor on the remote control.

Why statement 2 might seem correct: The remote control has a large circular button that could be mistaken for a touchscreen.
Why it is actually wrong: There is no visible touchscreen interface or any indication of a touchscreen on the remote control.

Why statement 3 is grounded: The remote control has a microphone icon on the bottom, indicating that it has a voice control microphone for user convenience.",false
87a46cd8272e0a1e40ed5e0470f41906c1aa7e9d8e132329f57eba1f09be641b,1,,false
87a46cd8272e0a1e40ed5e0470f41906c1aa7e9d8e132329f57eba1f09be641b,2,,true
9536bd4d54aff75a74936cc21d09624ca985156c6d102ac29462270cb46272dd,0,"Answer: 1

Why statement 2 might seem correct: The road adjacent to the bridge appears to be busy with vehicles, and rickshaws are common in many parts of the Arab world.
Why it is actually wrong: There are no visible rickshaws in the image. The vehicles present are cars and motorcycles.

Why statement 3 might seem correct: The road appears to be busy with vehicles, and bicycles are common in many parts of the Arab world.
Why it is actually wrong: There are no visible bicycles in the image. The vehicles present are cars and motorcycles.

Why statement 1 is grounded: The image clearly shows cars and motorcycles on the road adjacent to the bridge.",true
9536bd4d54aff75a74936cc21d09624ca985156c6d102ac29462270cb46272dd,1,,false
9536bd4d54aff75a74936cc21d09624ca985156c6d102ac29462270cb46272dd,2,,false
a0e2fc3c80445f026eefb61d66728620db517bc22b6143d9a7924d612d1b6390,0,"Answer: 1

Why statement 2 might seem correct: The tents and shaded areas are typically used to provide shelter for attendees from the sun or rain.
Why it is actually wrong: The tents are positioned in a way that suggests they are more likely intended for crowd control rather than providing shelter, as they are placed in a manner that seems to direct and manage the flow of people.

Why statement 3 might seem correct: The tents and shaded areas could be used for storage, as they are often set up in such a way that they can be easily accessed and secured.
Why it is actually wrong: There is no clear evidence in the image that the tents are being used for storage. They are positioned in a way that suggests they are more likely intended for crowd control or providing shelter.

Why statement 1 is grounded: The tents and shaded areas are strategically placed to create barriers and manage the flow of people, indicating that their primary purpose is crowd control.",true
a0e2fc3c80445f026eefb61d66728620db517bc22b6143d9a7924d612d1b6390,1,,false
a0e2fc3c80445f026eefb61d66728620db517bc22b6143d9a7924d612d1b6390,2,,false
b2b9ef681ce6c35ad4cc85c0d7d4e657d4abd0e57dae98b2f4878253b7158ad5,0,"Answer: 1

Why statement 2 might seem correct: The presence of large buildings and infrastructure could suggest industrial manufacturing activities.
Why it is actually wrong: There are no visible industrial structures, machinery, or signs of manufacturing processes in the image.

Why statement 3 might seem correct: The open spaces and green areas could imply agricultural exhibitions.
Why it is actually wrong: There are no visible agricultural elements, such as fields, greenhouses, or farming equipment, in the image.

Why statement 1 is grounded: The presence of large, open pavilions and stages, along with the overall layout and design, suggests that this complex is designed for hosting music concerts and cultural events.",true
b2b9ef681ce6c35ad4cc85c0d7d4e657d4abd0e57dae98b2f4878253b7158ad5,1,,false
b2b9ef681ce6c35ad4cc85c0d7d4e657d4abd0e57dae98b2f4878253b7158ad5,2,,false
39b7d268b68e9626001a1df4ee22be2b12459fcd3d63d3b47383c9df0cf7ada7,0,"Answer: 3

Why statement 1 might seem correct: The image shows a landscape with greenery, which could be mistaken for a dense forest.
Why it is actually wrong: There is no dense forest visible in the image; instead, the landscape is characterized by rocky terrain and sparse vegetation.

Why statement 2 might seem correct: The presence of a large body of water in the middle distance could be mistaken for a lake.
Why it is actually wrong: The image does not show a large lake; it shows a valley with sparse vegetation and rocky paths.

Why statement 3 is grounded: The image clearly shows a mountainous terrain with rocky paths and sparse vegetation, which is the most prominent feature.
Why it is actually correct: The image's landscape is dominated by rugged mountains and rocky paths, making this the most accurate description of the scene.",false
39b7d268b68e9626001a1df4ee22be2b12459fcd3d63d3b47383c9df0cf7ada7,1,,false
39b7d268b68e9626001a1df4ee22be2b12459fcd3d63d3b47383c9df0cf7ada7,2,,true
9d34c3854b5628e154175147e18ff8f45d3872f1306584d9cdb7b32f861d2e7e,0,"Answer: 2

Why statement 1 might seem correct: The attached tablet or screen holder on the chair could be mistaken for a storage compartment due to its placement and design.

Why it is actually wrong: The tablet or screen holder is clearly designed to hold a tablet or screen, as evidenced by the specific shape and mounting mechanism.

Why statement 3 might seem correct: The design of the tablet or screen holder could be mistaken for a holder for books due to its shape and size.

Why it is actually wrong: The tablet or screen holder is specifically designed for a tablet or screen, not for holding books, as indicated by its shape and mounting mechanism.

The chosen statement (2) is grounded because the image clearly shows a tablet or screen holder designed for mounting a tablet or screen, with a specific mounting mechanism and shape that matches the device it is intended to hold.",false
9d34c3854b5628e154175147e18ff8f45d3872f1306584d9cdb7b32f861d2e7e,1,,true
9d34c3854b5628e154175147e18ff8f45d3872f1306584d9cdb7b32f861d2e7e,2,,false
e8cc526d6512d38707477f17b0c82571896a69a7dafccd8056053b8a0f46d55a,0,"Answer: 3

Why statement 1 might seem correct: [best argument for it]
   - The hangar appears large enough to accommodate passenger boarding and luggage handling areas, which are common features in commercial airports.

Why it is actually wrong: [specific visual evidence that contradicts it]
   - There is no visible signage or equipment that specifically indicates passenger boarding or luggage handling operations. The hangar's primary function is not explicitly shown to be related to these activities.

Why statement 2 might seem correct: [best argument for it]
   - The hangar's size and location near the tarmac suggest it could be used for fueling and refueling operations, which are typical activities in an airport setting.

Why it is actually wrong: [specific visual evidence that contradicts it]
   - There is no visible fueling equipment or infrastructure that would indicate the hangar is used for fueling and refueling operations. The primary function of the hangar is not explicitly shown to be related to these activities.

Why statement 3 might seem correct: [best argument for it]
   - The hangar's size and location near the tarmac suggest it could be used for aircraft maintenance and storage, which are common activities in an airport setting.

Why it is actually correct: [specific visual evidence that supports it]
   - The hangar's large size and proximity to the tarmac indicate it is likely used for aircraft maintenance and storage. These activities are typical in an airport setting and are supported by the visual evidence in the image.",false
e8cc526d6512d38707477f17b0c82571896a69a7dafccd8056053b8a0f46d55a,1,,false
e8cc526d6512d38707477f17b0c82571896a69a7dafccd8056053b8a0f46d55a,2,,true
51248863107d2ae1286de2a6cc7976b0e128687d802e84cc455dc0ebd5be5846,0,"Answer: 2

Why statement 1 might seem correct: The image shows a large, modern building with multiple levels and what appears to be a commercial design, which could be indicative of a shopping mall.
Why it is actually wrong: There are no visible signs or shops that are typically found in a shopping mall, and the structure does not have the typical layout or design associated with malls.

Why statement 3 might seem correct: The building's large size and modern design could suggest it is a sports arena.
Why it is actually wrong: There are no visible features such as seating, scoreboards, or sports-related signage that are typically found in a sports arena.

Why statement 2 is grounded: The image shows a large, modern building with multiple levels and what appears to be a public transport station design, including a covered area and a structure that could be used for boarding and alighting passengers.
Why it is actually correct: The presence of the covered area and the design of the building strongly suggest that it is a public transport station.",false
51248863107d2ae1286de2a6cc7976b0e128687d802e84cc455dc0ebd5be5846,1,,true
51248863107d2ae1286de2a6cc7976b0e128687d802e84cc455dc0ebd5be5846,2,,false
7b9efe2dc7166ebf5030f64e25dbf1a3eb6aa205148b7a71ce1c9fd5f40cbf12,0,"Answer: 2

Why statement 1 might seem correct: The woman is wearing a golden tiara that complements her off-shoulder gown.
Why it is actually wrong: There is no golden tiara visible in the image.

Why statement 3 might seem correct: The woman is wearing a pearl bracelet that complements her off-shoulder gown.
Why it is actually wrong: There is no pearl bracelet visible in the image.

Why statement 2 is grounded: The woman is wearing a diamond necklace and earrings that complement her off-shoulder gown.
Why it is actually correct: The woman is wearing diamond earrings and a diamond necklace that match her elegant attire.",false
7b9efe2dc7166ebf5030f64e25dbf1a3eb6aa205148b7a71ce1c9fd5f40cbf12,1,,true
7b9efe2dc7166ebf5030f64e25dbf1a3eb6aa205148b7a71ce1c9fd5f40cbf12,2,,false
04a302964121ce4f994855a7f023ae250b197b5c92a4c31208cb9cdba5ec63f5,0,"Answer: 1

Why statement 2 might seem correct: Petra, Jordan is a famous historical site known for its ancient architecture, including tall structures. However, it is not known for tall mud-brick buildings and is not called 'the Manhattan of the desert'.

Why it is actually wrong: The image shows a city with tall mud-brick buildings, which is characteristic of Shibam, Yemen, not Petra, Jordan.

Why statement 3 might seem correct: Marrakech, Morocco is a city known for its rich architecture, including many tall buildings. However, it is not specifically known for tall mud-brick buildings and is not called 'the Manhattan of the desert'.

Why it is actually wrong: The image shows a city with tall mud-brick buildings, which is characteristic of Shibam, Yemen, not Marrakech, Morocco.

Why statement 1 is grounded: The image shows a city with tall mud-brick buildings, which is characteristic of Shibam, Yemen. Shibam is known for its tall mud-brick buildings and is often called 'the Manhattan of the desert'.",true
04a302964121ce4f994855a7f023ae250b197b5c92a4c31208cb9cdba5ec63f5,1,,false
04a302964121ce4f994855a7f023ae250b197b5c92a4c31208cb9cdba5ec63f5,2,,false
553a6cd77c99de8117314b86da7593e883b3840bb8e0bcd6bfb43993306a3f3b,0,"Answer: 1

Why statement 2 might seem correct: The jewelry pieces have a natural and organic appearance, which could lead one to think they are made of wood.

Why it is actually wrong: The jewelry pieces have a metallic sheen and structure, indicative of metalwork, not wood.

Why statement 3 might seem correct: The intricate designs and the way the pieces are arranged could make one think they are made of plastic.

Why it is actually wrong: The jewelry pieces have a reflective quality and detailed craftsmanship typical of metal jewelry, not plastic.

The chosen statement is grounded because the jewelry pieces exhibit the characteristics of metalwork, such as the metallic sheen and detailed craftsmanship, which are consistent with gold or silver jewelry.",true
553a6cd77c99de8117314b86da7593e883b3840bb8e0bcd6bfb43993306a3f3b,1,,false
553a6cd77c99de8117314b86da7593e883b3840bb8e0bcd6bfb43993306a3f3b,2,,false
41196790624ab64625f7bbfe54e1f2070ba1563d29e01dfca310c06433583819,0,"Answer: 2

Why statement 1 might seem correct: The flatbread is placed on a metal tray, which is a common method for cooking flatbread in a tandoor oven.
Why it is actually wrong: The image shows the flatbread directly on the inner walls of the oven, not on a metal tray.

Why statement 3 might seem correct: The flatbread is hanging over the embers, which is another common method for cooking flatbread in a tandoor oven.
Why it is actually wrong: The image shows the flatbread directly on the inner walls of the oven, not hanging over embers.

Why statement 2 is grounded: The flatbread is indeed stuck to the inner walls of the tandoor oven, as shown in the image.",false
41196790624ab64625f7bbfe54e1f2070ba1563d29e01dfca310c06433583819,1,,true
41196790624ab64625f7bbfe54e1f2070ba1563d29e01dfca310c06433583819,2,,false
1099904c5507cce4eb186a99fea128fc2d8598569282ff3e284f8167d995e5d1,0,"Answer: 2

Why statement 1 might seem correct: The banners in the image appear to be written in Arabic, which is the primary language in the Arab world.

Why it is actually wrong: The banners also contain English words, such as ""close"" and ""Juantanamo bay,"" which indicates that they use both Arabic and English.

Why statement 3 might seem correct: The banners do contain English words, which might lead one to think that they use English only.

Why it is actually wrong: The banners also contain Arabic text, which contradicts the claim that they use English only.

Why statement 2 is grounded: The banners in the protest scene use both Arabic and English, as evidenced by the presence of English words alongside Arabic text.",false
1099904c5507cce4eb186a99fea128fc2d8598569282ff3e284f8167d995e5d1,1,,true
1099904c5507cce4eb186a99fea128fc2d8598569282ff3e284f8167d995e5d1,2,,false
9c86485026d1447e8fe90eb1eecd8a39ed49ee2afe2dbd46264d079539346f53,0,"Answer: 1

Why statement 2 might seem correct: The person in the image is wearing a garment that drapes around the body, which could be mistaken for a jumpsuit.
Why it is actually wrong: The garment has a distinct saree-like drape and pallu, which is characteristic of a saree, not a jumpsuit.

Why statement 3 might seem correct: The garment has a western-style drape, which could be mistaken for a western dress.
Why it is actually wrong: The garment is specifically a saree, which is a traditional Indian garment, not a western dress.

The chosen statement is grounded because the person is indeed wearing a saree, as evidenced by the distinct drape and pallu of the garment.",true
9c86485026d1447e8fe90eb1eecd8a39ed49ee2afe2dbd46264d079539346f53,1,,false
9c86485026d1447e8fe90eb1eecd8a39ed49ee2afe2dbd46264d079539346f53,2,,false
13dbcf13256c8e043086960b248e9e55a849754f5adb53f1db5d92f9a814bfa8,0,"Answer: 2

Why statement 1 might seem correct: The image shows a desert city with sparse vegetation, and cacti are commonly associated with desert environments.
Why it is actually wrong: There are no cacti visible in the image; instead, there are palm trees and other greenery.

Why statement 3 might seem correct: Coniferous trees are often found in arid regions, and the image shows a desert city.
Why it is actually wrong: There are no coniferous trees visible in the image; the vegetation consists mainly of palm trees and other greenery.

Why statement 2 is grounded: The image clearly shows palm groves and other green vegetation, which are typical of desert oases.
Why it is actually correct: The presence of palm trees and green fields indicates that palm groves are the most prominent type of vegetation in the desert city shown in the image.",false
13dbcf13256c8e043086960b248e9e55a849754f5adb53f1db5d92f9a814bfa8,1,,true
13dbcf13256c8e043086960b248e9e55a849754f5adb53f1db5d92f9a814bfa8,2,,false
16eb892e1fc9842e741e9ff23db91d63aad59105580550847c1755bef2e5c88a,0,"Answer: 2

Why statement 1 might seem correct: The structure has a window and a door, which are common features of public restrooms.
Why it is actually wrong: The presence of Arabic calligraphy and the overall design suggest it is a religious shrine rather than a public restroom.

Why statement 3 might seem correct: The structure has a door and appears to be a small building, which could be a storage shed.
Why it is actually wrong: The Arabic calligraphy and the dome-like structure are more indicative of a religious shrine than a storage shed.

Why statement 2 is grounded: The stone structure features Arabic calligraphy, which is often found on religious shrines, and the dome-like top is a common architectural element in such structures.",false
16eb892e1fc9842e741e9ff23db91d63aad59105580550847c1755bef2e5c88a,1,,true
16eb892e1fc9842e741e9ff23db91d63aad59105580550847c1755bef2e5c88a,2,,false
fc324da285b2ba6ef2d060e5457354b9f9cdff9b12b9bb75caf5f8ece6c91872,0,"Answer: 3

Why statement 1 might seem correct: The background of the image shows a modern skyline, which might suggest the presence of a modern skyscraper.
Why it is actually wrong: There are no modern skyscrapers visible in the image; the buildings are all traditional and historical.

Why statement 2 might seem correct: The background of the image shows a clear sky, which might suggest the presence of a large fountain.
Why it is actually wrong: There is no large fountain visible in the image; the focus is on the traditional buildings and the sky.

Why statement 3 is grounded: A tall minaret is visible in the background of the image, which is a characteristic feature of traditional Islamic architecture.
Why it is actually correct: The minaret is clearly visible in the image, standing out against the skyline and confirming its presence.",false
fc324da285b2ba6ef2d060e5457354b9f9cdff9b12b9bb75caf5f8ece6c91872,1,,false
fc324da285b2ba6ef2d060e5457354b9f9cdff9b12b9bb75caf5f8ece6c91872,2,,true
abcb70ab989e66a71691a711384c113a526606b8c86e200618b940ace8938986,0,"Answer: 2

Why statement 1 might seem correct: The heart-shaped pomegranate arrangement could be interpreted as a visual representation of a cooling effect, as hearts are often associated with love and affection, and pomegranates are known for their cooling properties in some cultures.

Why it is actually wrong: There is no direct evidence in the image that suggests the heart-shaped pomegranate arrangement is intended to create a cooling effect. The image does not provide any context or information that links the heart shape to a cooling effect.

Why statement 2 might seem correct: The heart-shaped pomegranate arrangement is a common symbol of love and affection, and it is visually appealing and thematic.

Why it is actually wrong: The image does not provide any context or information that suggests the heart-shaped pomegranate arrangement is intended to symbolize love or affection. The image only shows the arrangement without any additional context.

Why statement 3 might seem correct: Pomegranates are known for their nutritional value, and the heart shape could be seen as an attempt to enhance the dish's appeal by adding a decorative element.

Why it is actually wrong: There is no direct evidence in the image that suggests the heart-shaped pomegranate arrangement is intended to enhance the nutritional value of the dish. The image does not provide any context or information that links the heart shape to nutritional enhancement.

The chosen statement (2) is grounded because the heart-shaped pomegranate arrangement is a common symbol of love and affection, and it is visually appealing and thematic.",false
abcb70ab989e66a71691a711384c113a526606b8c86e200618b940ace8938986,1,,true
abcb70ab989e66a71691a711384c113a526606b8c86e200618b940ace8938986,2,,false
65657b50c0e81220c8d34551ca026cfd885f00c11c4ceac46e71c238c0487088,0,"Answer: 2

Why statement 1 might seem correct: The sailboat appears to be a traditional design, which might suggest recreational use.
Why it is actually wrong: The sailboat is docked near a fortified structure, which implies it is used for more practical purposes than leisure.

Why statement 3 might seem correct: The sailboat is near a body of water, which is a common environment for fishing.
Why it is actually wrong: The sailboat is docked and not actively engaged in fishing activities.

Why statement 2 is grounded: The sailboat is docked near a fortified structure, indicating it is used for trade and transport rather than recreational sailing or fishing.",false
65657b50c0e81220c8d34551ca026cfd885f00c11c4ceac46e71c238c0487088,1,,true
65657b50c0e81220c8d34551ca026cfd885f00c11c4ceac46e71c238c0487088,2,,false
45e84558b7516b965d829fbce5d9af8ce5537a0942921f5761399dc720766ccd,0,"Answer: 3

Why statement 1 might seem correct: [best argument for it]
   - The image shows people in a large, open space that resembles a shopping area, which might lead one to think they are shopping for groceries.

Why it is actually wrong: [specific visual evidence that contradicts it]
   - The people are dressed in traditional attire and are engaged in activities that are not typical of shopping, such as reading and praying.

Why statement 2 might seem correct: [best argument for it]
   - The presence of books and the act of reading might suggest that they are engaged in cooking food, as books on cooking are common.

Why it is actually wrong: [specific visual evidence that contradicts it]
   - The people are not shown handling or preparing food, and the setting does not resemble a kitchen or cooking area.

Why statement 3 is grounded: [specific visual evidence that supports it]
   - The people are shown reading books and praying, which are activities commonly associated with religious practices in the Arab world. The presence of books and the act of reading support this statement.",false
45e84558b7516b965d829fbce5d9af8ce5537a0942921f5761399dc720766ccd,1,,false
45e84558b7516b965d829fbce5d9af8ce5537a0942921f5761399dc720766ccd,2,,true
1909baf0ee4ad1d65da952bf4a15717c92b8d8c0c9ac08f4393aae62dbcc19cd,0,"Answer: 3

Why statement 1 might seem correct: The metallic wall decoration with Arabic calligraphy could be perceived as a simple decorative piece, especially if one is not familiar with Islamic art and calligraphy.

Why it is actually wrong: The calligraphy is a form of Islamic art that often carries significant religious meaning and symbolism. The specific style and content of the calligraphy are indicative of Islamic spirituality and religious beliefs.

Why statement 2 might seem correct: The abstract nature of the calligraphy might lead one to believe that it is an art piece unrelated to religion.

Why it is actually wrong: The calligraphy is specifically designed to represent Islamic texts and concepts, which inherently ties it to religious themes.

Why statement 3 is grounded: The calligraphy is a form of Islamic art that is deeply rooted in religious beliefs and spirituality. The specific style and content of the calligraphy are indicative of Islamic teachings and values.",false
1909baf0ee4ad1d65da952bf4a15717c92b8d8c0c9ac08f4393aae62dbcc19cd,1,,false
1909baf0ee4ad1d65da952bf4a15717c92b8d8c0c9ac08f4393aae62dbcc19cd,2,,true
16e3115706dd6ea1b988a32082a6239cff37220a1271ced8dee3e869905d8628,0,"Answer: 3

Why statement 1 might seem correct: The red color is clearly visible on the depiction of the Yemeni flag.
Why it is actually wrong: The flag does not have black as one of its colors.

Why statement 2 might seem correct: The green color is visible on the depiction of the Yemeni flag.
Why it is actually wrong: The flag does not have green as one of its colors.

Why statement 3 might seem correct: The red and white colors are visible on the depiction of the Yemeni flag.
Why it is actually wrong: The flag does not have blue as one of its colors.

The colors visible on the depiction of the Yemeni flag painted on the wall are red, white, and blue.",false
16e3115706dd6ea1b988a32082a6239cff37220a1271ced8dee3e869905d8628,1,,false
16e3115706dd6ea1b988a32082a6239cff37220a1271ced8dee3e869905d8628,2,,true
9073331a0b96d59c4c1ec77d29dea75f215e8fb2960de5c1bfdddc4a492f95f7,0,"Answer: 1

Why statement 2 might seem correct: The wall appears to be smooth and uniform, which could be characteristic of concrete.
Why it is actually wrong: The texture of the wall is rough and uneven, typical of earthen materials.

Why statement 3 might seem correct: The wall has a solid appearance, which could be associated with brick.
Why it is actually wrong: The wall has a rough, uneven texture that is more typical of earthen materials.

The chosen statement is grounded because the wall has a rough, uneven texture that is characteristic of earthen materials, not concrete or brick.",true
9073331a0b96d59c4c1ec77d29dea75f215e8fb2960de5c1bfdddc4a492f95f7,1,,false
9073331a0b96d59c4c1ec77d29dea75f215e8fb2960de5c1bfdddc4a492f95f7,2,,false
c72f7409b70775e1a274cfe6f8a01f11835001fbda3246159c4fb598f3f174a8,0,"Answer: 3

Why statement 1 might seem correct: The ruins appear to be made of a solid material that could be stone.
Why it is actually wrong: The color and texture of the ruins resemble mud-brick, which is more common in arid regions.

Why statement 2 might seem correct: The ruins look like they could be made of wood, especially if they are old.
Why it is actually wrong: The material looks more like mud-brick, which is typical for desert architecture.

Why statement 3 is grounded: The color and texture of the ruins resemble mud-brick, which is commonly used in arid regions for its durability and availability.",false
c72f7409b70775e1a274cfe6f8a01f11835001fbda3246159c4fb598f3f174a8,1,,false
c72f7409b70775e1a274cfe6f8a01f11835001fbda3246159c4fb598f3f174a8,2,,true
04e5d2fbb37c6dafec3acc8770b94bc04c48454037ec4c9f6de0f35c0c7fdbdc,0,"Answer: 2

Why statement 1 might seem correct: The architecture in the image has a distinct style that could be found in South America, particularly in regions with colonial influences.
Why it is actually wrong: The architecture features elements such as arched windows and decorative stonework that are characteristic of Middle Eastern architecture, not South American.

Why statement 3 might seem correct: Scandinavian architecture often includes elements like clean lines and minimalistic design, which could be mistaken for the more ornate and detailed Middle Eastern style.
Why it is actually wrong: The architecture in the image is clearly Middle Eastern, with its intricate stonework and specific design elements that are not typical of Scandinavian architecture.

Why statement 2 is grounded: The architecture in the image is most likely from the Middle East. The buildings have features such as arched windows, decorative stonework, and a specific style of construction that is characteristic of Middle Eastern architecture.",false
04e5d2fbb37c6dafec3acc8770b94bc04c48454037ec4c9f6de0f35c0c7fdbdc,1,,true
04e5d2fbb37c6dafec3acc8770b94bc04c48454037ec4c9f6de0f35c0c7fdbdc,2,,false
b2c3e57908dcbb83589238925eac6ca33f702982acbd2d2b4f0d128b0c8cbdcc,0,"Answer: 1

Why statement 2 might seem correct: Children's picture books are often categorized under 'Adult Fiction' in some libraries, especially in regions where the categorization system is not well-defined or standardized.

Why it is actually wrong: The image shows a library section labeled 'Adult Fiction' with books that are clearly not children's picture books. The books are of various sizes and types, indicating a mix of genres, including what appears to be adult fiction.

Why statement 3 might seem correct: Academic textbooks are often categorized under 'Adult Fiction' in some libraries, especially in regions where the categorization system is not well-defined or standardized.

Why it is actually wrong: The image shows a library section labeled 'Adult Fiction' with books that are not academic textbooks. The books are of various sizes and types, indicating a mix of genres, including what appears to be adult fiction.

Why statement 1 is grounded: Adult fiction novels are indeed likely to be found in the library section labeled 'Adult Fiction'. The image shows a section labeled 'Adult Fiction' with books that are likely to be adult fiction novels, as they are of appropriate size and type for this category.",true
b2c3e57908dcbb83589238925eac6ca33f702982acbd2d2b4f0d128b0c8cbdcc,1,,false
b2c3e57908dcbb83589238925eac6ca33f702982acbd2d2b4f0d128b0c8cbdcc,2,,false
982a494c2bfc1e66707f3940fd7ff31784345152e648d894f74e223620c6d056,0,"Answer: 2

Why statement 1 might seem correct: Henna cones are often used in henna art, but the image does not show a henna cone being used.
Why it is actually wrong: The image shows a brush being used to create the henna design, not a henna cone.
Why statement 3 might seem correct: Stencils are sometimes used in henna art, but the image does not show a stencil being used.
Why it is actually wrong: The image shows a brush being used to create the henna design, not a stencil.
Why statement 2 is grounded: The image shows a brush being used to create intricate henna designs, which supports this statement.",false
982a494c2bfc1e66707f3940fd7ff31784345152e648d894f74e223620c6d056,1,,true
982a494c2bfc1e66707f3940fd7ff31784345152e648d894f74e223620c6d056,2,,false
8093aecc225e620a1e003d82d29572668de7a611fc982f07fdbdd1c3418e319e,0,"Answer: 3

Why statement 1 might seem correct: The presence of a crowd in a public space could suggest a political rally.
Why it is actually wrong: There is no visible signage, banners, or any indication of a political rally. The people are engaged in various activities, such as shopping and walking, which are typical of a market setting.

Why statement 2 might seem correct: The crowded area and the presence of people in a town square could suggest a festival celebration.
Why it is actually wrong: There are no decorations, music, or any festive elements visible in the image. The primary activity appears to be shopping and daily commerce.

Why statement 3 is grounded: The image shows people browsing and purchasing goods from various stalls, which is indicative of an outdoor market. The presence of fruits and vegetables, as well as the arrangement of goods for sale, supports this interpretation.

Confirming why statement 3 is grounded: The image clearly depicts an outdoor market with people engaged in shopping activities, making it the primary activity taking place.",false
8093aecc225e620a1e003d82d29572668de7a611fc982f07fdbdd1c3418e319e,1,,false
8093aecc225e620a1e003d82d29572668de7a611fc982f07fdbdd1c3418e319e,2,,true
0483d6c865edb18b34d5d32569aff12f8b1cfbee49f248e0ae04fd7a35bffb5d,0,"Answer: 1

Why statement 2 might seem correct: The textile has a smooth and lustrous appearance, which is characteristic of silk.
Why it is actually wrong: The texture of the textile appears to be more coarse and matte, which is not typical of silk.

Why statement 3 might seem correct: The textile has a natural and fibrous look, which is characteristic of cotton.
Why it is actually wrong: The texture of the textile appears to be more tightly woven and less fluffy, which is not typical of cotton.

The textile shown in the image is most likely made of wool because it has a thick, tightly woven, and somewhat coarse texture, which is typical of woolen fabrics.",true
0483d6c865edb18b34d5d32569aff12f8b1cfbee49f248e0ae04fd7a35bffb5d,1,,false
0483d6c865edb18b34d5d32569aff12f8b1cfbee49f248e0ae04fd7a35bffb5d,2,,false
82005322351179e1b9c8d00cd7f163e15cbbde726ea798171337097d810cd72c,0,"Answer: 1

Why statement 2 might seem correct: The presence of beverages on the table might lead one to think that juice and soda are served alongside the dishes.
Why it is actually wrong: There is no visual evidence of juice or soda on the table. The only beverages visible are coffee and hot chocolate.
Why statement 3 might seem correct: The presence of beverages on the table might lead one to think that tea and lemonade are served alongside the dishes.
Why it is actually wrong: There is no visual evidence of tea or lemonade on the table. The only beverages visible are coffee and hot chocolate.
Why statement 1 is grounded: The image shows a cup of coffee and a cup of hot chocolate on the table, which supports the statement that these beverages are served alongside the dishes.",true
82005322351179e1b9c8d00cd7f163e15cbbde726ea798171337097d810cd72c,1,,false
82005322351179e1b9c8d00cd7f163e15cbbde726ea798171337097d810cd72c,2,,false
b511168fad505346d7edcc2a10cc4d11dccfed0d0f882606a5dc90ea21875207,0,"Answer: 2

Why statement 1 might seem correct: The wooden stand appears to be flat and sturdy, which could be suitable for use as a cutting board.
Why it is actually wrong: The stand is not positioned in a way that suggests it is being used for cutting or food preparation. It is placed under the ceramic cups, indicating a different purpose.

Why statement 3 might seem correct: The wooden stand has a flat surface and is designed to hold objects, which could make it suitable for use as a decorative tray.
Why it is actually wrong: The stand is specifically holding the ceramic cups, which is its primary function in this image.

Why statement 2 is grounded: The wooden stand is positioned directly under the ceramic cups, holding them securely in place. This indicates that its primary purpose in this image is to hold the cups.",false
b511168fad505346d7edcc2a10cc4d11dccfed0d0f882606a5dc90ea21875207,1,,true
b511168fad505346d7edcc2a10cc4d11dccfed0d0f882606a5dc90ea21875207,2,,false
11ab083a167f8ab37dac9ef1355ef9e00dac9e695d40ed9a24c08bdce2ca11f8,0,"Answer: 1

Why statement 2 might seem correct: The group of people is dressed formally and appears to be gathered in a celebratory manner, which could suggest a private family celebration.

Why it is actually wrong: The presence of official-looking banners and flags, as well as the formal attire of many individuals, suggests that this is a formal event, likely related to a conference or official gathering rather than a private celebration.

Why statement 3 might seem correct: The formal attire and the presence of flags and banners could suggest that this is a sports award ceremony.

Why it is actually wrong: There is no visible evidence of sports equipment, trophies, or any other elements typically associated with sports award ceremonies. The setting and the nature of the event suggest a more formal and official purpose, likely related to a conference or meeting.",true
11ab083a167f8ab37dac9ef1355ef9e00dac9e695d40ed9a24c08bdce2ca11f8,1,,false
11ab083a167f8ab37dac9ef1355ef9e00dac9e695d40ed9a24c08bdce2ca11f8,2,,false
4a55716215e2652cd7555c3a251876120e77b2b3152774486056580d9af23a55,0,"Answer: 2

Why statement 1 might seem correct: [best argument for it]
   - The presence of a ball and the positioning of the players suggest a sport involving a ball.

Why it is actually wrong: [specific visual evidence that contradicts it]
   - The image clearly shows a basketball court with players wearing basketball uniforms and holding a basketball, indicating that it is a basketball game, not a tennis match.

Why statement 3 might seem correct: [best argument for it]
   - The presence of a ball and the positioning of the players suggest a sport involving a ball.

Why it is actually wrong: [specific visual evidence that contradicts it]
   - The image clearly shows a basketball court with players wearing basketball uniforms and holding a basketball, indicating that it is a basketball game, not a volleyball match.",false
4a55716215e2652cd7555c3a251876120e77b2b3152774486056580d9af23a55,1,,true
4a55716215e2652cd7555c3a251876120e77b2b3152774486056580d9af23a55,2,,false
c004200a314e34687369e6850faa3f3a50f584226b5c2c88715090a02480e65e,0,"Answer: 3

Why statement 1 might seem correct: Pine trees are a common type of tree in many parts of the world, including the Arab world. They are often associated with cooler climates and higher elevations, which could be suggested by the mountainous terrain in the image.

Why it is actually wrong: The image shows a variety of trees, but none of them appear to be pine trees. The trees in the image have a different shape and structure compared to pine trees.

Why statement 2 might seem correct: Cactus plants are often associated with arid environments, which is consistent with the desert-like appearance of the landscape in the image.

Why it is actually wrong: The image does not show any cactus plants. Instead, there are trees and shrubs that are more typical of a temperate or subtropical climate.

Why statement 3 might seem correct: Palm trees are commonly found in many parts of the Arab world, especially in regions with a Mediterranean or desert climate.

Why it is actually wrong: The image shows trees that are more consistent with palm trees, including their distinctive shape and the presence of greenery in the landscape.

The primary type of vegetation visible near the village in the image is palm trees, making statement 3 the correct answer.",false
c004200a314e34687369e6850faa3f3a50f584226b5c2c88715090a02480e65e,1,,false
c004200a314e34687369e6850faa3f3a50f584226b5c2c88715090a02480e65e,2,,true
31eac3d38e1dd3fb357103699b69c7f737dae921a15065e5fadadb9689d51e72,0,"Answer: 2

Why statement 1 might seem correct: The kettle appears to have a metallic sheen that is often associated with steel.
Why it is actually wrong: The kettle has a distinct reddish-brown color that is characteristic of copper, not the silver-gray color of steel.

Why statement 3 might seem correct: Aluminum is also a metal and can have a shiny appearance, which might lead one to think the kettle is made of aluminum.
Why it is actually wrong: The kettle has a reddish-brown color that is not typical of aluminum, which usually has a silvery appearance.

Why statement 2 is grounded: The kettle has a reddish-brown color and a shiny surface that are consistent with copper.",false
31eac3d38e1dd3fb357103699b69c7f737dae921a15065e5fadadb9689d51e72,1,,true
31eac3d38e1dd3fb357103699b69c7f737dae921a15065e5fadadb9689d51e72,2,,false
f2b1cfc324bc9574216fe703f42f0ac653d83b8c8e2b6ec52d486e54cdba045f,0,"Answer: 1

Why statement 2 might seem correct: The presence of water and fishing gear could suggest ice fishing.
Why it is actually wrong: The image shows a person in a natural, outdoor setting with trees and a mountain, which is not indicative of ice fishing, which typically occurs on frozen bodies of water.

Why statement 3 might seem correct: The person is holding a fishing rod, which could suggest deep-sea fishing.
Why it is actually wrong: The image shows a person in a natural, outdoor setting with trees and a mountain, which is not indicative of deep-sea fishing, which typically occurs in open water far from shore.

The chosen statement is grounded because the person is holding a fishing rod and is in a natural outdoor setting, which is consistent with fly fishing.",true
f2b1cfc324bc9574216fe703f42f0ac653d83b8c8e2b6ec52d486e54cdba045f,1,,false
f2b1cfc324bc9574216fe703f42f0ac653d83b8c8e2b6ec52d486e54cdba045f,2,,false
323b0439f1ef36d65f21b5927916a99106da00859e5b829f98262fc0b939916c,0,"Answer: 1

Why statement 2 might seem correct: The buildings in the background appear to be modern and well-maintained, which could suggest a modern urban city.
Why it is actually wrong: The buildings have a rustic appearance with visible wear and tear, and the overall setting does not appear to be a modern city.

Why statement 3 might seem correct: The presence of a street market stall and the style of the buildings could suggest a tropical beachside town.
Why it is actually wrong: The buildings do not have the typical architectural features of a beachside town, and the overall setting does not appear to be a tropical environment.

The chosen statement is grounded because the buildings in the background have a rustic appearance with visible wear and tear, which is consistent with a rustic urban setting.",true
323b0439f1ef36d65f21b5927916a99106da00859e5b829f98262fc0b939916c,1,,false
323b0439f1ef36d65f21b5927916a99106da00859e5b829f98262fc0b939916c,2,,false
e09c919bb6830ca2b9bec74e2830910f51c4a05d2aec41154de263677eea0029,0,"Answer: 3

Why statement 1 might seem correct: The structure's grand and ornate design, along with the presence of people, might suggest it is a public transportation hub.
Why it is actually wrong: The structure's architectural style and dome are characteristic of historical tombs or monuments, not public transportation hubs.

Why statement 2 might seem correct: The modern appearance and the presence of people might suggest it is a modern government building.
Why it is actually wrong: The structure's architectural style and dome are characteristic of historical tombs or monuments, not modern government buildings.

Why statement 3 is grounded: The structure's architectural style, including the dome and arches, is characteristic of historical tombs or monuments, which are often designed with such features. The presence of people and the setting also support this interpretation.",false
e09c919bb6830ca2b9bec74e2830910f51c4a05d2aec41154de263677eea0029,1,,false
e09c919bb6830ca2b9bec74e2830910f51c4a05d2aec41154de263677eea0029,2,,true
