id,statement_index,prediction
d523470f46ecf484d22c505e0f04bb945fd098c58d135741ebbbefbe832e7d3b,0,false
d523470f46ecf484d22c505e0f04bb945fd098c58d135741ebbbefbe832e7d3b,1,true
d523470f46ecf484d22c505e0f04bb945fd098c58d135741ebbbefbe832e7d3b,2,false
79459a096744e00f8927f694a511f6566de8af529655864ddacbf6efc4849eb3,0,false
79459a096744e00f8927f694a511f6566de8af529655864ddacbf6efc4849eb3,1,true
79459a096744e00f8927f694a511f6566de8af529655864ddacbf6efc4849eb3,2,false
f479b4fb03eff6c28b55d5678aca7ff09ffd32ff44ebd5960aaa12486f7e6b90,0,false
f479b4fb03eff6c28b55d5678aca7ff09ffd32ff44ebd5960aaa12486f7e6b90,1,false
f479b4fb03eff6c28b55d5678aca7ff09ffd32ff44ebd5960aaa12486f7e6b90,2,true
585fb92d9ddb2322facb17bb05e0b3fb5b21208ac4d398a6d955c01562f310b6,0,false
585fb92d9ddb2322facb17bb05e0b3fb5b21208ac4d398a6d955c01562f310b6,1,false
585fb92d9ddb2322facb17bb05e0b3fb5b21208ac4d398a6d955c01562f310b6,2,true
9b2b84f819e933451d244768a5f9dc3746b9cda93d3a07705910d36a8dd499e0,0,true
9b2b84f819e933451d244768a5f9dc3746b9cda93d3a07705910d36a8dd499e0,1,false
9b2b84f819e933451d244768a5f9dc3746b9cda93d3a07705910d36a8dd499e0,2,false
a82a847f66d0bea3b350d8ab501b2246709dbd0fca694440613b2ee7423fb85d,0,true
a82a847f66d0bea3b350d8ab501b2246709dbd0fca694440613b2ee7423fb85d,1,false
a82a847f66d0bea3b350d8ab501b2246709dbd0fca694440613b2ee7423fb85d,2,false
5c4409096a3ac7b5a2c7db4b471b994b263fd6255b47c2070918c2bff5bbbc43,0,false
5c4409096a3ac7b5a2c7db4b471b994b263fd6255b47c2070918c2bff5bbbc43,1,true
5c4409096a3ac7b5a2c7db4b471b994b263fd6255b47c2070918c2bff5bbbc43,2,false
06a420f3661058f358cb3fb8b4e8222a8a33afee05ec84d469bc2bf5fc02a4d1,0,false
06a420f3661058f358cb3fb8b4e8222a8a33afee05ec84d469bc2bf5fc02a4d1,1,true
06a420f3661058f358cb3fb8b4e8222a8a33afee05ec84d469bc2bf5fc02a4d1,2,false
0d6715122c42312c7daf870c4927eb80ad515f04e6bce19e508407eda873d47b,0,false
0d6715122c42312c7daf870c4927eb80ad515f04e6bce19e508407eda873d47b,1,true
0d6715122c42312c7daf870c4927eb80ad515f04e6bce19e508407eda873d47b,2,false
3dca8e4fee6639b7b84885b57bd91fee43a00e168dcf734d020930164109ce83,0,false
3dca8e4fee6639b7b84885b57bd91fee43a00e168dcf734d020930164109ce83,1,false
3dca8e4fee6639b7b84885b57bd91fee43a00e168dcf734d020930164109ce83,2,true
31cb7e2867d481f86162c14746b140da5e709a7d2e35a7c7ff413232a7e5821b,0,true
31cb7e2867d481f86162c14746b140da5e709a7d2e35a7c7ff413232a7e5821b,1,false
31cb7e2867d481f86162c14746b140da5e709a7d2e35a7c7ff413232a7e5821b,2,false
cfade7416bb99b90f728e7b9d6134cab01c379b1367cad509825f6f4a1060176,0,true
cfade7416bb99b90f728e7b9d6134cab01c379b1367cad509825f6f4a1060176,1,false
cfade7416bb99b90f728e7b9d6134cab01c379b1367cad509825f6f4a1060176,2,false
efd3970ee283ba04548fba02edff2c639e7f5c1fc48ed237efe0df7cc2798ef2,0,false
efd3970ee283ba04548fba02edff2c639e7f5c1fc48ed237efe0df7cc2798ef2,1,true
efd3970ee283ba04548fba02edff2c639e7f5c1fc48ed237efe0df7cc2798ef2,2,false
4536b5083a616c9232648c53dd70f3fe77013676aa40ac877adeaa479f13cf06,0,true
4536b5083a616c9232648c53dd70f3fe77013676aa40ac877adeaa479f13cf06,1,false
4536b5083a616c9232648c53dd70f3fe77013676aa40ac877adeaa479f13cf06,2,false
fab04c237ef5f53409a2210f6229b4dc70cee9bb600a12dd345b9ff1d77bdcdb,0,false
fab04c237ef5f53409a2210f6229b4dc70cee9bb600a12dd345b9ff1d77bdcdb,1,true
fab04c237ef5f53409a2210f6229b4dc70cee9bb600a12dd345b9ff1d77bdcdb,2,false
e1038a68af520fc20d455344534076552cde187ce9f90b4da8e0959b73c85611,0,false
e1038a68af520fc20d455344534076552cde187ce9f90b4da8e0959b73c85611,1,true
e1038a68af520fc20d455344534076552cde187ce9f90b4da8e0959b73c85611,2,false
389a9c74a14f939acb7b6456c62513b5e3b262518ce84f62b878d9f385ecc929,0,false
389a9c74a14f939acb7b6456c62513b5e3b262518ce84f62b878d9f385ecc929,1,false
389a9c74a14f939acb7b6456c62513b5e3b262518ce84f62b878d9f385ecc929,2,true
4379dafa4bb0a6e2273f17df25ec621f8bccb93d657392d768bff04603a46193,0,false
4379dafa4bb0a6e2273f17df25ec621f8bccb93d657392d768bff04603a46193,1,false
4379dafa4bb0a6e2273f17df25ec621f8bccb93d657392d768bff04603a46193,2,true
07f2eb9c2eafc36fad8f7beafc48a7352097a34ec7ca7c37ca6cc72561397600,0,false
07f2eb9c2eafc36fad8f7beafc48a7352097a34ec7ca7c37ca6cc72561397600,1,true
07f2eb9c2eafc36fad8f7beafc48a7352097a34ec7ca7c37ca6cc72561397600,2,false
aad23902bbca4c709ea41ac0c2a319b7e4234d7968733a92dcab12d2c08989ea,0,true
aad23902bbca4c709ea41ac0c2a319b7e4234d7968733a92dcab12d2c08989ea,1,false
aad23902bbca4c709ea41ac0c2a319b7e4234d7968733a92dcab12d2c08989ea,2,false
29c51de19d0e6cd615eb8abb33f48cbfa7824578210ef4562d0594bba62d7d6f,0,false
29c51de19d0e6cd615eb8abb33f48cbfa7824578210ef4562d0594bba62d7d6f,1,true
29c51de19d0e6cd615eb8abb33f48cbfa7824578210ef4562d0594bba62d7d6f,2,false
833684509f80ca91e52e4ceeb81f080be91d5176a4f1a7a05af767cda962dce4,0,false
833684509f80ca91e52e4ceeb81f080be91d5176a4f1a7a05af767cda962dce4,1,true
833684509f80ca91e52e4ceeb81f080be91d5176a4f1a7a05af767cda962dce4,2,false
b230fc12e4a08687e9bf3300fb1637dcf2945105230c53417168587bd21b660a,0,false
b230fc12e4a08687e9bf3300fb1637dcf2945105230c53417168587bd21b660a,1,true
b230fc12e4a08687e9bf3300fb1637dcf2945105230c53417168587bd21b660a,2,false
0a618c3cf624a9b541addbd7d3b6dcaa7aa9fa90f511b22121f5a105526824f7,0,true
0a618c3cf624a9b541addbd7d3b6dcaa7aa9fa90f511b22121f5a105526824f7,1,false
0a618c3cf624a9b541addbd7d3b6dcaa7aa9fa90f511b22121f5a105526824f7,2,false
75875a95f940dd094d9ee3f241ed01b4c26b20493256f173f6ae65a69edaaeb3,0,false
75875a95f940dd094d9ee3f241ed01b4c26b20493256f173f6ae65a69edaaeb3,1,true
75875a95f940dd094d9ee3f241ed01b4c26b20493256f173f6ae65a69edaaeb3,2,false
4608215a3637cce04e3a448af0399e8e5bf3ce9339cc517d082847e8498e9383,0,false
4608215a3637cce04e3a448af0399e8e5bf3ce9339cc517d082847e8498e9383,1,true
4608215a3637cce04e3a448af0399e8e5bf3ce9339cc517d082847e8498e9383,2,false
475e82109fbe3d89fba6701cfd38cd8539e06ea752f496ead6678515076d5e38,0,false
475e82109fbe3d89fba6701cfd38cd8539e06ea752f496ead6678515076d5e38,1,true
475e82109fbe3d89fba6701cfd38cd8539e06ea752f496ead6678515076d5e38,2,false
e908d0d8d6496ff1b8f6dee8cbc289db83d8939ce49826c1167de4895d37bf95,0,false
e908d0d8d6496ff1b8f6dee8cbc289db83d8939ce49826c1167de4895d37bf95,1,true
e908d0d8d6496ff1b8f6dee8cbc289db83d8939ce49826c1167de4895d37bf95,2,false
3cfd35b0984ddd44af75a045119401c9e0652ddcaeefbd6152834ed0a80f0786,0,false
3cfd35b0984ddd44af75a045119401c9e0652ddcaeefbd6152834ed0a80f0786,1,false
3cfd35b0984ddd44af75a045119401c9e0652ddcaeefbd6152834ed0a80f0786,2,true
350ebb557063e365bb68ba4009a45b143fcf6ba644491385552dbcb3b465e738,0,true
350ebb557063e365bb68ba4009a45b143fcf6ba644491385552dbcb3b465e738,1,false
350ebb557063e365bb68ba4009a45b143fcf6ba644491385552dbcb3b465e738,2,false
68a4fba478236533db98dc58171e103e7818d9b3228f5b7c2640b8c1f9760c9f,0,true
68a4fba478236533db98dc58171e103e7818d9b3228f5b7c2640b8c1f9760c9f,1,false
68a4fba478236533db98dc58171e103e7818d9b3228f5b7c2640b8c1f9760c9f,2,false
00af7a7309ba86ce6f51720c87408f99f4f9e1e8bb44e51ec2d95c7866249e2c,0,false
00af7a7309ba86ce6f51720c87408f99f4f9e1e8bb44e51ec2d95c7866249e2c,1,true
00af7a7309ba86ce6f51720c87408f99f4f9e1e8bb44e51ec2d95c7866249e2c,2,false
a7d9023ef86ddd38e7fa5839e2564774998e53790ee6f3c163dca38bb066b09e,0,false
a7d9023ef86ddd38e7fa5839e2564774998e53790ee6f3c163dca38bb066b09e,1,true
a7d9023ef86ddd38e7fa5839e2564774998e53790ee6f3c163dca38bb066b09e,2,false
8c4c31d1916c4677c7b641c73166171a5864f6ffe9c7b62081e7c19662a31b1a,0,false
8c4c31d1916c4677c7b641c73166171a5864f6ffe9c7b62081e7c19662a31b1a,1,false
8c4c31d1916c4677c7b641c73166171a5864f6ffe9c7b62081e7c19662a31b1a,2,true
e99c8c1b07caad9d3cf7e41a9804c960030b32079f3d2c4aefa48a6c95f9c224,0,true
e99c8c1b07caad9d3cf7e41a9804c960030b32079f3d2c4aefa48a6c95f9c224,1,false
e99c8c1b07caad9d3cf7e41a9804c960030b32079f3d2c4aefa48a6c95f9c224,2,false
85311761227e69999e069dd8e54347538e79ea03d3e2fa41b35514befb0af6f6,0,false
85311761227e69999e069dd8e54347538e79ea03d3e2fa41b35514befb0af6f6,1,true
85311761227e69999e069dd8e54347538e79ea03d3e2fa41b35514befb0af6f6,2,false
d3bd284e200fbd60e1ce10b6402358692de127e47f369d519f9a35b45081e974,0,true
d3bd284e200fbd60e1ce10b6402358692de127e47f369d519f9a35b45081e974,1,false
d3bd284e200fbd60e1ce10b6402358692de127e47f369d519f9a35b45081e974,2,false
6e10dd8e6e3c93faef4484d4213b14be6c3d1ef2bcf4848c3d4d23e989b5ee34,0,true
6e10dd8e6e3c93faef4484d4213b14be6c3d1ef2bcf4848c3d4d23e989b5ee34,1,false
6e10dd8e6e3c93faef4484d4213b14be6c3d1ef2bcf4848c3d4d23e989b5ee34,2,false
a85ddb191d682b4e358cd0a0556d507b55c9679ebfa94dbddceca2972e49e2a7,0,true
a85ddb191d682b4e358cd0a0556d507b55c9679ebfa94dbddceca2972e49e2a7,1,false
a85ddb191d682b4e358cd0a0556d507b55c9679ebfa94dbddceca2972e49e2a7,2,false
6f79bb30d89b677d0ee39549cfdc0b8cd8bdae9b9e55b9bc938533003883a909,0,false
6f79bb30d89b677d0ee39549cfdc0b8cd8bdae9b9e55b9bc938533003883a909,1,false
6f79bb30d89b677d0ee39549cfdc0b8cd8bdae9b9e55b9bc938533003883a909,2,true
0d1adb3722bfbc2de1fab0bbb66e13135d009b79d53eccf7b500cbb90c14a078,0,false
0d1adb3722bfbc2de1fab0bbb66e13135d009b79d53eccf7b500cbb90c14a078,1,false
0d1adb3722bfbc2de1fab0bbb66e13135d009b79d53eccf7b500cbb90c14a078,2,true
1112f3428b94da9b824afec4f98c9c42b510af2f64c0ea4b0944ef75dc7566a4,0,true
1112f3428b94da9b824afec4f98c9c42b510af2f64c0ea4b0944ef75dc7566a4,1,false
1112f3428b94da9b824afec4f98c9c42b510af2f64c0ea4b0944ef75dc7566a4,2,false
aac744b1f388a6b4bbf2e10fc109a391b3c885e856e44be2aa7da46f65e856d7,0,false
aac744b1f388a6b4bbf2e10fc109a391b3c885e856e44be2aa7da46f65e856d7,1,true
aac744b1f388a6b4bbf2e10fc109a391b3c885e856e44be2aa7da46f65e856d7,2,false
7111aae25da88e90b89ada2b6da8932d12d457c4a3530246ce60d42d62b44840,0,true
7111aae25da88e90b89ada2b6da8932d12d457c4a3530246ce60d42d62b44840,1,false
7111aae25da88e90b89ada2b6da8932d12d457c4a3530246ce60d42d62b44840,2,false
cb0afcbe5b267967e976b321900648a1681d143bdf4158298092c3516559b089,0,false
cb0afcbe5b267967e976b321900648a1681d143bdf4158298092c3516559b089,1,true
cb0afcbe5b267967e976b321900648a1681d143bdf4158298092c3516559b089,2,false
73e03899e75e6831f7e261873430863911bb5b00ebd126459c56511636448c89,0,false
73e03899e75e6831f7e261873430863911bb5b00ebd126459c56511636448c89,1,true
73e03899e75e6831f7e261873430863911bb5b00ebd126459c56511636448c89,2,false
ff03e2959174e6d2fb0377a32a3ba4f1f2e54a82b545f48fc58c7f2d4bf07f55,0,true
ff03e2959174e6d2fb0377a32a3ba4f1f2e54a82b545f48fc58c7f2d4bf07f55,1,false
ff03e2959174e6d2fb0377a32a3ba4f1f2e54a82b545f48fc58c7f2d4bf07f55,2,false
68cfe7a99ff8770beb35fb2001eabe3aefd971cc30388d2e1556bd6455082bfc,0,true
68cfe7a99ff8770beb35fb2001eabe3aefd971cc30388d2e1556bd6455082bfc,1,false
68cfe7a99ff8770beb35fb2001eabe3aefd971cc30388d2e1556bd6455082bfc,2,false
07b5066caab619cd80ba49b9fa78fec495757f245390e2686ebacf662f55aceb,0,false
07b5066caab619cd80ba49b9fa78fec495757f245390e2686ebacf662f55aceb,1,true
07b5066caab619cd80ba49b9fa78fec495757f245390e2686ebacf662f55aceb,2,false
d774428b885af31741d4a11d623a1b9aa44ac136d8dd517010550497b38a3fc2,0,true
d774428b885af31741d4a11d623a1b9aa44ac136d8dd517010550497b38a3fc2,1,false
d774428b885af31741d4a11d623a1b9aa44ac136d8dd517010550497b38a3fc2,2,false
9386bab23613933c8c038bc9d71548e918ad88ec39b283c9a01e59044bfcda34,0,true
9386bab23613933c8c038bc9d71548e918ad88ec39b283c9a01e59044bfcda34,1,false
9386bab23613933c8c038bc9d71548e918ad88ec39b283c9a01e59044bfcda34,2,false
c7342227c2bdbca5a7f0b6ef8dd0c0a36f02ac900b50ba5b29a011d4b4bc944a,0,true
c7342227c2bdbca5a7f0b6ef8dd0c0a36f02ac900b50ba5b29a011d4b4bc944a,1,false
c7342227c2bdbca5a7f0b6ef8dd0c0a36f02ac900b50ba5b29a011d4b4bc944a,2,false
1c4475e33cd309a63a3d802f5dbc37ebfb29585892a16e1b69920f9124db4497,0,false
1c4475e33cd309a63a3d802f5dbc37ebfb29585892a16e1b69920f9124db4497,1,true
1c4475e33cd309a63a3d802f5dbc37ebfb29585892a16e1b69920f9124db4497,2,false
66d13532a5565901e85cf7da7e11d977ba518b19d408052a2b5717666d81e5cc,0,false
66d13532a5565901e85cf7da7e11d977ba518b19d408052a2b5717666d81e5cc,1,true
66d13532a5565901e85cf7da7e11d977ba518b19d408052a2b5717666d81e5cc,2,false
1cd9416606e1b1c958f555b82e08e9233dc445f4c1c42f8aa337709b87ac1811,0,false
1cd9416606e1b1c958f555b82e08e9233dc445f4c1c42f8aa337709b87ac1811,1,false
1cd9416606e1b1c958f555b82e08e9233dc445f4c1c42f8aa337709b87ac1811,2,true
d9ea7c742b678e6b170632f5d606d4cfa3e8ae54345fa27cba106b341f8ca771,0,false
d9ea7c742b678e6b170632f5d606d4cfa3e8ae54345fa27cba106b341f8ca771,1,false
d9ea7c742b678e6b170632f5d606d4cfa3e8ae54345fa27cba106b341f8ca771,2,true
f65e5824a87a2d5243dcbcafa8cfcda71f03deea4e182606a73a4272595d33c9,0,false
f65e5824a87a2d5243dcbcafa8cfcda71f03deea4e182606a73a4272595d33c9,1,false
f65e5824a87a2d5243dcbcafa8cfcda71f03deea4e182606a73a4272595d33c9,2,true
68c5b6c4c7e389624dac47041d4240b97b154c41c12927dba0b3eab8c06cd8c8,0,false
68c5b6c4c7e389624dac47041d4240b97b154c41c12927dba0b3eab8c06cd8c8,1,false
68c5b6c4c7e389624dac47041d4240b97b154c41c12927dba0b3eab8c06cd8c8,2,true
55d50c05b1ea494deb58a323892275a93d1766410e1df66b555c058d9ba5ce3c,0,false
55d50c05b1ea494deb58a323892275a93d1766410e1df66b555c058d9ba5ce3c,1,true
55d50c05b1ea494deb58a323892275a93d1766410e1df66b555c058d9ba5ce3c,2,false
39cf6c52a8e040ee6c48f4d15b6899107d7e10b56e7e774e3e4a4d3756cb430f,0,true
39cf6c52a8e040ee6c48f4d15b6899107d7e10b56e7e774e3e4a4d3756cb430f,1,false
39cf6c52a8e040ee6c48f4d15b6899107d7e10b56e7e774e3e4a4d3756cb430f,2,false
0b4ebd435a1fada9ffb19b131aea20f2d3e4f24b513af50355764bed6c7a17d2,0,true
0b4ebd435a1fada9ffb19b131aea20f2d3e4f24b513af50355764bed6c7a17d2,1,false
0b4ebd435a1fada9ffb19b131aea20f2d3e4f24b513af50355764bed6c7a17d2,2,false
7feb4002c539aa15215f5f70df262892fc69184dba0c3778f71d2da7f0a4a43a,0,false
7feb4002c539aa15215f5f70df262892fc69184dba0c3778f71d2da7f0a4a43a,1,false
7feb4002c539aa15215f5f70df262892fc69184dba0c3778f71d2da7f0a4a43a,2,true
a157942ff9c3ab2512d96a1fb78b3cbc5ec3874890d7e0a664ca1a58b102da6b,0,false
a157942ff9c3ab2512d96a1fb78b3cbc5ec3874890d7e0a664ca1a58b102da6b,1,false
a157942ff9c3ab2512d96a1fb78b3cbc5ec3874890d7e0a664ca1a58b102da6b,2,true
fbf62d25b300d8fbea7277bc731f61c9b30c4d2c864a9ca1d231b9fe719291ae,0,true
fbf62d25b300d8fbea7277bc731f61c9b30c4d2c864a9ca1d231b9fe719291ae,1,false
fbf62d25b300d8fbea7277bc731f61c9b30c4d2c864a9ca1d231b9fe719291ae,2,false
6b7bab98db20aa5f9f02993df37bed93a1dc7f35c2176612fcedc96932d27358,0,true
6b7bab98db20aa5f9f02993df37bed93a1dc7f35c2176612fcedc96932d27358,1,false
6b7bab98db20aa5f9f02993df37bed93a1dc7f35c2176612fcedc96932d27358,2,false
2e96a8d447889f8ef750e4f93c31d737215f735ebed79b95102271b33569f663,0,false
2e96a8d447889f8ef750e4f93c31d737215f735ebed79b95102271b33569f663,1,false
2e96a8d447889f8ef750e4f93c31d737215f735ebed79b95102271b33569f663,2,true
239c37653f69f9c7d3564e08bb4413f159b4f899912c2b11d80f9b760431e3f8,0,false
239c37653f69f9c7d3564e08bb4413f159b4f899912c2b11d80f9b760431e3f8,1,true
239c37653f69f9c7d3564e08bb4413f159b4f899912c2b11d80f9b760431e3f8,2,false
4db2c745b3387b89d5faa78d6abd54e4df8f00f833ef40baffd16a99a9d2a494,0,false
4db2c745b3387b89d5faa78d6abd54e4df8f00f833ef40baffd16a99a9d2a494,1,false
4db2c745b3387b89d5faa78d6abd54e4df8f00f833ef40baffd16a99a9d2a494,2,true
b458a386282227ed08b0312de28e343c19d1e402e5fd3e50e9eb9061471711ec,0,false
b458a386282227ed08b0312de28e343c19d1e402e5fd3e50e9eb9061471711ec,1,true
b458a386282227ed08b0312de28e343c19d1e402e5fd3e50e9eb9061471711ec,2,false
4664165d0300e84ef051e7b668d1eb9a06c657b0e08aecd43290dff0aad92ee7,0,false
4664165d0300e84ef051e7b668d1eb9a06c657b0e08aecd43290dff0aad92ee7,1,false
4664165d0300e84ef051e7b668d1eb9a06c657b0e08aecd43290dff0aad92ee7,2,true
667ac49055c628772666669e99d2ef8d723618d0c64def05263b332713955576,0,true
667ac49055c628772666669e99d2ef8d723618d0c64def05263b332713955576,1,false
667ac49055c628772666669e99d2ef8d723618d0c64def05263b332713955576,2,false
211519b0e3a558d793d38eba2b8229f0e5b7cb4bb43ff293d26aa329b6d2b92a,0,false
211519b0e3a558d793d38eba2b8229f0e5b7cb4bb43ff293d26aa329b6d2b92a,1,false
211519b0e3a558d793d38eba2b8229f0e5b7cb4bb43ff293d26aa329b6d2b92a,2,true
ed0e8b27e3533341a04b11bc7d858376f94e63d4a5209ece1dffec59cee6220e,0,true
ed0e8b27e3533341a04b11bc7d858376f94e63d4a5209ece1dffec59cee6220e,1,false
ed0e8b27e3533341a04b11bc7d858376f94e63d4a5209ece1dffec59cee6220e,2,false
f9db34e04857334fb76b02ddcc0b3b10b249d7267e63d1f0b1dbcacaeff9b1ef,0,true
f9db34e04857334fb76b02ddcc0b3b10b249d7267e63d1f0b1dbcacaeff9b1ef,1,false
f9db34e04857334fb76b02ddcc0b3b10b249d7267e63d1f0b1dbcacaeff9b1ef,2,false
ac0e4554b42c9d7f631317bd40493185c58448425658f0e630798dab7af0cd12,0,true
ac0e4554b42c9d7f631317bd40493185c58448425658f0e630798dab7af0cd12,1,false
ac0e4554b42c9d7f631317bd40493185c58448425658f0e630798dab7af0cd12,2,false
76dea8930160ff07a0160b0a17c534f2a94bff1b8a079193c54820e0946df6ab,0,false
76dea8930160ff07a0160b0a17c534f2a94bff1b8a079193c54820e0946df6ab,1,true
76dea8930160ff07a0160b0a17c534f2a94bff1b8a079193c54820e0946df6ab,2,false
cc0cdb9d05144f6f276ae66c02e1fc03904fd83158cc085c460e34d799e31428,0,false
cc0cdb9d05144f6f276ae66c02e1fc03904fd83158cc085c460e34d799e31428,1,true
cc0cdb9d05144f6f276ae66c02e1fc03904fd83158cc085c460e34d799e31428,2,false
0b451bae4475347c7560fea2e0eee3c40577f39a65e382f247de5a62f3b6160d,0,true
0b451bae4475347c7560fea2e0eee3c40577f39a65e382f247de5a62f3b6160d,1,false
0b451bae4475347c7560fea2e0eee3c40577f39a65e382f247de5a62f3b6160d,2,false
42bbdf8e05f188eacbcec6e47685fc61ee127ddc0e0408cba4ea81c33103cc40,0,false
42bbdf8e05f188eacbcec6e47685fc61ee127ddc0e0408cba4ea81c33103cc40,1,true
42bbdf8e05f188eacbcec6e47685fc61ee127ddc0e0408cba4ea81c33103cc40,2,false
24963ffec7ec78cbead66179b5e5a8a70fe3972b98d6c7cb7e7a48e17058f754,0,false
24963ffec7ec78cbead66179b5e5a8a70fe3972b98d6c7cb7e7a48e17058f754,1,false
24963ffec7ec78cbead66179b5e5a8a70fe3972b98d6c7cb7e7a48e17058f754,2,true
9b9d55c8198d3e250782aab04f0573a422140048184620b461163651fdfb8b21,0,false
9b9d55c8198d3e250782aab04f0573a422140048184620b461163651fdfb8b21,1,false
9b9d55c8198d3e250782aab04f0573a422140048184620b461163651fdfb8b21,2,true
4504b2ddfd23dbb09dd1cb7bcbc1f57b062653349c60a15de5399a3270b894c1,0,false
4504b2ddfd23dbb09dd1cb7bcbc1f57b062653349c60a15de5399a3270b894c1,1,true
4504b2ddfd23dbb09dd1cb7bcbc1f57b062653349c60a15de5399a3270b894c1,2,false
0fef84f6b6f70d76932e9a30f101c27960c284296c8ad89ef126510acf79df64,0,false
0fef84f6b6f70d76932e9a30f101c27960c284296c8ad89ef126510acf79df64,1,false
0fef84f6b6f70d76932e9a30f101c27960c284296c8ad89ef126510acf79df64,2,true
ebfabbb769b911f226b37ea59c66ba1793f338d190d0ecc3f8a786c4fb4b40e7,0,false
ebfabbb769b911f226b37ea59c66ba1793f338d190d0ecc3f8a786c4fb4b40e7,1,true
ebfabbb769b911f226b37ea59c66ba1793f338d190d0ecc3f8a786c4fb4b40e7,2,false
431feed1bb589d4d16c926643821fd31cf4f6a46306957be24e44f3d2b61b295,0,false
431feed1bb589d4d16c926643821fd31cf4f6a46306957be24e44f3d2b61b295,1,false
431feed1bb589d4d16c926643821fd31cf4f6a46306957be24e44f3d2b61b295,2,true
4680c49e55e4edc0bb3ff19444c41186d35d692dbe3e7c143aa06f5bc49ca1bc,0,true
4680c49e55e4edc0bb3ff19444c41186d35d692dbe3e7c143aa06f5bc49ca1bc,1,false
4680c49e55e4edc0bb3ff19444c41186d35d692dbe3e7c143aa06f5bc49ca1bc,2,false
3c131c22f86400ddbc3ff0b94b2ca4e8760a3f28ef1f0a65c2971e26404c23fb,0,true
3c131c22f86400ddbc3ff0b94b2ca4e8760a3f28ef1f0a65c2971e26404c23fb,1,false
3c131c22f86400ddbc3ff0b94b2ca4e8760a3f28ef1f0a65c2971e26404c23fb,2,false
1d589241ce17f5c364a578c9ccd5bcdc2e66f8bd32ca8ff04c998e9802b6c5d0,0,false
1d589241ce17f5c364a578c9ccd5bcdc2e66f8bd32ca8ff04c998e9802b6c5d0,1,false
1d589241ce17f5c364a578c9ccd5bcdc2e66f8bd32ca8ff04c998e9802b6c5d0,2,true
25fd078124aff7df05bd146e2c42ad0a7ce91cbdfb42bc77f0a928105f16595c,0,false
25fd078124aff7df05bd146e2c42ad0a7ce91cbdfb42bc77f0a928105f16595c,1,false
25fd078124aff7df05bd146e2c42ad0a7ce91cbdfb42bc77f0a928105f16595c,2,true
45821955ee600be425d23566fc82411549394334676ba0f9c480f3e9680fffc9,0,true
45821955ee600be425d23566fc82411549394334676ba0f9c480f3e9680fffc9,1,false
45821955ee600be425d23566fc82411549394334676ba0f9c480f3e9680fffc9,2,false
cb6662987462ed00776c161346d9f21698ce03db1d7f9a6ea1831564ba0f9590,0,false
cb6662987462ed00776c161346d9f21698ce03db1d7f9a6ea1831564ba0f9590,1,true
cb6662987462ed00776c161346d9f21698ce03db1d7f9a6ea1831564ba0f9590,2,false
fe6f811ad17f6e5825a0758db561066f6b9fcd0dc8505e8e52d18bf1ad7a7c12,0,false
fe6f811ad17f6e5825a0758db561066f6b9fcd0dc8505e8e52d18bf1ad7a7c12,1,true
fe6f811ad17f6e5825a0758db561066f6b9fcd0dc8505e8e52d18bf1ad7a7c12,2,false
2e3bb86a81e8aa6498fe14616d83e3abc0549bbc09cec12aed94b966b54e76b5,0,false
2e3bb86a81e8aa6498fe14616d83e3abc0549bbc09cec12aed94b966b54e76b5,1,true
2e3bb86a81e8aa6498fe14616d83e3abc0549bbc09cec12aed94b966b54e76b5,2,false
1415db9215266b848f2d7838ca150266aed1e87b6da41513e8c24baf8f3c0fb1,0,false
1415db9215266b848f2d7838ca150266aed1e87b6da41513e8c24baf8f3c0fb1,1,true
1415db9215266b848f2d7838ca150266aed1e87b6da41513e8c24baf8f3c0fb1,2,false
81d59fd3aeef0abe32904d7e2a9070464c9e6efa1345e4196ca35e0895765e4f,0,false
81d59fd3aeef0abe32904d7e2a9070464c9e6efa1345e4196ca35e0895765e4f,1,true
81d59fd3aeef0abe32904d7e2a9070464c9e6efa1345e4196ca35e0895765e4f,2,false
ced1a20ad1e8d2414289e20ae6a6aae0815bffb894ab6220f96d890f848d6dd9,0,false
ced1a20ad1e8d2414289e20ae6a6aae0815bffb894ab6220f96d890f848d6dd9,1,true
ced1a20ad1e8d2414289e20ae6a6aae0815bffb894ab6220f96d890f848d6dd9,2,false
32b47b7e6082a70ca2c2802116539c57334b03d4b356aff8e9347ff4fef42855,0,false
32b47b7e6082a70ca2c2802116539c57334b03d4b356aff8e9347ff4fef42855,1,true
32b47b7e6082a70ca2c2802116539c57334b03d4b356aff8e9347ff4fef42855,2,false
78b8454147ec45a5952df53153cfcb61fb72f39bec22e9c7f81acf88b45b86cf,0,true
78b8454147ec45a5952df53153cfcb61fb72f39bec22e9c7f81acf88b45b86cf,1,false
78b8454147ec45a5952df53153cfcb61fb72f39bec22e9c7f81acf88b45b86cf,2,false
932ee50a924fa0d9d7b105e46f149f9d98eb125f45ab3bf00eaedb3a9daf9152,0,false
932ee50a924fa0d9d7b105e46f149f9d98eb125f45ab3bf00eaedb3a9daf9152,1,true
932ee50a924fa0d9d7b105e46f149f9d98eb125f45ab3bf00eaedb3a9daf9152,2,false
f8f7c10c55e1c259f1998cf6565a0d54feb9cc2a01d858453759ad97541aaecd,0,false
f8f7c10c55e1c259f1998cf6565a0d54feb9cc2a01d858453759ad97541aaecd,1,false
f8f7c10c55e1c259f1998cf6565a0d54feb9cc2a01d858453759ad97541aaecd,2,true
08128a6f99f4f83f29d897af4d63251ef65786ce3ab8ca60dcee8445a0a287b7,0,false
08128a6f99f4f83f29d897af4d63251ef65786ce3ab8ca60dcee8445a0a287b7,1,true
08128a6f99f4f83f29d897af4d63251ef65786ce3ab8ca60dcee8445a0a287b7,2,false
1c19f1f2f7ff6330a5c125a25c9be84303eee0edd18784e305d1b68c00643ade,0,false
1c19f1f2f7ff6330a5c125a25c9be84303eee0edd18784e305d1b68c00643ade,1,true
1c19f1f2f7ff6330a5c125a25c9be84303eee0edd18784e305d1b68c00643ade,2,false
22b363b7bea28681000166c836346670915b7f263b70b20bffe8e64f6e732062,0,false
22b363b7bea28681000166c836346670915b7f263b70b20bffe8e64f6e732062,1,true
22b363b7bea28681000166c836346670915b7f263b70b20bffe8e64f6e732062,2,false
547972d6fa2b82119e257161a7f210817dde86b6dba6ba42c476778101d801af,0,false
547972d6fa2b82119e257161a7f210817dde86b6dba6ba42c476778101d801af,1,true
547972d6fa2b82119e257161a7f210817dde86b6dba6ba42c476778101d801af,2,false
c271355149a92d1b8050a4005129d1ac9e2d3b54c53b0f849eafc3926a6dccd5,0,false
c271355149a92d1b8050a4005129d1ac9e2d3b54c53b0f849eafc3926a6dccd5,1,false
c271355149a92d1b8050a4005129d1ac9e2d3b54c53b0f849eafc3926a6dccd5,2,true
d4f02bf549a80640645644121996e9778e4b9fd94b678fc9cc8036157d88a2b5,0,false
d4f02bf549a80640645644121996e9778e4b9fd94b678fc9cc8036157d88a2b5,1,false
d4f02bf549a80640645644121996e9778e4b9fd94b678fc9cc8036157d88a2b5,2,true
91cb9a5c9aafe0de5a98a83d83bdf344b0c9c4838c983083ba899562252f6321,0,true
91cb9a5c9aafe0de5a98a83d83bdf344b0c9c4838c983083ba899562252f6321,1,false
91cb9a5c9aafe0de5a98a83d83bdf344b0c9c4838c983083ba899562252f6321,2,false
7f56a176878a4d97e5c32b72eea857d92f4ae23d8672dada782c40fd115050e2,0,false
7f56a176878a4d97e5c32b72eea857d92f4ae23d8672dada782c40fd115050e2,1,true
7f56a176878a4d97e5c32b72eea857d92f4ae23d8672dada782c40fd115050e2,2,false
be61c94c83a3d9c2f2e8fceee00734a5208f9e86f71224ce1e395aef423be839,0,false
be61c94c83a3d9c2f2e8fceee00734a5208f9e86f71224ce1e395aef423be839,1,true
be61c94c83a3d9c2f2e8fceee00734a5208f9e86f71224ce1e395aef423be839,2,false
55e95edcfea3619b78d72f07f26038a61670a3ee07d55b817ca0b427c941cbf0,0,true
55e95edcfea3619b78d72f07f26038a61670a3ee07d55b817ca0b427c941cbf0,1,false
55e95edcfea3619b78d72f07f26038a61670a3ee07d55b817ca0b427c941cbf0,2,false
7773d44bb9e3668263416151a0a03e84c4e951e277afcc974b0626e205cb7bd9,0,true
7773d44bb9e3668263416151a0a03e84c4e951e277afcc974b0626e205cb7bd9,1,false
7773d44bb9e3668263416151a0a03e84c4e951e277afcc974b0626e205cb7bd9,2,false
b937a1ed5f6786409e6ce3d2bb35d03a3bbccadfe0586b9425ff7f767d2daaaa,0,true
b937a1ed5f6786409e6ce3d2bb35d03a3bbccadfe0586b9425ff7f767d2daaaa,1,false
b937a1ed5f6786409e6ce3d2bb35d03a3bbccadfe0586b9425ff7f767d2daaaa,2,false
470423ba489f60cb1aaf6f67f698adc093a289031a884afac77cc3f090391546,0,true
470423ba489f60cb1aaf6f67f698adc093a289031a884afac77cc3f090391546,1,false
470423ba489f60cb1aaf6f67f698adc093a289031a884afac77cc3f090391546,2,false
56b37572e5f7bf94725ec993a1f729ed196af19657cb31cd0095bc21ad0ddbee,0,false
56b37572e5f7bf94725ec993a1f729ed196af19657cb31cd0095bc21ad0ddbee,1,true
56b37572e5f7bf94725ec993a1f729ed196af19657cb31cd0095bc21ad0ddbee,2,false
aa6ffb1372026449e8e9d1092bf355e04ae0448fcbd9aa7f82eadbba0c54ec58,0,true
aa6ffb1372026449e8e9d1092bf355e04ae0448fcbd9aa7f82eadbba0c54ec58,1,false
aa6ffb1372026449e8e9d1092bf355e04ae0448fcbd9aa7f82eadbba0c54ec58,2,false
cccb03f39b84b0f9a31527086dd474cf1a337a86f3da74534c23e3c26e434900,0,false
cccb03f39b84b0f9a31527086dd474cf1a337a86f3da74534c23e3c26e434900,1,false
cccb03f39b84b0f9a31527086dd474cf1a337a86f3da74534c23e3c26e434900,2,true
87a7ba252c78449e3b2ea4d6fa91366af32adedc865d8f98231892e74a769e1c,0,false
87a7ba252c78449e3b2ea4d6fa91366af32adedc865d8f98231892e74a769e1c,1,true
87a7ba252c78449e3b2ea4d6fa91366af32adedc865d8f98231892e74a769e1c,2,false
f66c804e7a7f2d7400d1de21a61719f4d939ff829bb783e292f338d432225efb,0,true
f66c804e7a7f2d7400d1de21a61719f4d939ff829bb783e292f338d432225efb,1,false
f66c804e7a7f2d7400d1de21a61719f4d939ff829bb783e292f338d432225efb,2,false
f93da8d0005c00794db3d549d29f0ba9c9dd5d1221d049a9c9f156e116bc745f,0,false
f93da8d0005c00794db3d549d29f0ba9c9dd5d1221d049a9c9f156e116bc745f,1,true
f93da8d0005c00794db3d549d29f0ba9c9dd5d1221d049a9c9f156e116bc745f,2,false
ead8225c715b38220224b641a188f42994592564e400fed7673d31d0c225b4bd,0,true
ead8225c715b38220224b641a188f42994592564e400fed7673d31d0c225b4bd,1,false
ead8225c715b38220224b641a188f42994592564e400fed7673d31d0c225b4bd,2,false
db8aa1ed29869b4e03b666a0aab9805a7047b798189267d123d75e1398068652,0,false
db8aa1ed29869b4e03b666a0aab9805a7047b798189267d123d75e1398068652,1,false
db8aa1ed29869b4e03b666a0aab9805a7047b798189267d123d75e1398068652,2,true
d3ce4a85a1b9dc5396ef64f2c8942d1541cd01df4f31bd85c4b8c54a482a989c,0,false
d3ce4a85a1b9dc5396ef64f2c8942d1541cd01df4f31bd85c4b8c54a482a989c,1,false
d3ce4a85a1b9dc5396ef64f2c8942d1541cd01df4f31bd85c4b8c54a482a989c,2,true
434978079e1459f4b4d3ee2d7894b365ca16f85922e00c9bdbd3e15d632dd026,0,true
434978079e1459f4b4d3ee2d7894b365ca16f85922e00c9bdbd3e15d632dd026,1,false
434978079e1459f4b4d3ee2d7894b365ca16f85922e00c9bdbd3e15d632dd026,2,false
af95e2c8254555bb6c68e60a76e9ff5573eb7530594efffb10ee7909d8d79e5b,0,false
af95e2c8254555bb6c68e60a76e9ff5573eb7530594efffb10ee7909d8d79e5b,1,true
af95e2c8254555bb6c68e60a76e9ff5573eb7530594efffb10ee7909d8d79e5b,2,false
695a5ee728c51372b6bab0d3a254c10abf6392b9072664f8b3c58c1f751cc760,0,false
695a5ee728c51372b6bab0d3a254c10abf6392b9072664f8b3c58c1f751cc760,1,true
695a5ee728c51372b6bab0d3a254c10abf6392b9072664f8b3c58c1f751cc760,2,false
f34aeb006bc791f07b93c4bbd896d3cb75286f020f90a15eb630d60afe33f66e,0,false
f34aeb006bc791f07b93c4bbd896d3cb75286f020f90a15eb630d60afe33f66e,1,false
f34aeb006bc791f07b93c4bbd896d3cb75286f020f90a15eb630d60afe33f66e,2,true
269143fb165c516a9af961a9f5bae74626c0442bf4ec1464956fa14449c72379,0,false
269143fb165c516a9af961a9f5bae74626c0442bf4ec1464956fa14449c72379,1,true
269143fb165c516a9af961a9f5bae74626c0442bf4ec1464956fa14449c72379,2,false
17d4261389024ce49d76c198f29cdaa32d73414505d21a7ee5080332a44a0bf7,0,false
17d4261389024ce49d76c198f29cdaa32d73414505d21a7ee5080332a44a0bf7,1,false
17d4261389024ce49d76c198f29cdaa32d73414505d21a7ee5080332a44a0bf7,2,true
0a47c455e9e82923d908e337d7abfc5645139b79d668b42df72d8c2d2bb32d92,0,true
0a47c455e9e82923d908e337d7abfc5645139b79d668b42df72d8c2d2bb32d92,1,false
0a47c455e9e82923d908e337d7abfc5645139b79d668b42df72d8c2d2bb32d92,2,false
4e366da4aafaa12ff1d4555dcfa7a0699ab4f077245b8913977eebde7f728b66,0,false
4e366da4aafaa12ff1d4555dcfa7a0699ab4f077245b8913977eebde7f728b66,1,true
4e366da4aafaa12ff1d4555dcfa7a0699ab4f077245b8913977eebde7f728b66,2,false
9286f9491a4eb66ec334003fb52d81a8d40df23ed03357fa36f9ecfe58d4fdc7,0,true
9286f9491a4eb66ec334003fb52d81a8d40df23ed03357fa36f9ecfe58d4fdc7,1,false
9286f9491a4eb66ec334003fb52d81a8d40df23ed03357fa36f9ecfe58d4fdc7,2,false
99773b0ebe19434e6d15639eedf29226ba84335f74124df730af7899c5df72e3,0,true
99773b0ebe19434e6d15639eedf29226ba84335f74124df730af7899c5df72e3,1,false
99773b0ebe19434e6d15639eedf29226ba84335f74124df730af7899c5df72e3,2,false
633d3a63c99ee93cb4d04d0385d59e77bea788a50095b1f99c40f98a9ca5bcf3,0,false
633d3a63c99ee93cb4d04d0385d59e77bea788a50095b1f99c40f98a9ca5bcf3,1,false
633d3a63c99ee93cb4d04d0385d59e77bea788a50095b1f99c40f98a9ca5bcf3,2,true
15307429f512b25783582857a640583c3ff07bfee2c74063018a16bb8aeb5de0,0,false
15307429f512b25783582857a640583c3ff07bfee2c74063018a16bb8aeb5de0,1,true
15307429f512b25783582857a640583c3ff07bfee2c74063018a16bb8aeb5de0,2,false
8b5faaf35749a0d2c1b06356901e808a8388c960858630cb45964dab4d27cec1,0,false
8b5faaf35749a0d2c1b06356901e808a8388c960858630cb45964dab4d27cec1,1,true
8b5faaf35749a0d2c1b06356901e808a8388c960858630cb45964dab4d27cec1,2,false
165907ff7fde825c5a337f76e6fbbb40bf91c47b2968f3219dc4ae475bb91ac6,0,true
165907ff7fde825c5a337f76e6fbbb40bf91c47b2968f3219dc4ae475bb91ac6,1,false
165907ff7fde825c5a337f76e6fbbb40bf91c47b2968f3219dc4ae475bb91ac6,2,false
7cf572ddf0e2bbf2ff60b3f8e472c100764d20c68f646d1007ea273ff0a63c71,0,true
7cf572ddf0e2bbf2ff60b3f8e472c100764d20c68f646d1007ea273ff0a63c71,1,false
7cf572ddf0e2bbf2ff60b3f8e472c100764d20c68f646d1007ea273ff0a63c71,2,false
be25d79e0122f0fff4fc9fbaae5f3eac56427a69d023647cfe4acbcaf1c41a26,0,false
be25d79e0122f0fff4fc9fbaae5f3eac56427a69d023647cfe4acbcaf1c41a26,1,false
be25d79e0122f0fff4fc9fbaae5f3eac56427a69d023647cfe4acbcaf1c41a26,2,true
b0ab527f7095474c2475408489dc7fadcf67831fd33d5e1a40ecd299e170bd52,0,true
b0ab527f7095474c2475408489dc7fadcf67831fd33d5e1a40ecd299e170bd52,1,false
b0ab527f7095474c2475408489dc7fadcf67831fd33d5e1a40ecd299e170bd52,2,false
87821c8d3b85336527eefbe057d3827a024e0cc3c7a54d7e0cd2ccc3eb8eabe8,0,false
87821c8d3b85336527eefbe057d3827a024e0cc3c7a54d7e0cd2ccc3eb8eabe8,1,true
87821c8d3b85336527eefbe057d3827a024e0cc3c7a54d7e0cd2ccc3eb8eabe8,2,false
1823f2c2793f24bf894613da3df78b26f42f86cd055afa447f110bb59108ef2a,0,true
1823f2c2793f24bf894613da3df78b26f42f86cd055afa447f110bb59108ef2a,1,false
1823f2c2793f24bf894613da3df78b26f42f86cd055afa447f110bb59108ef2a,2,false
9150907ef91f21b0e2618be9e45961e520a0f04eaeccfa96d5f03e413b47b5ec,0,false
9150907ef91f21b0e2618be9e45961e520a0f04eaeccfa96d5f03e413b47b5ec,1,true
9150907ef91f21b0e2618be9e45961e520a0f04eaeccfa96d5f03e413b47b5ec,2,false
2dd38f3b539a36d6642aa80467ffa686edeef65c757731419b658f4e0234918e,0,false
2dd38f3b539a36d6642aa80467ffa686edeef65c757731419b658f4e0234918e,1,false
2dd38f3b539a36d6642aa80467ffa686edeef65c757731419b658f4e0234918e,2,true
24264d818f772f74819af0c5066fc5b57544687a2347b4833c8519bedbd3e582,0,true
24264d818f772f74819af0c5066fc5b57544687a2347b4833c8519bedbd3e582,1,false
24264d818f772f74819af0c5066fc5b57544687a2347b4833c8519bedbd3e582,2,false
39f78420ab151ea76238e6fe65702ed1c0b4f2400048b6d3bb091fb4d6de3d8e,0,false
39f78420ab151ea76238e6fe65702ed1c0b4f2400048b6d3bb091fb4d6de3d8e,1,true
39f78420ab151ea76238e6fe65702ed1c0b4f2400048b6d3bb091fb4d6de3d8e,2,false
f670be8b835318fdbccd288e89a5bfd626f5b8a2c1ac8efe7b38537cc77d588b,0,false
f670be8b835318fdbccd288e89a5bfd626f5b8a2c1ac8efe7b38537cc77d588b,1,true
f670be8b835318fdbccd288e89a5bfd626f5b8a2c1ac8efe7b38537cc77d588b,2,false
8391935f3b38075ed3c3cafb295eb3a6d01b0e9e45cce351f90a275316e20cf1,0,false
8391935f3b38075ed3c3cafb295eb3a6d01b0e9e45cce351f90a275316e20cf1,1,true
8391935f3b38075ed3c3cafb295eb3a6d01b0e9e45cce351f90a275316e20cf1,2,false
d46cdb3a34cd1d4ca7662111ce3a67defeb5c63f5053f996f1bcb878d1339c47,0,false
d46cdb3a34cd1d4ca7662111ce3a67defeb5c63f5053f996f1bcb878d1339c47,1,true
d46cdb3a34cd1d4ca7662111ce3a67defeb5c63f5053f996f1bcb878d1339c47,2,false
e6242fd3a34092a3e050b70a7b59d30fae29e440317c43a13e4c461816733c6f,0,false
e6242fd3a34092a3e050b70a7b59d30fae29e440317c43a13e4c461816733c6f,1,false
e6242fd3a34092a3e050b70a7b59d30fae29e440317c43a13e4c461816733c6f,2,true
eb639196c45cb04d3900075ee69397428d2a0d037a7976b3dfbc8d7b30a809de,0,true
eb639196c45cb04d3900075ee69397428d2a0d037a7976b3dfbc8d7b30a809de,1,false
eb639196c45cb04d3900075ee69397428d2a0d037a7976b3dfbc8d7b30a809de,2,false
9aaaf38bccc785743ff0bdb0923db736bb489a3b309b703e10dedc58e871dd3c,0,true
9aaaf38bccc785743ff0bdb0923db736bb489a3b309b703e10dedc58e871dd3c,1,false
9aaaf38bccc785743ff0bdb0923db736bb489a3b309b703e10dedc58e871dd3c,2,false
c48930582d66ee2c69e51d7e741343492c5694e21ed52205cf2208f5dec2b20b,0,false
c48930582d66ee2c69e51d7e741343492c5694e21ed52205cf2208f5dec2b20b,1,true
c48930582d66ee2c69e51d7e741343492c5694e21ed52205cf2208f5dec2b20b,2,false
f84fd83dbedb7daddce2027fb4c369e94b5f62eeeb06fcf985cb866a5bae3010,0,false
f84fd83dbedb7daddce2027fb4c369e94b5f62eeeb06fcf985cb866a5bae3010,1,false
f84fd83dbedb7daddce2027fb4c369e94b5f62eeeb06fcf985cb866a5bae3010,2,true
11b53b4cf1e6d4082f12c423ae85572f7a4237ce652d7626ed4c273b7e9808d1,0,false
11b53b4cf1e6d4082f12c423ae85572f7a4237ce652d7626ed4c273b7e9808d1,1,true
11b53b4cf1e6d4082f12c423ae85572f7a4237ce652d7626ed4c273b7e9808d1,2,false
de6ffd7b750006eeb785bacd741787a8d6af47e169577ce2b8f696d5bf9e5749,0,false
de6ffd7b750006eeb785bacd741787a8d6af47e169577ce2b8f696d5bf9e5749,1,false
de6ffd7b750006eeb785bacd741787a8d6af47e169577ce2b8f696d5bf9e5749,2,true
fb9177558c2bac0b511c05c5064a32c7d9b0b6a7f099bf1f3f7d4d68566f615a,0,false
fb9177558c2bac0b511c05c5064a32c7d9b0b6a7f099bf1f3f7d4d68566f615a,1,false
fb9177558c2bac0b511c05c5064a32c7d9b0b6a7f099bf1f3f7d4d68566f615a,2,true
48fbee844e7df03bc2572b34d44058cef435296fb24f32b7e97cf4d1543bf187,0,true
48fbee844e7df03bc2572b34d44058cef435296fb24f32b7e97cf4d1543bf187,1,false
48fbee844e7df03bc2572b34d44058cef435296fb24f32b7e97cf4d1543bf187,2,false
58179bcd6536f906d66e6e97bd0c994a92b2b23a79479f33ec6ad7441bc1e8ef,0,true
58179bcd6536f906d66e6e97bd0c994a92b2b23a79479f33ec6ad7441bc1e8ef,1,false
58179bcd6536f906d66e6e97bd0c994a92b2b23a79479f33ec6ad7441bc1e8ef,2,false
d431d2a2c02c3300ca69212de2a6b8bc9ab5ad8088a120a808dbd93f01011a52,0,true
d431d2a2c02c3300ca69212de2a6b8bc9ab5ad8088a120a808dbd93f01011a52,1,false
d431d2a2c02c3300ca69212de2a6b8bc9ab5ad8088a120a808dbd93f01011a52,2,false
177b7f85207adecd8d78a6fbcdeb1065d55cf3bd93087c3a4208c0775c3eb34a,0,false
177b7f85207adecd8d78a6fbcdeb1065d55cf3bd93087c3a4208c0775c3eb34a,1,true
177b7f85207adecd8d78a6fbcdeb1065d55cf3bd93087c3a4208c0775c3eb34a,2,false
14411eab44de66da7063a84bfba0f5ceadad66a395dcebbc4ae34fd55852d90f,0,false
14411eab44de66da7063a84bfba0f5ceadad66a395dcebbc4ae34fd55852d90f,1,false
14411eab44de66da7063a84bfba0f5ceadad66a395dcebbc4ae34fd55852d90f,2,true
5403b1916161659892b9c30fbcfe8e8ed27e2e62241e9ab80b108e0bc73705dc,0,true
5403b1916161659892b9c30fbcfe8e8ed27e2e62241e9ab80b108e0bc73705dc,1,false
5403b1916161659892b9c30fbcfe8e8ed27e2e62241e9ab80b108e0bc73705dc,2,false
d8783b178cf06080c24c444f2a6d6ba092e7a1b41a579f435c9ed73b9a20124c,0,false
d8783b178cf06080c24c444f2a6d6ba092e7a1b41a579f435c9ed73b9a20124c,1,true
d8783b178cf06080c24c444f2a6d6ba092e7a1b41a579f435c9ed73b9a20124c,2,false
7d88bda0a888b6faaa87ad06b8d1121ef5c4438fd9d690f6b4bf9bc2a00b7318,0,false
7d88bda0a888b6faaa87ad06b8d1121ef5c4438fd9d690f6b4bf9bc2a00b7318,1,true
7d88bda0a888b6faaa87ad06b8d1121ef5c4438fd9d690f6b4bf9bc2a00b7318,2,false
f2a3cdba9f8503ebf37c3c935ddb8f2ad543f55a5a08c80d313e4c2912cde3b0,0,false
f2a3cdba9f8503ebf37c3c935ddb8f2ad543f55a5a08c80d313e4c2912cde3b0,1,true
f2a3cdba9f8503ebf37c3c935ddb8f2ad543f55a5a08c80d313e4c2912cde3b0,2,false
6498c0a9b990b956e51dbb1bffb41e527cbc8b1ee505be9f191dbaf2ef46d5fc,0,false
6498c0a9b990b956e51dbb1bffb41e527cbc8b1ee505be9f191dbaf2ef46d5fc,1,true
6498c0a9b990b956e51dbb1bffb41e527cbc8b1ee505be9f191dbaf2ef46d5fc,2,false
80b29546150b1b814630f88e3e55650b2a913423cdd5ee6350167a7533e0c7ff,0,true
80b29546150b1b814630f88e3e55650b2a913423cdd5ee6350167a7533e0c7ff,1,false
80b29546150b1b814630f88e3e55650b2a913423cdd5ee6350167a7533e0c7ff,2,false
bcf000305eeba6a8901859ae1dd1000e96d68967d8791f2057d868c354721e4c,0,true
bcf000305eeba6a8901859ae1dd1000e96d68967d8791f2057d868c354721e4c,1,false
bcf000305eeba6a8901859ae1dd1000e96d68967d8791f2057d868c354721e4c,2,false
9425fffbc6a5e22052d28dbe7a058c66df6c195575a23d0624bcb62bec472f4d,0,false
9425fffbc6a5e22052d28dbe7a058c66df6c195575a23d0624bcb62bec472f4d,1,true
9425fffbc6a5e22052d28dbe7a058c66df6c195575a23d0624bcb62bec472f4d,2,false
1571a7c325f7ecde7eea8905fd5e894dd0bbfc2669e156cf05c6a98438727372,0,true
1571a7c325f7ecde7eea8905fd5e894dd0bbfc2669e156cf05c6a98438727372,1,false
1571a7c325f7ecde7eea8905fd5e894dd0bbfc2669e156cf05c6a98438727372,2,false
5eaddd2b52aaa1fc19ccddd71774c381c898bae6fd250c4b4b3ca4d7909e6d00,0,false
5eaddd2b52aaa1fc19ccddd71774c381c898bae6fd250c4b4b3ca4d7909e6d00,1,true
5eaddd2b52aaa1fc19ccddd71774c381c898bae6fd250c4b4b3ca4d7909e6d00,2,false
600d5e97100a0c6630d036952da4076b11f9d2f328a58c5b3bc30e703eaee4f9,0,false
600d5e97100a0c6630d036952da4076b11f9d2f328a58c5b3bc30e703eaee4f9,1,true
600d5e97100a0c6630d036952da4076b11f9d2f328a58c5b3bc30e703eaee4f9,2,false
4ce1e5e506006b92891956d44655e960cb0f320affd037804ea0528cfafb9f61,0,true
4ce1e5e506006b92891956d44655e960cb0f320affd037804ea0528cfafb9f61,1,false
4ce1e5e506006b92891956d44655e960cb0f320affd037804ea0528cfafb9f61,2,false
8924b34cacb576e35435f1522a20f0acfb2517d593278b3c8e0272d284b70bca,0,true
8924b34cacb576e35435f1522a20f0acfb2517d593278b3c8e0272d284b70bca,1,false
8924b34cacb576e35435f1522a20f0acfb2517d593278b3c8e0272d284b70bca,2,false
59ecfcd988a98560627a5df075ed713b6dffb8d5bae66cc1af383bbb963dd3ff,0,true
59ecfcd988a98560627a5df075ed713b6dffb8d5bae66cc1af383bbb963dd3ff,1,false
59ecfcd988a98560627a5df075ed713b6dffb8d5bae66cc1af383bbb963dd3ff,2,false
e04da684feecac2b1257b35d170afc8b65f103044a7c9e805fb7860e01d5a375,0,true
e04da684feecac2b1257b35d170afc8b65f103044a7c9e805fb7860e01d5a375,1,false
e04da684feecac2b1257b35d170afc8b65f103044a7c9e805fb7860e01d5a375,2,false
a42714dfcf0a4753980d09ee73b61a6d934e724a691dad7fc9d813eb9e20ad21,0,false
a42714dfcf0a4753980d09ee73b61a6d934e724a691dad7fc9d813eb9e20ad21,1,true
a42714dfcf0a4753980d09ee73b61a6d934e724a691dad7fc9d813eb9e20ad21,2,false
472e9061fbaee30e30e40c3ebb3c3f506f2983ccce2954b3cbc0c34e97bdcf9c,0,true
472e9061fbaee30e30e40c3ebb3c3f506f2983ccce2954b3cbc0c34e97bdcf9c,1,false
472e9061fbaee30e30e40c3ebb3c3f506f2983ccce2954b3cbc0c34e97bdcf9c,2,false
c5fc58ebfc4360c67289bee31e58d9b2bb9d55b50ae0f270060a78bbc03db945,0,true
c5fc58ebfc4360c67289bee31e58d9b2bb9d55b50ae0f270060a78bbc03db945,1,false
c5fc58ebfc4360c67289bee31e58d9b2bb9d55b50ae0f270060a78bbc03db945,2,false
c06962b2add1ef57c8f74a728da671d8c13ba8746e33499bcf229fdfc05bfdef,0,false
c06962b2add1ef57c8f74a728da671d8c13ba8746e33499bcf229fdfc05bfdef,1,true
c06962b2add1ef57c8f74a728da671d8c13ba8746e33499bcf229fdfc05bfdef,2,false
2ad8e5b471677ced39121916a627c45c68f0a7faf1eef4475fce1d679dc62ac5,0,true
2ad8e5b471677ced39121916a627c45c68f0a7faf1eef4475fce1d679dc62ac5,1,false
2ad8e5b471677ced39121916a627c45c68f0a7faf1eef4475fce1d679dc62ac5,2,false
26532b53757d853e66e3ffd556ec9f21d95dcac51d6da7ceaf46ea8f4bac2984,0,true
26532b53757d853e66e3ffd556ec9f21d95dcac51d6da7ceaf46ea8f4bac2984,1,false
26532b53757d853e66e3ffd556ec9f21d95dcac51d6da7ceaf46ea8f4bac2984,2,false
472310e4f358baf37289bd4575757e12d2b951f26afb9ff24190ef0bc345fed6,0,false
472310e4f358baf37289bd4575757e12d2b951f26afb9ff24190ef0bc345fed6,1,true
472310e4f358baf37289bd4575757e12d2b951f26afb9ff24190ef0bc345fed6,2,false
f90276199d4ec044ec76f2e0b119d0423f02f282d9802cdae3cef8c2631e274f,0,true
f90276199d4ec044ec76f2e0b119d0423f02f282d9802cdae3cef8c2631e274f,1,false
f90276199d4ec044ec76f2e0b119d0423f02f282d9802cdae3cef8c2631e274f,2,false
c9019a9b9153cda1a71619e636dc0eba99d1a7e9cde5ac6cd026d9995579ed53,0,false
c9019a9b9153cda1a71619e636dc0eba99d1a7e9cde5ac6cd026d9995579ed53,1,false
c9019a9b9153cda1a71619e636dc0eba99d1a7e9cde5ac6cd026d9995579ed53,2,true
9668180bd111092f181b12b2ff9d97dc873de493df6c796cfb45a8fe170e41b5,0,true
9668180bd111092f181b12b2ff9d97dc873de493df6c796cfb45a8fe170e41b5,1,false
9668180bd111092f181b12b2ff9d97dc873de493df6c796cfb45a8fe170e41b5,2,false
580c5dc10167d2546d1ecc410d15fc7da4aee37b12e8eafa2a4d7551357cf57f,0,true
580c5dc10167d2546d1ecc410d15fc7da4aee37b12e8eafa2a4d7551357cf57f,1,false
580c5dc10167d2546d1ecc410d15fc7da4aee37b12e8eafa2a4d7551357cf57f,2,false
06f2aea0d8da9c4ef0f0eecd6f74db5c0507d63aad90385c93fa786a34e8c8bf,0,true
06f2aea0d8da9c4ef0f0eecd6f74db5c0507d63aad90385c93fa786a34e8c8bf,1,false
06f2aea0d8da9c4ef0f0eecd6f74db5c0507d63aad90385c93fa786a34e8c8bf,2,false
1b16eba6fdff68ff92360d1ba7099e96b20a354ae8394fdce23d30fbbedfb88b,0,true
1b16eba6fdff68ff92360d1ba7099e96b20a354ae8394fdce23d30fbbedfb88b,1,false
1b16eba6fdff68ff92360d1ba7099e96b20a354ae8394fdce23d30fbbedfb88b,2,false
d96a95a233cebf029d932d6fde62a292f236dca68d0095869f2606de221b4129,0,false
d96a95a233cebf029d932d6fde62a292f236dca68d0095869f2606de221b4129,1,false
d96a95a233cebf029d932d6fde62a292f236dca68d0095869f2606de221b4129,2,true
abf24ee398da1affb561bf55c0dc6497c69dea2d6575c415fbcad2398dd37a16,0,false
abf24ee398da1affb561bf55c0dc6497c69dea2d6575c415fbcad2398dd37a16,1,false
abf24ee398da1affb561bf55c0dc6497c69dea2d6575c415fbcad2398dd37a16,2,true
f983d356779269aa9487493a56a0c139f3a69fa4060abf853de3c057cca9fc32,0,false
f983d356779269aa9487493a56a0c139f3a69fa4060abf853de3c057cca9fc32,1,true
f983d356779269aa9487493a56a0c139f3a69fa4060abf853de3c057cca9fc32,2,false
8c1df89cd28451e901858006b5d97d2d505d41702d5a94781e54d45dcb0eb55a,0,false
8c1df89cd28451e901858006b5d97d2d505d41702d5a94781e54d45dcb0eb55a,1,true
8c1df89cd28451e901858006b5d97d2d505d41702d5a94781e54d45dcb0eb55a,2,false
986bf4b0d77a11c8d7c9ee5210c0eef367ff8bf2bf819b973720d0976c7fc46f,0,true
986bf4b0d77a11c8d7c9ee5210c0eef367ff8bf2bf819b973720d0976c7fc46f,1,false
986bf4b0d77a11c8d7c9ee5210c0eef367ff8bf2bf819b973720d0976c7fc46f,2,false
94144bbb57632b88220a1c3da8aa94f091722b08fb733b22317637ca237e4b9a,0,true
94144bbb57632b88220a1c3da8aa94f091722b08fb733b22317637ca237e4b9a,1,false
94144bbb57632b88220a1c3da8aa94f091722b08fb733b22317637ca237e4b9a,2,false
8bdcdd48bc211f224eee155b3eb6c06b86d021ae7031dbfc7c5caf01862eaa97,0,false
8bdcdd48bc211f224eee155b3eb6c06b86d021ae7031dbfc7c5caf01862eaa97,1,false
8bdcdd48bc211f224eee155b3eb6c06b86d021ae7031dbfc7c5caf01862eaa97,2,true
4dc60c413b658c7780d5ca2bde5008a1459a9a4a5888987f96760fdced8cef41,0,true
4dc60c413b658c7780d5ca2bde5008a1459a9a4a5888987f96760fdced8cef41,1,false
4dc60c413b658c7780d5ca2bde5008a1459a9a4a5888987f96760fdced8cef41,2,false
95d199496776c272c474db35f2107113c20721b0112810466f35e576d0cfd6a8,0,true
95d199496776c272c474db35f2107113c20721b0112810466f35e576d0cfd6a8,1,false
95d199496776c272c474db35f2107113c20721b0112810466f35e576d0cfd6a8,2,false
39099319d83fde28fc8616202a00f0fde93eb26dcc61f0909ac0cd5e7e955598,0,true
39099319d83fde28fc8616202a00f0fde93eb26dcc61f0909ac0cd5e7e955598,1,false
39099319d83fde28fc8616202a00f0fde93eb26dcc61f0909ac0cd5e7e955598,2,false
3ee7c7be86c1a2f4fba9cfccd21c475f5ad7a5b5afe46b286a3848c78edd4e2a,0,true
3ee7c7be86c1a2f4fba9cfccd21c475f5ad7a5b5afe46b286a3848c78edd4e2a,1,false
3ee7c7be86c1a2f4fba9cfccd21c475f5ad7a5b5afe46b286a3848c78edd4e2a,2,false
f6478f6c91ee1e0b0c4811c9d6525877f8815e0e7c8cb6a10b1f09a69f4d2797,0,false
f6478f6c91ee1e0b0c4811c9d6525877f8815e0e7c8cb6a10b1f09a69f4d2797,1,false
f6478f6c91ee1e0b0c4811c9d6525877f8815e0e7c8cb6a10b1f09a69f4d2797,2,true
e0c09442bb7ce48d0ce3a8ea0b72a9a081a0cc37a428a27eb247a97ee5b60002,0,false
e0c09442bb7ce48d0ce3a8ea0b72a9a081a0cc37a428a27eb247a97ee5b60002,1,false
e0c09442bb7ce48d0ce3a8ea0b72a9a081a0cc37a428a27eb247a97ee5b60002,2,true
239e605852400edd56939481d0d67c64a7ae0d24cd04caa6f64c1a6a40e47d66,0,false
239e605852400edd56939481d0d67c64a7ae0d24cd04caa6f64c1a6a40e47d66,1,true
239e605852400edd56939481d0d67c64a7ae0d24cd04caa6f64c1a6a40e47d66,2,false
503cc93a5f64debc8ca4514e3112fd07003f2a35b0ff21d81952e7e62d9fa112,0,true
503cc93a5f64debc8ca4514e3112fd07003f2a35b0ff21d81952e7e62d9fa112,1,false
503cc93a5f64debc8ca4514e3112fd07003f2a35b0ff21d81952e7e62d9fa112,2,false
14262128e9098d157b03186f6ce828cd9d48811bbf0a049433b7bd39a204e34c,0,true
14262128e9098d157b03186f6ce828cd9d48811bbf0a049433b7bd39a204e34c,1,false
14262128e9098d157b03186f6ce828cd9d48811bbf0a049433b7bd39a204e34c,2,false
bec2c20032ec90ac5a1a1c35bc70db9b103ac5d13ed43245b129ea2df2a50bed,0,true
bec2c20032ec90ac5a1a1c35bc70db9b103ac5d13ed43245b129ea2df2a50bed,1,false
bec2c20032ec90ac5a1a1c35bc70db9b103ac5d13ed43245b129ea2df2a50bed,2,false
d44a30a9bc0200dccd50f75f2009b0a36fed477c802c8cdd78dc78cb77562c4c,0,false
d44a30a9bc0200dccd50f75f2009b0a36fed477c802c8cdd78dc78cb77562c4c,1,true
d44a30a9bc0200dccd50f75f2009b0a36fed477c802c8cdd78dc78cb77562c4c,2,false
74a047a5993f1adca1b311ab3c5adcf28bc2ca49d36907cfe098e8aadc205462,0,false
74a047a5993f1adca1b311ab3c5adcf28bc2ca49d36907cfe098e8aadc205462,1,true
74a047a5993f1adca1b311ab3c5adcf28bc2ca49d36907cfe098e8aadc205462,2,false
47525133f14d528a744b5e6357b401e9d504ce1961f188745943b88ee8a714b0,0,true
47525133f14d528a744b5e6357b401e9d504ce1961f188745943b88ee8a714b0,1,false
47525133f14d528a744b5e6357b401e9d504ce1961f188745943b88ee8a714b0,2,false
077579c4da24c06fca908ade36a747a482330f30e3d2c60d9f890fae01b9991c,0,true
077579c4da24c06fca908ade36a747a482330f30e3d2c60d9f890fae01b9991c,1,false
077579c4da24c06fca908ade36a747a482330f30e3d2c60d9f890fae01b9991c,2,false
a7add2a0d91968d088bc427c3cbc6ddf4132b8ad6b62de8d2787d0c547cc0ec2,0,true
a7add2a0d91968d088bc427c3cbc6ddf4132b8ad6b62de8d2787d0c547cc0ec2,1,false
a7add2a0d91968d088bc427c3cbc6ddf4132b8ad6b62de8d2787d0c547cc0ec2,2,false
54af9da87a38d484e789759fec3f1782633a878107655b2fe2e866f72ca58e68,0,false
54af9da87a38d484e789759fec3f1782633a878107655b2fe2e866f72ca58e68,1,true
54af9da87a38d484e789759fec3f1782633a878107655b2fe2e866f72ca58e68,2,false
59f36f0779075d876f416c855e0ca33f8c730c203ba8dd1102944b71be8dd3e6,0,true
59f36f0779075d876f416c855e0ca33f8c730c203ba8dd1102944b71be8dd3e6,1,false
59f36f0779075d876f416c855e0ca33f8c730c203ba8dd1102944b71be8dd3e6,2,false
c3053980105f3157054430220e5b776f2b41bf943c4f5970d5e70d4d89cd2815,0,true
c3053980105f3157054430220e5b776f2b41bf943c4f5970d5e70d4d89cd2815,1,false
c3053980105f3157054430220e5b776f2b41bf943c4f5970d5e70d4d89cd2815,2,false
21417db14059c450e237a16c6735f61f58c61f9d97509b8dac08a7c19afc7f9e,0,true
21417db14059c450e237a16c6735f61f58c61f9d97509b8dac08a7c19afc7f9e,1,false
21417db14059c450e237a16c6735f61f58c61f9d97509b8dac08a7c19afc7f9e,2,false
6572ffe195bf18ba0df2fd0045cd2078821c330d420a921ae14c8a6325f6b89f,0,true
6572ffe195bf18ba0df2fd0045cd2078821c330d420a921ae14c8a6325f6b89f,1,false
6572ffe195bf18ba0df2fd0045cd2078821c330d420a921ae14c8a6325f6b89f,2,false
a56f49a43d21330b01464cfaaaa320b26f2b7056599c885b49db57eae6a075e3,0,false
a56f49a43d21330b01464cfaaaa320b26f2b7056599c885b49db57eae6a075e3,1,false
a56f49a43d21330b01464cfaaaa320b26f2b7056599c885b49db57eae6a075e3,2,true
57cc37646b8e7fb90ddde757d4590f996b07146ed26d6c88b0c8e101c705442a,0,true
57cc37646b8e7fb90ddde757d4590f996b07146ed26d6c88b0c8e101c705442a,1,false
57cc37646b8e7fb90ddde757d4590f996b07146ed26d6c88b0c8e101c705442a,2,false
13b793bd8820a497ea48df0bf68e746cb189423718bafe485d1a5ba2a3291306,0,true
13b793bd8820a497ea48df0bf68e746cb189423718bafe485d1a5ba2a3291306,1,false
13b793bd8820a497ea48df0bf68e746cb189423718bafe485d1a5ba2a3291306,2,false
b13d7242390ebcc0a1a7e8f1172fc7f397b8daaed66362147033e0c5fbb10852,0,false
b13d7242390ebcc0a1a7e8f1172fc7f397b8daaed66362147033e0c5fbb10852,1,true
b13d7242390ebcc0a1a7e8f1172fc7f397b8daaed66362147033e0c5fbb10852,2,false
dcab88257189d15bd0af763dc66c0ff2bcaac18a4f2994bc7d75dba769dbb033,0,true
dcab88257189d15bd0af763dc66c0ff2bcaac18a4f2994bc7d75dba769dbb033,1,false
dcab88257189d15bd0af763dc66c0ff2bcaac18a4f2994bc7d75dba769dbb033,2,false
be934b05b72a0cde92a75487aa0c1badefc50619ddad9455787fdb4ef9509294,0,true
be934b05b72a0cde92a75487aa0c1badefc50619ddad9455787fdb4ef9509294,1,false
be934b05b72a0cde92a75487aa0c1badefc50619ddad9455787fdb4ef9509294,2,false
1f782aa2fa4d6d4c98bb44019f660bf2126e7b7e3fc838ad78601546fa403d72,0,false
1f782aa2fa4d6d4c98bb44019f660bf2126e7b7e3fc838ad78601546fa403d72,1,true
1f782aa2fa4d6d4c98bb44019f660bf2126e7b7e3fc838ad78601546fa403d72,2,false
45f57aad1b7c6a99c1a6c64a37868a101cc39b255a127755dcf7e5882f40ccdd,0,true
45f57aad1b7c6a99c1a6c64a37868a101cc39b255a127755dcf7e5882f40ccdd,1,false
45f57aad1b7c6a99c1a6c64a37868a101cc39b255a127755dcf7e5882f40ccdd,2,false
c330153457cfc95142d9bb1195f5e1cad18abb6fe9028e45dc973753f00a78ad,0,false
c330153457cfc95142d9bb1195f5e1cad18abb6fe9028e45dc973753f00a78ad,1,false
c330153457cfc95142d9bb1195f5e1cad18abb6fe9028e45dc973753f00a78ad,2,true
bc066486ca6bfa98d9728eb36352948b8a014d7a9549614b13e6ff47e0ae9765,0,true
bc066486ca6bfa98d9728eb36352948b8a014d7a9549614b13e6ff47e0ae9765,1,false
bc066486ca6bfa98d9728eb36352948b8a014d7a9549614b13e6ff47e0ae9765,2,false
116380d7967566fb03ea5644050fa6e246f8bfefedd2e37f913a3eb8658a73aa,0,true
116380d7967566fb03ea5644050fa6e246f8bfefedd2e37f913a3eb8658a73aa,1,false
116380d7967566fb03ea5644050fa6e246f8bfefedd2e37f913a3eb8658a73aa,2,false
a1f847d900ca95642945b64d9dea053db9f09bf36a1cd430a5f471bb915ca5b5,0,false
a1f847d900ca95642945b64d9dea053db9f09bf36a1cd430a5f471bb915ca5b5,1,false
a1f847d900ca95642945b64d9dea053db9f09bf36a1cd430a5f471bb915ca5b5,2,true
078d5875245a84ef54441f07c0f9913437c8a590ed25a1a281e59089ec3ddb89,0,false
078d5875245a84ef54441f07c0f9913437c8a590ed25a1a281e59089ec3ddb89,1,true
078d5875245a84ef54441f07c0f9913437c8a590ed25a1a281e59089ec3ddb89,2,false
f306df838eb18ce15c6622039fb02453a40e297c16b455703fe3af7ed9092bce,0,true
f306df838eb18ce15c6622039fb02453a40e297c16b455703fe3af7ed9092bce,1,false
f306df838eb18ce15c6622039fb02453a40e297c16b455703fe3af7ed9092bce,2,false
9cc106c5530b67725b9dd96f2724d26b8d5b5e4bdf6361bd83d198d2ab22da54,0,false
9cc106c5530b67725b9dd96f2724d26b8d5b5e4bdf6361bd83d198d2ab22da54,1,true
9cc106c5530b67725b9dd96f2724d26b8d5b5e4bdf6361bd83d198d2ab22da54,2,false
9913cc4787c0847164c5d1db44f4fa2993e6f67ac39f54a523ff856c79a1f577,0,true
9913cc4787c0847164c5d1db44f4fa2993e6f67ac39f54a523ff856c79a1f577,1,false
9913cc4787c0847164c5d1db44f4fa2993e6f67ac39f54a523ff856c79a1f577,2,false
938779d02d6dcadb37a48120117367ce541bdbb396b948223d2f8a13d94e0cc6,0,false
938779d02d6dcadb37a48120117367ce541bdbb396b948223d2f8a13d94e0cc6,1,true
938779d02d6dcadb37a48120117367ce541bdbb396b948223d2f8a13d94e0cc6,2,false
953f3753b22675855e017b2a4348e704ca2da7fb58efb9cccbb4ae0e616c2a86,0,true
953f3753b22675855e017b2a4348e704ca2da7fb58efb9cccbb4ae0e616c2a86,1,false
953f3753b22675855e017b2a4348e704ca2da7fb58efb9cccbb4ae0e616c2a86,2,false
fba9191e887cfe053667c62ded8172d22d7cbabb8513d2e751ded87235074792,0,false
fba9191e887cfe053667c62ded8172d22d7cbabb8513d2e751ded87235074792,1,true
fba9191e887cfe053667c62ded8172d22d7cbabb8513d2e751ded87235074792,2,false
81b5e1606dd550a9de756ded8db1e4c2ba96cd126c367cd996dd78095d22c8d1,0,true
81b5e1606dd550a9de756ded8db1e4c2ba96cd126c367cd996dd78095d22c8d1,1,false
81b5e1606dd550a9de756ded8db1e4c2ba96cd126c367cd996dd78095d22c8d1,2,false
695b44262d0962b0c5c0d0aa379a5dbc1d274396a53887d9bd494a9d4feb16c9,0,false
695b44262d0962b0c5c0d0aa379a5dbc1d274396a53887d9bd494a9d4feb16c9,1,true
695b44262d0962b0c5c0d0aa379a5dbc1d274396a53887d9bd494a9d4feb16c9,2,false
2f588dcc45d1d42ca6731d81e41acebd03145f5def99b851a1245b1a93e008ad,0,true
2f588dcc45d1d42ca6731d81e41acebd03145f5def99b851a1245b1a93e008ad,1,false
2f588dcc45d1d42ca6731d81e41acebd03145f5def99b851a1245b1a93e008ad,2,false
9f07dee9ee2836204a51070af07683865738841eefca58f792012530ca40e2de,0,true
9f07dee9ee2836204a51070af07683865738841eefca58f792012530ca40e2de,1,false
9f07dee9ee2836204a51070af07683865738841eefca58f792012530ca40e2de,2,false
67c69a4cd8d04c02c235d572024d5604587ac5a82606c42f7d29ad22ecdaa9b7,0,true
67c69a4cd8d04c02c235d572024d5604587ac5a82606c42f7d29ad22ecdaa9b7,1,false
67c69a4cd8d04c02c235d572024d5604587ac5a82606c42f7d29ad22ecdaa9b7,2,false
73c40ff64a9902220ae18d8ad039821aad510098cd95236e42993f78f3f65fff,0,true
73c40ff64a9902220ae18d8ad039821aad510098cd95236e42993f78f3f65fff,1,false
73c40ff64a9902220ae18d8ad039821aad510098cd95236e42993f78f3f65fff,2,false
1a85b81dca672aeac7f75d2b22da4a30c0c0d70252e3501928e49a9123bdd566,0,false
1a85b81dca672aeac7f75d2b22da4a30c0c0d70252e3501928e49a9123bdd566,1,false
1a85b81dca672aeac7f75d2b22da4a30c0c0d70252e3501928e49a9123bdd566,2,true
a9ea4daaf49f9c9548d2eaf1547ab46e00ac4386ef640f7d9390f6e739ea5f04,0,false
a9ea4daaf49f9c9548d2eaf1547ab46e00ac4386ef640f7d9390f6e739ea5f04,1,false
a9ea4daaf49f9c9548d2eaf1547ab46e00ac4386ef640f7d9390f6e739ea5f04,2,true
b0af746260237e822e3afc7fb9644fd3d51d19c55bbc0e1d2142f032305ecaaa,0,false
b0af746260237e822e3afc7fb9644fd3d51d19c55bbc0e1d2142f032305ecaaa,1,true
b0af746260237e822e3afc7fb9644fd3d51d19c55bbc0e1d2142f032305ecaaa,2,false
d9c7df36f88aec9eca65233444352a33ba2b43a7af436185000fdb6a79358790,0,false
d9c7df36f88aec9eca65233444352a33ba2b43a7af436185000fdb6a79358790,1,false
d9c7df36f88aec9eca65233444352a33ba2b43a7af436185000fdb6a79358790,2,true
8a99e8721c01f2332a995147d1d29884ef55aff8b0d1f69521293a23fd0782d3,0,false
8a99e8721c01f2332a995147d1d29884ef55aff8b0d1f69521293a23fd0782d3,1,false
8a99e8721c01f2332a995147d1d29884ef55aff8b0d1f69521293a23fd0782d3,2,true
6d433c191d5ac620d3dcc2530c61719856c4a50049b0b9ccbe49ba962e6bc63d,0,false
6d433c191d5ac620d3dcc2530c61719856c4a50049b0b9ccbe49ba962e6bc63d,1,false
6d433c191d5ac620d3dcc2530c61719856c4a50049b0b9ccbe49ba962e6bc63d,2,true
fb78f7a639990bde058f558d54263c07c1539889cdb04ed9c0d7866419c9747a,0,false
fb78f7a639990bde058f558d54263c07c1539889cdb04ed9c0d7866419c9747a,1,true
fb78f7a639990bde058f558d54263c07c1539889cdb04ed9c0d7866419c9747a,2,false
587c9f8a7633afe445d6f0d1c4862648af9635e525a3c3db97091aa99aeb6e70,0,true
587c9f8a7633afe445d6f0d1c4862648af9635e525a3c3db97091aa99aeb6e70,1,false
587c9f8a7633afe445d6f0d1c4862648af9635e525a3c3db97091aa99aeb6e70,2,false
80dc6cc97330d627292ef3f671e68690cb3c948e45770e4e14587d1051e242be,0,true
80dc6cc97330d627292ef3f671e68690cb3c948e45770e4e14587d1051e242be,1,false
80dc6cc97330d627292ef3f671e68690cb3c948e45770e4e14587d1051e242be,2,false
edf970b3bd9b573fa10573c41b215680d55361db5eb675a6c4254d16632ea167,0,false
edf970b3bd9b573fa10573c41b215680d55361db5eb675a6c4254d16632ea167,1,true
edf970b3bd9b573fa10573c41b215680d55361db5eb675a6c4254d16632ea167,2,false
144a0e1271719da595faa3e679ceedd09e7963e94bf96c87854caf5b04b36ec2,0,true
144a0e1271719da595faa3e679ceedd09e7963e94bf96c87854caf5b04b36ec2,1,false
144a0e1271719da595faa3e679ceedd09e7963e94bf96c87854caf5b04b36ec2,2,false
be2f08750677db24deb93d18472d28aff0932d6a235a7c49d078f66e3d533071,0,false
be2f08750677db24deb93d18472d28aff0932d6a235a7c49d078f66e3d533071,1,true
be2f08750677db24deb93d18472d28aff0932d6a235a7c49d078f66e3d533071,2,false
0d51c7f872d99a5c36feb9dab79582bba9171550965d2dea98397c78c6936a5a,0,false
0d51c7f872d99a5c36feb9dab79582bba9171550965d2dea98397c78c6936a5a,1,false
0d51c7f872d99a5c36feb9dab79582bba9171550965d2dea98397c78c6936a5a,2,true
d3a3c7c007256eed35f9907385596d6b817694d626eb5c0b7a82865af4b8e457,0,false
d3a3c7c007256eed35f9907385596d6b817694d626eb5c0b7a82865af4b8e457,1,true
d3a3c7c007256eed35f9907385596d6b817694d626eb5c0b7a82865af4b8e457,2,false
4771b73cadc08370d698e61fcc145086f909c64cf6ed0f825a0d3a319a34b034,0,false
4771b73cadc08370d698e61fcc145086f909c64cf6ed0f825a0d3a319a34b034,1,true
4771b73cadc08370d698e61fcc145086f909c64cf6ed0f825a0d3a319a34b034,2,false
81ca770fd6283217ff6cf89c05c48ad307a78ac882c9760e9e6eeb000292ccc0,0,false
81ca770fd6283217ff6cf89c05c48ad307a78ac882c9760e9e6eeb000292ccc0,1,false
81ca770fd6283217ff6cf89c05c48ad307a78ac882c9760e9e6eeb000292ccc0,2,true
af8a25e87079d9c4f713456a823094b8822d01ed1a9f159d10adf2d24c3b558a,0,false
af8a25e87079d9c4f713456a823094b8822d01ed1a9f159d10adf2d24c3b558a,1,false
af8a25e87079d9c4f713456a823094b8822d01ed1a9f159d10adf2d24c3b558a,2,true
55e7ed17d4644a1a639c838c5886689f438f0a666d758277318e27b20222b84e,0,true
55e7ed17d4644a1a639c838c5886689f438f0a666d758277318e27b20222b84e,1,false
55e7ed17d4644a1a639c838c5886689f438f0a666d758277318e27b20222b84e,2,false
11adfb4528d2efaab47520f36cc08e9090b26203bdce1ef6166ada8f14f7ff7a,0,false
11adfb4528d2efaab47520f36cc08e9090b26203bdce1ef6166ada8f14f7ff7a,1,true
11adfb4528d2efaab47520f36cc08e9090b26203bdce1ef6166ada8f14f7ff7a,2,false
f6291fbe8a21a326fd3d50c96d9e26dc628fd072c6b7e1b9101bcd9410d89f49,0,true
f6291fbe8a21a326fd3d50c96d9e26dc628fd072c6b7e1b9101bcd9410d89f49,1,false
f6291fbe8a21a326fd3d50c96d9e26dc628fd072c6b7e1b9101bcd9410d89f49,2,false
791ab7284300113bf0c5f04369aa32600868b9d30e3f1933a1fb5388452d1630,0,false
791ab7284300113bf0c5f04369aa32600868b9d30e3f1933a1fb5388452d1630,1,true
791ab7284300113bf0c5f04369aa32600868b9d30e3f1933a1fb5388452d1630,2,false
c934f18ce223739de303023512f920f073012a54ca5f61842356b9d09e48f404,0,false
c934f18ce223739de303023512f920f073012a54ca5f61842356b9d09e48f404,1,true
c934f18ce223739de303023512f920f073012a54ca5f61842356b9d09e48f404,2,false
c32d438e1db817a77ab2bce16af59a9db69984247e604a9373136812edaee6f8,0,false
c32d438e1db817a77ab2bce16af59a9db69984247e604a9373136812edaee6f8,1,true
c32d438e1db817a77ab2bce16af59a9db69984247e604a9373136812edaee6f8,2,false
8f9925c808bd8baadebd5c416f0dc06bcf2620da240ae5022aeb57365f9ec570,0,false
8f9925c808bd8baadebd5c416f0dc06bcf2620da240ae5022aeb57365f9ec570,1,true
8f9925c808bd8baadebd5c416f0dc06bcf2620da240ae5022aeb57365f9ec570,2,false
5c698883250f415399c65cdd0c710526efbd84b49cd8b64b6a5f3c707905a29c,0,true
5c698883250f415399c65cdd0c710526efbd84b49cd8b64b6a5f3c707905a29c,1,false
5c698883250f415399c65cdd0c710526efbd84b49cd8b64b6a5f3c707905a29c,2,false
efb625d71b7426ea7db967d2f97fca7d447ee8f662d21313f9f3139948b7e15b,0,false
efb625d71b7426ea7db967d2f97fca7d447ee8f662d21313f9f3139948b7e15b,1,false
efb625d71b7426ea7db967d2f97fca7d447ee8f662d21313f9f3139948b7e15b,2,true
77e9b28d4d19eaf4a6162e7b6048fd375827de821cd231a6b44fe715bc6a0c88,0,true
77e9b28d4d19eaf4a6162e7b6048fd375827de821cd231a6b44fe715bc6a0c88,1,false
77e9b28d4d19eaf4a6162e7b6048fd375827de821cd231a6b44fe715bc6a0c88,2,false
9d0768eeb60e2cc28f848e2cf536441304102b988a43505f27a4eeec3eb1a81c,0,true
9d0768eeb60e2cc28f848e2cf536441304102b988a43505f27a4eeec3eb1a81c,1,false
9d0768eeb60e2cc28f848e2cf536441304102b988a43505f27a4eeec3eb1a81c,2,false
f87aa37644a38f9ba69a83f3ed7fb02c98d3f143cd65bbe799f16620c77c91d2,0,false
f87aa37644a38f9ba69a83f3ed7fb02c98d3f143cd65bbe799f16620c77c91d2,1,false
f87aa37644a38f9ba69a83f3ed7fb02c98d3f143cd65bbe799f16620c77c91d2,2,true
df35ec29aa52ae6b3f750038819f8345eae1f379cedbbda130811f6578697c9b,0,false
df35ec29aa52ae6b3f750038819f8345eae1f379cedbbda130811f6578697c9b,1,false
df35ec29aa52ae6b3f750038819f8345eae1f379cedbbda130811f6578697c9b,2,true
039faac8bfcf1efb0d8bf4cfe400fd1056c7add52d100df8db7a3698bfa37d73,0,true
039faac8bfcf1efb0d8bf4cfe400fd1056c7add52d100df8db7a3698bfa37d73,1,false
039faac8bfcf1efb0d8bf4cfe400fd1056c7add52d100df8db7a3698bfa37d73,2,false
3883fb0d50a031267978016d373c4d8867946de347957881f5e715b1b9c53082,0,false
3883fb0d50a031267978016d373c4d8867946de347957881f5e715b1b9c53082,1,false
3883fb0d50a031267978016d373c4d8867946de347957881f5e715b1b9c53082,2,true
7152d539f8bef551a40ced73965b959876bde55d183db6bd143b059742230082,0,false
7152d539f8bef551a40ced73965b959876bde55d183db6bd143b059742230082,1,false
7152d539f8bef551a40ced73965b959876bde55d183db6bd143b059742230082,2,true
f85699c72555c56ece304df1d34e8f9b68a93c3caa16102e3a9e877bc4c16821,0,true
f85699c72555c56ece304df1d34e8f9b68a93c3caa16102e3a9e877bc4c16821,1,false
f85699c72555c56ece304df1d34e8f9b68a93c3caa16102e3a9e877bc4c16821,2,false
9ec2ea9c3a3406c8e70e4f3dc5688dee936544a1bf30e87f9e67947f24cd8977,0,false
9ec2ea9c3a3406c8e70e4f3dc5688dee936544a1bf30e87f9e67947f24cd8977,1,true
9ec2ea9c3a3406c8e70e4f3dc5688dee936544a1bf30e87f9e67947f24cd8977,2,false
b4791ae3f343265173dd4bb6f4e748b58a0f1014187e48f51aa744eedbf35874,0,false
b4791ae3f343265173dd4bb6f4e748b58a0f1014187e48f51aa744eedbf35874,1,true
b4791ae3f343265173dd4bb6f4e748b58a0f1014187e48f51aa744eedbf35874,2,false
4833893ed80b96ee2b771aa411614b3d5894e21d899cec7c6ded2a382f5837dd,0,false
4833893ed80b96ee2b771aa411614b3d5894e21d899cec7c6ded2a382f5837dd,1,true
4833893ed80b96ee2b771aa411614b3d5894e21d899cec7c6ded2a382f5837dd,2,false
c60dc108cf7480b992917dfeb4092ee442869fe177b071495a4d478d9c6d3ef9,0,false
c60dc108cf7480b992917dfeb4092ee442869fe177b071495a4d478d9c6d3ef9,1,false
c60dc108cf7480b992917dfeb4092ee442869fe177b071495a4d478d9c6d3ef9,2,true
a7d09ab705dda59a3d5e60e0872e43004bd53a83eb3325f1fd3f5f22be038dfa,0,false
a7d09ab705dda59a3d5e60e0872e43004bd53a83eb3325f1fd3f5f22be038dfa,1,true
a7d09ab705dda59a3d5e60e0872e43004bd53a83eb3325f1fd3f5f22be038dfa,2,false
1de9fca83fe80abd3dc91ac3f5f1c2210b331c908257fb2d6eabc9438eb1a7df,0,true
1de9fca83fe80abd3dc91ac3f5f1c2210b331c908257fb2d6eabc9438eb1a7df,1,false
1de9fca83fe80abd3dc91ac3f5f1c2210b331c908257fb2d6eabc9438eb1a7df,2,false
bab0d6eee8719c01c27e203a6ea523b508d24f7f8a8aec94e71373ef1b40a9d3,0,true
bab0d6eee8719c01c27e203a6ea523b508d24f7f8a8aec94e71373ef1b40a9d3,1,false
bab0d6eee8719c01c27e203a6ea523b508d24f7f8a8aec94e71373ef1b40a9d3,2,false
1366c1038d62a07a8f06bcd5119f7f873cdb0bd25a1deca52ed173ba2fbd997a,0,false
1366c1038d62a07a8f06bcd5119f7f873cdb0bd25a1deca52ed173ba2fbd997a,1,false
1366c1038d62a07a8f06bcd5119f7f873cdb0bd25a1deca52ed173ba2fbd997a,2,true
cb297a9620dfbee8dcdde5fd974ae15828c1d87ad31dd0e9b67733859c86a2e2,0,true
cb297a9620dfbee8dcdde5fd974ae15828c1d87ad31dd0e9b67733859c86a2e2,1,false
cb297a9620dfbee8dcdde5fd974ae15828c1d87ad31dd0e9b67733859c86a2e2,2,false
ca30c31b01e8536095728a9d7ecafe9b985f3705712b2921990d49daa0ac0f34,0,false
ca30c31b01e8536095728a9d7ecafe9b985f3705712b2921990d49daa0ac0f34,1,false
ca30c31b01e8536095728a9d7ecafe9b985f3705712b2921990d49daa0ac0f34,2,true
978890bf47d5b2c98daf8ec1fdfaee5ff8f20a2b594e6b39437548c875ad8414,0,false
978890bf47d5b2c98daf8ec1fdfaee5ff8f20a2b594e6b39437548c875ad8414,1,true
978890bf47d5b2c98daf8ec1fdfaee5ff8f20a2b594e6b39437548c875ad8414,2,false
8104b91cc7084a5734146d287bf8309a6752a2033592269df0f8d05419f39515,0,true
8104b91cc7084a5734146d287bf8309a6752a2033592269df0f8d05419f39515,1,false
8104b91cc7084a5734146d287bf8309a6752a2033592269df0f8d05419f39515,2,false
213b7b396df7a20326fa353d4e7901c9f7d3d4eb9156930315b615875b9f5112,0,false
213b7b396df7a20326fa353d4e7901c9f7d3d4eb9156930315b615875b9f5112,1,true
213b7b396df7a20326fa353d4e7901c9f7d3d4eb9156930315b615875b9f5112,2,false
cf235626d33c86cea2fac12c9b0ca413b649221c03b9ec67b89d0c2ce994e402,0,false
cf235626d33c86cea2fac12c9b0ca413b649221c03b9ec67b89d0c2ce994e402,1,true
cf235626d33c86cea2fac12c9b0ca413b649221c03b9ec67b89d0c2ce994e402,2,false
8b7f64bbdb3293738058063aaffb1440e5c48ff61ad6977f6f80616b92fc69f2,0,false
8b7f64bbdb3293738058063aaffb1440e5c48ff61ad6977f6f80616b92fc69f2,1,true
8b7f64bbdb3293738058063aaffb1440e5c48ff61ad6977f6f80616b92fc69f2,2,false
caa7ffc91363ec0df6582863ed6d25bcdfe05b8e9a83f31c171e29493d80661b,0,false
caa7ffc91363ec0df6582863ed6d25bcdfe05b8e9a83f31c171e29493d80661b,1,true
caa7ffc91363ec0df6582863ed6d25bcdfe05b8e9a83f31c171e29493d80661b,2,false
ad18cb11c9f675f02f9354a2969a4356f38139f0a09b06b612f4305f6ca751fc,0,false
ad18cb11c9f675f02f9354a2969a4356f38139f0a09b06b612f4305f6ca751fc,1,true
ad18cb11c9f675f02f9354a2969a4356f38139f0a09b06b612f4305f6ca751fc,2,false
cf1757809961d0b7df0054b2f7f88b977fd0bb31768d57e8aed5ff6db6c32f8e,0,false
cf1757809961d0b7df0054b2f7f88b977fd0bb31768d57e8aed5ff6db6c32f8e,1,true
cf1757809961d0b7df0054b2f7f88b977fd0bb31768d57e8aed5ff6db6c32f8e,2,false
4db86dfc773908e6e7e87e4dc690536fb64229d1e30576a873c5273b58706a4e,0,false
4db86dfc773908e6e7e87e4dc690536fb64229d1e30576a873c5273b58706a4e,1,false
4db86dfc773908e6e7e87e4dc690536fb64229d1e30576a873c5273b58706a4e,2,true
358e62d5edd7369251c27f8c544d5bd91fb4db5e5d309ca5b50077a829c6af13,0,false
358e62d5edd7369251c27f8c544d5bd91fb4db5e5d309ca5b50077a829c6af13,1,false
358e62d5edd7369251c27f8c544d5bd91fb4db5e5d309ca5b50077a829c6af13,2,true
b10e0c9a87cf36cc2e5180345c1c4e3d9606e5194b444b535101aa6e96f86c03,0,false
b10e0c9a87cf36cc2e5180345c1c4e3d9606e5194b444b535101aa6e96f86c03,1,true
b10e0c9a87cf36cc2e5180345c1c4e3d9606e5194b444b535101aa6e96f86c03,2,false
8e2b5130c585d7ec25fdb00b3c800147f6fccf97901311a5c3162241cda38829,0,false
8e2b5130c585d7ec25fdb00b3c800147f6fccf97901311a5c3162241cda38829,1,true
8e2b5130c585d7ec25fdb00b3c800147f6fccf97901311a5c3162241cda38829,2,false
67ef75a1e905d01ed72a7eefdf2a2baf35f042707e0e302bdd928e77fdf6a7e8,0,true
67ef75a1e905d01ed72a7eefdf2a2baf35f042707e0e302bdd928e77fdf6a7e8,1,false
67ef75a1e905d01ed72a7eefdf2a2baf35f042707e0e302bdd928e77fdf6a7e8,2,false
f7f407ddb2b81726c26f8cbba71f8977e5b5557d1245ba93949d9a65605b27d3,0,false
f7f407ddb2b81726c26f8cbba71f8977e5b5557d1245ba93949d9a65605b27d3,1,true
f7f407ddb2b81726c26f8cbba71f8977e5b5557d1245ba93949d9a65605b27d3,2,false
9d5d284d298057a4a19187f42d2266476ea0e9ec0c3f56b17376c8358e2436f7,0,false
9d5d284d298057a4a19187f42d2266476ea0e9ec0c3f56b17376c8358e2436f7,1,false
9d5d284d298057a4a19187f42d2266476ea0e9ec0c3f56b17376c8358e2436f7,2,true
c55c93562c143561f057909f4e094df73125ac6967214a6a6fc1d5b66a37cedb,0,true
c55c93562c143561f057909f4e094df73125ac6967214a6a6fc1d5b66a37cedb,1,false
c55c93562c143561f057909f4e094df73125ac6967214a6a6fc1d5b66a37cedb,2,false
9f52e677e53e0369da51c8b6fbf536d1e25c0fbb360c340285f316e77e93d979,0,false
9f52e677e53e0369da51c8b6fbf536d1e25c0fbb360c340285f316e77e93d979,1,true
9f52e677e53e0369da51c8b6fbf536d1e25c0fbb360c340285f316e77e93d979,2,false
4ade9983579f45954046eeb7e13a8b9d9f5731497ce6d700f6ec7585d0dbf166,0,false
4ade9983579f45954046eeb7e13a8b9d9f5731497ce6d700f6ec7585d0dbf166,1,true
4ade9983579f45954046eeb7e13a8b9d9f5731497ce6d700f6ec7585d0dbf166,2,false
249140add7901e45ca7b8c81d6129a56f35d1df4d8dbde5eecfed7a450f6656c,0,false
249140add7901e45ca7b8c81d6129a56f35d1df4d8dbde5eecfed7a450f6656c,1,true
249140add7901e45ca7b8c81d6129a56f35d1df4d8dbde5eecfed7a450f6656c,2,false
9db349f181045f7a2c5b94482abacd8e65d92bc97c1f84876312a3085917240e,0,false
9db349f181045f7a2c5b94482abacd8e65d92bc97c1f84876312a3085917240e,1,false
9db349f181045f7a2c5b94482abacd8e65d92bc97c1f84876312a3085917240e,2,true
d953e0d01e0415b3cbbf5b22d8dbe57c2c36f323108ba67b3f49ae53982a9541,0,true
d953e0d01e0415b3cbbf5b22d8dbe57c2c36f323108ba67b3f49ae53982a9541,1,false
d953e0d01e0415b3cbbf5b22d8dbe57c2c36f323108ba67b3f49ae53982a9541,2,false
f46843271efbbd8b3854dd604b024647c74ea24745c67f573bef13c8bb7d1547,0,false
f46843271efbbd8b3854dd604b024647c74ea24745c67f573bef13c8bb7d1547,1,true
f46843271efbbd8b3854dd604b024647c74ea24745c67f573bef13c8bb7d1547,2,false
87f376570049f815c163a977770287fec26ca576ea75cc4b18753757cb0e0355,0,false
87f376570049f815c163a977770287fec26ca576ea75cc4b18753757cb0e0355,1,false
87f376570049f815c163a977770287fec26ca576ea75cc4b18753757cb0e0355,2,true
74be5283ab76052c5065b075a0d629ce628b018c4dee5f2afa4bf6dffe0377dd,0,false
74be5283ab76052c5065b075a0d629ce628b018c4dee5f2afa4bf6dffe0377dd,1,true
74be5283ab76052c5065b075a0d629ce628b018c4dee5f2afa4bf6dffe0377dd,2,false
c35c49030a6f29084bb02627d8140371c11dadaf457333f573a0e7ee58734832,0,false
c35c49030a6f29084bb02627d8140371c11dadaf457333f573a0e7ee58734832,1,false
c35c49030a6f29084bb02627d8140371c11dadaf457333f573a0e7ee58734832,2,true
00d1c2ecb1bfff2defcb7500a47376ed13034a60208b43a87ed33c8ce72e4064,0,false
00d1c2ecb1bfff2defcb7500a47376ed13034a60208b43a87ed33c8ce72e4064,1,false
00d1c2ecb1bfff2defcb7500a47376ed13034a60208b43a87ed33c8ce72e4064,2,true
1781b15875b8dec58b3533a956df2b4e3659580137726cd136014983d64eb121,0,false
1781b15875b8dec58b3533a956df2b4e3659580137726cd136014983d64eb121,1,true
1781b15875b8dec58b3533a956df2b4e3659580137726cd136014983d64eb121,2,false
c9c34f8551086b76c0296c834748a4d2501f98a3ced43d79b6beff747c005b6f,0,false
c9c34f8551086b76c0296c834748a4d2501f98a3ced43d79b6beff747c005b6f,1,true
c9c34f8551086b76c0296c834748a4d2501f98a3ced43d79b6beff747c005b6f,2,false
7c067114ae38f4ba524c1c56b918d972668d78c0aefe05c8d9b9cd1d19af2cca,0,true
7c067114ae38f4ba524c1c56b918d972668d78c0aefe05c8d9b9cd1d19af2cca,1,false
7c067114ae38f4ba524c1c56b918d972668d78c0aefe05c8d9b9cd1d19af2cca,2,false
daa6925cb92c64daab6488a871871e358eb535d70accb618fe7f86639afcb3c9,0,true
daa6925cb92c64daab6488a871871e358eb535d70accb618fe7f86639afcb3c9,1,false
daa6925cb92c64daab6488a871871e358eb535d70accb618fe7f86639afcb3c9,2,false
b959adf7889c73f298b76207e9e85b392e32377662b9e8d4d48d5d96c79302b0,0,true
b959adf7889c73f298b76207e9e85b392e32377662b9e8d4d48d5d96c79302b0,1,false
b959adf7889c73f298b76207e9e85b392e32377662b9e8d4d48d5d96c79302b0,2,false
19c49b47c95579f24c92afb0bcb1357d262d2fe97263037ed0fa374cc64d6b03,0,true
19c49b47c95579f24c92afb0bcb1357d262d2fe97263037ed0fa374cc64d6b03,1,false
19c49b47c95579f24c92afb0bcb1357d262d2fe97263037ed0fa374cc64d6b03,2,false
99437240ee9de6e1d21b454ea6240129f5f28b77981030a78cb8215f325560f0,0,false
99437240ee9de6e1d21b454ea6240129f5f28b77981030a78cb8215f325560f0,1,true
99437240ee9de6e1d21b454ea6240129f5f28b77981030a78cb8215f325560f0,2,false
27a1b98ebe5552e73c7e1b047f416b6382bbf440d3537c38ea8c5d7f63a90dee,0,false
27a1b98ebe5552e73c7e1b047f416b6382bbf440d3537c38ea8c5d7f63a90dee,1,true
27a1b98ebe5552e73c7e1b047f416b6382bbf440d3537c38ea8c5d7f63a90dee,2,false
416bc54e004b9587684cf5feda00890c8e47fb2f1d6e80703458f0c41ea6b140,0,true
416bc54e004b9587684cf5feda00890c8e47fb2f1d6e80703458f0c41ea6b140,1,false
416bc54e004b9587684cf5feda00890c8e47fb2f1d6e80703458f0c41ea6b140,2,false
7a32560f918261e8753544cc66be503ab555d770f784e125817993d679c4ba35,0,false
7a32560f918261e8753544cc66be503ab555d770f784e125817993d679c4ba35,1,false
7a32560f918261e8753544cc66be503ab555d770f784e125817993d679c4ba35,2,true
665a6ab8e86049f1dd658077bcf4da936c8d375d0a9ead785a16407013bf42e8,0,true
665a6ab8e86049f1dd658077bcf4da936c8d375d0a9ead785a16407013bf42e8,1,false
665a6ab8e86049f1dd658077bcf4da936c8d375d0a9ead785a16407013bf42e8,2,false
104be2f1e28f05d4f582e11d26f44662e8fccdb282fd5ca1826c858248c701d2,0,false
104be2f1e28f05d4f582e11d26f44662e8fccdb282fd5ca1826c858248c701d2,1,true
104be2f1e28f05d4f582e11d26f44662e8fccdb282fd5ca1826c858248c701d2,2,false
ae6540ae622cd594663f7706fbdd4696829b6ef6d454c61d4dedafdea659a215,0,true
ae6540ae622cd594663f7706fbdd4696829b6ef6d454c61d4dedafdea659a215,1,false
ae6540ae622cd594663f7706fbdd4696829b6ef6d454c61d4dedafdea659a215,2,false
0ebcedd11fd0675043e703765f21f78a0057874aba0a0630f5361d43aac9be01,0,false
0ebcedd11fd0675043e703765f21f78a0057874aba0a0630f5361d43aac9be01,1,false
0ebcedd11fd0675043e703765f21f78a0057874aba0a0630f5361d43aac9be01,2,true
3e2453c2e1d4a9e53a9f00930b7ddeee03fc030d1795d6d8fbf76cfcc3f7e6c8,0,false
3e2453c2e1d4a9e53a9f00930b7ddeee03fc030d1795d6d8fbf76cfcc3f7e6c8,1,true
3e2453c2e1d4a9e53a9f00930b7ddeee03fc030d1795d6d8fbf76cfcc3f7e6c8,2,false
4531cb1219b5db192d630a2ae3343d497810b3090cf919a81c03904b2f8f0435,0,false
4531cb1219b5db192d630a2ae3343d497810b3090cf919a81c03904b2f8f0435,1,false
4531cb1219b5db192d630a2ae3343d497810b3090cf919a81c03904b2f8f0435,2,true
70ca31495ad2788b14ead07895689176f8583cb479d1f9cb76bd518d1caf1110,0,false
70ca31495ad2788b14ead07895689176f8583cb479d1f9cb76bd518d1caf1110,1,true
70ca31495ad2788b14ead07895689176f8583cb479d1f9cb76bd518d1caf1110,2,false
9fbae48ae4c3115e1a01256c688c3e53e2e9b70d470ed88a5f017546bd55888a,0,true
9fbae48ae4c3115e1a01256c688c3e53e2e9b70d470ed88a5f017546bd55888a,1,false
9fbae48ae4c3115e1a01256c688c3e53e2e9b70d470ed88a5f017546bd55888a,2,false
e69d715450ef94b814c37b0a50b1284fdc79b3c3605a4e910b2d0e5dddeda5d2,0,false
e69d715450ef94b814c37b0a50b1284fdc79b3c3605a4e910b2d0e5dddeda5d2,1,false
e69d715450ef94b814c37b0a50b1284fdc79b3c3605a4e910b2d0e5dddeda5d2,2,true
7b991d9f45396d75eba36d292d8c6c3a3b2ab6955180ec1d88525802b472b9af,0,true
7b991d9f45396d75eba36d292d8c6c3a3b2ab6955180ec1d88525802b472b9af,1,false
7b991d9f45396d75eba36d292d8c6c3a3b2ab6955180ec1d88525802b472b9af,2,false
0702173ef4251de9696af5cd635dd42a567d6cc7787a3c00b543ea743d8e8a5a,0,true
0702173ef4251de9696af5cd635dd42a567d6cc7787a3c00b543ea743d8e8a5a,1,false
0702173ef4251de9696af5cd635dd42a567d6cc7787a3c00b543ea743d8e8a5a,2,false
6f80665233eebb86a11fec073d6f9deeadecc20a43832bbf3af48759a291d08c,0,false
6f80665233eebb86a11fec073d6f9deeadecc20a43832bbf3af48759a291d08c,1,true
6f80665233eebb86a11fec073d6f9deeadecc20a43832bbf3af48759a291d08c,2,false
8b8e52f91e1d89690d362637deb4502e2c6387f9c580e457e3f386561c824124,0,false
8b8e52f91e1d89690d362637deb4502e2c6387f9c580e457e3f386561c824124,1,false
8b8e52f91e1d89690d362637deb4502e2c6387f9c580e457e3f386561c824124,2,true
c71aa55dee80d049e46f7a680bb5fad3707dde0fbf65bd4bc38e95bb80480729,0,true
c71aa55dee80d049e46f7a680bb5fad3707dde0fbf65bd4bc38e95bb80480729,1,false
c71aa55dee80d049e46f7a680bb5fad3707dde0fbf65bd4bc38e95bb80480729,2,false
6d78b0c3c23da8410bebdcb9318d1b03625c2c8e75c5bccc315902a950d4097e,0,true
6d78b0c3c23da8410bebdcb9318d1b03625c2c8e75c5bccc315902a950d4097e,1,false
6d78b0c3c23da8410bebdcb9318d1b03625c2c8e75c5bccc315902a950d4097e,2,false
e325d76508e2d3d3194c54f27a5523d01ad40e11438c5c867b0ba0956a84648b,0,false
e325d76508e2d3d3194c54f27a5523d01ad40e11438c5c867b0ba0956a84648b,1,true
e325d76508e2d3d3194c54f27a5523d01ad40e11438c5c867b0ba0956a84648b,2,false
3bfe1004d1e3b46e9b664ad8e785749df6cbe0febc8fc81dcc0359c5b41f0d35,0,true
3bfe1004d1e3b46e9b664ad8e785749df6cbe0febc8fc81dcc0359c5b41f0d35,1,false
3bfe1004d1e3b46e9b664ad8e785749df6cbe0febc8fc81dcc0359c5b41f0d35,2,false
b61997185da3a26cbb928b33852f30c7c1daa6db325819bcf789eece45368082,0,false
b61997185da3a26cbb928b33852f30c7c1daa6db325819bcf789eece45368082,1,true
b61997185da3a26cbb928b33852f30c7c1daa6db325819bcf789eece45368082,2,false
831ec3bff5adedd7640ff6723b00dc0e89157dd9b4474d030badc8f5db869c6d,0,false
831ec3bff5adedd7640ff6723b00dc0e89157dd9b4474d030badc8f5db869c6d,1,true
831ec3bff5adedd7640ff6723b00dc0e89157dd9b4474d030badc8f5db869c6d,2,false
8861038c061c3419cb297c114491345b6c0069763054fb3a4a579b103769d95c,0,true
8861038c061c3419cb297c114491345b6c0069763054fb3a4a579b103769d95c,1,false
8861038c061c3419cb297c114491345b6c0069763054fb3a4a579b103769d95c,2,false
8c20ed42edf2bf057caff0f95a8247991c31fa070506612949d65c7e3596e765,0,false
8c20ed42edf2bf057caff0f95a8247991c31fa070506612949d65c7e3596e765,1,false
8c20ed42edf2bf057caff0f95a8247991c31fa070506612949d65c7e3596e765,2,true
61f592c78502d9a6f33e231f4b359a1845759d664690028578b307612ff39cbb,0,false
61f592c78502d9a6f33e231f4b359a1845759d664690028578b307612ff39cbb,1,false
61f592c78502d9a6f33e231f4b359a1845759d664690028578b307612ff39cbb,2,true
0bc42e3dc8c1d29429201dec4a345b4bc88e57b5daa27d616af2dc5bbe756d66,0,true
0bc42e3dc8c1d29429201dec4a345b4bc88e57b5daa27d616af2dc5bbe756d66,1,false
0bc42e3dc8c1d29429201dec4a345b4bc88e57b5daa27d616af2dc5bbe756d66,2,false
18901eb8d6a768306d525a46407cedbefd32c62ff8356e03e2ba717463f32dc8,0,true
18901eb8d6a768306d525a46407cedbefd32c62ff8356e03e2ba717463f32dc8,1,false
18901eb8d6a768306d525a46407cedbefd32c62ff8356e03e2ba717463f32dc8,2,false
93247ae194b545a41693a6f12cb3fa1f6efcc72ebd4dd0a581ddc728bcdd83f7,0,true
93247ae194b545a41693a6f12cb3fa1f6efcc72ebd4dd0a581ddc728bcdd83f7,1,false
93247ae194b545a41693a6f12cb3fa1f6efcc72ebd4dd0a581ddc728bcdd83f7,2,false
822f1a8a761a4c301e1067e03f299dd225adc20d095a0c6206ca676bc5d4a487,0,false
822f1a8a761a4c301e1067e03f299dd225adc20d095a0c6206ca676bc5d4a487,1,false
822f1a8a761a4c301e1067e03f299dd225adc20d095a0c6206ca676bc5d4a487,2,true
866493821c0e1793a5d5cadea78643134d5a599ea30e86866dc4ebfe9ed1f127,0,false
866493821c0e1793a5d5cadea78643134d5a599ea30e86866dc4ebfe9ed1f127,1,true
866493821c0e1793a5d5cadea78643134d5a599ea30e86866dc4ebfe9ed1f127,2,false
d000a393abcc51a408674f4b2ddde997652334fdbef6f61e348d3bc2815778ab,0,false
d000a393abcc51a408674f4b2ddde997652334fdbef6f61e348d3bc2815778ab,1,false
d000a393abcc51a408674f4b2ddde997652334fdbef6f61e348d3bc2815778ab,2,true
cdd7a0624455a5c53413273a5a2ba366905685f9778efca972d7e84cb4097370,0,false
cdd7a0624455a5c53413273a5a2ba366905685f9778efca972d7e84cb4097370,1,true
cdd7a0624455a5c53413273a5a2ba366905685f9778efca972d7e84cb4097370,2,false
353f569f2438bfd1319ba6844587788fd78f644e797355d6117b199f39788e95,0,false
353f569f2438bfd1319ba6844587788fd78f644e797355d6117b199f39788e95,1,true
353f569f2438bfd1319ba6844587788fd78f644e797355d6117b199f39788e95,2,false
d594c181fa88c4d5e11618a0d3c31975b4e15c09448da679b243cbc85cca8b94,0,false
d594c181fa88c4d5e11618a0d3c31975b4e15c09448da679b243cbc85cca8b94,1,false
d594c181fa88c4d5e11618a0d3c31975b4e15c09448da679b243cbc85cca8b94,2,true
8e901d4b157c18bbd882fe7f2620714b0b20ecb8d1fa73b1052eb9f540884b47,0,true
8e901d4b157c18bbd882fe7f2620714b0b20ecb8d1fa73b1052eb9f540884b47,1,false
8e901d4b157c18bbd882fe7f2620714b0b20ecb8d1fa73b1052eb9f540884b47,2,false
f9e2fb6498ca6f9eb45a17a153dbae8e5a05a25a8bf6bb2835903ab952eaeeb6,0,false
f9e2fb6498ca6f9eb45a17a153dbae8e5a05a25a8bf6bb2835903ab952eaeeb6,1,true
f9e2fb6498ca6f9eb45a17a153dbae8e5a05a25a8bf6bb2835903ab952eaeeb6,2,false
57fbf9e15f538ed22d376dd05d860209c0277fe49231ce0a177474da8dc7e90d,0,true
57fbf9e15f538ed22d376dd05d860209c0277fe49231ce0a177474da8dc7e90d,1,false
57fbf9e15f538ed22d376dd05d860209c0277fe49231ce0a177474da8dc7e90d,2,false
bcaac2f1e057e22e4c0a4a29e87b3560faa3ff43e0d2b2222297abbdd9ff43f0,0,false
bcaac2f1e057e22e4c0a4a29e87b3560faa3ff43e0d2b2222297abbdd9ff43f0,1,true
bcaac2f1e057e22e4c0a4a29e87b3560faa3ff43e0d2b2222297abbdd9ff43f0,2,false
5b5ff3be16058016189f606d1a34a0f1e43eff2d4ce31d8286a8977173be4cc6,0,false
5b5ff3be16058016189f606d1a34a0f1e43eff2d4ce31d8286a8977173be4cc6,1,false
5b5ff3be16058016189f606d1a34a0f1e43eff2d4ce31d8286a8977173be4cc6,2,true
0b3c8cf80eaf020a66c2a050c9d0366a47c40b4b513bd0bfeb0c18ba2e57284a,0,false
0b3c8cf80eaf020a66c2a050c9d0366a47c40b4b513bd0bfeb0c18ba2e57284a,1,true
0b3c8cf80eaf020a66c2a050c9d0366a47c40b4b513bd0bfeb0c18ba2e57284a,2,false
efb305b278b577951a9c4e4ead0eda31a46da0963c91be67129c05b385398a3c,0,false
efb305b278b577951a9c4e4ead0eda31a46da0963c91be67129c05b385398a3c,1,true
efb305b278b577951a9c4e4ead0eda31a46da0963c91be67129c05b385398a3c,2,false
cb4fad6ac66aa049afec8ba814a859847410c8ded625336d45c3ec2341bfeb82,0,false
cb4fad6ac66aa049afec8ba814a859847410c8ded625336d45c3ec2341bfeb82,1,true
cb4fad6ac66aa049afec8ba814a859847410c8ded625336d45c3ec2341bfeb82,2,false
c6e14ed596f41a582d9a1c216fdd83492f0d2e99e369879002d9b088085b3c90,0,true
c6e14ed596f41a582d9a1c216fdd83492f0d2e99e369879002d9b088085b3c90,1,false
c6e14ed596f41a582d9a1c216fdd83492f0d2e99e369879002d9b088085b3c90,2,false
52a6fcad9aca5ab3697e9d8ed11d398d21363a833b1ba08df861a7ac76bbe48b,0,false
52a6fcad9aca5ab3697e9d8ed11d398d21363a833b1ba08df861a7ac76bbe48b,1,true
52a6fcad9aca5ab3697e9d8ed11d398d21363a833b1ba08df861a7ac76bbe48b,2,false
e40a896a08bbae55f989bf111cdbda9979c7bd5d04f74c1889c3868481063849,0,true
e40a896a08bbae55f989bf111cdbda9979c7bd5d04f74c1889c3868481063849,1,false
e40a896a08bbae55f989bf111cdbda9979c7bd5d04f74c1889c3868481063849,2,false
14fb34322ce1749992159027031db74c69724656ed3d38a2828fff25198f9579,0,true
14fb34322ce1749992159027031db74c69724656ed3d38a2828fff25198f9579,1,false
14fb34322ce1749992159027031db74c69724656ed3d38a2828fff25198f9579,2,false
c01aa1b95abf4909e2bf7f405da35f8327c7b4c8b794b85a6ed8603c34b99f61,0,true
c01aa1b95abf4909e2bf7f405da35f8327c7b4c8b794b85a6ed8603c34b99f61,1,false
c01aa1b95abf4909e2bf7f405da35f8327c7b4c8b794b85a6ed8603c34b99f61,2,false
96815a9a04520668a311d5f31d0f4a3870e1ddf34e492c0c7e54d382000e3949,0,true
96815a9a04520668a311d5f31d0f4a3870e1ddf34e492c0c7e54d382000e3949,1,false
96815a9a04520668a311d5f31d0f4a3870e1ddf34e492c0c7e54d382000e3949,2,false
ad039d8ed92612fe6d776b2755f77dec0478cad05266cd1efc1f550a7ed50547,0,false
ad039d8ed92612fe6d776b2755f77dec0478cad05266cd1efc1f550a7ed50547,1,true
ad039d8ed92612fe6d776b2755f77dec0478cad05266cd1efc1f550a7ed50547,2,false
dc0c9b67282e6a6005dede1daa20abdc4ff612d18fe36c9ae30c23868cc89885,0,true
dc0c9b67282e6a6005dede1daa20abdc4ff612d18fe36c9ae30c23868cc89885,1,false
dc0c9b67282e6a6005dede1daa20abdc4ff612d18fe36c9ae30c23868cc89885,2,false
39a50743fb8cd02b8efc31ce5cd5ad94be9344771976c6c1b5161088552bd0ff,0,false
39a50743fb8cd02b8efc31ce5cd5ad94be9344771976c6c1b5161088552bd0ff,1,false
39a50743fb8cd02b8efc31ce5cd5ad94be9344771976c6c1b5161088552bd0ff,2,true
6ff6d060699c76378537ba22903a757d400c895a7df2c446709c0fa74cb65b3e,0,false
6ff6d060699c76378537ba22903a757d400c895a7df2c446709c0fa74cb65b3e,1,true
6ff6d060699c76378537ba22903a757d400c895a7df2c446709c0fa74cb65b3e,2,false
1d2b0b617fa67067cd65f15e7dda09c4eb9fd4833f583d3c60a1c4e8b198af54,0,true
1d2b0b617fa67067cd65f15e7dda09c4eb9fd4833f583d3c60a1c4e8b198af54,1,false
1d2b0b617fa67067cd65f15e7dda09c4eb9fd4833f583d3c60a1c4e8b198af54,2,false
9710663177bfd1b913fb1108e423f78a82da5abe04ad4b46da843153766aafe2,0,false
9710663177bfd1b913fb1108e423f78a82da5abe04ad4b46da843153766aafe2,1,false
9710663177bfd1b913fb1108e423f78a82da5abe04ad4b46da843153766aafe2,2,true
f104328f7873c8fdc4cce7d2b2bf451f26d350016fcd0d05d40084b44b1b1205,0,false
f104328f7873c8fdc4cce7d2b2bf451f26d350016fcd0d05d40084b44b1b1205,1,true
f104328f7873c8fdc4cce7d2b2bf451f26d350016fcd0d05d40084b44b1b1205,2,false
a764cd2ec607486cbfed63374aaf63b97d8b599dae14963eb026607055410512,0,true
a764cd2ec607486cbfed63374aaf63b97d8b599dae14963eb026607055410512,1,false
a764cd2ec607486cbfed63374aaf63b97d8b599dae14963eb026607055410512,2,false
e7f62a12291fe8e0eb14c265c007e90ba0b44000c518d8a3f488d61716648119,0,false
e7f62a12291fe8e0eb14c265c007e90ba0b44000c518d8a3f488d61716648119,1,true
e7f62a12291fe8e0eb14c265c007e90ba0b44000c518d8a3f488d61716648119,2,false
27822d11d4fa9aa6a5ff20081f28d31a2f9213cdbe846c25c752f822bb3df53d,0,false
27822d11d4fa9aa6a5ff20081f28d31a2f9213cdbe846c25c752f822bb3df53d,1,true
27822d11d4fa9aa6a5ff20081f28d31a2f9213cdbe846c25c752f822bb3df53d,2,false
5b34a02b26ecf876399700f66b759e1115458ce511da3d1db26dc4d59f022cd8,0,false
5b34a02b26ecf876399700f66b759e1115458ce511da3d1db26dc4d59f022cd8,1,true
5b34a02b26ecf876399700f66b759e1115458ce511da3d1db26dc4d59f022cd8,2,false
32365bedc1ca60d5f0d1b3a81c119a3dd4d27aedec80111cc14c8c7629974bfd,0,false
32365bedc1ca60d5f0d1b3a81c119a3dd4d27aedec80111cc14c8c7629974bfd,1,true
32365bedc1ca60d5f0d1b3a81c119a3dd4d27aedec80111cc14c8c7629974bfd,2,false
f07f6b9bd50ffb7062b71162c208a212994956db5d4858a0f7c0e48b21552c08,0,true
f07f6b9bd50ffb7062b71162c208a212994956db5d4858a0f7c0e48b21552c08,1,false
f07f6b9bd50ffb7062b71162c208a212994956db5d4858a0f7c0e48b21552c08,2,false
afb82fd0340618adc48f193a84d4c3d44171b04c2d8760f19371ef3f89cbcb3b,0,false
afb82fd0340618adc48f193a84d4c3d44171b04c2d8760f19371ef3f89cbcb3b,1,true
afb82fd0340618adc48f193a84d4c3d44171b04c2d8760f19371ef3f89cbcb3b,2,false
bdba06848068e3fbd4ccd5fc43bf244a08f2c1d873fcdc200a2ada5f9e5b20ea,0,true
bdba06848068e3fbd4ccd5fc43bf244a08f2c1d873fcdc200a2ada5f9e5b20ea,1,false
bdba06848068e3fbd4ccd5fc43bf244a08f2c1d873fcdc200a2ada5f9e5b20ea,2,false
5ef8682db9b16deca62639b13acdfcb92c51721c95a3b0efa4f4b6789e2f4baa,0,false
5ef8682db9b16deca62639b13acdfcb92c51721c95a3b0efa4f4b6789e2f4baa,1,false
5ef8682db9b16deca62639b13acdfcb92c51721c95a3b0efa4f4b6789e2f4baa,2,true
88746b7b73a2ec21ae78b4924da22d231b389c113c98f322f9fd009064cc8f25,0,false
88746b7b73a2ec21ae78b4924da22d231b389c113c98f322f9fd009064cc8f25,1,false
88746b7b73a2ec21ae78b4924da22d231b389c113c98f322f9fd009064cc8f25,2,true
a36c1c26cc014d262e06bf718497eea56054285c13b0a32fe4da2543b79eabb7,0,false
a36c1c26cc014d262e06bf718497eea56054285c13b0a32fe4da2543b79eabb7,1,true
a36c1c26cc014d262e06bf718497eea56054285c13b0a32fe4da2543b79eabb7,2,false
a2f5d83819d48f6a30d7cc1cb45f04d4a20a5d4fd58a187f10126c1ea0bd6cac,0,false
a2f5d83819d48f6a30d7cc1cb45f04d4a20a5d4fd58a187f10126c1ea0bd6cac,1,false
a2f5d83819d48f6a30d7cc1cb45f04d4a20a5d4fd58a187f10126c1ea0bd6cac,2,true
e88e6fe492980ffb06c78363146f274461ca769197fb5cd10e4e1c649742a91c,0,false
e88e6fe492980ffb06c78363146f274461ca769197fb5cd10e4e1c649742a91c,1,false
e88e6fe492980ffb06c78363146f274461ca769197fb5cd10e4e1c649742a91c,2,true
7e33a35a6635d83a6a5cc5cfeefffc50fae77d1c042d38409a473d3e00be61e7,0,false
7e33a35a6635d83a6a5cc5cfeefffc50fae77d1c042d38409a473d3e00be61e7,1,false
7e33a35a6635d83a6a5cc5cfeefffc50fae77d1c042d38409a473d3e00be61e7,2,true
b7a71f6b33105420f957b770d5209c8076b728e424682309631af568f6dd2e7d,0,true
b7a71f6b33105420f957b770d5209c8076b728e424682309631af568f6dd2e7d,1,false
b7a71f6b33105420f957b770d5209c8076b728e424682309631af568f6dd2e7d,2,false
8c2f2b9b6f2b20c2fb356e80aaf85ab53c75ad11c9f2962ba3c49b52b8531065,0,true
8c2f2b9b6f2b20c2fb356e80aaf85ab53c75ad11c9f2962ba3c49b52b8531065,1,false
8c2f2b9b6f2b20c2fb356e80aaf85ab53c75ad11c9f2962ba3c49b52b8531065,2,false
58216f4c65c202a12b5c77f82f381fcf574192f20807a5de8f06deeb1db68376,0,false
58216f4c65c202a12b5c77f82f381fcf574192f20807a5de8f06deeb1db68376,1,true
58216f4c65c202a12b5c77f82f381fcf574192f20807a5de8f06deeb1db68376,2,false
f9130ac4a27e166ba16f3f8aa93805f4c3ed09761f03a74b51ad01480cdb80ab,0,false
f9130ac4a27e166ba16f3f8aa93805f4c3ed09761f03a74b51ad01480cdb80ab,1,false
f9130ac4a27e166ba16f3f8aa93805f4c3ed09761f03a74b51ad01480cdb80ab,2,true
073218740373b14b480849932bea48542256cfa60d1a8fa1fda556430e7dd866,0,false
073218740373b14b480849932bea48542256cfa60d1a8fa1fda556430e7dd866,1,false
073218740373b14b480849932bea48542256cfa60d1a8fa1fda556430e7dd866,2,true
8f65638c4cbd87cf708ecfbbbc90b7b4bf39c9de6ca9638f86163a5169f58949,0,false
8f65638c4cbd87cf708ecfbbbc90b7b4bf39c9de6ca9638f86163a5169f58949,1,true
8f65638c4cbd87cf708ecfbbbc90b7b4bf39c9de6ca9638f86163a5169f58949,2,false
c8cfb5591ccdead39cb138e60fec40dd70a5df1e1fcc0b74a9601c8236a534b1,0,true
c8cfb5591ccdead39cb138e60fec40dd70a5df1e1fcc0b74a9601c8236a534b1,1,false
c8cfb5591ccdead39cb138e60fec40dd70a5df1e1fcc0b74a9601c8236a534b1,2,false
5a0eb415295f6ca6236136bd473c638e4712efa0bdd120d356d9b60eb0bc8170,0,false
5a0eb415295f6ca6236136bd473c638e4712efa0bdd120d356d9b60eb0bc8170,1,false
5a0eb415295f6ca6236136bd473c638e4712efa0bdd120d356d9b60eb0bc8170,2,true
11d7afa1d273c3c0d68162db97c69cd6f2193ca8e6d91ea3e1669b5782bb7b7f,0,false
11d7afa1d273c3c0d68162db97c69cd6f2193ca8e6d91ea3e1669b5782bb7b7f,1,false
11d7afa1d273c3c0d68162db97c69cd6f2193ca8e6d91ea3e1669b5782bb7b7f,2,true
9f976296cf4491154d6a77facc37c7f2660e8eb6b1353d3157a71ccadd65116c,0,false
9f976296cf4491154d6a77facc37c7f2660e8eb6b1353d3157a71ccadd65116c,1,true
9f976296cf4491154d6a77facc37c7f2660e8eb6b1353d3157a71ccadd65116c,2,false
d3596b265b320f3c04708f3b392218b4409265be5d574480bad509d3049ac02d,0,true
d3596b265b320f3c04708f3b392218b4409265be5d574480bad509d3049ac02d,1,false
d3596b265b320f3c04708f3b392218b4409265be5d574480bad509d3049ac02d,2,false
3e5b406d2f760809bec712ba81d40f9a2ca2580836df10426758032e6eab94ab,0,true
3e5b406d2f760809bec712ba81d40f9a2ca2580836df10426758032e6eab94ab,1,false
3e5b406d2f760809bec712ba81d40f9a2ca2580836df10426758032e6eab94ab,2,false
88137a76d2b54da7a20d43331e799a5df0a2a5a2d8f22599fa5b51dfc6a3dabc,0,false
88137a76d2b54da7a20d43331e799a5df0a2a5a2d8f22599fa5b51dfc6a3dabc,1,false
88137a76d2b54da7a20d43331e799a5df0a2a5a2d8f22599fa5b51dfc6a3dabc,2,true
3a70f37acb44c06a45a0f7564cba1d9a17387a374d2500ddf086b70079f2dd16,0,true
3a70f37acb44c06a45a0f7564cba1d9a17387a374d2500ddf086b70079f2dd16,1,false
3a70f37acb44c06a45a0f7564cba1d9a17387a374d2500ddf086b70079f2dd16,2,false
f0940d7546e620eeff2984e5ecf22adefa671246ed4d2345c33eda5f21274a4f,0,false
f0940d7546e620eeff2984e5ecf22adefa671246ed4d2345c33eda5f21274a4f,1,false
f0940d7546e620eeff2984e5ecf22adefa671246ed4d2345c33eda5f21274a4f,2,true
bba4fc7e9cc1a29544a5149dc19e8fd252aca557bf598f176659fc2eca93449d,0,false
bba4fc7e9cc1a29544a5149dc19e8fd252aca557bf598f176659fc2eca93449d,1,false
bba4fc7e9cc1a29544a5149dc19e8fd252aca557bf598f176659fc2eca93449d,2,true
e71a5e98e1a702712a2741bbd8bb3325da6d53a4208d925c54141cb2d44bb979,0,false
e71a5e98e1a702712a2741bbd8bb3325da6d53a4208d925c54141cb2d44bb979,1,true
e71a5e98e1a702712a2741bbd8bb3325da6d53a4208d925c54141cb2d44bb979,2,false
890a847d57757da708bb6a6ff167b8cb4178dcb406a8374e94ce16a754db369b,0,false
890a847d57757da708bb6a6ff167b8cb4178dcb406a8374e94ce16a754db369b,1,false
890a847d57757da708bb6a6ff167b8cb4178dcb406a8374e94ce16a754db369b,2,true
0c3bc9766eb41a7867df59e9cd547a5214704b7465c8857c41ee0fda385629c9,0,false
0c3bc9766eb41a7867df59e9cd547a5214704b7465c8857c41ee0fda385629c9,1,true
0c3bc9766eb41a7867df59e9cd547a5214704b7465c8857c41ee0fda385629c9,2,false
10d6b050840f1a3d2510498b2c029e5214cf4ce265333bf40fa63190cd1c657e,0,true
10d6b050840f1a3d2510498b2c029e5214cf4ce265333bf40fa63190cd1c657e,1,false
10d6b050840f1a3d2510498b2c029e5214cf4ce265333bf40fa63190cd1c657e,2,false
68ab9cee411cbbf60af39b5d85bf03eb95bae761fe59056122f0d491925b221d,0,true
68ab9cee411cbbf60af39b5d85bf03eb95bae761fe59056122f0d491925b221d,1,false
68ab9cee411cbbf60af39b5d85bf03eb95bae761fe59056122f0d491925b221d,2,false
8497195fec5d901ea440d856eda23bf8c2d183ede78df58d7c29b19263b23218,0,false
8497195fec5d901ea440d856eda23bf8c2d183ede78df58d7c29b19263b23218,1,true
8497195fec5d901ea440d856eda23bf8c2d183ede78df58d7c29b19263b23218,2,false
b2499921bbf38d1a840fb2119c4ddc4dc9b04fe1eecdeceb01d5a1a87abbddec,0,false
b2499921bbf38d1a840fb2119c4ddc4dc9b04fe1eecdeceb01d5a1a87abbddec,1,true
b2499921bbf38d1a840fb2119c4ddc4dc9b04fe1eecdeceb01d5a1a87abbddec,2,false
3238955d2403b7bb26c6cf9ebf3c70325a98012a7eadb2da1b40af02cc7a058b,0,true
3238955d2403b7bb26c6cf9ebf3c70325a98012a7eadb2da1b40af02cc7a058b,1,false
3238955d2403b7bb26c6cf9ebf3c70325a98012a7eadb2da1b40af02cc7a058b,2,false
edf3ed215bd73687ebdaaefbaf0679a14de6c12d5bb45d34ed9d0835bbc33c45,0,false
edf3ed215bd73687ebdaaefbaf0679a14de6c12d5bb45d34ed9d0835bbc33c45,1,true
edf3ed215bd73687ebdaaefbaf0679a14de6c12d5bb45d34ed9d0835bbc33c45,2,false
8ac8824e52251cdd93f5efba3c69626ce364dd39bc5106672e090a37a8c8c21e,0,false
8ac8824e52251cdd93f5efba3c69626ce364dd39bc5106672e090a37a8c8c21e,1,false
8ac8824e52251cdd93f5efba3c69626ce364dd39bc5106672e090a37a8c8c21e,2,true
608c29ae941416f196d3529e72158aacb8747b83305d9dda896ee2a6efde3f79,0,false
608c29ae941416f196d3529e72158aacb8747b83305d9dda896ee2a6efde3f79,1,true
608c29ae941416f196d3529e72158aacb8747b83305d9dda896ee2a6efde3f79,2,false
15cf02bf2eb81847d90880ecf5002fb3fe15a0c8ed89a92b374ed8c63b2098a2,0,false
15cf02bf2eb81847d90880ecf5002fb3fe15a0c8ed89a92b374ed8c63b2098a2,1,true
15cf02bf2eb81847d90880ecf5002fb3fe15a0c8ed89a92b374ed8c63b2098a2,2,false
5b0069516c50607283db833992cc793571982ee33cd2d8ec674dc206a30bf3a7,0,false
5b0069516c50607283db833992cc793571982ee33cd2d8ec674dc206a30bf3a7,1,true
5b0069516c50607283db833992cc793571982ee33cd2d8ec674dc206a30bf3a7,2,false
f55cde545d73c06ebb9697840864cfb3b1f383567f6cd0229d597a0641b67792,0,true
f55cde545d73c06ebb9697840864cfb3b1f383567f6cd0229d597a0641b67792,1,false
f55cde545d73c06ebb9697840864cfb3b1f383567f6cd0229d597a0641b67792,2,false
5c9b85e81c582bc1d0ddad62f623c848ccda01aca7ceacf3dd6ee3b47648a60e,0,false
5c9b85e81c582bc1d0ddad62f623c848ccda01aca7ceacf3dd6ee3b47648a60e,1,true
5c9b85e81c582bc1d0ddad62f623c848ccda01aca7ceacf3dd6ee3b47648a60e,2,false
fbe55f2cfebc2497688549a4c5594b12605435893d8dc5c8d079ba4c257bb43a,0,false
fbe55f2cfebc2497688549a4c5594b12605435893d8dc5c8d079ba4c257bb43a,1,true
fbe55f2cfebc2497688549a4c5594b12605435893d8dc5c8d079ba4c257bb43a,2,false
a354473f18f1b85abf1203b09f8f60af3a3586c5e23950d8eaf0f014b40834ae,0,true
a354473f18f1b85abf1203b09f8f60af3a3586c5e23950d8eaf0f014b40834ae,1,false
a354473f18f1b85abf1203b09f8f60af3a3586c5e23950d8eaf0f014b40834ae,2,false
48c7c3657603d1261e7f66d99f78f94c78ab52b8083d178f8949d996b1dcded4,0,false
48c7c3657603d1261e7f66d99f78f94c78ab52b8083d178f8949d996b1dcded4,1,true
48c7c3657603d1261e7f66d99f78f94c78ab52b8083d178f8949d996b1dcded4,2,false
5a9ab1c31535640871a0411e6269b611711fc8e5574b1ef66012b7b2ebdcd4b9,0,true
5a9ab1c31535640871a0411e6269b611711fc8e5574b1ef66012b7b2ebdcd4b9,1,false
5a9ab1c31535640871a0411e6269b611711fc8e5574b1ef66012b7b2ebdcd4b9,2,false
1356b9f5ebfbc72b50540da354cf4de2766ccdfd6e09754764b4d7c1657357e5,0,false
1356b9f5ebfbc72b50540da354cf4de2766ccdfd6e09754764b4d7c1657357e5,1,true
1356b9f5ebfbc72b50540da354cf4de2766ccdfd6e09754764b4d7c1657357e5,2,false
b6504e30b7686d4b22b076e22c3834cbbf3f82ee0c70d2de557a4e27fd4642da,0,true
b6504e30b7686d4b22b076e22c3834cbbf3f82ee0c70d2de557a4e27fd4642da,1,false
b6504e30b7686d4b22b076e22c3834cbbf3f82ee0c70d2de557a4e27fd4642da,2,false
31832bd765e5c04f255ff2eb7ec2073bca92509d317ee6de2f710eefdfb9d48e,0,true
31832bd765e5c04f255ff2eb7ec2073bca92509d317ee6de2f710eefdfb9d48e,1,false
31832bd765e5c04f255ff2eb7ec2073bca92509d317ee6de2f710eefdfb9d48e,2,false
57f7a5b00fe58a8d03a178936ac204c6228f24c72dcf988dd8958369d5298cf2,0,false
57f7a5b00fe58a8d03a178936ac204c6228f24c72dcf988dd8958369d5298cf2,1,false
57f7a5b00fe58a8d03a178936ac204c6228f24c72dcf988dd8958369d5298cf2,2,true
d114127bdbf19517ceffc3fdc1432969ef2b97f5584fcf3ad5829a72af24a13f,0,false
d114127bdbf19517ceffc3fdc1432969ef2b97f5584fcf3ad5829a72af24a13f,1,false
d114127bdbf19517ceffc3fdc1432969ef2b97f5584fcf3ad5829a72af24a13f,2,true
5ec66bf90a3b0f9072c288751f18f8d3f2dd5e979cb78772f0aa9a224a62a7c5,0,true
5ec66bf90a3b0f9072c288751f18f8d3f2dd5e979cb78772f0aa9a224a62a7c5,1,false
5ec66bf90a3b0f9072c288751f18f8d3f2dd5e979cb78772f0aa9a224a62a7c5,2,false
8f65c1877f814e122b0f321a63870370453dbf8e74325be9f46aba68768625ea,0,false
8f65c1877f814e122b0f321a63870370453dbf8e74325be9f46aba68768625ea,1,false
8f65c1877f814e122b0f321a63870370453dbf8e74325be9f46aba68768625ea,2,true
edba85e0eaaf3f01905351e4de65de7a66deedbd1cf394b1d3f87937f7a4e075,0,false
edba85e0eaaf3f01905351e4de65de7a66deedbd1cf394b1d3f87937f7a4e075,1,true
edba85e0eaaf3f01905351e4de65de7a66deedbd1cf394b1d3f87937f7a4e075,2,false
14f87f8f468aaed214a59b3b4d2b6c058109877c5ac41d1612006b562ea26b24,0,true
14f87f8f468aaed214a59b3b4d2b6c058109877c5ac41d1612006b562ea26b24,1,false
14f87f8f468aaed214a59b3b4d2b6c058109877c5ac41d1612006b562ea26b24,2,false
500aa153045f27cfcc7b1e4a4a544fe454d0db48a7b93791a6bd6d2e6378a74e,0,false
500aa153045f27cfcc7b1e4a4a544fe454d0db48a7b93791a6bd6d2e6378a74e,1,false
500aa153045f27cfcc7b1e4a4a544fe454d0db48a7b93791a6bd6d2e6378a74e,2,true
7bde333a3e8bcbb0a4285369f08627c3de4ab33832ed92fcd235f86c91fb0122,0,true
7bde333a3e8bcbb0a4285369f08627c3de4ab33832ed92fcd235f86c91fb0122,1,false
7bde333a3e8bcbb0a4285369f08627c3de4ab33832ed92fcd235f86c91fb0122,2,false
bf840b2940f7486a899850f759fb8368c87a3d6c794d945fe0a98f5f45813ac3,0,false
bf840b2940f7486a899850f759fb8368c87a3d6c794d945fe0a98f5f45813ac3,1,false
bf840b2940f7486a899850f759fb8368c87a3d6c794d945fe0a98f5f45813ac3,2,true
7ceebdda1a5ab54d3869cc17dcc2e9a8a5fe07d25fc7d5debbd027764bae7c1b,0,true
7ceebdda1a5ab54d3869cc17dcc2e9a8a5fe07d25fc7d5debbd027764bae7c1b,1,false
7ceebdda1a5ab54d3869cc17dcc2e9a8a5fe07d25fc7d5debbd027764bae7c1b,2,false
d15b1166202d966cfb4838868c0800879d2f78d696546c5476ba47c6cfd93843,0,false
d15b1166202d966cfb4838868c0800879d2f78d696546c5476ba47c6cfd93843,1,true
d15b1166202d966cfb4838868c0800879d2f78d696546c5476ba47c6cfd93843,2,false
1c8505423e3329c42b51ad6a788a6e564ee906dec3a3dbbc2eea5f2fc79b1fce,0,false
1c8505423e3329c42b51ad6a788a6e564ee906dec3a3dbbc2eea5f2fc79b1fce,1,true
1c8505423e3329c42b51ad6a788a6e564ee906dec3a3dbbc2eea5f2fc79b1fce,2,false
972d387914c5cfcec78d1ad0fcf916c765b94221d91e177d5ccdf5cea1ca144d,0,false
972d387914c5cfcec78d1ad0fcf916c765b94221d91e177d5ccdf5cea1ca144d,1,true
972d387914c5cfcec78d1ad0fcf916c765b94221d91e177d5ccdf5cea1ca144d,2,false
ff3c826c0df414a3e7eb51ff76a2440c9f17769a8dd12e5e0b371416e58b9bb5,0,true
ff3c826c0df414a3e7eb51ff76a2440c9f17769a8dd12e5e0b371416e58b9bb5,1,false
ff3c826c0df414a3e7eb51ff76a2440c9f17769a8dd12e5e0b371416e58b9bb5,2,false
7c76a9d4e45a114489beb9bb53d38a3c5ce0e7ece11b956c7839a19dffa0662f,0,false
7c76a9d4e45a114489beb9bb53d38a3c5ce0e7ece11b956c7839a19dffa0662f,1,false
7c76a9d4e45a114489beb9bb53d38a3c5ce0e7ece11b956c7839a19dffa0662f,2,true
d82b0ce315c545f8a87302e2d0b4a76bbf7f486224ffd71a2486f907ea92a9c2,0,true
d82b0ce315c545f8a87302e2d0b4a76bbf7f486224ffd71a2486f907ea92a9c2,1,false
d82b0ce315c545f8a87302e2d0b4a76bbf7f486224ffd71a2486f907ea92a9c2,2,false
4c255f906b7130d94c5cdaa57ce0f5fa17c98de32f6ce0fefb4abb0aa8836cd0,0,false
4c255f906b7130d94c5cdaa57ce0f5fa17c98de32f6ce0fefb4abb0aa8836cd0,1,false
4c255f906b7130d94c5cdaa57ce0f5fa17c98de32f6ce0fefb4abb0aa8836cd0,2,true
a18fa31b224404c73bd058b457430e11621d62d880271fa640a852af4928c943,0,false
a18fa31b224404c73bd058b457430e11621d62d880271fa640a852af4928c943,1,false
a18fa31b224404c73bd058b457430e11621d62d880271fa640a852af4928c943,2,true
d5105fd2a5bf2135c455d99b7cdade1ad6a5ae78773ce50d95901e5bc9b09f0c,0,false
d5105fd2a5bf2135c455d99b7cdade1ad6a5ae78773ce50d95901e5bc9b09f0c,1,true
d5105fd2a5bf2135c455d99b7cdade1ad6a5ae78773ce50d95901e5bc9b09f0c,2,false
2a0efd4338adea41435d7ec16775b6ef652b9104a600b7326f88f02485e5867f,0,true
2a0efd4338adea41435d7ec16775b6ef652b9104a600b7326f88f02485e5867f,1,false
2a0efd4338adea41435d7ec16775b6ef652b9104a600b7326f88f02485e5867f,2,false
4927a1091ed2be37ebfe56376a0853ac16b250df55e20bea51863aa3fb81fcdd,0,true
4927a1091ed2be37ebfe56376a0853ac16b250df55e20bea51863aa3fb81fcdd,1,false
4927a1091ed2be37ebfe56376a0853ac16b250df55e20bea51863aa3fb81fcdd,2,false
39701ae175929c9ed9c46bc9ab909f4a6fada4315accd5486186ad2c59eb2e89,0,true
39701ae175929c9ed9c46bc9ab909f4a6fada4315accd5486186ad2c59eb2e89,1,false
39701ae175929c9ed9c46bc9ab909f4a6fada4315accd5486186ad2c59eb2e89,2,false
e7147e3906e123a9dc1ef37a6a2f2f239acd465e1fba7cb7082019b12009241e,0,false
e7147e3906e123a9dc1ef37a6a2f2f239acd465e1fba7cb7082019b12009241e,1,false
e7147e3906e123a9dc1ef37a6a2f2f239acd465e1fba7cb7082019b12009241e,2,true
88e3e79b14ba5009d47fcfaca5f68303c78062b554deb159d1da1312de8942a7,0,false
88e3e79b14ba5009d47fcfaca5f68303c78062b554deb159d1da1312de8942a7,1,true
88e3e79b14ba5009d47fcfaca5f68303c78062b554deb159d1da1312de8942a7,2,false
898e07ae51fb865a871f8c06c5b69ed5b22dc4e50e56628a8600219dc6ce8a10,0,true
898e07ae51fb865a871f8c06c5b69ed5b22dc4e50e56628a8600219dc6ce8a10,1,false
898e07ae51fb865a871f8c06c5b69ed5b22dc4e50e56628a8600219dc6ce8a10,2,false
7dd1ca1823cf56407893fab5e574949a14b9621217b6d65189a040736bfcb03a,0,false
7dd1ca1823cf56407893fab5e574949a14b9621217b6d65189a040736bfcb03a,1,true
7dd1ca1823cf56407893fab5e574949a14b9621217b6d65189a040736bfcb03a,2,false
0c7d18f765b4e7ed032d05ff775d099ebbbf3ffe5c263793c7a36bb1d6d00366,0,true
0c7d18f765b4e7ed032d05ff775d099ebbbf3ffe5c263793c7a36bb1d6d00366,1,false
0c7d18f765b4e7ed032d05ff775d099ebbbf3ffe5c263793c7a36bb1d6d00366,2,false
9b1c866b22d298c4ad6ab7e71c18987277aa7ecf99c8186ed3bd6696b34a32b4,0,false
9b1c866b22d298c4ad6ab7e71c18987277aa7ecf99c8186ed3bd6696b34a32b4,1,true
9b1c866b22d298c4ad6ab7e71c18987277aa7ecf99c8186ed3bd6696b34a32b4,2,false
b63383cee1f341b86714999114af5d891a810fd91b293e7ff618bcc1afac57c1,0,true
b63383cee1f341b86714999114af5d891a810fd91b293e7ff618bcc1afac57c1,1,false
b63383cee1f341b86714999114af5d891a810fd91b293e7ff618bcc1afac57c1,2,false
1fbb1eb23658964b2e8f95ac95d90d08984652e7ebba6010d10b9ab07b590d53,0,true
1fbb1eb23658964b2e8f95ac95d90d08984652e7ebba6010d10b9ab07b590d53,1,false
1fbb1eb23658964b2e8f95ac95d90d08984652e7ebba6010d10b9ab07b590d53,2,false
6fcb662c18ff38fe998cec5188c59c1047b52a8f74698ee540ec45732778fecd,0,true
6fcb662c18ff38fe998cec5188c59c1047b52a8f74698ee540ec45732778fecd,1,false
6fcb662c18ff38fe998cec5188c59c1047b52a8f74698ee540ec45732778fecd,2,false
02076adf3c9a6053748c79b0494401926a88a54799a681ac39f647b3c8ca13eb,0,false
02076adf3c9a6053748c79b0494401926a88a54799a681ac39f647b3c8ca13eb,1,true
02076adf3c9a6053748c79b0494401926a88a54799a681ac39f647b3c8ca13eb,2,false
be5dd51d4f42d117f861e76cbe91dbd2ca4ab23bf1b47e4092442ff8da555f1f,0,false
be5dd51d4f42d117f861e76cbe91dbd2ca4ab23bf1b47e4092442ff8da555f1f,1,false
be5dd51d4f42d117f861e76cbe91dbd2ca4ab23bf1b47e4092442ff8da555f1f,2,true
16a68df62400a8a46c580424c6d91db570bb60dbc105d33628a2ea219f20eca3,0,true
16a68df62400a8a46c580424c6d91db570bb60dbc105d33628a2ea219f20eca3,1,false
16a68df62400a8a46c580424c6d91db570bb60dbc105d33628a2ea219f20eca3,2,false
e6495ed53b76902f0e0b3315c19bc64dc13d54342798dd0471ec515dc27ac036,0,false
e6495ed53b76902f0e0b3315c19bc64dc13d54342798dd0471ec515dc27ac036,1,true
e6495ed53b76902f0e0b3315c19bc64dc13d54342798dd0471ec515dc27ac036,2,false
84b86a32621099b3d86845dd234ca2ecf982e05e338d67e7679486102238c9cf,0,false
84b86a32621099b3d86845dd234ca2ecf982e05e338d67e7679486102238c9cf,1,false
84b86a32621099b3d86845dd234ca2ecf982e05e338d67e7679486102238c9cf,2,true
a7c3b7f8b833e10689305d9cdcf6d8d2a84a52fb819a2d1e9b91684206937601,0,false
a7c3b7f8b833e10689305d9cdcf6d8d2a84a52fb819a2d1e9b91684206937601,1,true
a7c3b7f8b833e10689305d9cdcf6d8d2a84a52fb819a2d1e9b91684206937601,2,false
d34a28a04cd78ed1b99a988b0cf20d2c65beae6ea94da704c92638cc31f82617,0,false
d34a28a04cd78ed1b99a988b0cf20d2c65beae6ea94da704c92638cc31f82617,1,false
d34a28a04cd78ed1b99a988b0cf20d2c65beae6ea94da704c92638cc31f82617,2,true
3739d6e015474309670ec83495243e2a8a9f90f9cc66ae589e6e693095b7d41a,0,false
3739d6e015474309670ec83495243e2a8a9f90f9cc66ae589e6e693095b7d41a,1,true
3739d6e015474309670ec83495243e2a8a9f90f9cc66ae589e6e693095b7d41a,2,false
74e82ce5e07481a7dd007435160bb8c553ee3d08db041a47092200bebeec95e4,0,true
74e82ce5e07481a7dd007435160bb8c553ee3d08db041a47092200bebeec95e4,1,false
74e82ce5e07481a7dd007435160bb8c553ee3d08db041a47092200bebeec95e4,2,false
a7a8a71ba094a086bcd7fad031817aa3a9d0d0c4dbf6eef815a391c8ff023075,0,false
a7a8a71ba094a086bcd7fad031817aa3a9d0d0c4dbf6eef815a391c8ff023075,1,false
a7a8a71ba094a086bcd7fad031817aa3a9d0d0c4dbf6eef815a391c8ff023075,2,true
6709f6cc1485a8325eaf3b0fcde26c29363fb73ed1e7e3d03079b7684586b5f8,0,true
6709f6cc1485a8325eaf3b0fcde26c29363fb73ed1e7e3d03079b7684586b5f8,1,false
6709f6cc1485a8325eaf3b0fcde26c29363fb73ed1e7e3d03079b7684586b5f8,2,false
66a8069552191b14fed6914c8bd24fd26cbdb30be0af9972a25079ec7961c466,0,true
66a8069552191b14fed6914c8bd24fd26cbdb30be0af9972a25079ec7961c466,1,false
66a8069552191b14fed6914c8bd24fd26cbdb30be0af9972a25079ec7961c466,2,false
dffd6c73df0b26130c2ba8b4308de42a5e2b32d5f5699d27bd9374e1f2c80461,0,true
dffd6c73df0b26130c2ba8b4308de42a5e2b32d5f5699d27bd9374e1f2c80461,1,false
dffd6c73df0b26130c2ba8b4308de42a5e2b32d5f5699d27bd9374e1f2c80461,2,false
b785248ae96b96a8a757c03c9d33cfb7a30bdddd0a8890b08c122cbe6d65e01a,0,false
b785248ae96b96a8a757c03c9d33cfb7a30bdddd0a8890b08c122cbe6d65e01a,1,false
b785248ae96b96a8a757c03c9d33cfb7a30bdddd0a8890b08c122cbe6d65e01a,2,true
bcd63d06e5c90d77e3d0c5df9f6a4117e3eb916376573ec349e149536279eea2,0,false
bcd63d06e5c90d77e3d0c5df9f6a4117e3eb916376573ec349e149536279eea2,1,false
bcd63d06e5c90d77e3d0c5df9f6a4117e3eb916376573ec349e149536279eea2,2,true
b2524e2ae8ba6fa657cda17d79cad05374a247d45043456fa4d7eaa3a7e09d82,0,true
b2524e2ae8ba6fa657cda17d79cad05374a247d45043456fa4d7eaa3a7e09d82,1,false
b2524e2ae8ba6fa657cda17d79cad05374a247d45043456fa4d7eaa3a7e09d82,2,false
96c604e0021fa563d42b9eef62bddabf9849fb3de0fcd335cad3a52c0aeaac1f,0,false
96c604e0021fa563d42b9eef62bddabf9849fb3de0fcd335cad3a52c0aeaac1f,1,true
96c604e0021fa563d42b9eef62bddabf9849fb3de0fcd335cad3a52c0aeaac1f,2,false
56c4c0388e0634fb87e1871066327e69d118d5ed3eaab13fb3f28b94d86636b2,0,true
56c4c0388e0634fb87e1871066327e69d118d5ed3eaab13fb3f28b94d86636b2,1,false
56c4c0388e0634fb87e1871066327e69d118d5ed3eaab13fb3f28b94d86636b2,2,false
781d885af6914c051df7192cce4d2c0c96fd030877086fb6c4d7a3ca3d658884,0,false
781d885af6914c051df7192cce4d2c0c96fd030877086fb6c4d7a3ca3d658884,1,true
781d885af6914c051df7192cce4d2c0c96fd030877086fb6c4d7a3ca3d658884,2,false
d01065edcde0faefe05d4acde1f1bf16c87e637c821f4ab2c7131275c61dbefd,0,true
d01065edcde0faefe05d4acde1f1bf16c87e637c821f4ab2c7131275c61dbefd,1,false
d01065edcde0faefe05d4acde1f1bf16c87e637c821f4ab2c7131275c61dbefd,2,false
b54da1421893f6bb009ee4cb811e6e6fd55493aa83b012920a39c84195b2b51b,0,false
b54da1421893f6bb009ee4cb811e6e6fd55493aa83b012920a39c84195b2b51b,1,true
b54da1421893f6bb009ee4cb811e6e6fd55493aa83b012920a39c84195b2b51b,2,false
adbb71d44fa323cd8a3c14f5232cccf6b77969da3dc6bacae4a2948a5e8ce139,0,true
adbb71d44fa323cd8a3c14f5232cccf6b77969da3dc6bacae4a2948a5e8ce139,1,false
adbb71d44fa323cd8a3c14f5232cccf6b77969da3dc6bacae4a2948a5e8ce139,2,false
c38cde04b63feb397a827401c3557a4c3d11d0fb2f9d3877a2d41ba1ee50671a,0,true
c38cde04b63feb397a827401c3557a4c3d11d0fb2f9d3877a2d41ba1ee50671a,1,false
c38cde04b63feb397a827401c3557a4c3d11d0fb2f9d3877a2d41ba1ee50671a,2,false
93adaf36c510f8c60d4b923879bfb91c8018adfa8a69046d7dc81ae6cb6b4590,0,true
93adaf36c510f8c60d4b923879bfb91c8018adfa8a69046d7dc81ae6cb6b4590,1,false
93adaf36c510f8c60d4b923879bfb91c8018adfa8a69046d7dc81ae6cb6b4590,2,false
50a73522cd1864971914470d10ad91b819efca7d722785837fe4aa31d586a57a,0,false
50a73522cd1864971914470d10ad91b819efca7d722785837fe4aa31d586a57a,1,true
50a73522cd1864971914470d10ad91b819efca7d722785837fe4aa31d586a57a,2,false
994d9a4c2423c093e7225504d009d45b81cff6560aab0c98f15610a4ee32850f,0,false
994d9a4c2423c093e7225504d009d45b81cff6560aab0c98f15610a4ee32850f,1,false
994d9a4c2423c093e7225504d009d45b81cff6560aab0c98f15610a4ee32850f,2,true
57f9dd19b91b702a2f7b807d63f48a9cd0afd52dd24df75d1ecd59d444b292b4,0,false
57f9dd19b91b702a2f7b807d63f48a9cd0afd52dd24df75d1ecd59d444b292b4,1,true
57f9dd19b91b702a2f7b807d63f48a9cd0afd52dd24df75d1ecd59d444b292b4,2,false
9dccd7e133b5e8d00a0b0f653eb0aeb39306e8a2ca8bfb892e04e737559b7ff9,0,true
9dccd7e133b5e8d00a0b0f653eb0aeb39306e8a2ca8bfb892e04e737559b7ff9,1,false
9dccd7e133b5e8d00a0b0f653eb0aeb39306e8a2ca8bfb892e04e737559b7ff9,2,false
4335d6d236546d8144b4f2682b73a19294cf5d1c47edbdf1eba779119c845447,0,false
4335d6d236546d8144b4f2682b73a19294cf5d1c47edbdf1eba779119c845447,1,true
4335d6d236546d8144b4f2682b73a19294cf5d1c47edbdf1eba779119c845447,2,false
910c8a159ebf1cca81074905be45b1d355891251f349ae453ad11260430dfb9e,0,false
910c8a159ebf1cca81074905be45b1d355891251f349ae453ad11260430dfb9e,1,true
910c8a159ebf1cca81074905be45b1d355891251f349ae453ad11260430dfb9e,2,false
bf88bb8102aca79f54e3afb8f995151d4e6367a8cb6751b23cf2023d723d0ae7,0,true
bf88bb8102aca79f54e3afb8f995151d4e6367a8cb6751b23cf2023d723d0ae7,1,false
bf88bb8102aca79f54e3afb8f995151d4e6367a8cb6751b23cf2023d723d0ae7,2,false
b1606de99b56f9063cb9c357eb1affea0518bdcf05dea3a4ce7578d6ebcb3a89,0,false
b1606de99b56f9063cb9c357eb1affea0518bdcf05dea3a4ce7578d6ebcb3a89,1,true
b1606de99b56f9063cb9c357eb1affea0518bdcf05dea3a4ce7578d6ebcb3a89,2,false
5334b5827880dec175fc56fc6084b1bfaa7913c5489b9b5ce8db9ca92f3788bb,0,false
5334b5827880dec175fc56fc6084b1bfaa7913c5489b9b5ce8db9ca92f3788bb,1,true
5334b5827880dec175fc56fc6084b1bfaa7913c5489b9b5ce8db9ca92f3788bb,2,false
050b4fb9ed78044a941a73819c7d8c0a78c2279a2aea1e4ea28589702db3b4dc,0,false
050b4fb9ed78044a941a73819c7d8c0a78c2279a2aea1e4ea28589702db3b4dc,1,true
050b4fb9ed78044a941a73819c7d8c0a78c2279a2aea1e4ea28589702db3b4dc,2,false
ae0b268b7ba20459960517bcb60ca4c2db860ce915a13744df996d4c465256e2,0,false
ae0b268b7ba20459960517bcb60ca4c2db860ce915a13744df996d4c465256e2,1,true
ae0b268b7ba20459960517bcb60ca4c2db860ce915a13744df996d4c465256e2,2,false
eb6595065656d44bccb76de958aa9e52748b7b13558dffb7f83d97cecc01b4f5,0,true
eb6595065656d44bccb76de958aa9e52748b7b13558dffb7f83d97cecc01b4f5,1,false
eb6595065656d44bccb76de958aa9e52748b7b13558dffb7f83d97cecc01b4f5,2,false
275fedf63be64d399197c09a0c6123e2e80ce7f4aea621ae01180521168ae69a,0,true
275fedf63be64d399197c09a0c6123e2e80ce7f4aea621ae01180521168ae69a,1,false
275fedf63be64d399197c09a0c6123e2e80ce7f4aea621ae01180521168ae69a,2,false
49388b22532c46bf1aca03edab446fc830736efe02000f5d68b7cd8f9332a02d,0,false
49388b22532c46bf1aca03edab446fc830736efe02000f5d68b7cd8f9332a02d,1,true
49388b22532c46bf1aca03edab446fc830736efe02000f5d68b7cd8f9332a02d,2,false
1b5fb015474249560e5173a17fffc02d87e2d2d576d55a4cbab11bb7ba328d12,0,false
1b5fb015474249560e5173a17fffc02d87e2d2d576d55a4cbab11bb7ba328d12,1,false
1b5fb015474249560e5173a17fffc02d87e2d2d576d55a4cbab11bb7ba328d12,2,true
e82b191cccb86e00d9d611cf6df50340f665f1316a2848143c96ba7a7b11dcb6,0,false
e82b191cccb86e00d9d611cf6df50340f665f1316a2848143c96ba7a7b11dcb6,1,true
e82b191cccb86e00d9d611cf6df50340f665f1316a2848143c96ba7a7b11dcb6,2,false
6f3ec6a92ac158a13e17c0ab369bbdfa9e2c20ec8a20429664897b70201eac32,0,true
6f3ec6a92ac158a13e17c0ab369bbdfa9e2c20ec8a20429664897b70201eac32,1,false
6f3ec6a92ac158a13e17c0ab369bbdfa9e2c20ec8a20429664897b70201eac32,2,false
f842c50ceb78eac06bc85133d20628465f26f48c2e1f9266c32743f01ad03870,0,true
f842c50ceb78eac06bc85133d20628465f26f48c2e1f9266c32743f01ad03870,1,false
f842c50ceb78eac06bc85133d20628465f26f48c2e1f9266c32743f01ad03870,2,false
425697b9753ac186fd962d180c87ea416fd6f2e49c59f81ce5ed44f48312cf54,0,false
425697b9753ac186fd962d180c87ea416fd6f2e49c59f81ce5ed44f48312cf54,1,false
425697b9753ac186fd962d180c87ea416fd6f2e49c59f81ce5ed44f48312cf54,2,true
cb56ee6711cb7c461d471e77092766415e606d09aca8af10cdac29d1a7074bcb,0,false
cb56ee6711cb7c461d471e77092766415e606d09aca8af10cdac29d1a7074bcb,1,true
cb56ee6711cb7c461d471e77092766415e606d09aca8af10cdac29d1a7074bcb,2,false
d81e17ec96709580c6e9f08feb0ebf974d4cee977d2a975f73534106aa60df4d,0,false
d81e17ec96709580c6e9f08feb0ebf974d4cee977d2a975f73534106aa60df4d,1,false
d81e17ec96709580c6e9f08feb0ebf974d4cee977d2a975f73534106aa60df4d,2,true
78cba3f2cb5696b10e4e6329925cd0bb2a826f1743bbdb4cc988fe181b3d4851,0,false
78cba3f2cb5696b10e4e6329925cd0bb2a826f1743bbdb4cc988fe181b3d4851,1,true
78cba3f2cb5696b10e4e6329925cd0bb2a826f1743bbdb4cc988fe181b3d4851,2,false
01a417d89e85dac54ca80c13fe6d9744556289dbea7fbf9e2621dff76a120796,0,true
01a417d89e85dac54ca80c13fe6d9744556289dbea7fbf9e2621dff76a120796,1,false
01a417d89e85dac54ca80c13fe6d9744556289dbea7fbf9e2621dff76a120796,2,false
3bddd24752868e345c41365b7b8ff2fcf091adf1100d6ef01f5a539e5202e302,0,false
3bddd24752868e345c41365b7b8ff2fcf091adf1100d6ef01f5a539e5202e302,1,true
3bddd24752868e345c41365b7b8ff2fcf091adf1100d6ef01f5a539e5202e302,2,false
6c649fdda648c498b272b72d11bbfd8c61f4a95879520613eaeb949bc75d5205,0,true
6c649fdda648c498b272b72d11bbfd8c61f4a95879520613eaeb949bc75d5205,1,false
6c649fdda648c498b272b72d11bbfd8c61f4a95879520613eaeb949bc75d5205,2,false
3b63be1a0e32ddc702ad78f7dc5136e39a71cdd09f3175079b2d6209e0e9be52,0,false
3b63be1a0e32ddc702ad78f7dc5136e39a71cdd09f3175079b2d6209e0e9be52,1,false
3b63be1a0e32ddc702ad78f7dc5136e39a71cdd09f3175079b2d6209e0e9be52,2,true
d50de139cd35b5c8020c0b69e7bd4451701e05d6dcfb5433dfd335afc68bc9b1,0,true
d50de139cd35b5c8020c0b69e7bd4451701e05d6dcfb5433dfd335afc68bc9b1,1,false
d50de139cd35b5c8020c0b69e7bd4451701e05d6dcfb5433dfd335afc68bc9b1,2,false
4e03984fa1513f6dfa22e79630121252d6d39e336e5268af007658272fe2df78,0,true
4e03984fa1513f6dfa22e79630121252d6d39e336e5268af007658272fe2df78,1,false
4e03984fa1513f6dfa22e79630121252d6d39e336e5268af007658272fe2df78,2,false
d62fe5c74940b20fa573a6610de8223491570dbfacd7e79b23b06c79daac9322,0,true
d62fe5c74940b20fa573a6610de8223491570dbfacd7e79b23b06c79daac9322,1,false
d62fe5c74940b20fa573a6610de8223491570dbfacd7e79b23b06c79daac9322,2,false
ef4d0b2c2e283e63ca9e24b11827189a92a25d04cd220b813ba617db2ab421c6,0,true
ef4d0b2c2e283e63ca9e24b11827189a92a25d04cd220b813ba617db2ab421c6,1,false
ef4d0b2c2e283e63ca9e24b11827189a92a25d04cd220b813ba617db2ab421c6,2,false
7d6d73322507e3f6146ab2635002c6c4df96f9509bc13832870f09fa89b60f28,0,true
7d6d73322507e3f6146ab2635002c6c4df96f9509bc13832870f09fa89b60f28,1,false
7d6d73322507e3f6146ab2635002c6c4df96f9509bc13832870f09fa89b60f28,2,false
9ddb2c7dc94dd355d5e4dee6bfcbf94a5803005aec09affaf4c64525706645f1,0,false
9ddb2c7dc94dd355d5e4dee6bfcbf94a5803005aec09affaf4c64525706645f1,1,true
9ddb2c7dc94dd355d5e4dee6bfcbf94a5803005aec09affaf4c64525706645f1,2,false
3148cd62a81e4f14af30914e0d45e8248c0e4fd369b686c064f27e4ff1ebaa48,0,false
3148cd62a81e4f14af30914e0d45e8248c0e4fd369b686c064f27e4ff1ebaa48,1,true
3148cd62a81e4f14af30914e0d45e8248c0e4fd369b686c064f27e4ff1ebaa48,2,false
79d7f48db5ea1b6f89a280122101c77dd8b61cfac3a70816da5961b15bbc259a,0,false
79d7f48db5ea1b6f89a280122101c77dd8b61cfac3a70816da5961b15bbc259a,1,true
79d7f48db5ea1b6f89a280122101c77dd8b61cfac3a70816da5961b15bbc259a,2,false
a11abadb6d7de4766ccebdbbf0497ee8c92c031d8645db7bdd825f8647fca266,0,true
a11abadb6d7de4766ccebdbbf0497ee8c92c031d8645db7bdd825f8647fca266,1,false
a11abadb6d7de4766ccebdbbf0497ee8c92c031d8645db7bdd825f8647fca266,2,false
9d2b632c6c77de7998acc2eef4becf059986c309039f4ba6caa5bc0fab737b7c,0,true
9d2b632c6c77de7998acc2eef4becf059986c309039f4ba6caa5bc0fab737b7c,1,false
9d2b632c6c77de7998acc2eef4becf059986c309039f4ba6caa5bc0fab737b7c,2,false
849fcf2a0c9067bb53a7af028384a929565c9eb1299c2516c7a5c4117126d240,0,false
849fcf2a0c9067bb53a7af028384a929565c9eb1299c2516c7a5c4117126d240,1,true
849fcf2a0c9067bb53a7af028384a929565c9eb1299c2516c7a5c4117126d240,2,false
9f01039cb135f782d32563f8fe41cd6b86b60c6d0a880606217c55461a27dbe4,0,false
9f01039cb135f782d32563f8fe41cd6b86b60c6d0a880606217c55461a27dbe4,1,true
9f01039cb135f782d32563f8fe41cd6b86b60c6d0a880606217c55461a27dbe4,2,false
ca3e06d11871c44e0ce4f0d6810c5b7ba58170628cffa1e96b9bd3ada48a5c9b,0,false
ca3e06d11871c44e0ce4f0d6810c5b7ba58170628cffa1e96b9bd3ada48a5c9b,1,true
ca3e06d11871c44e0ce4f0d6810c5b7ba58170628cffa1e96b9bd3ada48a5c9b,2,false
87769d82e77524621038cb6b9a1a8b2c638ae19125072063712bfa99aa05937a,0,false
87769d82e77524621038cb6b9a1a8b2c638ae19125072063712bfa99aa05937a,1,true
87769d82e77524621038cb6b9a1a8b2c638ae19125072063712bfa99aa05937a,2,false
0eb5b7209c92bbf861e9604e3598e71928d2d670d59d12a4bf3fc8c53056ae53,0,false
0eb5b7209c92bbf861e9604e3598e71928d2d670d59d12a4bf3fc8c53056ae53,1,true
0eb5b7209c92bbf861e9604e3598e71928d2d670d59d12a4bf3fc8c53056ae53,2,false
5e1efa5b2dda4d28e4ca2c619eac5073a3fc9f559ba1a6e5b9c4797fcaa8504b,0,true
5e1efa5b2dda4d28e4ca2c619eac5073a3fc9f559ba1a6e5b9c4797fcaa8504b,1,false
5e1efa5b2dda4d28e4ca2c619eac5073a3fc9f559ba1a6e5b9c4797fcaa8504b,2,false
b9525be68147586103c0f53d5d50835cd84c5d9a05a2a1ae1b83f95ad9d3b86f,0,false
b9525be68147586103c0f53d5d50835cd84c5d9a05a2a1ae1b83f95ad9d3b86f,1,false
b9525be68147586103c0f53d5d50835cd84c5d9a05a2a1ae1b83f95ad9d3b86f,2,true
a0b7369443ed52e0c6db169cda50f2e681dec2d1296d24d5e80d8d558287a29d,0,true
a0b7369443ed52e0c6db169cda50f2e681dec2d1296d24d5e80d8d558287a29d,1,false
a0b7369443ed52e0c6db169cda50f2e681dec2d1296d24d5e80d8d558287a29d,2,false
c3f564ff96dc7676bf1d7c1f89b50e4560fbc57c46bafca9565aee8898fc41e4,0,true
c3f564ff96dc7676bf1d7c1f89b50e4560fbc57c46bafca9565aee8898fc41e4,1,false
c3f564ff96dc7676bf1d7c1f89b50e4560fbc57c46bafca9565aee8898fc41e4,2,false
538fe26e6a7c65a8a0922ce5be79b67eae8fce6b85f33aaa0a7c95706e28d7e0,0,false
538fe26e6a7c65a8a0922ce5be79b67eae8fce6b85f33aaa0a7c95706e28d7e0,1,true
538fe26e6a7c65a8a0922ce5be79b67eae8fce6b85f33aaa0a7c95706e28d7e0,2,false
96eccdf5006c00219e2a2beb91504074bc88fee4b8181a9495e09eaf4250fd41,0,true
96eccdf5006c00219e2a2beb91504074bc88fee4b8181a9495e09eaf4250fd41,1,false
96eccdf5006c00219e2a2beb91504074bc88fee4b8181a9495e09eaf4250fd41,2,false
440a32deb83e176e49f404ba07a0538699fcd82408bf200baf9fab2625aeebeb,0,false
440a32deb83e176e49f404ba07a0538699fcd82408bf200baf9fab2625aeebeb,1,true
440a32deb83e176e49f404ba07a0538699fcd82408bf200baf9fab2625aeebeb,2,false
3f0f407e46df5d0213e3a6207f80dcdd0fd0676b5e0db0b26e6ddc6c87d11c63,0,false
3f0f407e46df5d0213e3a6207f80dcdd0fd0676b5e0db0b26e6ddc6c87d11c63,1,true
3f0f407e46df5d0213e3a6207f80dcdd0fd0676b5e0db0b26e6ddc6c87d11c63,2,false
204297dd6d2720578a294589195c8a5784273a5c178a8da7a2e7b18d3d7ae6cd,0,false
204297dd6d2720578a294589195c8a5784273a5c178a8da7a2e7b18d3d7ae6cd,1,false
204297dd6d2720578a294589195c8a5784273a5c178a8da7a2e7b18d3d7ae6cd,2,true
06f4a470fe0f0be5dba25f11e0db3235648ef9c8385bc2abe2abd232dd4fd6c4,0,false
06f4a470fe0f0be5dba25f11e0db3235648ef9c8385bc2abe2abd232dd4fd6c4,1,true
06f4a470fe0f0be5dba25f11e0db3235648ef9c8385bc2abe2abd232dd4fd6c4,2,false
d080161d6bac41bc79f565bd1fe67be13b204a20d5b18cb47d6985392d44b5b8,0,true
d080161d6bac41bc79f565bd1fe67be13b204a20d5b18cb47d6985392d44b5b8,1,false
d080161d6bac41bc79f565bd1fe67be13b204a20d5b18cb47d6985392d44b5b8,2,false
0624ecec97baa6ff5736a1f016dce62a935b03e9f55f548f54affbba5b001246,0,true
0624ecec97baa6ff5736a1f016dce62a935b03e9f55f548f54affbba5b001246,1,false
0624ecec97baa6ff5736a1f016dce62a935b03e9f55f548f54affbba5b001246,2,false
622171b01a10514a875299d525d0584b28d5b5708b3f8d17c7bdbdf24bb60fd8,0,true
622171b01a10514a875299d525d0584b28d5b5708b3f8d17c7bdbdf24bb60fd8,1,false
622171b01a10514a875299d525d0584b28d5b5708b3f8d17c7bdbdf24bb60fd8,2,false
5f74c2a9aba720c886fca2fc3ad868bee9964331495815231a681234af31baa3,0,true
5f74c2a9aba720c886fca2fc3ad868bee9964331495815231a681234af31baa3,1,false
5f74c2a9aba720c886fca2fc3ad868bee9964331495815231a681234af31baa3,2,false
08eb7e948ad80cdfb911f490f7c8665c269bc7149d7a2055041df0fa995c29a7,0,false
08eb7e948ad80cdfb911f490f7c8665c269bc7149d7a2055041df0fa995c29a7,1,true
08eb7e948ad80cdfb911f490f7c8665c269bc7149d7a2055041df0fa995c29a7,2,false
ed14995d96dd37a5b8421e0c21a1bae6f9c57d37e2bb4a14b152ef307678fca3,0,false
ed14995d96dd37a5b8421e0c21a1bae6f9c57d37e2bb4a14b152ef307678fca3,1,false
ed14995d96dd37a5b8421e0c21a1bae6f9c57d37e2bb4a14b152ef307678fca3,2,true
b62168f78d18f39a5aa1fbe37068dc3cee9011f2cdd258f49687d8c6b919fc44,0,true
b62168f78d18f39a5aa1fbe37068dc3cee9011f2cdd258f49687d8c6b919fc44,1,false
b62168f78d18f39a5aa1fbe37068dc3cee9011f2cdd258f49687d8c6b919fc44,2,false
6ed14263068fbed0c594b913ffc94d2a654891a5ddb1bf0875ef35d1fc67acad,0,false
6ed14263068fbed0c594b913ffc94d2a654891a5ddb1bf0875ef35d1fc67acad,1,false
6ed14263068fbed0c594b913ffc94d2a654891a5ddb1bf0875ef35d1fc67acad,2,true
cd7a1a6f6e44f1d8a6ebf586d1a1160753a04db5519fa8717d72ac27472c64dd,0,true
cd7a1a6f6e44f1d8a6ebf586d1a1160753a04db5519fa8717d72ac27472c64dd,1,false
cd7a1a6f6e44f1d8a6ebf586d1a1160753a04db5519fa8717d72ac27472c64dd,2,false
1559bf59cfa6c88da8fd84dfc14bbc1541c2f61437ba34f9d7a233a9e8d2ffe5,0,true
1559bf59cfa6c88da8fd84dfc14bbc1541c2f61437ba34f9d7a233a9e8d2ffe5,1,false
1559bf59cfa6c88da8fd84dfc14bbc1541c2f61437ba34f9d7a233a9e8d2ffe5,2,false
e0314cf136b8a8035af157df3e4009aedd5087a40f2ab8bef3e33ba614cfae77,0,false
e0314cf136b8a8035af157df3e4009aedd5087a40f2ab8bef3e33ba614cfae77,1,false
e0314cf136b8a8035af157df3e4009aedd5087a40f2ab8bef3e33ba614cfae77,2,true
cdac93a431c1d58773534f12196c493009237dddb1c4c971af4eff8eb75653d9,0,false
cdac93a431c1d58773534f12196c493009237dddb1c4c971af4eff8eb75653d9,1,true
cdac93a431c1d58773534f12196c493009237dddb1c4c971af4eff8eb75653d9,2,false
a9fc6463a5159c93d9f6cbe5acfcca922fd0c5d4aeff8f450c408980c5470b93,0,false
a9fc6463a5159c93d9f6cbe5acfcca922fd0c5d4aeff8f450c408980c5470b93,1,true
a9fc6463a5159c93d9f6cbe5acfcca922fd0c5d4aeff8f450c408980c5470b93,2,false
712a5de758389d004ae5bf800b01c960624c99d2cc3af55d042d20df58bcfb14,0,true
712a5de758389d004ae5bf800b01c960624c99d2cc3af55d042d20df58bcfb14,1,false
712a5de758389d004ae5bf800b01c960624c99d2cc3af55d042d20df58bcfb14,2,false
1c578af83f55259009bfe0d559696e701f4d4b0dd7b4711adc79ade999cf9a4c,0,false
1c578af83f55259009bfe0d559696e701f4d4b0dd7b4711adc79ade999cf9a4c,1,false
1c578af83f55259009bfe0d559696e701f4d4b0dd7b4711adc79ade999cf9a4c,2,true
fef687e5e29c38b4611b1b86acc77c517ce0145abeb3a887a3fe6da472fdcf6b,0,true
fef687e5e29c38b4611b1b86acc77c517ce0145abeb3a887a3fe6da472fdcf6b,1,false
fef687e5e29c38b4611b1b86acc77c517ce0145abeb3a887a3fe6da472fdcf6b,2,false
935fec5e5dc7723b5b2eb13ecc6ee10cb1567437e4089bb1b36ef97db6c8bcb5,0,false
935fec5e5dc7723b5b2eb13ecc6ee10cb1567437e4089bb1b36ef97db6c8bcb5,1,true
935fec5e5dc7723b5b2eb13ecc6ee10cb1567437e4089bb1b36ef97db6c8bcb5,2,false
4ea1ea0e628c9ffd26da87794a66c43d9a7e7ae9ad14b07424c087dff696e2b6,0,false
4ea1ea0e628c9ffd26da87794a66c43d9a7e7ae9ad14b07424c087dff696e2b6,1,false
4ea1ea0e628c9ffd26da87794a66c43d9a7e7ae9ad14b07424c087dff696e2b6,2,true
018677b56afcaf0163883222759c3903508cd23b67e3a389cb6c8c896fc06384,0,false
018677b56afcaf0163883222759c3903508cd23b67e3a389cb6c8c896fc06384,1,true
018677b56afcaf0163883222759c3903508cd23b67e3a389cb6c8c896fc06384,2,false
938190c9957319b047ee6f022008e79fea6532c3386bbb6158b414522a1e55c0,0,false
938190c9957319b047ee6f022008e79fea6532c3386bbb6158b414522a1e55c0,1,false
938190c9957319b047ee6f022008e79fea6532c3386bbb6158b414522a1e55c0,2,true
e60039d77d349ad5b385b667bb199625fb4d924e489840b707ce9d9508065422,0,false
e60039d77d349ad5b385b667bb199625fb4d924e489840b707ce9d9508065422,1,true
e60039d77d349ad5b385b667bb199625fb4d924e489840b707ce9d9508065422,2,false
20ad6cee9641d98634d030d47e16f3efb00f845f21f451167c0c942eda35301c,0,true
20ad6cee9641d98634d030d47e16f3efb00f845f21f451167c0c942eda35301c,1,false
20ad6cee9641d98634d030d47e16f3efb00f845f21f451167c0c942eda35301c,2,false
c201e4bcd019f4519816093a10ea3e2e7f0cf7078e68a9331fb1758f5f015ff7,0,false
c201e4bcd019f4519816093a10ea3e2e7f0cf7078e68a9331fb1758f5f015ff7,1,true
c201e4bcd019f4519816093a10ea3e2e7f0cf7078e68a9331fb1758f5f015ff7,2,false
d16d311789243ecd000c50ea71b70b171dc8757e38c96974ca2842ff34d09a16,0,false
d16d311789243ecd000c50ea71b70b171dc8757e38c96974ca2842ff34d09a16,1,true
d16d311789243ecd000c50ea71b70b171dc8757e38c96974ca2842ff34d09a16,2,false
a4e306483c6816a711fa2bad3079407edeeffb8b3c67461faad6d35a88b85d0a,0,false
a4e306483c6816a711fa2bad3079407edeeffb8b3c67461faad6d35a88b85d0a,1,false
a4e306483c6816a711fa2bad3079407edeeffb8b3c67461faad6d35a88b85d0a,2,true
0bc32394ee35e110f79b68f0ee9ff2d32643b5661329a8a7d2d653e12d37296e,0,false
0bc32394ee35e110f79b68f0ee9ff2d32643b5661329a8a7d2d653e12d37296e,1,false
0bc32394ee35e110f79b68f0ee9ff2d32643b5661329a8a7d2d653e12d37296e,2,true
57d5bbe8e3ea1e2efcdc55fc7b258717ac31818d2aeb058464369f6a979dbc25,0,true
57d5bbe8e3ea1e2efcdc55fc7b258717ac31818d2aeb058464369f6a979dbc25,1,false
57d5bbe8e3ea1e2efcdc55fc7b258717ac31818d2aeb058464369f6a979dbc25,2,false
1237ab8e2d546429f3e4265e2bfb9f98fa86cf9d037174aaee4683304b639a59,0,false
1237ab8e2d546429f3e4265e2bfb9f98fa86cf9d037174aaee4683304b639a59,1,false
1237ab8e2d546429f3e4265e2bfb9f98fa86cf9d037174aaee4683304b639a59,2,true
8cc6071fdcf647dea5cf806e07ceef0e3e4d8f975fd2be747a0ca21350d22a69,0,false
8cc6071fdcf647dea5cf806e07ceef0e3e4d8f975fd2be747a0ca21350d22a69,1,true
8cc6071fdcf647dea5cf806e07ceef0e3e4d8f975fd2be747a0ca21350d22a69,2,false
9b0118fa8f7b5bd65540e86f2cd4ed8bfcb840957ab7bd06eaa73ee34c699e5a,0,false
9b0118fa8f7b5bd65540e86f2cd4ed8bfcb840957ab7bd06eaa73ee34c699e5a,1,false
9b0118fa8f7b5bd65540e86f2cd4ed8bfcb840957ab7bd06eaa73ee34c699e5a,2,true
67dd861156190fd7519591234eb13d4d5a82e910e4a0508d99a5d44e7b5bfe98,0,false
67dd861156190fd7519591234eb13d4d5a82e910e4a0508d99a5d44e7b5bfe98,1,true
67dd861156190fd7519591234eb13d4d5a82e910e4a0508d99a5d44e7b5bfe98,2,false
0dba048b8a9b8fcf0d75ffa8c3249c2c4449418aaa36fdb39167bbc12e84c06d,0,false
0dba048b8a9b8fcf0d75ffa8c3249c2c4449418aaa36fdb39167bbc12e84c06d,1,true
0dba048b8a9b8fcf0d75ffa8c3249c2c4449418aaa36fdb39167bbc12e84c06d,2,false
173fb95c22a21bddfd1f8f8da2dc12b54856bfd917a36ac6d59e0b8ee58a7fcd,0,true
173fb95c22a21bddfd1f8f8da2dc12b54856bfd917a36ac6d59e0b8ee58a7fcd,1,false
173fb95c22a21bddfd1f8f8da2dc12b54856bfd917a36ac6d59e0b8ee58a7fcd,2,false
7a24b31105c3332ad37f0f3b7518480a53af0e617e5bf2f0ada2c82826af42e8,0,false
7a24b31105c3332ad37f0f3b7518480a53af0e617e5bf2f0ada2c82826af42e8,1,true
7a24b31105c3332ad37f0f3b7518480a53af0e617e5bf2f0ada2c82826af42e8,2,false
27b71070f7b4f0fc9ba6d8017da5103be31cbe92bf4af2fd41fdbf1a84b7d1b6,0,false
27b71070f7b4f0fc9ba6d8017da5103be31cbe92bf4af2fd41fdbf1a84b7d1b6,1,true
27b71070f7b4f0fc9ba6d8017da5103be31cbe92bf4af2fd41fdbf1a84b7d1b6,2,false
ceedfe80085617c7dc1e170f776215066b82742a875f0e6f8797f57f44c4c1ec,0,true
ceedfe80085617c7dc1e170f776215066b82742a875f0e6f8797f57f44c4c1ec,1,false
ceedfe80085617c7dc1e170f776215066b82742a875f0e6f8797f57f44c4c1ec,2,false
41b79e2ef7d7ab4a75d531db1e5c75d051ad6f64cd81194b2a35f02a8df6c330,0,true
41b79e2ef7d7ab4a75d531db1e5c75d051ad6f64cd81194b2a35f02a8df6c330,1,false
41b79e2ef7d7ab4a75d531db1e5c75d051ad6f64cd81194b2a35f02a8df6c330,2,false
5e1d2f18aa3cd49ce87c4fbf24f1f0fd14e030b1246260f93b76562d5eefb245,0,false
5e1d2f18aa3cd49ce87c4fbf24f1f0fd14e030b1246260f93b76562d5eefb245,1,true
5e1d2f18aa3cd49ce87c4fbf24f1f0fd14e030b1246260f93b76562d5eefb245,2,false
d8bdf6fe7c3feaad4dcb897d4097d5b561b525d26d7de5ead4fbff24f1f13add,0,true
d8bdf6fe7c3feaad4dcb897d4097d5b561b525d26d7de5ead4fbff24f1f13add,1,false
d8bdf6fe7c3feaad4dcb897d4097d5b561b525d26d7de5ead4fbff24f1f13add,2,false
798d296b6921d0e284ccdc87f16f30e9374930870e0cbd906e5127ba9d3cf496,0,false
798d296b6921d0e284ccdc87f16f30e9374930870e0cbd906e5127ba9d3cf496,1,true
798d296b6921d0e284ccdc87f16f30e9374930870e0cbd906e5127ba9d3cf496,2,false
8274d97d9b5df1a219f8a3ec99d886f2151692c8733dcda9ee42510e5071d6d8,0,false
8274d97d9b5df1a219f8a3ec99d886f2151692c8733dcda9ee42510e5071d6d8,1,false
8274d97d9b5df1a219f8a3ec99d886f2151692c8733dcda9ee42510e5071d6d8,2,true
948d6176856aac18841af1f73eacda002b280f74581034b79e8eb7722c2016f8,0,false
948d6176856aac18841af1f73eacda002b280f74581034b79e8eb7722c2016f8,1,false
948d6176856aac18841af1f73eacda002b280f74581034b79e8eb7722c2016f8,2,true
afa98cb7c7e8a6f963c2ef81a31d5b578c651ebaa3923f8daeed282d53116a48,0,false
afa98cb7c7e8a6f963c2ef81a31d5b578c651ebaa3923f8daeed282d53116a48,1,true
afa98cb7c7e8a6f963c2ef81a31d5b578c651ebaa3923f8daeed282d53116a48,2,false
a2dcbae42fdd2728c117962a670178d2d5ee24b280fd4157676043e7fa8e8c36,0,false
a2dcbae42fdd2728c117962a670178d2d5ee24b280fd4157676043e7fa8e8c36,1,true
a2dcbae42fdd2728c117962a670178d2d5ee24b280fd4157676043e7fa8e8c36,2,false
f8c5b9be6ae304d456baa8ec0a4e10db2500e93fd784f0a9a55779dd3a760ef9,0,false
f8c5b9be6ae304d456baa8ec0a4e10db2500e93fd784f0a9a55779dd3a760ef9,1,false
f8c5b9be6ae304d456baa8ec0a4e10db2500e93fd784f0a9a55779dd3a760ef9,2,true
d6508e05d5f079c9c2c150ce298eb670b1585a8ebc51ee43c4f90159c2207a3b,0,false
d6508e05d5f079c9c2c150ce298eb670b1585a8ebc51ee43c4f90159c2207a3b,1,true
d6508e05d5f079c9c2c150ce298eb670b1585a8ebc51ee43c4f90159c2207a3b,2,false
88c614335ddbaee1d921f991ed27e301b74f7bb634eb61e1413fe72c044f6e25,0,false
88c614335ddbaee1d921f991ed27e301b74f7bb634eb61e1413fe72c044f6e25,1,true
88c614335ddbaee1d921f991ed27e301b74f7bb634eb61e1413fe72c044f6e25,2,false
f5469f030818d66697903c9137d2add3cef9822a3f3702eb9d21897afd0db277,0,true
f5469f030818d66697903c9137d2add3cef9822a3f3702eb9d21897afd0db277,1,false
f5469f030818d66697903c9137d2add3cef9822a3f3702eb9d21897afd0db277,2,false
18ce514a62722146806fa499a1df2985520c3f492da1d1d70efe6647babda089,0,true
18ce514a62722146806fa499a1df2985520c3f492da1d1d70efe6647babda089,1,false
18ce514a62722146806fa499a1df2985520c3f492da1d1d70efe6647babda089,2,false
e4b88566bbef06a1b67025f8c13ba51ad4c759b918b6220612c040bdcd1efb2b,0,false
e4b88566bbef06a1b67025f8c13ba51ad4c759b918b6220612c040bdcd1efb2b,1,true
e4b88566bbef06a1b67025f8c13ba51ad4c759b918b6220612c040bdcd1efb2b,2,false
52460ab63f6933676dade0a23356a991734c0b65c43ee3656665de7c3ad52407,0,false
52460ab63f6933676dade0a23356a991734c0b65c43ee3656665de7c3ad52407,1,false
52460ab63f6933676dade0a23356a991734c0b65c43ee3656665de7c3ad52407,2,true
7291060165586a45d52b47df91b4ee49a70e48ee6578c07e88a31df7066a3810,0,false
7291060165586a45d52b47df91b4ee49a70e48ee6578c07e88a31df7066a3810,1,true
7291060165586a45d52b47df91b4ee49a70e48ee6578c07e88a31df7066a3810,2,false
f7f3fd9236ee4f75d0ac31c30a72049707634f163ba0835539c00929161758b3,0,false
f7f3fd9236ee4f75d0ac31c30a72049707634f163ba0835539c00929161758b3,1,false
f7f3fd9236ee4f75d0ac31c30a72049707634f163ba0835539c00929161758b3,2,true
d4dbefec3e90dfc70821d6a46b837a87fea26bdfe5f9502a1d35afbb03065779,0,false
d4dbefec3e90dfc70821d6a46b837a87fea26bdfe5f9502a1d35afbb03065779,1,false
d4dbefec3e90dfc70821d6a46b837a87fea26bdfe5f9502a1d35afbb03065779,2,true
7cf2fc20d960e69c26f480d8be7ac58ed2669eb695fb438700ba10378bb16ccf,0,true
7cf2fc20d960e69c26f480d8be7ac58ed2669eb695fb438700ba10378bb16ccf,1,false
7cf2fc20d960e69c26f480d8be7ac58ed2669eb695fb438700ba10378bb16ccf,2,false
1f7f8386461abb9a0664d4fc031732b6323758cd3ac4bd8530a167b280342f30,0,false
1f7f8386461abb9a0664d4fc031732b6323758cd3ac4bd8530a167b280342f30,1,true
1f7f8386461abb9a0664d4fc031732b6323758cd3ac4bd8530a167b280342f30,2,false
e29979272bf1dc6129161a77f8f08aa7f9e52a7113340bb9c29ab5158bac92af,0,true
e29979272bf1dc6129161a77f8f08aa7f9e52a7113340bb9c29ab5158bac92af,1,false
e29979272bf1dc6129161a77f8f08aa7f9e52a7113340bb9c29ab5158bac92af,2,false
783a97f03f0a3e9f5234c122466b258a650bce228330078d01417fdc11f0cefe,0,false
783a97f03f0a3e9f5234c122466b258a650bce228330078d01417fdc11f0cefe,1,false
783a97f03f0a3e9f5234c122466b258a650bce228330078d01417fdc11f0cefe,2,true
635d04886bdb38c9c331feb5fda51c9356ad3397fd877f9e30675626436fd16e,0,false
635d04886bdb38c9c331feb5fda51c9356ad3397fd877f9e30675626436fd16e,1,true
635d04886bdb38c9c331feb5fda51c9356ad3397fd877f9e30675626436fd16e,2,false
04fee3018fc1d45241a894acd47673addea6741165e348140f3c97a973a9206d,0,false
04fee3018fc1d45241a894acd47673addea6741165e348140f3c97a973a9206d,1,true
04fee3018fc1d45241a894acd47673addea6741165e348140f3c97a973a9206d,2,false
19b7611de3cad634ab624e7fcf28d4e59f3e0e80a599340495a47605e71bff43,0,false
19b7611de3cad634ab624e7fcf28d4e59f3e0e80a599340495a47605e71bff43,1,true
19b7611de3cad634ab624e7fcf28d4e59f3e0e80a599340495a47605e71bff43,2,false
bb2edbf78b2b4610f76f849bcf0dcb30834023059ae48849ed6cd6b750a700ba,0,false
bb2edbf78b2b4610f76f849bcf0dcb30834023059ae48849ed6cd6b750a700ba,1,true
bb2edbf78b2b4610f76f849bcf0dcb30834023059ae48849ed6cd6b750a700ba,2,false
36a76d7fa7048d52723a55fbafdd399e6d5fd3b01c35f09c5e86fc707bc855f6,0,true
36a76d7fa7048d52723a55fbafdd399e6d5fd3b01c35f09c5e86fc707bc855f6,1,false
36a76d7fa7048d52723a55fbafdd399e6d5fd3b01c35f09c5e86fc707bc855f6,2,false
281787705e1c02d70e8ff1d1acc96af07a6c8e25d0479e458f1214b6bf31776e,0,false
281787705e1c02d70e8ff1d1acc96af07a6c8e25d0479e458f1214b6bf31776e,1,true
281787705e1c02d70e8ff1d1acc96af07a6c8e25d0479e458f1214b6bf31776e,2,false
4f72a5498d05be3ea339ba31333dbd9504335a472e8146d4042a08dff2fdb2a6,0,false
4f72a5498d05be3ea339ba31333dbd9504335a472e8146d4042a08dff2fdb2a6,1,true
4f72a5498d05be3ea339ba31333dbd9504335a472e8146d4042a08dff2fdb2a6,2,false
527541a8214126e2c9e5f613fbfa2dbb2caac6fc0767ee7d114f172c285c4fcb,0,false
527541a8214126e2c9e5f613fbfa2dbb2caac6fc0767ee7d114f172c285c4fcb,1,true
527541a8214126e2c9e5f613fbfa2dbb2caac6fc0767ee7d114f172c285c4fcb,2,false
ccea2c5b73be7e6b90cbf207b2f833bf71e2a4796ea9fcb506c3a725c34ad052,0,true
ccea2c5b73be7e6b90cbf207b2f833bf71e2a4796ea9fcb506c3a725c34ad052,1,false
ccea2c5b73be7e6b90cbf207b2f833bf71e2a4796ea9fcb506c3a725c34ad052,2,false
a776bae2f768038c15722791aa859a1ba179b49c3e7a028d0c750a34d0d0fc5e,0,false
a776bae2f768038c15722791aa859a1ba179b49c3e7a028d0c750a34d0d0fc5e,1,true
a776bae2f768038c15722791aa859a1ba179b49c3e7a028d0c750a34d0d0fc5e,2,false
8cc93a717b47051b8cc0271e6b5411ea7cf9295ad9adc1251a1e33e1e9bcd300,0,false
8cc93a717b47051b8cc0271e6b5411ea7cf9295ad9adc1251a1e33e1e9bcd300,1,true
8cc93a717b47051b8cc0271e6b5411ea7cf9295ad9adc1251a1e33e1e9bcd300,2,false
42f116e1f661896bb8b6c37fc98313f4ee9952d9acdf3283c288d9c2c32669fa,0,true
42f116e1f661896bb8b6c37fc98313f4ee9952d9acdf3283c288d9c2c32669fa,1,false
42f116e1f661896bb8b6c37fc98313f4ee9952d9acdf3283c288d9c2c32669fa,2,false
27c46173d58b2f54bdff8206f418ca441d6ce1834139bd647a393a3142a0603b,0,true
27c46173d58b2f54bdff8206f418ca441d6ce1834139bd647a393a3142a0603b,1,false
27c46173d58b2f54bdff8206f418ca441d6ce1834139bd647a393a3142a0603b,2,false
310d037d0d629761a3b89d1fd53d0e2191840d920401bcc419a1eae2c833fda6,0,false
310d037d0d629761a3b89d1fd53d0e2191840d920401bcc419a1eae2c833fda6,1,true
310d037d0d629761a3b89d1fd53d0e2191840d920401bcc419a1eae2c833fda6,2,false
78b9dc7c7430e2ed20ea9c3212cedf7197da913d41a9cb2b8aef5ddc4409a52a,0,false
78b9dc7c7430e2ed20ea9c3212cedf7197da913d41a9cb2b8aef5ddc4409a52a,1,true
78b9dc7c7430e2ed20ea9c3212cedf7197da913d41a9cb2b8aef5ddc4409a52a,2,false
88de34b56ce5ae672eaabb91f35e16867124142702fb6c744c6349bb529bd39a,0,false
88de34b56ce5ae672eaabb91f35e16867124142702fb6c744c6349bb529bd39a,1,false
88de34b56ce5ae672eaabb91f35e16867124142702fb6c744c6349bb529bd39a,2,true
aa080426fc93b85f4c5c5973096dd85edaee34e2b8ac98d58ea485e900159530,0,false
aa080426fc93b85f4c5c5973096dd85edaee34e2b8ac98d58ea485e900159530,1,true
aa080426fc93b85f4c5c5973096dd85edaee34e2b8ac98d58ea485e900159530,2,false
b4f319631045d8f235dbb4ce563e6ef2320b1821b0518880206c465132332a6b,0,false
b4f319631045d8f235dbb4ce563e6ef2320b1821b0518880206c465132332a6b,1,true
b4f319631045d8f235dbb4ce563e6ef2320b1821b0518880206c465132332a6b,2,false
a03fabe7e480822d002b1ac2d2b48aa027a3c31631ecafd14d3f27e2b3d9de60,0,true
a03fabe7e480822d002b1ac2d2b48aa027a3c31631ecafd14d3f27e2b3d9de60,1,false
a03fabe7e480822d002b1ac2d2b48aa027a3c31631ecafd14d3f27e2b3d9de60,2,false
e4b877bda7ffb94cdfdcb2ffb7bc3a8e4d1f1c53bf766727dff7c8093b2fd128,0,true
e4b877bda7ffb94cdfdcb2ffb7bc3a8e4d1f1c53bf766727dff7c8093b2fd128,1,false
e4b877bda7ffb94cdfdcb2ffb7bc3a8e4d1f1c53bf766727dff7c8093b2fd128,2,false
216e5350086e6e8b3bb48313db0fca6ed857b879c340098e00f1ea24f56d86fc,0,false
216e5350086e6e8b3bb48313db0fca6ed857b879c340098e00f1ea24f56d86fc,1,true
216e5350086e6e8b3bb48313db0fca6ed857b879c340098e00f1ea24f56d86fc,2,false
3fa1b7265be934bd2ee1249d2808197d991040a2f6237a4c7392ea5c19b80c2e,0,true
3fa1b7265be934bd2ee1249d2808197d991040a2f6237a4c7392ea5c19b80c2e,1,false
3fa1b7265be934bd2ee1249d2808197d991040a2f6237a4c7392ea5c19b80c2e,2,false
2d81413df24c1086a8d78ce3314a8660a4fac2ff838c5c598ded407c5df29034,0,false
2d81413df24c1086a8d78ce3314a8660a4fac2ff838c5c598ded407c5df29034,1,true
2d81413df24c1086a8d78ce3314a8660a4fac2ff838c5c598ded407c5df29034,2,false
02e8aff0c32d0c0ca9b5c37154cbe860e158098c3d97aa91c02df8783db0122f,0,false
02e8aff0c32d0c0ca9b5c37154cbe860e158098c3d97aa91c02df8783db0122f,1,true
02e8aff0c32d0c0ca9b5c37154cbe860e158098c3d97aa91c02df8783db0122f,2,false
44381bdf6c5419701e233ef5dd1d494d5f4ea97b6bc83bc746430df0a1e7655e,0,true
44381bdf6c5419701e233ef5dd1d494d5f4ea97b6bc83bc746430df0a1e7655e,1,false
44381bdf6c5419701e233ef5dd1d494d5f4ea97b6bc83bc746430df0a1e7655e,2,false
343ff94790ef777386d64622e30fa05d600e68dd208899f75cfc54254bc38743,0,false
343ff94790ef777386d64622e30fa05d600e68dd208899f75cfc54254bc38743,1,true
343ff94790ef777386d64622e30fa05d600e68dd208899f75cfc54254bc38743,2,false
42eff5b46bc37ef079f37cbe98e8db6f23f16fa4473e1a0b38e3748a56a3af7a,0,false
42eff5b46bc37ef079f37cbe98e8db6f23f16fa4473e1a0b38e3748a56a3af7a,1,true
42eff5b46bc37ef079f37cbe98e8db6f23f16fa4473e1a0b38e3748a56a3af7a,2,false
efd73195035b61669717573ad99f2a67d4500da557234088a1cc7ba171de1b8d,0,true
efd73195035b61669717573ad99f2a67d4500da557234088a1cc7ba171de1b8d,1,false
efd73195035b61669717573ad99f2a67d4500da557234088a1cc7ba171de1b8d,2,false
a995e2cefb9b1a2bbf0d77dac71294681d2bbb60c4f5e018dc4d4122cec3aef9,0,false
a995e2cefb9b1a2bbf0d77dac71294681d2bbb60c4f5e018dc4d4122cec3aef9,1,false
a995e2cefb9b1a2bbf0d77dac71294681d2bbb60c4f5e018dc4d4122cec3aef9,2,true
21630636eaf82bacffb426ceaacd4045a19c306dc1eb2699e11a3fb915098268,0,true
21630636eaf82bacffb426ceaacd4045a19c306dc1eb2699e11a3fb915098268,1,false
21630636eaf82bacffb426ceaacd4045a19c306dc1eb2699e11a3fb915098268,2,false
93e97fe819ad04c80841c9f30a21161dfc449afd36750a241208793a218bf695,0,false
93e97fe819ad04c80841c9f30a21161dfc449afd36750a241208793a218bf695,1,false
93e97fe819ad04c80841c9f30a21161dfc449afd36750a241208793a218bf695,2,true
e4aee1a4e93454ebd2ecafef00c12f96da023e6ec15ff8535d2a555cc6104247,0,false
e4aee1a4e93454ebd2ecafef00c12f96da023e6ec15ff8535d2a555cc6104247,1,true
e4aee1a4e93454ebd2ecafef00c12f96da023e6ec15ff8535d2a555cc6104247,2,false
90f6b98990b73e982ecaf3b0cbd64c9d82853c1b6a70d30ad4829e39811c0e35,0,false
90f6b98990b73e982ecaf3b0cbd64c9d82853c1b6a70d30ad4829e39811c0e35,1,true
90f6b98990b73e982ecaf3b0cbd64c9d82853c1b6a70d30ad4829e39811c0e35,2,false
b2c4fe345ad600250aec8b58ba25975e963e0fe4dad643fdbc90827338ed16f1,0,true
b2c4fe345ad600250aec8b58ba25975e963e0fe4dad643fdbc90827338ed16f1,1,false
b2c4fe345ad600250aec8b58ba25975e963e0fe4dad643fdbc90827338ed16f1,2,false
6b3c1c1d0180c6e78752f6f362d1edf533744f09f426dc99f603c9ead96e1bf1,0,true
6b3c1c1d0180c6e78752f6f362d1edf533744f09f426dc99f603c9ead96e1bf1,1,false
6b3c1c1d0180c6e78752f6f362d1edf533744f09f426dc99f603c9ead96e1bf1,2,false
02f5df463a02dcf9fc283a21da8e6fc0946414066fa76ee9fff8e18d1ac44bb2,0,true
02f5df463a02dcf9fc283a21da8e6fc0946414066fa76ee9fff8e18d1ac44bb2,1,false
02f5df463a02dcf9fc283a21da8e6fc0946414066fa76ee9fff8e18d1ac44bb2,2,false
e13b8f051032e748505e8e74d6ab1c94f602fe1cddf107a80e71d5c29b20d4da,0,false
e13b8f051032e748505e8e74d6ab1c94f602fe1cddf107a80e71d5c29b20d4da,1,true
e13b8f051032e748505e8e74d6ab1c94f602fe1cddf107a80e71d5c29b20d4da,2,false
1c4b53700e78a8f2fe63dbee1cbb2035dfacbd66f53780849965f9d649a8f9e1,0,false
1c4b53700e78a8f2fe63dbee1cbb2035dfacbd66f53780849965f9d649a8f9e1,1,true
1c4b53700e78a8f2fe63dbee1cbb2035dfacbd66f53780849965f9d649a8f9e1,2,false
025100e0f1fcfc78c64fbcbfe6501e0496bab0c4da7c6d7a51e83208a93785a8,0,true
025100e0f1fcfc78c64fbcbfe6501e0496bab0c4da7c6d7a51e83208a93785a8,1,false
025100e0f1fcfc78c64fbcbfe6501e0496bab0c4da7c6d7a51e83208a93785a8,2,false
668f254a56ac9bde949d88b8fede48574a38eec03e310f42a5a939c835d0b982,0,false
668f254a56ac9bde949d88b8fede48574a38eec03e310f42a5a939c835d0b982,1,false
668f254a56ac9bde949d88b8fede48574a38eec03e310f42a5a939c835d0b982,2,true
c2fec76e7601c6d300dc73446fcb9c41bdb3611af17a77c64e08a91e6d6e708e,0,true
c2fec76e7601c6d300dc73446fcb9c41bdb3611af17a77c64e08a91e6d6e708e,1,false
c2fec76e7601c6d300dc73446fcb9c41bdb3611af17a77c64e08a91e6d6e708e,2,false
bac3c61262a0a76a64d7b28104e733d0c6e1bf594cbcb934460bff9f5b1e27df,0,false
bac3c61262a0a76a64d7b28104e733d0c6e1bf594cbcb934460bff9f5b1e27df,1,false
bac3c61262a0a76a64d7b28104e733d0c6e1bf594cbcb934460bff9f5b1e27df,2,true
d62711879a2dd15dace7507190737c8835703d20059b26fec44ad41f6aaa7788,0,false
d62711879a2dd15dace7507190737c8835703d20059b26fec44ad41f6aaa7788,1,true
d62711879a2dd15dace7507190737c8835703d20059b26fec44ad41f6aaa7788,2,false
020febb94e53a0dac4ab33015410478ff6f53c0019131677afb74c28604b099e,0,false
020febb94e53a0dac4ab33015410478ff6f53c0019131677afb74c28604b099e,1,true
020febb94e53a0dac4ab33015410478ff6f53c0019131677afb74c28604b099e,2,false
4ff7e8f3a4889e646dcb5a204f28e958e6e453a36ac52b222e8ab82a9dc3114c,0,true
4ff7e8f3a4889e646dcb5a204f28e958e6e453a36ac52b222e8ab82a9dc3114c,1,false
4ff7e8f3a4889e646dcb5a204f28e958e6e453a36ac52b222e8ab82a9dc3114c,2,false
52b010f82b41a6d805c3f11033b523f0b4e855626e7d7d446e6d32da07383580,0,true
52b010f82b41a6d805c3f11033b523f0b4e855626e7d7d446e6d32da07383580,1,false
52b010f82b41a6d805c3f11033b523f0b4e855626e7d7d446e6d32da07383580,2,false
9e0fd6d86e06344192911adcc25bcc718e890e01debc6df71faff9821a7eef02,0,true
9e0fd6d86e06344192911adcc25bcc718e890e01debc6df71faff9821a7eef02,1,false
9e0fd6d86e06344192911adcc25bcc718e890e01debc6df71faff9821a7eef02,2,false
dbe961ff04cfc4660862eeaea509ea93b320699f74663106deaeeaa1502908a3,0,true
dbe961ff04cfc4660862eeaea509ea93b320699f74663106deaeeaa1502908a3,1,false
dbe961ff04cfc4660862eeaea509ea93b320699f74663106deaeeaa1502908a3,2,false
72a1b6bcc5331894a2c9db76243260026b64e7bff392014bef330daba8dc6a4e,0,false
72a1b6bcc5331894a2c9db76243260026b64e7bff392014bef330daba8dc6a4e,1,false
72a1b6bcc5331894a2c9db76243260026b64e7bff392014bef330daba8dc6a4e,2,true
8f625b2ae26216119d17f4244a3ccea876af718ace54c6eaf8cf70156b751d25,0,true
8f625b2ae26216119d17f4244a3ccea876af718ace54c6eaf8cf70156b751d25,1,false
8f625b2ae26216119d17f4244a3ccea876af718ace54c6eaf8cf70156b751d25,2,false
6fe53c66bba8e2d633e1b489af647058bb0a6c65de6075aa8e747e8294d3510d,0,false
6fe53c66bba8e2d633e1b489af647058bb0a6c65de6075aa8e747e8294d3510d,1,true
6fe53c66bba8e2d633e1b489af647058bb0a6c65de6075aa8e747e8294d3510d,2,false
d4c5f54af80fa68a7c693346eb70d8e624fbb6338613d97c2af327ea451ce60c,0,true
d4c5f54af80fa68a7c693346eb70d8e624fbb6338613d97c2af327ea451ce60c,1,false
d4c5f54af80fa68a7c693346eb70d8e624fbb6338613d97c2af327ea451ce60c,2,false
347e85c2dd13fc61e27c0c3f877eaaa8472ccff1d9cef6eacc496a9c729216c8,0,false
347e85c2dd13fc61e27c0c3f877eaaa8472ccff1d9cef6eacc496a9c729216c8,1,true
347e85c2dd13fc61e27c0c3f877eaaa8472ccff1d9cef6eacc496a9c729216c8,2,false
715aa733341fb5494fca01d8864db0c0a53f1a2cba1ccc9a438efd473a6aece1,0,true
715aa733341fb5494fca01d8864db0c0a53f1a2cba1ccc9a438efd473a6aece1,1,false
715aa733341fb5494fca01d8864db0c0a53f1a2cba1ccc9a438efd473a6aece1,2,false
4bed9c2e3880a69934b4190565a46fde2eb3c5d21f45c731dd0c60646deb0a81,0,true
4bed9c2e3880a69934b4190565a46fde2eb3c5d21f45c731dd0c60646deb0a81,1,false
4bed9c2e3880a69934b4190565a46fde2eb3c5d21f45c731dd0c60646deb0a81,2,false
bcbf5bdb0b2d01c82cff50ce8cfcb6750c92ef9473f45e2b675a6f666b2b547a,0,true
bcbf5bdb0b2d01c82cff50ce8cfcb6750c92ef9473f45e2b675a6f666b2b547a,1,false
bcbf5bdb0b2d01c82cff50ce8cfcb6750c92ef9473f45e2b675a6f666b2b547a,2,false
b7404aaa0b5f6e9d533e2cdc0cf1c4def483a609ce3b47cfd8a3d7dd4519f396,0,false
b7404aaa0b5f6e9d533e2cdc0cf1c4def483a609ce3b47cfd8a3d7dd4519f396,1,true
b7404aaa0b5f6e9d533e2cdc0cf1c4def483a609ce3b47cfd8a3d7dd4519f396,2,false
14c0d05ed9a0a92b374917e425fb635a19e65b1329f2c77a850b61600e8ddceb,0,false
14c0d05ed9a0a92b374917e425fb635a19e65b1329f2c77a850b61600e8ddceb,1,false
14c0d05ed9a0a92b374917e425fb635a19e65b1329f2c77a850b61600e8ddceb,2,true
610f7137ca0f596417fc295eeb533299b5f5eb8e8fbb47e1e10b2859a66b546a,0,false
610f7137ca0f596417fc295eeb533299b5f5eb8e8fbb47e1e10b2859a66b546a,1,true
610f7137ca0f596417fc295eeb533299b5f5eb8e8fbb47e1e10b2859a66b546a,2,false
b24108a287128b1a66b4ae0db2aefb1d57f1b52e8854304fd006c0dcae85320b,0,true
b24108a287128b1a66b4ae0db2aefb1d57f1b52e8854304fd006c0dcae85320b,1,false
b24108a287128b1a66b4ae0db2aefb1d57f1b52e8854304fd006c0dcae85320b,2,false
e6f95c436246b9639f705ca368f78b2e8600af966e8edb82c83f41b170f9e2e8,0,false
e6f95c436246b9639f705ca368f78b2e8600af966e8edb82c83f41b170f9e2e8,1,true
e6f95c436246b9639f705ca368f78b2e8600af966e8edb82c83f41b170f9e2e8,2,false
32f86d427ab937460d28523d2441188fe6b928fd285727e767b8d7b01f32795e,0,false
32f86d427ab937460d28523d2441188fe6b928fd285727e767b8d7b01f32795e,1,true
32f86d427ab937460d28523d2441188fe6b928fd285727e767b8d7b01f32795e,2,false
01a0a7fe818da2a650fc22bdce10fec6664b806f0ff404995f8fc473a1bc880c,0,true
01a0a7fe818da2a650fc22bdce10fec6664b806f0ff404995f8fc473a1bc880c,1,false
01a0a7fe818da2a650fc22bdce10fec6664b806f0ff404995f8fc473a1bc880c,2,false
ae0438a0821f6d88bd3cc9a87352218e700a7742d6ad32b0b1c36e834146843c,0,true
ae0438a0821f6d88bd3cc9a87352218e700a7742d6ad32b0b1c36e834146843c,1,false
ae0438a0821f6d88bd3cc9a87352218e700a7742d6ad32b0b1c36e834146843c,2,false
a71f0eaaa9b9975b6b728656163c24f1cdcfec4e4089adbc097323b5b664cc8b,0,false
a71f0eaaa9b9975b6b728656163c24f1cdcfec4e4089adbc097323b5b664cc8b,1,true
a71f0eaaa9b9975b6b728656163c24f1cdcfec4e4089adbc097323b5b664cc8b,2,false
18302cf6a69592b9d12845dbd5be294ef5bb61dfc0fb072a53d988fb9b493af6,0,false
18302cf6a69592b9d12845dbd5be294ef5bb61dfc0fb072a53d988fb9b493af6,1,true
18302cf6a69592b9d12845dbd5be294ef5bb61dfc0fb072a53d988fb9b493af6,2,false
090dd69cf41315388b87e983534eed875677bd8d3d3d5274e1efc6f39b1daae0,0,false
090dd69cf41315388b87e983534eed875677bd8d3d3d5274e1efc6f39b1daae0,1,false
090dd69cf41315388b87e983534eed875677bd8d3d3d5274e1efc6f39b1daae0,2,true
c2f6e0fd13117fb413b88df7c2e852104fe9039375aaa87f109f83c3e4bd42fd,0,false
c2f6e0fd13117fb413b88df7c2e852104fe9039375aaa87f109f83c3e4bd42fd,1,false
c2f6e0fd13117fb413b88df7c2e852104fe9039375aaa87f109f83c3e4bd42fd,2,true
7a8a6458b7fe41bf96831b4450ce249bc94154f93e194d8bb94174b7f27c9433,0,true
7a8a6458b7fe41bf96831b4450ce249bc94154f93e194d8bb94174b7f27c9433,1,false
7a8a6458b7fe41bf96831b4450ce249bc94154f93e194d8bb94174b7f27c9433,2,false
865fea5e8ad2ab1e9932aae81db9bb425112f53097b90d23ae15cbbe1fda9db4,0,false
865fea5e8ad2ab1e9932aae81db9bb425112f53097b90d23ae15cbbe1fda9db4,1,true
865fea5e8ad2ab1e9932aae81db9bb425112f53097b90d23ae15cbbe1fda9db4,2,false
213a6585d64a3d8cc703ae9dc33dc39a096bd242aedfdd3d6bb3e31f4a329245,0,true
213a6585d64a3d8cc703ae9dc33dc39a096bd242aedfdd3d6bb3e31f4a329245,1,false
213a6585d64a3d8cc703ae9dc33dc39a096bd242aedfdd3d6bb3e31f4a329245,2,false
f5d221ee24e99bc8f6111799120e4ffd732b5c19d68cf0eb52e5ad1db6a32285,0,true
f5d221ee24e99bc8f6111799120e4ffd732b5c19d68cf0eb52e5ad1db6a32285,1,false
f5d221ee24e99bc8f6111799120e4ffd732b5c19d68cf0eb52e5ad1db6a32285,2,false
5f6ac35bbbcc1a1568dc663903e36663cebdcfa96b2b1122512815b6cf32fe18,0,false
5f6ac35bbbcc1a1568dc663903e36663cebdcfa96b2b1122512815b6cf32fe18,1,false
5f6ac35bbbcc1a1568dc663903e36663cebdcfa96b2b1122512815b6cf32fe18,2,true
6e6a0eb68d54e29b31077c23e9e71db2ab3d9c0bd6319de7edb733698ff113ef,0,false
6e6a0eb68d54e29b31077c23e9e71db2ab3d9c0bd6319de7edb733698ff113ef,1,true
6e6a0eb68d54e29b31077c23e9e71db2ab3d9c0bd6319de7edb733698ff113ef,2,false
6bfd8ac31df59f3df584b3e88719bf2125b25d0748edfe9fbbc958ca1881cf6b,0,false
6bfd8ac31df59f3df584b3e88719bf2125b25d0748edfe9fbbc958ca1881cf6b,1,true
6bfd8ac31df59f3df584b3e88719bf2125b25d0748edfe9fbbc958ca1881cf6b,2,false
cb204f1ccaa3d1d1ad7a35240d364cf9dcc32dc8fffd087329a0fabd9de48698,0,true
cb204f1ccaa3d1d1ad7a35240d364cf9dcc32dc8fffd087329a0fabd9de48698,1,false
cb204f1ccaa3d1d1ad7a35240d364cf9dcc32dc8fffd087329a0fabd9de48698,2,false
c1290f1e5d494c666da1feea7caca870db6fdf5d054b535a01889944ed50d7da,0,false
c1290f1e5d494c666da1feea7caca870db6fdf5d054b535a01889944ed50d7da,1,true
c1290f1e5d494c666da1feea7caca870db6fdf5d054b535a01889944ed50d7da,2,false
6b447e13c7bd14d2f9864d9b76dc9cfc537c949be22138d1595fdfa1710caa5e,0,true
6b447e13c7bd14d2f9864d9b76dc9cfc537c949be22138d1595fdfa1710caa5e,1,false
6b447e13c7bd14d2f9864d9b76dc9cfc537c949be22138d1595fdfa1710caa5e,2,false
35b3cd98f423960531c519fa89d87596b71e0e76ee9288f5601fdff70ab99dd5,0,false
35b3cd98f423960531c519fa89d87596b71e0e76ee9288f5601fdff70ab99dd5,1,false
35b3cd98f423960531c519fa89d87596b71e0e76ee9288f5601fdff70ab99dd5,2,true
8083b857e2ad49c592f4e986acad704981d27066706d01f9b60e58b8ac2bff62,0,true
8083b857e2ad49c592f4e986acad704981d27066706d01f9b60e58b8ac2bff62,1,false
8083b857e2ad49c592f4e986acad704981d27066706d01f9b60e58b8ac2bff62,2,false
0730c6a661010ed05fca447b1807114d4456c1bbfe244e53b5e9a950de5dd786,0,false
0730c6a661010ed05fca447b1807114d4456c1bbfe244e53b5e9a950de5dd786,1,true
0730c6a661010ed05fca447b1807114d4456c1bbfe244e53b5e9a950de5dd786,2,false
e2d86ddffa8c76c36e98afd72c51084be039142b4554cf0d9d9e19fa37d14453,0,false
e2d86ddffa8c76c36e98afd72c51084be039142b4554cf0d9d9e19fa37d14453,1,false
e2d86ddffa8c76c36e98afd72c51084be039142b4554cf0d9d9e19fa37d14453,2,true
d7029af02f73ff4aa1724be87959c865ef70e32243b366634b254bbf10d4ca78,0,false
d7029af02f73ff4aa1724be87959c865ef70e32243b366634b254bbf10d4ca78,1,true
d7029af02f73ff4aa1724be87959c865ef70e32243b366634b254bbf10d4ca78,2,false
0f955e82fb729fd8333f7e6809bef1b15a9ae8fd32d37b6cd4f7dc951cf7e701,0,false
0f955e82fb729fd8333f7e6809bef1b15a9ae8fd32d37b6cd4f7dc951cf7e701,1,true
0f955e82fb729fd8333f7e6809bef1b15a9ae8fd32d37b6cd4f7dc951cf7e701,2,false
a164f7f2efde6366e1369239e821709b6bd8bd5f9007636d46413d5d338bfd4d,0,true
a164f7f2efde6366e1369239e821709b6bd8bd5f9007636d46413d5d338bfd4d,1,false
a164f7f2efde6366e1369239e821709b6bd8bd5f9007636d46413d5d338bfd4d,2,false
1e4c99d4b68fac1bc2b38be8295ab0d788a8ca9aecc53120c342426a717512ec,0,true
1e4c99d4b68fac1bc2b38be8295ab0d788a8ca9aecc53120c342426a717512ec,1,false
1e4c99d4b68fac1bc2b38be8295ab0d788a8ca9aecc53120c342426a717512ec,2,false
e0d75d4772e660588505d5a9edf701976e2fa2c44a7cd22ea8fa3084f9d79e63,0,true
e0d75d4772e660588505d5a9edf701976e2fa2c44a7cd22ea8fa3084f9d79e63,1,false
e0d75d4772e660588505d5a9edf701976e2fa2c44a7cd22ea8fa3084f9d79e63,2,false
0e8e9b11e54b9769ef345399a19e0eccc2a8459344f37d33e88f7a215febb241,0,false
0e8e9b11e54b9769ef345399a19e0eccc2a8459344f37d33e88f7a215febb241,1,true
0e8e9b11e54b9769ef345399a19e0eccc2a8459344f37d33e88f7a215febb241,2,false
0f00c271da8a217b29c082ad48cc78270f7975811819d1acbe2530f700170532,0,false
0f00c271da8a217b29c082ad48cc78270f7975811819d1acbe2530f700170532,1,true
0f00c271da8a217b29c082ad48cc78270f7975811819d1acbe2530f700170532,2,false
6d546fc17fa4ec989833e07c3ce9352bfb89bdd8d79ea849eb7bc4d07086a3bb,0,true
6d546fc17fa4ec989833e07c3ce9352bfb89bdd8d79ea849eb7bc4d07086a3bb,1,false
6d546fc17fa4ec989833e07c3ce9352bfb89bdd8d79ea849eb7bc4d07086a3bb,2,false
d9d9bffb89eeeae29f7dddee41e112278bd3811f67238b239054a6221dbfc9a3,0,false
d9d9bffb89eeeae29f7dddee41e112278bd3811f67238b239054a6221dbfc9a3,1,true
d9d9bffb89eeeae29f7dddee41e112278bd3811f67238b239054a6221dbfc9a3,2,false
0a5997eaae60213f353df70f78ee141888d5b14dcf27ce45c15368e8ad057dff,0,false
0a5997eaae60213f353df70f78ee141888d5b14dcf27ce45c15368e8ad057dff,1,true
0a5997eaae60213f353df70f78ee141888d5b14dcf27ce45c15368e8ad057dff,2,false
5271d36174f665f1726bbb2b9f8696f39ce6b92613ce2e9b430a6c2604237aaf,0,false
5271d36174f665f1726bbb2b9f8696f39ce6b92613ce2e9b430a6c2604237aaf,1,false
5271d36174f665f1726bbb2b9f8696f39ce6b92613ce2e9b430a6c2604237aaf,2,true
18070fac8722ab51f80b61b1c391c5a848f0dd13fdde2534c40f7d1a26360ba7,0,true
18070fac8722ab51f80b61b1c391c5a848f0dd13fdde2534c40f7d1a26360ba7,1,false
18070fac8722ab51f80b61b1c391c5a848f0dd13fdde2534c40f7d1a26360ba7,2,false
4965fe7742d4c72b3b8aec4faf671f9cbc1ea2422bfb8b7e0bfd4c1d8bb16481,0,true
4965fe7742d4c72b3b8aec4faf671f9cbc1ea2422bfb8b7e0bfd4c1d8bb16481,1,false
4965fe7742d4c72b3b8aec4faf671f9cbc1ea2422bfb8b7e0bfd4c1d8bb16481,2,false
aadabfea9d08b24fc523b830368ef1fe0bef433781954cec692d557423dcbeec,0,true
aadabfea9d08b24fc523b830368ef1fe0bef433781954cec692d557423dcbeec,1,false
aadabfea9d08b24fc523b830368ef1fe0bef433781954cec692d557423dcbeec,2,false
6431fcb0ed64b168a4f174be88517b3b465ec89bc63605d437a105c73be031de,0,true
6431fcb0ed64b168a4f174be88517b3b465ec89bc63605d437a105c73be031de,1,false
6431fcb0ed64b168a4f174be88517b3b465ec89bc63605d437a105c73be031de,2,false
d16bf791b37f31e4cd0629bcefecb4d3bb172aaa88df66c3d00c8dff4526e3e8,0,false
d16bf791b37f31e4cd0629bcefecb4d3bb172aaa88df66c3d00c8dff4526e3e8,1,false
d16bf791b37f31e4cd0629bcefecb4d3bb172aaa88df66c3d00c8dff4526e3e8,2,true
344a0b694a8efcbf5f48679cafbe6e171cff198be8375c0b771033c2d2e4b0b4,0,false
344a0b694a8efcbf5f48679cafbe6e171cff198be8375c0b771033c2d2e4b0b4,1,true
344a0b694a8efcbf5f48679cafbe6e171cff198be8375c0b771033c2d2e4b0b4,2,false
74494de17f2ed18832d39c5bf366241bb311039ac5c137a175d544a67c27165b,0,true
74494de17f2ed18832d39c5bf366241bb311039ac5c137a175d544a67c27165b,1,false
74494de17f2ed18832d39c5bf366241bb311039ac5c137a175d544a67c27165b,2,false
4ae46d2a739014b2b8318dcbee4c5c3c97f7cf8b130668d552dd279bddedf003,0,true
4ae46d2a739014b2b8318dcbee4c5c3c97f7cf8b130668d552dd279bddedf003,1,false
4ae46d2a739014b2b8318dcbee4c5c3c97f7cf8b130668d552dd279bddedf003,2,false
cc7cddbb26c8a726f7924a2d826ac60a4fdeefb0873a2a59b3e85c21e67e37d1,0,false
cc7cddbb26c8a726f7924a2d826ac60a4fdeefb0873a2a59b3e85c21e67e37d1,1,true
cc7cddbb26c8a726f7924a2d826ac60a4fdeefb0873a2a59b3e85c21e67e37d1,2,false
8b7c16a86dcbea9d8d6d9744ed266aa7b3384342a327f8397d8b389e7e987934,0,true
8b7c16a86dcbea9d8d6d9744ed266aa7b3384342a327f8397d8b389e7e987934,1,false
8b7c16a86dcbea9d8d6d9744ed266aa7b3384342a327f8397d8b389e7e987934,2,false
0b0673f4e93f02a155f4c8592022ecae8785b0f057ce5c854e5d0e91d6e1e2a5,0,true
0b0673f4e93f02a155f4c8592022ecae8785b0f057ce5c854e5d0e91d6e1e2a5,1,false
0b0673f4e93f02a155f4c8592022ecae8785b0f057ce5c854e5d0e91d6e1e2a5,2,false
27a7e6ce454e77892a805a150322bf66d561bc6788751eb9e8b134af053ba81a,0,false
27a7e6ce454e77892a805a150322bf66d561bc6788751eb9e8b134af053ba81a,1,true
27a7e6ce454e77892a805a150322bf66d561bc6788751eb9e8b134af053ba81a,2,false
f91246335d61fa94d99dbf21b73bd3f4f3bd4c39de8f13e54075a8ddee28893b,0,false
f91246335d61fa94d99dbf21b73bd3f4f3bd4c39de8f13e54075a8ddee28893b,1,true
f91246335d61fa94d99dbf21b73bd3f4f3bd4c39de8f13e54075a8ddee28893b,2,false
4c5336a6d8636612974292014b3766a3366df8ac1742819747293e124bd3119b,0,true
4c5336a6d8636612974292014b3766a3366df8ac1742819747293e124bd3119b,1,false
4c5336a6d8636612974292014b3766a3366df8ac1742819747293e124bd3119b,2,false
f770f619011eeac70a2f8810802f53288fdf48f139ed1fcc34a0bf169dc54d1a,0,false
f770f619011eeac70a2f8810802f53288fdf48f139ed1fcc34a0bf169dc54d1a,1,true
f770f619011eeac70a2f8810802f53288fdf48f139ed1fcc34a0bf169dc54d1a,2,false
7c2d969778d8d5209b1e619607e7574865d1f381f721c28d2fbf103739be141b,0,true
7c2d969778d8d5209b1e619607e7574865d1f381f721c28d2fbf103739be141b,1,false
7c2d969778d8d5209b1e619607e7574865d1f381f721c28d2fbf103739be141b,2,false
c2fc1aad0f35fa28f1c07394c34d927276899b3b6e051ec728639893d0a2dc74,0,false
c2fc1aad0f35fa28f1c07394c34d927276899b3b6e051ec728639893d0a2dc74,1,true
c2fc1aad0f35fa28f1c07394c34d927276899b3b6e051ec728639893d0a2dc74,2,false
b6ff201e5edb7498d8211a352da207186b1337f81bc701bac8ef0294030eb163,0,false
b6ff201e5edb7498d8211a352da207186b1337f81bc701bac8ef0294030eb163,1,false
b6ff201e5edb7498d8211a352da207186b1337f81bc701bac8ef0294030eb163,2,true
0c44263158b65561389e31c281fdde2c564d5821d0d7417f322d3f88038f43ec,0,false
0c44263158b65561389e31c281fdde2c564d5821d0d7417f322d3f88038f43ec,1,true
0c44263158b65561389e31c281fdde2c564d5821d0d7417f322d3f88038f43ec,2,false
ddbf76204c6cd70f2f6b9540b7b67f4aa3cf47f1ada15524edaa6144942d6857,0,false
ddbf76204c6cd70f2f6b9540b7b67f4aa3cf47f1ada15524edaa6144942d6857,1,false
ddbf76204c6cd70f2f6b9540b7b67f4aa3cf47f1ada15524edaa6144942d6857,2,true
310c78bf9dd60280240b5a70e35c77cb238d67f4e1adbba59ed402cc01c3f999,0,true
310c78bf9dd60280240b5a70e35c77cb238d67f4e1adbba59ed402cc01c3f999,1,false
310c78bf9dd60280240b5a70e35c77cb238d67f4e1adbba59ed402cc01c3f999,2,false
8fd71771570994f3662285843feb4ebc13086c2aef769471382724167030366b,0,false
8fd71771570994f3662285843feb4ebc13086c2aef769471382724167030366b,1,true
8fd71771570994f3662285843feb4ebc13086c2aef769471382724167030366b,2,false
782bb86d1f7cbf437dac25d28db8ab2efa13caf5654348dd28b705199302b379,0,true
782bb86d1f7cbf437dac25d28db8ab2efa13caf5654348dd28b705199302b379,1,false
782bb86d1f7cbf437dac25d28db8ab2efa13caf5654348dd28b705199302b379,2,false
23d824c9536ba769992aca7c418b168876804e96e670454fa7e5511d1492e338,0,false
23d824c9536ba769992aca7c418b168876804e96e670454fa7e5511d1492e338,1,true
23d824c9536ba769992aca7c418b168876804e96e670454fa7e5511d1492e338,2,false
f6a46b51645effc2e5e9ddf91674bddc193f001adc73248a197a483971e0847f,0,true
f6a46b51645effc2e5e9ddf91674bddc193f001adc73248a197a483971e0847f,1,false
f6a46b51645effc2e5e9ddf91674bddc193f001adc73248a197a483971e0847f,2,false
c81829303cfc394cd419699411deeae948c20db31b8b6557cadb4eaa491adbe4,0,true
c81829303cfc394cd419699411deeae948c20db31b8b6557cadb4eaa491adbe4,1,false
c81829303cfc394cd419699411deeae948c20db31b8b6557cadb4eaa491adbe4,2,false
3886a7966660c88ce5af4c607ef0aa1ee65ed3eb967c2c3f4b975864a4e01b7f,0,false
3886a7966660c88ce5af4c607ef0aa1ee65ed3eb967c2c3f4b975864a4e01b7f,1,false
3886a7966660c88ce5af4c607ef0aa1ee65ed3eb967c2c3f4b975864a4e01b7f,2,true
d113cd567b8b051ffd06ba23f1a9a62b1be5412c1b3de42be46152191988bac3,0,false
d113cd567b8b051ffd06ba23f1a9a62b1be5412c1b3de42be46152191988bac3,1,true
d113cd567b8b051ffd06ba23f1a9a62b1be5412c1b3de42be46152191988bac3,2,false
2b18e573b63e2dcfd14d3f44f861f4be4d04387c5f31f4e0ac046a7bc8482e55,0,false
2b18e573b63e2dcfd14d3f44f861f4be4d04387c5f31f4e0ac046a7bc8482e55,1,false
2b18e573b63e2dcfd14d3f44f861f4be4d04387c5f31f4e0ac046a7bc8482e55,2,true
5f17611b6d1b552909260d375f409b423fac412d148d9e855a53f40326c05be0,0,false
5f17611b6d1b552909260d375f409b423fac412d148d9e855a53f40326c05be0,1,true
5f17611b6d1b552909260d375f409b423fac412d148d9e855a53f40326c05be0,2,false
c8b6e9dbdb59eb281a4f2199e9daf64e7ccd08260af2de4f90153ae1d4083dde,0,true
c8b6e9dbdb59eb281a4f2199e9daf64e7ccd08260af2de4f90153ae1d4083dde,1,false
c8b6e9dbdb59eb281a4f2199e9daf64e7ccd08260af2de4f90153ae1d4083dde,2,false
1da94201c89ffe65ae1f05569e718b9c857fb1754274c5d2399001523bdbcdf8,0,true
1da94201c89ffe65ae1f05569e718b9c857fb1754274c5d2399001523bdbcdf8,1,false
1da94201c89ffe65ae1f05569e718b9c857fb1754274c5d2399001523bdbcdf8,2,false
a5193186a058ee426486ad4f10d7641262520d5095c0ebab683af4cc7c7072c9,0,false
a5193186a058ee426486ad4f10d7641262520d5095c0ebab683af4cc7c7072c9,1,false
a5193186a058ee426486ad4f10d7641262520d5095c0ebab683af4cc7c7072c9,2,true
ad293060bcbaa29e2b1e2cae37323eeec63f5b0f887a1d3f08c564792107923f,0,false
ad293060bcbaa29e2b1e2cae37323eeec63f5b0f887a1d3f08c564792107923f,1,true
ad293060bcbaa29e2b1e2cae37323eeec63f5b0f887a1d3f08c564792107923f,2,false
eab78bb0d2b573bb2fb32928739b408f34ed3cccad7d2a2dea9c614672ec7791,0,true
eab78bb0d2b573bb2fb32928739b408f34ed3cccad7d2a2dea9c614672ec7791,1,false
eab78bb0d2b573bb2fb32928739b408f34ed3cccad7d2a2dea9c614672ec7791,2,false
929cae6cf9bc8637d7ea9d61076ffbf67244e1bfb3dc7a87d2c18497e455d7fa,0,false
929cae6cf9bc8637d7ea9d61076ffbf67244e1bfb3dc7a87d2c18497e455d7fa,1,true
929cae6cf9bc8637d7ea9d61076ffbf67244e1bfb3dc7a87d2c18497e455d7fa,2,false
9930907b58b48a3caa6dc642fb15f43dbd11054d5f9f938928e015cbf63295d2,0,false
9930907b58b48a3caa6dc642fb15f43dbd11054d5f9f938928e015cbf63295d2,1,false
9930907b58b48a3caa6dc642fb15f43dbd11054d5f9f938928e015cbf63295d2,2,true
a74364cd327dcb81a95cdef7d2cbaf943953b1b9b8a78a45dc60fdedc168d344,0,false
a74364cd327dcb81a95cdef7d2cbaf943953b1b9b8a78a45dc60fdedc168d344,1,true
a74364cd327dcb81a95cdef7d2cbaf943953b1b9b8a78a45dc60fdedc168d344,2,false
4ed5c0fca653d2b091a8be2fc0d103d7fa9438fe468981e7a758c7a927870522,0,true
4ed5c0fca653d2b091a8be2fc0d103d7fa9438fe468981e7a758c7a927870522,1,false
4ed5c0fca653d2b091a8be2fc0d103d7fa9438fe468981e7a758c7a927870522,2,false
e2fd2c1031838219c5f5f1842850fa11353e9a1629e165ab4cb71a86ff8f357a,0,false
e2fd2c1031838219c5f5f1842850fa11353e9a1629e165ab4cb71a86ff8f357a,1,false
e2fd2c1031838219c5f5f1842850fa11353e9a1629e165ab4cb71a86ff8f357a,2,true
470603eca71016197e4c2d8b7c8547cfeecea12823c3fab08997407749c10983,0,false
470603eca71016197e4c2d8b7c8547cfeecea12823c3fab08997407749c10983,1,true
470603eca71016197e4c2d8b7c8547cfeecea12823c3fab08997407749c10983,2,false
a50b33d06854ef42940ea8b9f03015d007767c0473abae6044c9574a7d4f57ff,0,false
a50b33d06854ef42940ea8b9f03015d007767c0473abae6044c9574a7d4f57ff,1,false
a50b33d06854ef42940ea8b9f03015d007767c0473abae6044c9574a7d4f57ff,2,true
ee9e76173f9f0a5fcf8a2a8ad4bdbc46177e3dbfd83f36cdee369ad3eb271a95,0,true
ee9e76173f9f0a5fcf8a2a8ad4bdbc46177e3dbfd83f36cdee369ad3eb271a95,1,false
ee9e76173f9f0a5fcf8a2a8ad4bdbc46177e3dbfd83f36cdee369ad3eb271a95,2,false
8d5b6a6821f26f68fa9dcee9ebab5dd6feac397db47ad5ee1bc1fcf91abe0e2c,0,true
8d5b6a6821f26f68fa9dcee9ebab5dd6feac397db47ad5ee1bc1fcf91abe0e2c,1,false
8d5b6a6821f26f68fa9dcee9ebab5dd6feac397db47ad5ee1bc1fcf91abe0e2c,2,false
b14a3b3d953f644a945d9c7513ea9e8a7d0be256f4d8cd1941faa75a69e6c27b,0,false
b14a3b3d953f644a945d9c7513ea9e8a7d0be256f4d8cd1941faa75a69e6c27b,1,false
b14a3b3d953f644a945d9c7513ea9e8a7d0be256f4d8cd1941faa75a69e6c27b,2,true
b2eb4e57912a7b9a01ea2ec1afd3d6d31b8c8f788591c310c066f43ddb9e35a7,0,true
b2eb4e57912a7b9a01ea2ec1afd3d6d31b8c8f788591c310c066f43ddb9e35a7,1,false
b2eb4e57912a7b9a01ea2ec1afd3d6d31b8c8f788591c310c066f43ddb9e35a7,2,false
2b7aa8bfd3fbe302b369345b5287706f1ac2ff592ee5e3192c33998520ee110a,0,true
2b7aa8bfd3fbe302b369345b5287706f1ac2ff592ee5e3192c33998520ee110a,1,false
2b7aa8bfd3fbe302b369345b5287706f1ac2ff592ee5e3192c33998520ee110a,2,false
309cacbf7661668b7e2f136141f7977873634e2684f36cb33db646a3eae045e5,0,false
309cacbf7661668b7e2f136141f7977873634e2684f36cb33db646a3eae045e5,1,false
309cacbf7661668b7e2f136141f7977873634e2684f36cb33db646a3eae045e5,2,true
b0e9180837f592c123b3d4410cf754e89d7c0ae0230162903f16ce0aeef6011c,0,false
b0e9180837f592c123b3d4410cf754e89d7c0ae0230162903f16ce0aeef6011c,1,false
b0e9180837f592c123b3d4410cf754e89d7c0ae0230162903f16ce0aeef6011c,2,true
cd27d5486bab2c42e6ff7cf8f192fe0fda6fcb5984ec239fdd7b7dee29c50f33,0,false
cd27d5486bab2c42e6ff7cf8f192fe0fda6fcb5984ec239fdd7b7dee29c50f33,1,true
cd27d5486bab2c42e6ff7cf8f192fe0fda6fcb5984ec239fdd7b7dee29c50f33,2,false
2aa4cc0cec059209d294147e219f23a825d88b69729ba64c5cd722e365a8a23f,0,false
2aa4cc0cec059209d294147e219f23a825d88b69729ba64c5cd722e365a8a23f,1,true
2aa4cc0cec059209d294147e219f23a825d88b69729ba64c5cd722e365a8a23f,2,false
9ef43a4fdd4d588ac8e35ef6f0fa97599a4e13bf76538fce6214172cf638048f,0,true
9ef43a4fdd4d588ac8e35ef6f0fa97599a4e13bf76538fce6214172cf638048f,1,false
9ef43a4fdd4d588ac8e35ef6f0fa97599a4e13bf76538fce6214172cf638048f,2,false
f74f3cd2acb44505fbfb4aa784253cce2b7cee219173b4619a4547783a8a6bc3,0,true
f74f3cd2acb44505fbfb4aa784253cce2b7cee219173b4619a4547783a8a6bc3,1,false
f74f3cd2acb44505fbfb4aa784253cce2b7cee219173b4619a4547783a8a6bc3,2,false
4462320ebd4bbf93079510ae0c4f665f5066f580855fab050d0beb0bfe21b6e9,0,false
4462320ebd4bbf93079510ae0c4f665f5066f580855fab050d0beb0bfe21b6e9,1,true
4462320ebd4bbf93079510ae0c4f665f5066f580855fab050d0beb0bfe21b6e9,2,false
315f162602131186195815b684e1369a0be81b6d53bfba9b82d13539ce7a39f0,0,true
315f162602131186195815b684e1369a0be81b6d53bfba9b82d13539ce7a39f0,1,false
315f162602131186195815b684e1369a0be81b6d53bfba9b82d13539ce7a39f0,2,false
282a8b3ca432fded259669e9d6ffeefa2ad268dec20886a35b2e049275945b76,0,true
282a8b3ca432fded259669e9d6ffeefa2ad268dec20886a35b2e049275945b76,1,false
282a8b3ca432fded259669e9d6ffeefa2ad268dec20886a35b2e049275945b76,2,false
8be65ae96c69a6ace196c5cab330a90d89ba823f712cd5fe04864e93518ef481,0,false
8be65ae96c69a6ace196c5cab330a90d89ba823f712cd5fe04864e93518ef481,1,true
8be65ae96c69a6ace196c5cab330a90d89ba823f712cd5fe04864e93518ef481,2,false
c8ae15816da34866cc747baa7cb1fb447577b47c8d85f04033ab4eef13e30129,0,true
c8ae15816da34866cc747baa7cb1fb447577b47c8d85f04033ab4eef13e30129,1,false
c8ae15816da34866cc747baa7cb1fb447577b47c8d85f04033ab4eef13e30129,2,false
fe8ebb2059f4133f824a7897622329ba484b930bf559536b3e919de7cac36e42,0,true
fe8ebb2059f4133f824a7897622329ba484b930bf559536b3e919de7cac36e42,1,false
fe8ebb2059f4133f824a7897622329ba484b930bf559536b3e919de7cac36e42,2,false
5a5160dc03c384be299e25b0008cac36bd5fd37b49e42d31d1b99e77f6a42f7d,0,true
5a5160dc03c384be299e25b0008cac36bd5fd37b49e42d31d1b99e77f6a42f7d,1,false
5a5160dc03c384be299e25b0008cac36bd5fd37b49e42d31d1b99e77f6a42f7d,2,false
ad2df930dddd82c23977bb1370fd6669df7a092f0a422ec13ea3c080f34ffff3,0,true
ad2df930dddd82c23977bb1370fd6669df7a092f0a422ec13ea3c080f34ffff3,1,false
ad2df930dddd82c23977bb1370fd6669df7a092f0a422ec13ea3c080f34ffff3,2,false
a490619071fdf4f88842adcd887f580c8a95d2ed614dc08b3156e5c967872ce1,0,true
a490619071fdf4f88842adcd887f580c8a95d2ed614dc08b3156e5c967872ce1,1,false
a490619071fdf4f88842adcd887f580c8a95d2ed614dc08b3156e5c967872ce1,2,false
8ec460aec79e5e214be4b98e262bff37a9bf8f8c4d5e1700e39b419d0ad2afd9,0,true
8ec460aec79e5e214be4b98e262bff37a9bf8f8c4d5e1700e39b419d0ad2afd9,1,false
8ec460aec79e5e214be4b98e262bff37a9bf8f8c4d5e1700e39b419d0ad2afd9,2,false
0bf77f183e2c8fa925de6b5ec97cab619f6ed5456ad71e3a121d0f6edd7e305f,0,true
0bf77f183e2c8fa925de6b5ec97cab619f6ed5456ad71e3a121d0f6edd7e305f,1,false
0bf77f183e2c8fa925de6b5ec97cab619f6ed5456ad71e3a121d0f6edd7e305f,2,false
7c40c8f9d1685cd3fb1ec583315354659cd2d2bd7431648e19a68431af718628,0,false
7c40c8f9d1685cd3fb1ec583315354659cd2d2bd7431648e19a68431af718628,1,true
7c40c8f9d1685cd3fb1ec583315354659cd2d2bd7431648e19a68431af718628,2,false
0df3fdabd793f99345d526b0214334abf2ef40d6c0d8406c315eb93bedf07f93,0,false
0df3fdabd793f99345d526b0214334abf2ef40d6c0d8406c315eb93bedf07f93,1,true
0df3fdabd793f99345d526b0214334abf2ef40d6c0d8406c315eb93bedf07f93,2,false
39fb12f9d6fb10f2dfaa615a000d6a5528153341ffcf6e51d7643cd1eec6fba0,0,false
39fb12f9d6fb10f2dfaa615a000d6a5528153341ffcf6e51d7643cd1eec6fba0,1,false
39fb12f9d6fb10f2dfaa615a000d6a5528153341ffcf6e51d7643cd1eec6fba0,2,true
036f912743bf9fc16295f817bc5f227943dcb14f5d329a01193ceb5726cafb67,0,true
036f912743bf9fc16295f817bc5f227943dcb14f5d329a01193ceb5726cafb67,1,false
036f912743bf9fc16295f817bc5f227943dcb14f5d329a01193ceb5726cafb67,2,false
acc5d611f64138d7ae3aa9069e119ed31eea163526ffbaab46c2cd4c38f7f916,0,false
acc5d611f64138d7ae3aa9069e119ed31eea163526ffbaab46c2cd4c38f7f916,1,false
acc5d611f64138d7ae3aa9069e119ed31eea163526ffbaab46c2cd4c38f7f916,2,true
bcef738ca614cb1e4bee1b5b7b0752d1680f2269111a5c85e972b79ee2ae5f8d,0,false
bcef738ca614cb1e4bee1b5b7b0752d1680f2269111a5c85e972b79ee2ae5f8d,1,true
bcef738ca614cb1e4bee1b5b7b0752d1680f2269111a5c85e972b79ee2ae5f8d,2,false
152b1d5b9d3b31e0a420d257500e252891443d8b9300b0fca1dfb436c9308340,0,true
152b1d5b9d3b31e0a420d257500e252891443d8b9300b0fca1dfb436c9308340,1,false
152b1d5b9d3b31e0a420d257500e252891443d8b9300b0fca1dfb436c9308340,2,false
9ebf13263b92777255fc41f20f74fa8f5bd4ba623faf2dd8b0c3dd1f653eb7f9,0,false
9ebf13263b92777255fc41f20f74fa8f5bd4ba623faf2dd8b0c3dd1f653eb7f9,1,true
9ebf13263b92777255fc41f20f74fa8f5bd4ba623faf2dd8b0c3dd1f653eb7f9,2,false
70e4a495bc917fe9f392bc48125402ceb56f76c827091bd2aae05b98e27b655a,0,false
70e4a495bc917fe9f392bc48125402ceb56f76c827091bd2aae05b98e27b655a,1,false
70e4a495bc917fe9f392bc48125402ceb56f76c827091bd2aae05b98e27b655a,2,true
6d03a0e38d6c6fe528fe80765e090489d89ca3c986d5a11656d71202e82de26e,0,true
6d03a0e38d6c6fe528fe80765e090489d89ca3c986d5a11656d71202e82de26e,1,false
6d03a0e38d6c6fe528fe80765e090489d89ca3c986d5a11656d71202e82de26e,2,false
aa5436768ee98b20d87d2963f27b0d866aa948ec68c3e18fbc06a82306f9896b,0,false
aa5436768ee98b20d87d2963f27b0d866aa948ec68c3e18fbc06a82306f9896b,1,false
aa5436768ee98b20d87d2963f27b0d866aa948ec68c3e18fbc06a82306f9896b,2,true
a4df1305b8562685e21b01f0c875e98fda974398f8e2725cdc2e6d98903d40cb,0,false
a4df1305b8562685e21b01f0c875e98fda974398f8e2725cdc2e6d98903d40cb,1,true
a4df1305b8562685e21b01f0c875e98fda974398f8e2725cdc2e6d98903d40cb,2,false
18a9b3a089cd060e53f6cbd69f6b80228d34a940682a0365a399166d23d21d66,0,false
18a9b3a089cd060e53f6cbd69f6b80228d34a940682a0365a399166d23d21d66,1,false
18a9b3a089cd060e53f6cbd69f6b80228d34a940682a0365a399166d23d21d66,2,true
91a99ccfe9d0ca5d81146547e1af5a55a0f83dacc2b2518e77e62f451d7e1803,0,false
91a99ccfe9d0ca5d81146547e1af5a55a0f83dacc2b2518e77e62f451d7e1803,1,true
91a99ccfe9d0ca5d81146547e1af5a55a0f83dacc2b2518e77e62f451d7e1803,2,false
597880185fc7444d085528f4f5e63f29bef2da41eb2113a79f8f6ca9ecefb038,0,false
597880185fc7444d085528f4f5e63f29bef2da41eb2113a79f8f6ca9ecefb038,1,true
597880185fc7444d085528f4f5e63f29bef2da41eb2113a79f8f6ca9ecefb038,2,false
ad56fe00c71584b62925243a64e55447bca7409989c17458e63037ce3cd92755,0,true
ad56fe00c71584b62925243a64e55447bca7409989c17458e63037ce3cd92755,1,false
ad56fe00c71584b62925243a64e55447bca7409989c17458e63037ce3cd92755,2,false
605bc6a80fa7f75e4bb55a2a3dfbeceba41e3690089116a702622ef15404c39b,0,false
605bc6a80fa7f75e4bb55a2a3dfbeceba41e3690089116a702622ef15404c39b,1,true
605bc6a80fa7f75e4bb55a2a3dfbeceba41e3690089116a702622ef15404c39b,2,false
9d990d963b7973230d2685cde371fa2d61d941d53b91b3ab2d5843d041ca67c0,0,false
9d990d963b7973230d2685cde371fa2d61d941d53b91b3ab2d5843d041ca67c0,1,true
9d990d963b7973230d2685cde371fa2d61d941d53b91b3ab2d5843d041ca67c0,2,false
e487e821213d4d12f5793d89612e3567b05b41f3cb08447cde9d80fa80dff4fc,0,false
e487e821213d4d12f5793d89612e3567b05b41f3cb08447cde9d80fa80dff4fc,1,false
e487e821213d4d12f5793d89612e3567b05b41f3cb08447cde9d80fa80dff4fc,2,true
3c888c6c8c771bf26a485894c50cf05b166ab169804b71bec841be9ffa7e87e6,0,true
3c888c6c8c771bf26a485894c50cf05b166ab169804b71bec841be9ffa7e87e6,1,false
3c888c6c8c771bf26a485894c50cf05b166ab169804b71bec841be9ffa7e87e6,2,false
a1495af737efe8463fe78b2dd9423325318a6cf3a4f46b4b02d2d06557ff59e5,0,false
a1495af737efe8463fe78b2dd9423325318a6cf3a4f46b4b02d2d06557ff59e5,1,true
a1495af737efe8463fe78b2dd9423325318a6cf3a4f46b4b02d2d06557ff59e5,2,false
1117a0aa734142609cada1cf0c061fc83969fcc4b3ca1ca9e0e8bd5ea75b9acf,0,true
1117a0aa734142609cada1cf0c061fc83969fcc4b3ca1ca9e0e8bd5ea75b9acf,1,false
1117a0aa734142609cada1cf0c061fc83969fcc4b3ca1ca9e0e8bd5ea75b9acf,2,false
3793a4cc2c47fcc2bece515e40a089a0cd62087eea545eb53af31709c7dc2228,0,false
3793a4cc2c47fcc2bece515e40a089a0cd62087eea545eb53af31709c7dc2228,1,false
3793a4cc2c47fcc2bece515e40a089a0cd62087eea545eb53af31709c7dc2228,2,true
7395c81428a4f1a782bf7ceac57873a60f312b9bb442c10b36151608d8615099,0,true
7395c81428a4f1a782bf7ceac57873a60f312b9bb442c10b36151608d8615099,1,false
7395c81428a4f1a782bf7ceac57873a60f312b9bb442c10b36151608d8615099,2,false
9564f512fa2aa3af0d2d428b2261f243fa0bd62010e428f6317f7ea539e25158,0,true
9564f512fa2aa3af0d2d428b2261f243fa0bd62010e428f6317f7ea539e25158,1,false
9564f512fa2aa3af0d2d428b2261f243fa0bd62010e428f6317f7ea539e25158,2,false
3b045e901032793e05273407926e5ed22fd9ee484ada939e2281f1e50c30283a,0,true
3b045e901032793e05273407926e5ed22fd9ee484ada939e2281f1e50c30283a,1,false
3b045e901032793e05273407926e5ed22fd9ee484ada939e2281f1e50c30283a,2,false
6494fe24b156aecfb23c3775bc41c42bb9112f7aedca8c8278819233b8155f77,0,false
6494fe24b156aecfb23c3775bc41c42bb9112f7aedca8c8278819233b8155f77,1,true
6494fe24b156aecfb23c3775bc41c42bb9112f7aedca8c8278819233b8155f77,2,false
74cd5a5e8129d5017fba74d01215e3425bf769f5ed7f7e6b07786d3022b0ba63,0,true
74cd5a5e8129d5017fba74d01215e3425bf769f5ed7f7e6b07786d3022b0ba63,1,false
74cd5a5e8129d5017fba74d01215e3425bf769f5ed7f7e6b07786d3022b0ba63,2,false
b384323ac042ceb038c123f72ea815301098f4725e70077f822a7447cae0f5d6,0,true
b384323ac042ceb038c123f72ea815301098f4725e70077f822a7447cae0f5d6,1,false
b384323ac042ceb038c123f72ea815301098f4725e70077f822a7447cae0f5d6,2,false
dd0c531b7fc8185df89c9af900f5e85921bc4cf1e06aaa8fd21b03a54bac1967,0,true
dd0c531b7fc8185df89c9af900f5e85921bc4cf1e06aaa8fd21b03a54bac1967,1,false
dd0c531b7fc8185df89c9af900f5e85921bc4cf1e06aaa8fd21b03a54bac1967,2,false
4fd85805a740e4c91368545fa8dd9aa7449aa020ec111195a235ee25899106c2,0,true
4fd85805a740e4c91368545fa8dd9aa7449aa020ec111195a235ee25899106c2,1,false
4fd85805a740e4c91368545fa8dd9aa7449aa020ec111195a235ee25899106c2,2,false
ced983fde8b933086982edd9335f94eb570c634326743e120715eb93c1a118c9,0,false
ced983fde8b933086982edd9335f94eb570c634326743e120715eb93c1a118c9,1,true
ced983fde8b933086982edd9335f94eb570c634326743e120715eb93c1a118c9,2,false
2a21c73122648d41d128c9a468c84727458e88027cf16a15b85ca68c30f48b0c,0,true
2a21c73122648d41d128c9a468c84727458e88027cf16a15b85ca68c30f48b0c,1,false
2a21c73122648d41d128c9a468c84727458e88027cf16a15b85ca68c30f48b0c,2,false
6f5059de13793c5a15d61ca9dda33852c362cfdbd0ad3c0946fb6716d62c2ff6,0,false
6f5059de13793c5a15d61ca9dda33852c362cfdbd0ad3c0946fb6716d62c2ff6,1,true
6f5059de13793c5a15d61ca9dda33852c362cfdbd0ad3c0946fb6716d62c2ff6,2,false
ac8fab1bc995cd1506de54f3ca3af5002ac599db5f77493f666efc2ad60a4820,0,false
ac8fab1bc995cd1506de54f3ca3af5002ac599db5f77493f666efc2ad60a4820,1,true
ac8fab1bc995cd1506de54f3ca3af5002ac599db5f77493f666efc2ad60a4820,2,false
4fe8d40983251a376e930a062df80e720180e0b2bf8fdb24b5214ee36daae62c,0,true
4fe8d40983251a376e930a062df80e720180e0b2bf8fdb24b5214ee36daae62c,1,false
4fe8d40983251a376e930a062df80e720180e0b2bf8fdb24b5214ee36daae62c,2,false
6ccdd2a2c65ffeab218e68c62a6f21b268563f30c38b92a559928ce65ffa2614,0,true
6ccdd2a2c65ffeab218e68c62a6f21b268563f30c38b92a559928ce65ffa2614,1,false
6ccdd2a2c65ffeab218e68c62a6f21b268563f30c38b92a559928ce65ffa2614,2,false
1cf902187afa591901e63e8585b450eb665978e056d1d6c308eb084bbebe332c,0,true
1cf902187afa591901e63e8585b450eb665978e056d1d6c308eb084bbebe332c,1,false
1cf902187afa591901e63e8585b450eb665978e056d1d6c308eb084bbebe332c,2,false
5f9d2f37920aea1d5f8e77db778928cc6f55564bf8948a83e12e88706051683f,0,false
5f9d2f37920aea1d5f8e77db778928cc6f55564bf8948a83e12e88706051683f,1,true
5f9d2f37920aea1d5f8e77db778928cc6f55564bf8948a83e12e88706051683f,2,false
78ce3e3965408ff182296490e1f98326c913b818b3cb2dbc44a00c861e5d8407,0,false
78ce3e3965408ff182296490e1f98326c913b818b3cb2dbc44a00c861e5d8407,1,true
78ce3e3965408ff182296490e1f98326c913b818b3cb2dbc44a00c861e5d8407,2,false
f7a3dac55328fcb50e8561e005048f28ef92e194054579ea153e6452a0c975e1,0,true
f7a3dac55328fcb50e8561e005048f28ef92e194054579ea153e6452a0c975e1,1,false
f7a3dac55328fcb50e8561e005048f28ef92e194054579ea153e6452a0c975e1,2,false
43d8d1421c73a40a82e6917e35ee0582d877419d6f03e1d4fe537d69fe1984c8,0,true
43d8d1421c73a40a82e6917e35ee0582d877419d6f03e1d4fe537d69fe1984c8,1,false
43d8d1421c73a40a82e6917e35ee0582d877419d6f03e1d4fe537d69fe1984c8,2,false
ac62283df8693f02ab129623bb07511c6cdb5ded2d83ce913742d333b56705d0,0,false
ac62283df8693f02ab129623bb07511c6cdb5ded2d83ce913742d333b56705d0,1,false
ac62283df8693f02ab129623bb07511c6cdb5ded2d83ce913742d333b56705d0,2,true
cfd91ed89ebf6b30141e0198f4f72ff40de8896b873625a507d800a8188bd51b,0,false
cfd91ed89ebf6b30141e0198f4f72ff40de8896b873625a507d800a8188bd51b,1,true
cfd91ed89ebf6b30141e0198f4f72ff40de8896b873625a507d800a8188bd51b,2,false
e5ad7dd20bc5ff2cd0ee66590eda4ad6bf9e58c6675077ba1f0beb1653831626,0,true
e5ad7dd20bc5ff2cd0ee66590eda4ad6bf9e58c6675077ba1f0beb1653831626,1,false
e5ad7dd20bc5ff2cd0ee66590eda4ad6bf9e58c6675077ba1f0beb1653831626,2,false
0af006b2107635ad1aaa9fab5745beb4dd95437414ed46dcc9c80db7620524c5,0,true
0af006b2107635ad1aaa9fab5745beb4dd95437414ed46dcc9c80db7620524c5,1,false
0af006b2107635ad1aaa9fab5745beb4dd95437414ed46dcc9c80db7620524c5,2,false
07b0fd48ce73cb8eb55cbeef2837bca24826b030858dab77b57bf938020c853e,0,true
07b0fd48ce73cb8eb55cbeef2837bca24826b030858dab77b57bf938020c853e,1,false
07b0fd48ce73cb8eb55cbeef2837bca24826b030858dab77b57bf938020c853e,2,false
290e6ba2cf79445452903994c3faa36c06f1ea77fa3d4d7d9dd7001257f535ea,0,true
290e6ba2cf79445452903994c3faa36c06f1ea77fa3d4d7d9dd7001257f535ea,1,false
290e6ba2cf79445452903994c3faa36c06f1ea77fa3d4d7d9dd7001257f535ea,2,false
d535aeb4bcbd5680d2a0cf9483e5bdf8e3641cd9a1706b7d88af8cef196f0849,0,true
d535aeb4bcbd5680d2a0cf9483e5bdf8e3641cd9a1706b7d88af8cef196f0849,1,false
d535aeb4bcbd5680d2a0cf9483e5bdf8e3641cd9a1706b7d88af8cef196f0849,2,false
60cfe58218ad2c74a0c9a4d707b43a0eb6628aa10fbd819541572228e122339f,0,true
60cfe58218ad2c74a0c9a4d707b43a0eb6628aa10fbd819541572228e122339f,1,false
60cfe58218ad2c74a0c9a4d707b43a0eb6628aa10fbd819541572228e122339f,2,false
b9b2697072e7a43b876923c5febaee6ac79e126d56a1e374e473d0b16052ae5a,0,false
b9b2697072e7a43b876923c5febaee6ac79e126d56a1e374e473d0b16052ae5a,1,false
b9b2697072e7a43b876923c5febaee6ac79e126d56a1e374e473d0b16052ae5a,2,true
cd4ba16ed2bc67fda02f5c69a38c50b19e86b4a101841d5b1957ab09075c6424,0,true
cd4ba16ed2bc67fda02f5c69a38c50b19e86b4a101841d5b1957ab09075c6424,1,false
cd4ba16ed2bc67fda02f5c69a38c50b19e86b4a101841d5b1957ab09075c6424,2,false
fc12086f5011f7ebea86530965e6989e943c178b9e7d4b99d730b518943ec8f4,0,true
fc12086f5011f7ebea86530965e6989e943c178b9e7d4b99d730b518943ec8f4,1,false
fc12086f5011f7ebea86530965e6989e943c178b9e7d4b99d730b518943ec8f4,2,false
517cbef5702da9279ab6dae910244125a768446cd30fea3de056af86f6f42719,0,true
517cbef5702da9279ab6dae910244125a768446cd30fea3de056af86f6f42719,1,false
517cbef5702da9279ab6dae910244125a768446cd30fea3de056af86f6f42719,2,false
3cd8df6ae734fcfee99240624c4c725d2849d12d20d78624c4cc01c32fb08190,0,false
3cd8df6ae734fcfee99240624c4c725d2849d12d20d78624c4cc01c32fb08190,1,true
3cd8df6ae734fcfee99240624c4c725d2849d12d20d78624c4cc01c32fb08190,2,false
5877d0a27bfc2f77086d3bf45956a7ab4a9a93ec2609c0e298e0a1644ba31731,0,false
5877d0a27bfc2f77086d3bf45956a7ab4a9a93ec2609c0e298e0a1644ba31731,1,true
5877d0a27bfc2f77086d3bf45956a7ab4a9a93ec2609c0e298e0a1644ba31731,2,false
698e8fdbe2452a8eae62fb0e95be4f0b5c570f54ef94faaaf68e152d9444e80e,0,false
698e8fdbe2452a8eae62fb0e95be4f0b5c570f54ef94faaaf68e152d9444e80e,1,false
698e8fdbe2452a8eae62fb0e95be4f0b5c570f54ef94faaaf68e152d9444e80e,2,true
aaa7b9558b658575331bc63f1ed5669c9e0e2458ea2eb21cf71cd8c6a8792125,0,false
aaa7b9558b658575331bc63f1ed5669c9e0e2458ea2eb21cf71cd8c6a8792125,1,true
aaa7b9558b658575331bc63f1ed5669c9e0e2458ea2eb21cf71cd8c6a8792125,2,false
d845c4af96f705fd1c549e1e3e6efe6a3fc84d59b9eb337dd93bf23f7de78def,0,true
d845c4af96f705fd1c549e1e3e6efe6a3fc84d59b9eb337dd93bf23f7de78def,1,false
d845c4af96f705fd1c549e1e3e6efe6a3fc84d59b9eb337dd93bf23f7de78def,2,false
8529560528580bdaa7db7557e46ee0dc9c9d9a0ebdd9e1d2489ad796b4faccbe,0,false
8529560528580bdaa7db7557e46ee0dc9c9d9a0ebdd9e1d2489ad796b4faccbe,1,true
8529560528580bdaa7db7557e46ee0dc9c9d9a0ebdd9e1d2489ad796b4faccbe,2,false
85a87d4283f7e089fd6a456fdd0642637557df7c1ac54493930f407640661238,0,false
85a87d4283f7e089fd6a456fdd0642637557df7c1ac54493930f407640661238,1,true
85a87d4283f7e089fd6a456fdd0642637557df7c1ac54493930f407640661238,2,false
db403bdb482bb284594718ec725525fcf3ad70ae29a716a5410a84bde9107978,0,false
db403bdb482bb284594718ec725525fcf3ad70ae29a716a5410a84bde9107978,1,false
db403bdb482bb284594718ec725525fcf3ad70ae29a716a5410a84bde9107978,2,true
60ff6f1ecef8d02c2394822007fead501e28a291d1f9011de62cf316ae08eb21,0,true
60ff6f1ecef8d02c2394822007fead501e28a291d1f9011de62cf316ae08eb21,1,false
60ff6f1ecef8d02c2394822007fead501e28a291d1f9011de62cf316ae08eb21,2,false
8acbf54776b853c3ba8d79f9396d70fc24b8a7c0bc0c9e00618327282e0b9875,0,false
8acbf54776b853c3ba8d79f9396d70fc24b8a7c0bc0c9e00618327282e0b9875,1,false
8acbf54776b853c3ba8d79f9396d70fc24b8a7c0bc0c9e00618327282e0b9875,2,true
53e8ca7028207feac122864a0d5455e84d09f12e7edc3d14fdb278dcde37f4c7,0,false
53e8ca7028207feac122864a0d5455e84d09f12e7edc3d14fdb278dcde37f4c7,1,true
53e8ca7028207feac122864a0d5455e84d09f12e7edc3d14fdb278dcde37f4c7,2,false
d3b442657ed2999088bcce349e46b55b741279f40e4d2d7eaf677a504472663c,0,false
d3b442657ed2999088bcce349e46b55b741279f40e4d2d7eaf677a504472663c,1,true
d3b442657ed2999088bcce349e46b55b741279f40e4d2d7eaf677a504472663c,2,false
b309417bcf70033bd1911552f622dac32e15e37237fa23bd55b52efb49b59c9e,0,false
b309417bcf70033bd1911552f622dac32e15e37237fa23bd55b52efb49b59c9e,1,true
b309417bcf70033bd1911552f622dac32e15e37237fa23bd55b52efb49b59c9e,2,false
49265cf755c6ff8944000ba880d8f65b29b6567a94241ccb02d19bf0fa2db31d,0,true
49265cf755c6ff8944000ba880d8f65b29b6567a94241ccb02d19bf0fa2db31d,1,false
49265cf755c6ff8944000ba880d8f65b29b6567a94241ccb02d19bf0fa2db31d,2,false
ad467879fd6120f5c5f07f7d78dd4c0e89bd58c18a3131e2ceec1d7d65338d7b,0,true
ad467879fd6120f5c5f07f7d78dd4c0e89bd58c18a3131e2ceec1d7d65338d7b,1,false
ad467879fd6120f5c5f07f7d78dd4c0e89bd58c18a3131e2ceec1d7d65338d7b,2,false
649c9a93fb69e7e7df2507d29161db42d0e8db69492295427182e676c401e4d8,0,false
649c9a93fb69e7e7df2507d29161db42d0e8db69492295427182e676c401e4d8,1,true
649c9a93fb69e7e7df2507d29161db42d0e8db69492295427182e676c401e4d8,2,false
f9435fc22c78d3105624055431ab0c3b90117e95dcd481b8ac2421d725cd311d,0,false
f9435fc22c78d3105624055431ab0c3b90117e95dcd481b8ac2421d725cd311d,1,false
f9435fc22c78d3105624055431ab0c3b90117e95dcd481b8ac2421d725cd311d,2,true
0bd6015799c96d2403817ea72de2d826c9fc6e114ae051ba27a9775324201c7d,0,true
0bd6015799c96d2403817ea72de2d826c9fc6e114ae051ba27a9775324201c7d,1,false
0bd6015799c96d2403817ea72de2d826c9fc6e114ae051ba27a9775324201c7d,2,false
4e534f42446aad5a588c88be4a46c0e9dd62048ea6471e4315927a0d84dedc1d,0,false
4e534f42446aad5a588c88be4a46c0e9dd62048ea6471e4315927a0d84dedc1d,1,true
4e534f42446aad5a588c88be4a46c0e9dd62048ea6471e4315927a0d84dedc1d,2,false
0c59cabddfaef6fc4ac795e8769bede467d159e1b169f0c3dfdf7a34779ad938,0,false
0c59cabddfaef6fc4ac795e8769bede467d159e1b169f0c3dfdf7a34779ad938,1,true
0c59cabddfaef6fc4ac795e8769bede467d159e1b169f0c3dfdf7a34779ad938,2,false
eaad4adae28376b994aea4d93ba3c28154034c103219508b0257d3d9780314aa,0,false
eaad4adae28376b994aea4d93ba3c28154034c103219508b0257d3d9780314aa,1,true
eaad4adae28376b994aea4d93ba3c28154034c103219508b0257d3d9780314aa,2,false
8da6016fd0dbf864e2b7c5560f64c0964812cc14ed83dd47e0dd8f1c9370a61b,0,false
8da6016fd0dbf864e2b7c5560f64c0964812cc14ed83dd47e0dd8f1c9370a61b,1,true
8da6016fd0dbf864e2b7c5560f64c0964812cc14ed83dd47e0dd8f1c9370a61b,2,false
3891f376203fdb96ba259812a9d767bcafeae1570c558179cf49912b8ca61a1d,0,false
3891f376203fdb96ba259812a9d767bcafeae1570c558179cf49912b8ca61a1d,1,true
3891f376203fdb96ba259812a9d767bcafeae1570c558179cf49912b8ca61a1d,2,false
2f3c6ff95e62847487fb9dd6377460f22124e7509b17f1405757119694607711,0,false
2f3c6ff95e62847487fb9dd6377460f22124e7509b17f1405757119694607711,1,true
2f3c6ff95e62847487fb9dd6377460f22124e7509b17f1405757119694607711,2,false
fe24295400017a08fea6971e0720370323d794162395d20d4145424723bb11d3,0,false
fe24295400017a08fea6971e0720370323d794162395d20d4145424723bb11d3,1,true
fe24295400017a08fea6971e0720370323d794162395d20d4145424723bb11d3,2,false
a81f68443e51fab7847d0e0bc5beba54f57f51abf56f428e90eb5338a9511c9a,0,false
a81f68443e51fab7847d0e0bc5beba54f57f51abf56f428e90eb5338a9511c9a,1,true
a81f68443e51fab7847d0e0bc5beba54f57f51abf56f428e90eb5338a9511c9a,2,false
f1344f0c62f025794981c032687e447ae7f58077ac8480ea027835afc5e72874,0,true
f1344f0c62f025794981c032687e447ae7f58077ac8480ea027835afc5e72874,1,false
f1344f0c62f025794981c032687e447ae7f58077ac8480ea027835afc5e72874,2,false
77120e127708d84f29bf1c9ca70e5396c23ad1a6f27f2353316f001ff07c5780,0,true
77120e127708d84f29bf1c9ca70e5396c23ad1a6f27f2353316f001ff07c5780,1,false
77120e127708d84f29bf1c9ca70e5396c23ad1a6f27f2353316f001ff07c5780,2,false
69c2312d6539fbd0fa45112053bbedffe16559e44aad6544a478c00443b818f3,0,false
69c2312d6539fbd0fa45112053bbedffe16559e44aad6544a478c00443b818f3,1,false
69c2312d6539fbd0fa45112053bbedffe16559e44aad6544a478c00443b818f3,2,true
8103a4a636a00c9679db79b5b99163b9524d02db26f19bd76190ff7a2ddb5e3a,0,false
8103a4a636a00c9679db79b5b99163b9524d02db26f19bd76190ff7a2ddb5e3a,1,true
8103a4a636a00c9679db79b5b99163b9524d02db26f19bd76190ff7a2ddb5e3a,2,false
1dbd69bd1e23e7448ea90ec711faa42d01e0550367fa464dc996ee9eba982650,0,false
1dbd69bd1e23e7448ea90ec711faa42d01e0550367fa464dc996ee9eba982650,1,true
1dbd69bd1e23e7448ea90ec711faa42d01e0550367fa464dc996ee9eba982650,2,false
750fca50fa84dd8de5989ae66d0e8efda111f827b058c5fab35d6dba67b3f98b,0,true
750fca50fa84dd8de5989ae66d0e8efda111f827b058c5fab35d6dba67b3f98b,1,false
750fca50fa84dd8de5989ae66d0e8efda111f827b058c5fab35d6dba67b3f98b,2,false
1f5ad712e7c3b67146bd6cc0485c972114c64b1ad1acc09e193455436abe54ba,0,true
1f5ad712e7c3b67146bd6cc0485c972114c64b1ad1acc09e193455436abe54ba,1,false
1f5ad712e7c3b67146bd6cc0485c972114c64b1ad1acc09e193455436abe54ba,2,false
3b368b998437664aff1b0aca3941db8ee8b3090d1b14f22ef61ca48776ec5bad,0,false
3b368b998437664aff1b0aca3941db8ee8b3090d1b14f22ef61ca48776ec5bad,1,false
3b368b998437664aff1b0aca3941db8ee8b3090d1b14f22ef61ca48776ec5bad,2,true
347f55087ffec1b80d454b25b7f42e0daee612357f845afcb9a497594596ec8d,0,true
347f55087ffec1b80d454b25b7f42e0daee612357f845afcb9a497594596ec8d,1,false
347f55087ffec1b80d454b25b7f42e0daee612357f845afcb9a497594596ec8d,2,false
ba7a7f31181ff052fe30fc42f43a9c698aa1cf82f957936d218807925b371726,0,true
ba7a7f31181ff052fe30fc42f43a9c698aa1cf82f957936d218807925b371726,1,false
ba7a7f31181ff052fe30fc42f43a9c698aa1cf82f957936d218807925b371726,2,false
c13097fb18e256c1bda95b7f442828ee0ddef7e4177992576dbd2a583842d2ec,0,false
c13097fb18e256c1bda95b7f442828ee0ddef7e4177992576dbd2a583842d2ec,1,true
c13097fb18e256c1bda95b7f442828ee0ddef7e4177992576dbd2a583842d2ec,2,false
93c3976dd1cc2ead3cbb58b86bc9699462ede8b3c0f82a7ce599e497c25c76ba,0,false
93c3976dd1cc2ead3cbb58b86bc9699462ede8b3c0f82a7ce599e497c25c76ba,1,true
93c3976dd1cc2ead3cbb58b86bc9699462ede8b3c0f82a7ce599e497c25c76ba,2,false
6e213ba354b9937abf91e2218eb680a72921f4247c166d4ba2c37f986e24c45b,0,true
6e213ba354b9937abf91e2218eb680a72921f4247c166d4ba2c37f986e24c45b,1,false
6e213ba354b9937abf91e2218eb680a72921f4247c166d4ba2c37f986e24c45b,2,false
b0565ab5aa6805da28d14ac07f1539e49847e249f8f17ba65faa264d8edf45ce,0,false
b0565ab5aa6805da28d14ac07f1539e49847e249f8f17ba65faa264d8edf45ce,1,false
b0565ab5aa6805da28d14ac07f1539e49847e249f8f17ba65faa264d8edf45ce,2,true
7b60d9e33988d2b62ca1a155303fbfefdd4c2e573eb42234c15a2199004c89ed,0,false
7b60d9e33988d2b62ca1a155303fbfefdd4c2e573eb42234c15a2199004c89ed,1,true
7b60d9e33988d2b62ca1a155303fbfefdd4c2e573eb42234c15a2199004c89ed,2,false
d78b3d959a5b45fa5e11de7cd8da0264bb1f3ab2544eb4c323604d94bd892939,0,true
d78b3d959a5b45fa5e11de7cd8da0264bb1f3ab2544eb4c323604d94bd892939,1,false
d78b3d959a5b45fa5e11de7cd8da0264bb1f3ab2544eb4c323604d94bd892939,2,false
dfe1e0971816b22b0f5f1b451c0993853dfbd9fdaa25518cbaf00965c758b3c6,0,true
dfe1e0971816b22b0f5f1b451c0993853dfbd9fdaa25518cbaf00965c758b3c6,1,false
dfe1e0971816b22b0f5f1b451c0993853dfbd9fdaa25518cbaf00965c758b3c6,2,false
82ca69a70a4423214420e04a7954ec7790d9f2aa2bdd4fc7c06a63538f940264,0,false
82ca69a70a4423214420e04a7954ec7790d9f2aa2bdd4fc7c06a63538f940264,1,false
82ca69a70a4423214420e04a7954ec7790d9f2aa2bdd4fc7c06a63538f940264,2,true
e5a6f6932cef7d9ecb47c96ba7eaa8f9a4b667b32c28a2763c80db0f702796d1,0,false
e5a6f6932cef7d9ecb47c96ba7eaa8f9a4b667b32c28a2763c80db0f702796d1,1,false
e5a6f6932cef7d9ecb47c96ba7eaa8f9a4b667b32c28a2763c80db0f702796d1,2,true
f6aea5b60023c28e4a739ac80ff95e08de42db5ca9179e497c431a0645b1b8bb,0,false
f6aea5b60023c28e4a739ac80ff95e08de42db5ca9179e497c431a0645b1b8bb,1,true
f6aea5b60023c28e4a739ac80ff95e08de42db5ca9179e497c431a0645b1b8bb,2,false
e7b2a4a1cf8c73071b300df3ea6e716f68418e4be0ecdab3279ff7343bed8fb1,0,true
e7b2a4a1cf8c73071b300df3ea6e716f68418e4be0ecdab3279ff7343bed8fb1,1,false
e7b2a4a1cf8c73071b300df3ea6e716f68418e4be0ecdab3279ff7343bed8fb1,2,false
b29e621f7540d57a5a27ca8cfdab990cbea6cb1aa10893e35bffef9a10a30afd,0,true
b29e621f7540d57a5a27ca8cfdab990cbea6cb1aa10893e35bffef9a10a30afd,1,false
b29e621f7540d57a5a27ca8cfdab990cbea6cb1aa10893e35bffef9a10a30afd,2,false
c409e3558f63cc912984589700a8905c23ceaa20bc5a6f261a5f67f6234f99d9,0,false
c409e3558f63cc912984589700a8905c23ceaa20bc5a6f261a5f67f6234f99d9,1,true
c409e3558f63cc912984589700a8905c23ceaa20bc5a6f261a5f67f6234f99d9,2,false
c8161c543e5051f850f21611086905075b8b532ac4c11f1ca49276439b5f3858,0,true
c8161c543e5051f850f21611086905075b8b532ac4c11f1ca49276439b5f3858,1,false
c8161c543e5051f850f21611086905075b8b532ac4c11f1ca49276439b5f3858,2,false
bf6c00970a9a28ad3597024796df6dba4eff4849ebb52ce8626174f4f5895052,0,false
bf6c00970a9a28ad3597024796df6dba4eff4849ebb52ce8626174f4f5895052,1,true
bf6c00970a9a28ad3597024796df6dba4eff4849ebb52ce8626174f4f5895052,2,false
5886b5cdf70c461f86a82be41286c9d5518e2b9dfd3f1d1da3bbda6dd59a73b8,0,false
5886b5cdf70c461f86a82be41286c9d5518e2b9dfd3f1d1da3bbda6dd59a73b8,1,true
5886b5cdf70c461f86a82be41286c9d5518e2b9dfd3f1d1da3bbda6dd59a73b8,2,false
c86c79b6d23ad716313ddbd23b31483cb7cf0530589a44c7119105e597079d0f,0,true
c86c79b6d23ad716313ddbd23b31483cb7cf0530589a44c7119105e597079d0f,1,false
c86c79b6d23ad716313ddbd23b31483cb7cf0530589a44c7119105e597079d0f,2,false
80ba5a2152be69c526176516bd5da42667ac4e33ab32bad39399419fea73e3c4,0,false
80ba5a2152be69c526176516bd5da42667ac4e33ab32bad39399419fea73e3c4,1,false
80ba5a2152be69c526176516bd5da42667ac4e33ab32bad39399419fea73e3c4,2,true
d3e87c4522f06662f0db985855396ce94860505cdde3ac6c18a699156eee7275,0,false
d3e87c4522f06662f0db985855396ce94860505cdde3ac6c18a699156eee7275,1,true
d3e87c4522f06662f0db985855396ce94860505cdde3ac6c18a699156eee7275,2,false
3deb3bece3a5f5292cf7481f5eebfce9334283ceed905661d77ca43ea03eef23,0,true
3deb3bece3a5f5292cf7481f5eebfce9334283ceed905661d77ca43ea03eef23,1,false
3deb3bece3a5f5292cf7481f5eebfce9334283ceed905661d77ca43ea03eef23,2,false
b4e12b3631801e0e579fa1928f0e401280b2e812d45de152358d63037b8c8888,0,false
b4e12b3631801e0e579fa1928f0e401280b2e812d45de152358d63037b8c8888,1,true
b4e12b3631801e0e579fa1928f0e401280b2e812d45de152358d63037b8c8888,2,false
eedb7b75aa1881ba5f3f508a7f025e35a098514a2c9faa753385e386e6f7e70b,0,false
eedb7b75aa1881ba5f3f508a7f025e35a098514a2c9faa753385e386e6f7e70b,1,true
eedb7b75aa1881ba5f3f508a7f025e35a098514a2c9faa753385e386e6f7e70b,2,false
ebd45154d14ee8315f8f8a837707a9342329cca3f2ff0573df1e1051b2354d4f,0,true
ebd45154d14ee8315f8f8a837707a9342329cca3f2ff0573df1e1051b2354d4f,1,false
ebd45154d14ee8315f8f8a837707a9342329cca3f2ff0573df1e1051b2354d4f,2,false
fd799a52a35f4f04f1dd820bb71132e4a57a7361d7a968c1b1aa5b417187e824,0,false
fd799a52a35f4f04f1dd820bb71132e4a57a7361d7a968c1b1aa5b417187e824,1,true
fd799a52a35f4f04f1dd820bb71132e4a57a7361d7a968c1b1aa5b417187e824,2,false
f7a0d612d9c62922b762e152adac0f5f0b8ebf41386a065b43cad65c4edd9aa6,0,false
f7a0d612d9c62922b762e152adac0f5f0b8ebf41386a065b43cad65c4edd9aa6,1,false
f7a0d612d9c62922b762e152adac0f5f0b8ebf41386a065b43cad65c4edd9aa6,2,true
c7226e6e2c3b7c2572db5c7399adc995c2c74dd0c20d92cc39bea3e410f288cd,0,false
c7226e6e2c3b7c2572db5c7399adc995c2c74dd0c20d92cc39bea3e410f288cd,1,true
c7226e6e2c3b7c2572db5c7399adc995c2c74dd0c20d92cc39bea3e410f288cd,2,false
de5dfdb1f869a6c03207da4ef72b96863a74cc05ad00c6400846ddb272daa218,0,false
de5dfdb1f869a6c03207da4ef72b96863a74cc05ad00c6400846ddb272daa218,1,true
de5dfdb1f869a6c03207da4ef72b96863a74cc05ad00c6400846ddb272daa218,2,false
27ac8a16404d32aa19d929ab2fcd51458d84bca8bdb25152f9640cc02b645106,0,true
27ac8a16404d32aa19d929ab2fcd51458d84bca8bdb25152f9640cc02b645106,1,false
27ac8a16404d32aa19d929ab2fcd51458d84bca8bdb25152f9640cc02b645106,2,false
0f79b2fc858ad0b0c7ea90144a94666e3d1061c6e71cd9d9b066a7bb7804debb,0,false
0f79b2fc858ad0b0c7ea90144a94666e3d1061c6e71cd9d9b066a7bb7804debb,1,true
0f79b2fc858ad0b0c7ea90144a94666e3d1061c6e71cd9d9b066a7bb7804debb,2,false
cabc35d34139b0ae951c7ec60a1fd0752cafe918baf94ad4c1501fc9c723dca3,0,true
cabc35d34139b0ae951c7ec60a1fd0752cafe918baf94ad4c1501fc9c723dca3,1,false
cabc35d34139b0ae951c7ec60a1fd0752cafe918baf94ad4c1501fc9c723dca3,2,false
59ef93ea5d67d4c18e97868c2b601f9296a8ac4bfead62060cd15ed20721b37a,0,true
59ef93ea5d67d4c18e97868c2b601f9296a8ac4bfead62060cd15ed20721b37a,1,false
59ef93ea5d67d4c18e97868c2b601f9296a8ac4bfead62060cd15ed20721b37a,2,false
c481b346267beb45c543430cc358b46b3e707b51942910923b0bfe39651b572c,0,false
c481b346267beb45c543430cc358b46b3e707b51942910923b0bfe39651b572c,1,false
c481b346267beb45c543430cc358b46b3e707b51942910923b0bfe39651b572c,2,true
9fe6af441584a8d17976f8e0fb1e2a3ac8253a3b04f2b897f55d542520716d69,0,true
9fe6af441584a8d17976f8e0fb1e2a3ac8253a3b04f2b897f55d542520716d69,1,false
9fe6af441584a8d17976f8e0fb1e2a3ac8253a3b04f2b897f55d542520716d69,2,false
4f1488670f31fadd8aba27e4d3cbb36089148c42731aaee1a66bd5ee88f8a6b6,0,true
4f1488670f31fadd8aba27e4d3cbb36089148c42731aaee1a66bd5ee88f8a6b6,1,false
4f1488670f31fadd8aba27e4d3cbb36089148c42731aaee1a66bd5ee88f8a6b6,2,false
36592e37e1a01f475d9e1ff4f4ce1376870b5d0803958726a4a18a26b7ae23b4,0,false
36592e37e1a01f475d9e1ff4f4ce1376870b5d0803958726a4a18a26b7ae23b4,1,false
36592e37e1a01f475d9e1ff4f4ce1376870b5d0803958726a4a18a26b7ae23b4,2,true
a31e038f7b798c8e43f9cb0d8692f8a5ecc55699d8fbc0be2976932e4ce82fc3,0,false
a31e038f7b798c8e43f9cb0d8692f8a5ecc55699d8fbc0be2976932e4ce82fc3,1,true
a31e038f7b798c8e43f9cb0d8692f8a5ecc55699d8fbc0be2976932e4ce82fc3,2,false
85328c27dce7f53a205d64dff65cf341d413647dcf8acc236fbea7f0a35d4654,0,true
85328c27dce7f53a205d64dff65cf341d413647dcf8acc236fbea7f0a35d4654,1,false
85328c27dce7f53a205d64dff65cf341d413647dcf8acc236fbea7f0a35d4654,2,false
8a5826e5b61b2cf502aaf20ec88e4a9aeaf7ea8a3bd4cc8ed64f4136a27a00b2,0,false
8a5826e5b61b2cf502aaf20ec88e4a9aeaf7ea8a3bd4cc8ed64f4136a27a00b2,1,false
8a5826e5b61b2cf502aaf20ec88e4a9aeaf7ea8a3bd4cc8ed64f4136a27a00b2,2,true
c37a36848f1f78acc8ebf4db8ebfcad826bd10a4bef1180cf9fb4d27a6fd42b9,0,false
c37a36848f1f78acc8ebf4db8ebfcad826bd10a4bef1180cf9fb4d27a6fd42b9,1,true
c37a36848f1f78acc8ebf4db8ebfcad826bd10a4bef1180cf9fb4d27a6fd42b9,2,false
0667d49a0131a783f142ba309224eaa9fccb4e14c6f94ec9bc5056c40a8e35e9,0,false
0667d49a0131a783f142ba309224eaa9fccb4e14c6f94ec9bc5056c40a8e35e9,1,false
0667d49a0131a783f142ba309224eaa9fccb4e14c6f94ec9bc5056c40a8e35e9,2,true
62b52e7f0fbb445dafffe3f56e53c6b0b72807df37bb9a34829233e1e8a476c8,0,false
62b52e7f0fbb445dafffe3f56e53c6b0b72807df37bb9a34829233e1e8a476c8,1,true
62b52e7f0fbb445dafffe3f56e53c6b0b72807df37bb9a34829233e1e8a476c8,2,false
ad67ee353a3458884725f64fbcf6aa0bb235491fe98b2e046547f37dcba39e2a,0,true
ad67ee353a3458884725f64fbcf6aa0bb235491fe98b2e046547f37dcba39e2a,1,false
ad67ee353a3458884725f64fbcf6aa0bb235491fe98b2e046547f37dcba39e2a,2,false
b4bb4a3077271eb9d93788001d4b9af8698b97b2ba257ffe94e473fcd0eb2c9a,0,false
b4bb4a3077271eb9d93788001d4b9af8698b97b2ba257ffe94e473fcd0eb2c9a,1,false
b4bb4a3077271eb9d93788001d4b9af8698b97b2ba257ffe94e473fcd0eb2c9a,2,true
487e0b2dd1bd7615b1fd2f10d5f26273280ff261c16e23ac9e5c7b29a2db4002,0,false
487e0b2dd1bd7615b1fd2f10d5f26273280ff261c16e23ac9e5c7b29a2db4002,1,false
487e0b2dd1bd7615b1fd2f10d5f26273280ff261c16e23ac9e5c7b29a2db4002,2,true
6dc68214b96f7487fd443f8995706ecb00765d7516a245e343c6f30fd4301e93,0,false
6dc68214b96f7487fd443f8995706ecb00765d7516a245e343c6f30fd4301e93,1,true
6dc68214b96f7487fd443f8995706ecb00765d7516a245e343c6f30fd4301e93,2,false
702cfe3c6b7496b46cfc919a8fc5763643321f95ac8b590643f3488b0cf8f8c1,0,false
702cfe3c6b7496b46cfc919a8fc5763643321f95ac8b590643f3488b0cf8f8c1,1,true
702cfe3c6b7496b46cfc919a8fc5763643321f95ac8b590643f3488b0cf8f8c1,2,false
b6bf92dcc27f5adde723a52342796f7c2d2d27002d933e744baa9c9ee54a0652,0,true
b6bf92dcc27f5adde723a52342796f7c2d2d27002d933e744baa9c9ee54a0652,1,false
b6bf92dcc27f5adde723a52342796f7c2d2d27002d933e744baa9c9ee54a0652,2,false
fd7ea0e2a114854ae3855a08e7fb44259a83d0e09dd5bc71141d220802e85309,0,true
fd7ea0e2a114854ae3855a08e7fb44259a83d0e09dd5bc71141d220802e85309,1,false
fd7ea0e2a114854ae3855a08e7fb44259a83d0e09dd5bc71141d220802e85309,2,false
e2cf165af9874400a7a5f95844c2d9e3a284f6ae5b47f03d9ab2172b5bbb8d54,0,true
e2cf165af9874400a7a5f95844c2d9e3a284f6ae5b47f03d9ab2172b5bbb8d54,1,false
e2cf165af9874400a7a5f95844c2d9e3a284f6ae5b47f03d9ab2172b5bbb8d54,2,false
82c9f25f2202856c5f679da76e9a80abc9078d4041616342395cfd3ef812d6ff,0,false
82c9f25f2202856c5f679da76e9a80abc9078d4041616342395cfd3ef812d6ff,1,true
82c9f25f2202856c5f679da76e9a80abc9078d4041616342395cfd3ef812d6ff,2,false
c23351ed59468393091bbf32ee1ebf1f82b9d62a5d0601902276a35971545c85,0,false
c23351ed59468393091bbf32ee1ebf1f82b9d62a5d0601902276a35971545c85,1,false
c23351ed59468393091bbf32ee1ebf1f82b9d62a5d0601902276a35971545c85,2,true
926b6434b5589f5b9249570e3cf62bdc4e733c2049d483f9b7f9187e91eff770,0,false
926b6434b5589f5b9249570e3cf62bdc4e733c2049d483f9b7f9187e91eff770,1,true
926b6434b5589f5b9249570e3cf62bdc4e733c2049d483f9b7f9187e91eff770,2,false
d5422a0354bfbb2dcfd622c5c8d4593c1fe433533b820c8cde5ab7589dfd5cac,0,true
d5422a0354bfbb2dcfd622c5c8d4593c1fe433533b820c8cde5ab7589dfd5cac,1,false
d5422a0354bfbb2dcfd622c5c8d4593c1fe433533b820c8cde5ab7589dfd5cac,2,false
58087c5e1d0621e9f089ec35004ac52839d28f4d516c98c7d7fd9e6f42055931,0,true
58087c5e1d0621e9f089ec35004ac52839d28f4d516c98c7d7fd9e6f42055931,1,false
58087c5e1d0621e9f089ec35004ac52839d28f4d516c98c7d7fd9e6f42055931,2,false
e2327e79569eda296e6fe7540641f40f679f601e8ee313491cedda81f5d512b3,0,false
e2327e79569eda296e6fe7540641f40f679f601e8ee313491cedda81f5d512b3,1,true
e2327e79569eda296e6fe7540641f40f679f601e8ee313491cedda81f5d512b3,2,false
84a8ffe9b36dc51f9262aa00dfe3373e512da2aac55177ade13649594d7c88dd,0,false
84a8ffe9b36dc51f9262aa00dfe3373e512da2aac55177ade13649594d7c88dd,1,false
84a8ffe9b36dc51f9262aa00dfe3373e512da2aac55177ade13649594d7c88dd,2,true
e89f02528449a6525ba6d10f541563b729c647d978175467972c73c209262b3e,0,false
e89f02528449a6525ba6d10f541563b729c647d978175467972c73c209262b3e,1,false
e89f02528449a6525ba6d10f541563b729c647d978175467972c73c209262b3e,2,true
5a01262f3ddc8c27e10818d9a77d2a12e55fe0e4fcddf15502262523aa1725c0,0,true
5a01262f3ddc8c27e10818d9a77d2a12e55fe0e4fcddf15502262523aa1725c0,1,false
5a01262f3ddc8c27e10818d9a77d2a12e55fe0e4fcddf15502262523aa1725c0,2,false
a961b1581b9219633866cb0fbbf4c755785f894c6d8586d8710d2afe00d94098,0,true
a961b1581b9219633866cb0fbbf4c755785f894c6d8586d8710d2afe00d94098,1,false
a961b1581b9219633866cb0fbbf4c755785f894c6d8586d8710d2afe00d94098,2,false
0e883ccfb44c66fbf1cb909b3ee83b86d12bcaa6c8b2887b3906406d1e5b3234,0,false
0e883ccfb44c66fbf1cb909b3ee83b86d12bcaa6c8b2887b3906406d1e5b3234,1,true
0e883ccfb44c66fbf1cb909b3ee83b86d12bcaa6c8b2887b3906406d1e5b3234,2,false
8806fcf798701d6684f458723881028ebbfc1d330d56ecfda3f8ac2bcc4e1d55,0,false
8806fcf798701d6684f458723881028ebbfc1d330d56ecfda3f8ac2bcc4e1d55,1,true
8806fcf798701d6684f458723881028ebbfc1d330d56ecfda3f8ac2bcc4e1d55,2,false
b9ecd00ece9d3d468bc9735d39c8bf9f349980b082062a6ece56977fe09c0e24,0,false
b9ecd00ece9d3d468bc9735d39c8bf9f349980b082062a6ece56977fe09c0e24,1,true
b9ecd00ece9d3d468bc9735d39c8bf9f349980b082062a6ece56977fe09c0e24,2,false
a2988aef8bf4e05d7521258d0cb45496dca75d75f9b8f8107b655ca4f588b74e,0,true
a2988aef8bf4e05d7521258d0cb45496dca75d75f9b8f8107b655ca4f588b74e,1,false
a2988aef8bf4e05d7521258d0cb45496dca75d75f9b8f8107b655ca4f588b74e,2,false
fb86576c874ed7cd71f4995a9e0882d5b981bc5904461588bf4df51801aad177,0,false
fb86576c874ed7cd71f4995a9e0882d5b981bc5904461588bf4df51801aad177,1,true
fb86576c874ed7cd71f4995a9e0882d5b981bc5904461588bf4df51801aad177,2,false
ffe1cde109669be4669f1cc24364a50eeead4b6dea2a398718201bd75fe34cf9,0,true
ffe1cde109669be4669f1cc24364a50eeead4b6dea2a398718201bd75fe34cf9,1,false
ffe1cde109669be4669f1cc24364a50eeead4b6dea2a398718201bd75fe34cf9,2,false
26da0cd707e382d73e8b1ce3ad2964789fd764329ad66d5b92bbf759c2e31d69,0,false
26da0cd707e382d73e8b1ce3ad2964789fd764329ad66d5b92bbf759c2e31d69,1,false
26da0cd707e382d73e8b1ce3ad2964789fd764329ad66d5b92bbf759c2e31d69,2,true
4e8b13666b8fdd80e8c2a0d526252fdd0669c7c6f9519c7cff23365644c7c5df,0,false
4e8b13666b8fdd80e8c2a0d526252fdd0669c7c6f9519c7cff23365644c7c5df,1,true
4e8b13666b8fdd80e8c2a0d526252fdd0669c7c6f9519c7cff23365644c7c5df,2,false
4b6bf2a5ce68b12809df6129b8ded37b44f10c6e073f8babc316321e76808739,0,false
4b6bf2a5ce68b12809df6129b8ded37b44f10c6e073f8babc316321e76808739,1,false
4b6bf2a5ce68b12809df6129b8ded37b44f10c6e073f8babc316321e76808739,2,true
d4cd9aaa1169e754277e1ab242acd9294a6f2e756656da227d51648daba40040,0,true
d4cd9aaa1169e754277e1ab242acd9294a6f2e756656da227d51648daba40040,1,false
d4cd9aaa1169e754277e1ab242acd9294a6f2e756656da227d51648daba40040,2,false
b69f56ff04c9403d0bd5bdcc5d9d33cd4ccff78a0932c0f7ddea89bcaf4b8d98,0,true
b69f56ff04c9403d0bd5bdcc5d9d33cd4ccff78a0932c0f7ddea89bcaf4b8d98,1,false
b69f56ff04c9403d0bd5bdcc5d9d33cd4ccff78a0932c0f7ddea89bcaf4b8d98,2,false
1e4c48aae01a2caeb8102206155f2b9aafff8b456b86257fb68b43af5da6e066,0,false
1e4c48aae01a2caeb8102206155f2b9aafff8b456b86257fb68b43af5da6e066,1,true
1e4c48aae01a2caeb8102206155f2b9aafff8b456b86257fb68b43af5da6e066,2,false
ccfcf81d161885e8445938a0601c80abe286b9c134b26721ce1758b21c4aeca1,0,true
ccfcf81d161885e8445938a0601c80abe286b9c134b26721ce1758b21c4aeca1,1,false
ccfcf81d161885e8445938a0601c80abe286b9c134b26721ce1758b21c4aeca1,2,false
7d6c85590521dfe66aa4b3e3146c5e2d3f56662596fc21c79a10874f23d21fcd,0,false
7d6c85590521dfe66aa4b3e3146c5e2d3f56662596fc21c79a10874f23d21fcd,1,true
7d6c85590521dfe66aa4b3e3146c5e2d3f56662596fc21c79a10874f23d21fcd,2,false
155eda83485fbec2acdf2fae8c581192fe21c83aa7581b2fce21d8d4bda5b65d,0,false
155eda83485fbec2acdf2fae8c581192fe21c83aa7581b2fce21d8d4bda5b65d,1,true
155eda83485fbec2acdf2fae8c581192fe21c83aa7581b2fce21d8d4bda5b65d,2,false
e75ae4c07aa358e9f79795fc5f9a81b78bae57f70140db138a4f1d1a505d4da6,0,false
e75ae4c07aa358e9f79795fc5f9a81b78bae57f70140db138a4f1d1a505d4da6,1,false
e75ae4c07aa358e9f79795fc5f9a81b78bae57f70140db138a4f1d1a505d4da6,2,true
32e620460bbd510f54360aa748adc38b1b45d586d04583aeede1495026c0512c,0,true
32e620460bbd510f54360aa748adc38b1b45d586d04583aeede1495026c0512c,1,false
32e620460bbd510f54360aa748adc38b1b45d586d04583aeede1495026c0512c,2,false
a2c01b9b2c05edab9c41b8059f48add4e3e9e787973c89f34a68bfaae1ea06b0,0,false
a2c01b9b2c05edab9c41b8059f48add4e3e9e787973c89f34a68bfaae1ea06b0,1,false
a2c01b9b2c05edab9c41b8059f48add4e3e9e787973c89f34a68bfaae1ea06b0,2,true
6e856faa7fe036f90b047b4100f00262b51b21ef13b2f74bcba46543f270dcfb,0,true
6e856faa7fe036f90b047b4100f00262b51b21ef13b2f74bcba46543f270dcfb,1,false
6e856faa7fe036f90b047b4100f00262b51b21ef13b2f74bcba46543f270dcfb,2,false
072d84c14343fd87c61bb584ceadf9e09db8d77f3536d01438d2422f6d2e9f63,0,false
072d84c14343fd87c61bb584ceadf9e09db8d77f3536d01438d2422f6d2e9f63,1,false
072d84c14343fd87c61bb584ceadf9e09db8d77f3536d01438d2422f6d2e9f63,2,true
7f71391929479abcfe0aa380e0564327034c8f05a08112298ce228b9016265d4,0,true
7f71391929479abcfe0aa380e0564327034c8f05a08112298ce228b9016265d4,1,false
7f71391929479abcfe0aa380e0564327034c8f05a08112298ce228b9016265d4,2,false
ee34035d04442cb96cb0de82f1f5589e7ac1eee264815cc9163e093b5d226b35,0,true
ee34035d04442cb96cb0de82f1f5589e7ac1eee264815cc9163e093b5d226b35,1,false
ee34035d04442cb96cb0de82f1f5589e7ac1eee264815cc9163e093b5d226b35,2,false
b617df9fb3bae921f93db0253542c57166cd363e535a5c732fef0a758968789b,0,true
b617df9fb3bae921f93db0253542c57166cd363e535a5c732fef0a758968789b,1,false
b617df9fb3bae921f93db0253542c57166cd363e535a5c732fef0a758968789b,2,false
4f611f3de15367aa687fa23555d13d44f8812d92274645de550b3626b2b0952d,0,false
4f611f3de15367aa687fa23555d13d44f8812d92274645de550b3626b2b0952d,1,true
4f611f3de15367aa687fa23555d13d44f8812d92274645de550b3626b2b0952d,2,false
b6089b2ffd034dc00302db480be4fb3dc690cd22b4e1d22339c8da2ce7d38ab0,0,false
b6089b2ffd034dc00302db480be4fb3dc690cd22b4e1d22339c8da2ce7d38ab0,1,false
b6089b2ffd034dc00302db480be4fb3dc690cd22b4e1d22339c8da2ce7d38ab0,2,true
1a92e9c524f0d58a3009cc5486932654dedee7da157e9fff3dac7b63fd90e3fe,0,false
1a92e9c524f0d58a3009cc5486932654dedee7da157e9fff3dac7b63fd90e3fe,1,true
1a92e9c524f0d58a3009cc5486932654dedee7da157e9fff3dac7b63fd90e3fe,2,false
6ba16fc7c22b67ee3a6dc85e92ab4a505a54d2b06bef0939c653b0dfc7885637,0,false
6ba16fc7c22b67ee3a6dc85e92ab4a505a54d2b06bef0939c653b0dfc7885637,1,true
6ba16fc7c22b67ee3a6dc85e92ab4a505a54d2b06bef0939c653b0dfc7885637,2,false
02761b1716392764028b9dc7f514eecb8f884e4f6251d9112f08265f14e76234,0,false
02761b1716392764028b9dc7f514eecb8f884e4f6251d9112f08265f14e76234,1,true
02761b1716392764028b9dc7f514eecb8f884e4f6251d9112f08265f14e76234,2,false
55c7734d66de7cb6827d659230a5b3bd31319f09c2e5ab2f11a4b5324fcc3d06,0,false
55c7734d66de7cb6827d659230a5b3bd31319f09c2e5ab2f11a4b5324fcc3d06,1,false
55c7734d66de7cb6827d659230a5b3bd31319f09c2e5ab2f11a4b5324fcc3d06,2,true
e92887ffb38f1278d4748e424fa737cb46c0e1d373293acdf25c49aa840d1e48,0,false
e92887ffb38f1278d4748e424fa737cb46c0e1d373293acdf25c49aa840d1e48,1,true
e92887ffb38f1278d4748e424fa737cb46c0e1d373293acdf25c49aa840d1e48,2,false
c2f543d56117e7b18d56bd58ca4ca72650994e4d4ef27ed4d16d176e91e454e6,0,false
c2f543d56117e7b18d56bd58ca4ca72650994e4d4ef27ed4d16d176e91e454e6,1,false
c2f543d56117e7b18d56bd58ca4ca72650994e4d4ef27ed4d16d176e91e454e6,2,true
e769cdf63b6d97f50d69ef231ce8de98b0ad895b66196c1036c85a29be2cb8e4,0,true
e769cdf63b6d97f50d69ef231ce8de98b0ad895b66196c1036c85a29be2cb8e4,1,false
e769cdf63b6d97f50d69ef231ce8de98b0ad895b66196c1036c85a29be2cb8e4,2,false
45f584375f4c51630086651e5fa8184cdcf6602a3d16181ef327e3a4e43df412,0,false
45f584375f4c51630086651e5fa8184cdcf6602a3d16181ef327e3a4e43df412,1,true
45f584375f4c51630086651e5fa8184cdcf6602a3d16181ef327e3a4e43df412,2,false
4a84ec5e98be14ee0521ae7375966962e4f45b9d7a393ecce3f3e592262d8561,0,false
4a84ec5e98be14ee0521ae7375966962e4f45b9d7a393ecce3f3e592262d8561,1,true
4a84ec5e98be14ee0521ae7375966962e4f45b9d7a393ecce3f3e592262d8561,2,false
4d7965addb367ab0ff88889547e1c8c01871203a2c46a87674ed2a22a4dcbaad,0,true
4d7965addb367ab0ff88889547e1c8c01871203a2c46a87674ed2a22a4dcbaad,1,false
4d7965addb367ab0ff88889547e1c8c01871203a2c46a87674ed2a22a4dcbaad,2,false
5cb1f3770d481d573b6da4b7120f7909d4003ebd0308c22ab481f3c0dcfe07e4,0,true
5cb1f3770d481d573b6da4b7120f7909d4003ebd0308c22ab481f3c0dcfe07e4,1,false
5cb1f3770d481d573b6da4b7120f7909d4003ebd0308c22ab481f3c0dcfe07e4,2,false
f9e8f9e0eadc7e02dc30513654649a0a7a1b628b117a0300e085cb4c99e20b50,0,true
f9e8f9e0eadc7e02dc30513654649a0a7a1b628b117a0300e085cb4c99e20b50,1,false
f9e8f9e0eadc7e02dc30513654649a0a7a1b628b117a0300e085cb4c99e20b50,2,false
496f22727ec8da475d574d5c7941341b2978c4d98689bd0c0b3941e21892ac59,0,false
496f22727ec8da475d574d5c7941341b2978c4d98689bd0c0b3941e21892ac59,1,false
496f22727ec8da475d574d5c7941341b2978c4d98689bd0c0b3941e21892ac59,2,true
8ae1b7e0be4532f0e8694e0aed4d40218f9940fcdb980225885f31da193e18c2,0,false
8ae1b7e0be4532f0e8694e0aed4d40218f9940fcdb980225885f31da193e18c2,1,true
8ae1b7e0be4532f0e8694e0aed4d40218f9940fcdb980225885f31da193e18c2,2,false
6d58c73913cc2f5576e863bedd055411b7bdae194015ae3210b7e9fff82cf325,0,false
6d58c73913cc2f5576e863bedd055411b7bdae194015ae3210b7e9fff82cf325,1,false
6d58c73913cc2f5576e863bedd055411b7bdae194015ae3210b7e9fff82cf325,2,true
f2f71bfc369997ab662b43f96f6b1362eb109593347d6ad0994b4cb4838b7fc3,0,false
f2f71bfc369997ab662b43f96f6b1362eb109593347d6ad0994b4cb4838b7fc3,1,true
f2f71bfc369997ab662b43f96f6b1362eb109593347d6ad0994b4cb4838b7fc3,2,false
2f7bbea7fab02eb6f3cab0f60dae6f47e3ce1f8a2a53d886eb2b5420903a44c7,0,true
2f7bbea7fab02eb6f3cab0f60dae6f47e3ce1f8a2a53d886eb2b5420903a44c7,1,false
2f7bbea7fab02eb6f3cab0f60dae6f47e3ce1f8a2a53d886eb2b5420903a44c7,2,false
9ab56aeadba74c7bc9ffb798323cbb98bfb00e2382923d53dda6a2e728cf90b8,0,false
9ab56aeadba74c7bc9ffb798323cbb98bfb00e2382923d53dda6a2e728cf90b8,1,true
9ab56aeadba74c7bc9ffb798323cbb98bfb00e2382923d53dda6a2e728cf90b8,2,false
a78ca9f7fb29a9a55c7e06359a81f5d852ec4a021e2886bf0ecf8e6185efd9ff,0,true
a78ca9f7fb29a9a55c7e06359a81f5d852ec4a021e2886bf0ecf8e6185efd9ff,1,false
a78ca9f7fb29a9a55c7e06359a81f5d852ec4a021e2886bf0ecf8e6185efd9ff,2,false
cfc18bac726cf0eed322292b9878331c5725e052266b9a992de84c5025e070aa,0,false
cfc18bac726cf0eed322292b9878331c5725e052266b9a992de84c5025e070aa,1,true
cfc18bac726cf0eed322292b9878331c5725e052266b9a992de84c5025e070aa,2,false
4493e09211c2e6b524e2ef25fac277c685da91269c2d3e766e4b39732a648a21,0,false
4493e09211c2e6b524e2ef25fac277c685da91269c2d3e766e4b39732a648a21,1,true
4493e09211c2e6b524e2ef25fac277c685da91269c2d3e766e4b39732a648a21,2,false
4f023918be8e0e44f29faecbc7318aace4e6d12e0e09bad05a40229f62732e48,0,false
4f023918be8e0e44f29faecbc7318aace4e6d12e0e09bad05a40229f62732e48,1,false
4f023918be8e0e44f29faecbc7318aace4e6d12e0e09bad05a40229f62732e48,2,true
97c7115e87c8b1dba82097c6e94fe9db2ff13ee414aceb1edba3628d92af1ab8,0,false
97c7115e87c8b1dba82097c6e94fe9db2ff13ee414aceb1edba3628d92af1ab8,1,true
97c7115e87c8b1dba82097c6e94fe9db2ff13ee414aceb1edba3628d92af1ab8,2,false
fc9c65f3bfb64127009f89bf93df0c2ab5977cb46f7951b8e396496c976c2539,0,true
fc9c65f3bfb64127009f89bf93df0c2ab5977cb46f7951b8e396496c976c2539,1,false
fc9c65f3bfb64127009f89bf93df0c2ab5977cb46f7951b8e396496c976c2539,2,false
4298ab907a4a7999c37c41e870af9b5caaf4e17a58a3654edbf257bbbc47b67b,0,false
4298ab907a4a7999c37c41e870af9b5caaf4e17a58a3654edbf257bbbc47b67b,1,false
4298ab907a4a7999c37c41e870af9b5caaf4e17a58a3654edbf257bbbc47b67b,2,true
1888a55a37de8338fc962e1b887068cfdb2088147d499705084e4f0318d39726,0,false
1888a55a37de8338fc962e1b887068cfdb2088147d499705084e4f0318d39726,1,true
1888a55a37de8338fc962e1b887068cfdb2088147d499705084e4f0318d39726,2,false
40989eb8a1a3441a298759e27bcf11ba78f0e0c1c9145bd887112a9c0fbc3eac,0,true
40989eb8a1a3441a298759e27bcf11ba78f0e0c1c9145bd887112a9c0fbc3eac,1,false
40989eb8a1a3441a298759e27bcf11ba78f0e0c1c9145bd887112a9c0fbc3eac,2,false
19690874ba79f15d84033a7d5305055a7dd6b9a3ea2819b639804be91d903400,0,false
19690874ba79f15d84033a7d5305055a7dd6b9a3ea2819b639804be91d903400,1,false
19690874ba79f15d84033a7d5305055a7dd6b9a3ea2819b639804be91d903400,2,true
99def778c4971c84f9e05f5fae1ffa4b3734dfa973cf296e8d589514bb44b793,0,true
99def778c4971c84f9e05f5fae1ffa4b3734dfa973cf296e8d589514bb44b793,1,false
99def778c4971c84f9e05f5fae1ffa4b3734dfa973cf296e8d589514bb44b793,2,false
de7743c72d5a73212906db7f8bceeef05d8e5412b132d52c30d58015ab038866,0,false
de7743c72d5a73212906db7f8bceeef05d8e5412b132d52c30d58015ab038866,1,false
de7743c72d5a73212906db7f8bceeef05d8e5412b132d52c30d58015ab038866,2,true
cc6e1d11e944acf19289a0de666f69679b99ddd18d5adeea8a1a9f1acc82fca4,0,false
cc6e1d11e944acf19289a0de666f69679b99ddd18d5adeea8a1a9f1acc82fca4,1,false
cc6e1d11e944acf19289a0de666f69679b99ddd18d5adeea8a1a9f1acc82fca4,2,true
0db6210d1ff97286e8e334570d984c3b52eab144f2a37b4ef2456a0d5816d3ef,0,false
0db6210d1ff97286e8e334570d984c3b52eab144f2a37b4ef2456a0d5816d3ef,1,true
0db6210d1ff97286e8e334570d984c3b52eab144f2a37b4ef2456a0d5816d3ef,2,false
dcd79170ec28b49f3a8b619ac138813a8f18caf922495dc22500e0578ea49fdd,0,false
dcd79170ec28b49f3a8b619ac138813a8f18caf922495dc22500e0578ea49fdd,1,true
dcd79170ec28b49f3a8b619ac138813a8f18caf922495dc22500e0578ea49fdd,2,false
af4f25c59b2fa19ebb007212ebea23ff2378949c23d6fec3fdc019aeaec7f3cb,0,true
af4f25c59b2fa19ebb007212ebea23ff2378949c23d6fec3fdc019aeaec7f3cb,1,false
af4f25c59b2fa19ebb007212ebea23ff2378949c23d6fec3fdc019aeaec7f3cb,2,false
54c231570ffc8013df6e2c3a0a33fe43dc8b83144177b6f059ba8ad6a2f2a7ec,0,true
54c231570ffc8013df6e2c3a0a33fe43dc8b83144177b6f059ba8ad6a2f2a7ec,1,false
54c231570ffc8013df6e2c3a0a33fe43dc8b83144177b6f059ba8ad6a2f2a7ec,2,false
501a996f775557dcb6dd3fd39024ba089df40f45a94a06822acc874680e9daeb,0,true
501a996f775557dcb6dd3fd39024ba089df40f45a94a06822acc874680e9daeb,1,false
501a996f775557dcb6dd3fd39024ba089df40f45a94a06822acc874680e9daeb,2,false
d8ab613312630c4436294222c79eaec12ce838e22bb8bb1aedd044691a40c1d1,0,false
d8ab613312630c4436294222c79eaec12ce838e22bb8bb1aedd044691a40c1d1,1,false
d8ab613312630c4436294222c79eaec12ce838e22bb8bb1aedd044691a40c1d1,2,true
b10e42dce3d378af5fd40cc4280d90a6065f4a00c698c01c1f8922d1426c2b28,0,true
b10e42dce3d378af5fd40cc4280d90a6065f4a00c698c01c1f8922d1426c2b28,1,false
b10e42dce3d378af5fd40cc4280d90a6065f4a00c698c01c1f8922d1426c2b28,2,false
ca821c77e8f95ed7a01a83673c21de677c597e186448fd4b2132b654815cbf17,0,true
ca821c77e8f95ed7a01a83673c21de677c597e186448fd4b2132b654815cbf17,1,false
ca821c77e8f95ed7a01a83673c21de677c597e186448fd4b2132b654815cbf17,2,false
d69aa0b7180b5a89509751fe2d6f5306a80a2001993676fda1289c319adf61fa,0,false
d69aa0b7180b5a89509751fe2d6f5306a80a2001993676fda1289c319adf61fa,1,true
d69aa0b7180b5a89509751fe2d6f5306a80a2001993676fda1289c319adf61fa,2,false
0af98c9fd41a67e025fe79fdb548e28df61249ae0ea8818dc0a763319845c7a1,0,false
0af98c9fd41a67e025fe79fdb548e28df61249ae0ea8818dc0a763319845c7a1,1,true
0af98c9fd41a67e025fe79fdb548e28df61249ae0ea8818dc0a763319845c7a1,2,false
4c947c1f1a5aae0f4ea4eb3fadc81b3d6b4cc6858f364427b3df9140a7c119a7,0,true
4c947c1f1a5aae0f4ea4eb3fadc81b3d6b4cc6858f364427b3df9140a7c119a7,1,false
4c947c1f1a5aae0f4ea4eb3fadc81b3d6b4cc6858f364427b3df9140a7c119a7,2,false
dcdb851ce09330f71f6232e1131c62fb98d307850b8dbb7cb436b233c7b9eec4,0,true
dcdb851ce09330f71f6232e1131c62fb98d307850b8dbb7cb436b233c7b9eec4,1,false
dcdb851ce09330f71f6232e1131c62fb98d307850b8dbb7cb436b233c7b9eec4,2,false
929759f1c0d2e040b4abdfba41d0d88ea8cdecfdd6bffc59639987f36da53307,0,false
929759f1c0d2e040b4abdfba41d0d88ea8cdecfdd6bffc59639987f36da53307,1,false
929759f1c0d2e040b4abdfba41d0d88ea8cdecfdd6bffc59639987f36da53307,2,true
33a36d84723094b3a09eb5615d5fb2cb37b4e91c6617f765ccd05de925641e9a,0,false
33a36d84723094b3a09eb5615d5fb2cb37b4e91c6617f765ccd05de925641e9a,1,true
33a36d84723094b3a09eb5615d5fb2cb37b4e91c6617f765ccd05de925641e9a,2,false
942d3595fe32f5b622df33004cc4433dc2100f6f6ab0a2b3b3ea07cafbcd705c,0,false
942d3595fe32f5b622df33004cc4433dc2100f6f6ab0a2b3b3ea07cafbcd705c,1,true
942d3595fe32f5b622df33004cc4433dc2100f6f6ab0a2b3b3ea07cafbcd705c,2,false
77aa9e05c856b08f155ac9058204f495e51f8934603f480c985ffa99656c0d5b,0,false
77aa9e05c856b08f155ac9058204f495e51f8934603f480c985ffa99656c0d5b,1,true
77aa9e05c856b08f155ac9058204f495e51f8934603f480c985ffa99656c0d5b,2,false
4f7b853aa988656fcf1784312cc33f7a33b31029e0f2d803f1c6152f6f757ef6,0,true
4f7b853aa988656fcf1784312cc33f7a33b31029e0f2d803f1c6152f6f757ef6,1,false
4f7b853aa988656fcf1784312cc33f7a33b31029e0f2d803f1c6152f6f757ef6,2,false
e6973cd69c5e75c795a05611562baf972f9d7e6a1bd7922626bc1f4a5bf852fc,0,false
e6973cd69c5e75c795a05611562baf972f9d7e6a1bd7922626bc1f4a5bf852fc,1,true
e6973cd69c5e75c795a05611562baf972f9d7e6a1bd7922626bc1f4a5bf852fc,2,false
c0e5dc46c7fe2c62a21b13d28cd23cf59c03fd6d0658fcb87b8f5543fd639ee9,0,false
c0e5dc46c7fe2c62a21b13d28cd23cf59c03fd6d0658fcb87b8f5543fd639ee9,1,true
c0e5dc46c7fe2c62a21b13d28cd23cf59c03fd6d0658fcb87b8f5543fd639ee9,2,false
659222a0c70e2f4d96f3ab579755243a448cfa1d2e7dc6a9f84e9644d1d64cce,0,false
659222a0c70e2f4d96f3ab579755243a448cfa1d2e7dc6a9f84e9644d1d64cce,1,false
659222a0c70e2f4d96f3ab579755243a448cfa1d2e7dc6a9f84e9644d1d64cce,2,true
aa1dfeec7efbaf52c757929205ef77f9cf946b907a3d7dfd7de8346c2221a8dd,0,false
aa1dfeec7efbaf52c757929205ef77f9cf946b907a3d7dfd7de8346c2221a8dd,1,true
aa1dfeec7efbaf52c757929205ef77f9cf946b907a3d7dfd7de8346c2221a8dd,2,false
e4d9326c13734613377e2f375cd5218b12b7c5e21786d30e055a9b7115b1e6b5,0,false
e4d9326c13734613377e2f375cd5218b12b7c5e21786d30e055a9b7115b1e6b5,1,false
e4d9326c13734613377e2f375cd5218b12b7c5e21786d30e055a9b7115b1e6b5,2,true
3f3eb54763e7a99d2ad636d3433ed12ba9eb7b966e8a3bb8b36648b12cd64ab5,0,false
3f3eb54763e7a99d2ad636d3433ed12ba9eb7b966e8a3bb8b36648b12cd64ab5,1,false
3f3eb54763e7a99d2ad636d3433ed12ba9eb7b966e8a3bb8b36648b12cd64ab5,2,true
923702f30f26b78f9a1387aabffc08658a761f2325eccb5ad8175fd1541227db,0,false
923702f30f26b78f9a1387aabffc08658a761f2325eccb5ad8175fd1541227db,1,true
923702f30f26b78f9a1387aabffc08658a761f2325eccb5ad8175fd1541227db,2,false
d857956b1d16322feb74bbdd0fefdbc3467cdb3fdb046b5e5aff32854572232d,0,true
d857956b1d16322feb74bbdd0fefdbc3467cdb3fdb046b5e5aff32854572232d,1,false
d857956b1d16322feb74bbdd0fefdbc3467cdb3fdb046b5e5aff32854572232d,2,false
4c15c5d643c0d7afd097ff34d7a0c06eaf985666a607e3b1c56cf6a7206eb7e0,0,false
4c15c5d643c0d7afd097ff34d7a0c06eaf985666a607e3b1c56cf6a7206eb7e0,1,false
4c15c5d643c0d7afd097ff34d7a0c06eaf985666a607e3b1c56cf6a7206eb7e0,2,true
89135996b22474b27499b3007895736ae77263b459a31699ec05f67fb45c7204,0,true
89135996b22474b27499b3007895736ae77263b459a31699ec05f67fb45c7204,1,false
89135996b22474b27499b3007895736ae77263b459a31699ec05f67fb45c7204,2,false
39f7ddd603fa6e48953f6a72758be6ddfa0953b4c52217654aeaf6cb45e5e7e4,0,true
39f7ddd603fa6e48953f6a72758be6ddfa0953b4c52217654aeaf6cb45e5e7e4,1,false
39f7ddd603fa6e48953f6a72758be6ddfa0953b4c52217654aeaf6cb45e5e7e4,2,false
9f5303a6c09aeecd4f302fb0025e460305bf41b350bed7fd2cb887fefc019dda,0,true
9f5303a6c09aeecd4f302fb0025e460305bf41b350bed7fd2cb887fefc019dda,1,false
9f5303a6c09aeecd4f302fb0025e460305bf41b350bed7fd2cb887fefc019dda,2,false
20f83c0bb5f6dcd44e273b5a5eb27b6f123898cc60fbcfd4cffb90325270166e,0,false
20f83c0bb5f6dcd44e273b5a5eb27b6f123898cc60fbcfd4cffb90325270166e,1,false
20f83c0bb5f6dcd44e273b5a5eb27b6f123898cc60fbcfd4cffb90325270166e,2,true
195a0965fb824877ed60c049c64152bd7e73420876c64f0001d0b3ef95a3ee13,0,true
195a0965fb824877ed60c049c64152bd7e73420876c64f0001d0b3ef95a3ee13,1,false
195a0965fb824877ed60c049c64152bd7e73420876c64f0001d0b3ef95a3ee13,2,false
d4ae07ad5b87ae391374bbeca4344a726ad5133b3fe40bafad677d136ba672d9,0,false
d4ae07ad5b87ae391374bbeca4344a726ad5133b3fe40bafad677d136ba672d9,1,false
d4ae07ad5b87ae391374bbeca4344a726ad5133b3fe40bafad677d136ba672d9,2,true
fb6ac93c7597e928f08bc72b78f494147c560c979ae77d38b3e06ce8d46309d5,0,false
fb6ac93c7597e928f08bc72b78f494147c560c979ae77d38b3e06ce8d46309d5,1,true
fb6ac93c7597e928f08bc72b78f494147c560c979ae77d38b3e06ce8d46309d5,2,false
bae58fe005179dfc32b5401ed7df697ae42e7c86e40803ff6f74137c3ef0fff0,0,true
bae58fe005179dfc32b5401ed7df697ae42e7c86e40803ff6f74137c3ef0fff0,1,false
bae58fe005179dfc32b5401ed7df697ae42e7c86e40803ff6f74137c3ef0fff0,2,false
5a14cad1ad45bb74b51c9ac209c215d87d307088584e8f1b33e944890dfaa048,0,true
5a14cad1ad45bb74b51c9ac209c215d87d307088584e8f1b33e944890dfaa048,1,false
5a14cad1ad45bb74b51c9ac209c215d87d307088584e8f1b33e944890dfaa048,2,false
597315f634a24f514a9c0a7aa82efd4a4a6f0cfef4ea9c792076de271c5f1426,0,true
597315f634a24f514a9c0a7aa82efd4a4a6f0cfef4ea9c792076de271c5f1426,1,false
597315f634a24f514a9c0a7aa82efd4a4a6f0cfef4ea9c792076de271c5f1426,2,false
c851b344e47e4c979a41df195e9b8b12ccac8538979f0b15e4f276327295da72,0,true
c851b344e47e4c979a41df195e9b8b12ccac8538979f0b15e4f276327295da72,1,false
c851b344e47e4c979a41df195e9b8b12ccac8538979f0b15e4f276327295da72,2,false
0e0184821d638beb08d9de0a21b2ed1c03c94abc1b0b36046711507d07744004,0,false
0e0184821d638beb08d9de0a21b2ed1c03c94abc1b0b36046711507d07744004,1,true
0e0184821d638beb08d9de0a21b2ed1c03c94abc1b0b36046711507d07744004,2,false
69dc327df35efc86484921d068d4742c3b2f0c3d4699ed085647623b6785070b,0,false
69dc327df35efc86484921d068d4742c3b2f0c3d4699ed085647623b6785070b,1,true
69dc327df35efc86484921d068d4742c3b2f0c3d4699ed085647623b6785070b,2,false
f75f06c82e755c351245f8426ed005c5bb485975a55a908e043aec4b9ced1d6d,0,true
f75f06c82e755c351245f8426ed005c5bb485975a55a908e043aec4b9ced1d6d,1,false
f75f06c82e755c351245f8426ed005c5bb485975a55a908e043aec4b9ced1d6d,2,false
4955c27e71a0900815cad1655c28acea6fb068087fc3853cdad6462d2fad06a6,0,false
4955c27e71a0900815cad1655c28acea6fb068087fc3853cdad6462d2fad06a6,1,true
4955c27e71a0900815cad1655c28acea6fb068087fc3853cdad6462d2fad06a6,2,false
27655fb70e87228cc9b7fff8a36b221b276c99d6e963a69ba4c79fb0773a1c37,0,false
27655fb70e87228cc9b7fff8a36b221b276c99d6e963a69ba4c79fb0773a1c37,1,true
27655fb70e87228cc9b7fff8a36b221b276c99d6e963a69ba4c79fb0773a1c37,2,false
d6cd0c50b094e0f558f628ea8bf0cda9a52d278e1a43d1b9699384f4f682ba5b,0,true
d6cd0c50b094e0f558f628ea8bf0cda9a52d278e1a43d1b9699384f4f682ba5b,1,false
d6cd0c50b094e0f558f628ea8bf0cda9a52d278e1a43d1b9699384f4f682ba5b,2,false
23f92066adeec1450e7817cde656aeac9a10439f58f09cb2a04b51c61b113119,0,false
23f92066adeec1450e7817cde656aeac9a10439f58f09cb2a04b51c61b113119,1,true
23f92066adeec1450e7817cde656aeac9a10439f58f09cb2a04b51c61b113119,2,false
5fdd29830cd5e5b4f6c34ff5af5202ce41d5e75fd7ca989a9993c2a307262cd6,0,false
5fdd29830cd5e5b4f6c34ff5af5202ce41d5e75fd7ca989a9993c2a307262cd6,1,true
5fdd29830cd5e5b4f6c34ff5af5202ce41d5e75fd7ca989a9993c2a307262cd6,2,false
9ba00b41485bca804d912a80fcdd0cb8bda2de72f093d7ef2ed17c3a040eabfa,0,true
9ba00b41485bca804d912a80fcdd0cb8bda2de72f093d7ef2ed17c3a040eabfa,1,false
9ba00b41485bca804d912a80fcdd0cb8bda2de72f093d7ef2ed17c3a040eabfa,2,false
5e4dba0c9dace483c31f28d8aa86c55c46e8ad320c7113ce5afa171584093359,0,true
5e4dba0c9dace483c31f28d8aa86c55c46e8ad320c7113ce5afa171584093359,1,false
5e4dba0c9dace483c31f28d8aa86c55c46e8ad320c7113ce5afa171584093359,2,false
8267680b28a35adfa1f9d782f109fd87f343834c3c2ffb36da28cbee470db3a9,0,false
8267680b28a35adfa1f9d782f109fd87f343834c3c2ffb36da28cbee470db3a9,1,false
8267680b28a35adfa1f9d782f109fd87f343834c3c2ffb36da28cbee470db3a9,2,true
e47618495e7b19876c12750f9f9febfbcb5ff4f597b4938b31c1559ef1c61436,0,false
e47618495e7b19876c12750f9f9febfbcb5ff4f597b4938b31c1559ef1c61436,1,true
e47618495e7b19876c12750f9f9febfbcb5ff4f597b4938b31c1559ef1c61436,2,false
