id,statement_index,raw_prediction,prediction_parsed
39550e3c246330ee49d6f5a3f3889db8418aacf3d9ef71108ad4fb5fd27d7259,0,"Answer: 3

Most grounded: statement 3 — The image shows a rugged desert mountain range with orange rock formations, which strongly supports this statement.
Less grounded: statement 1 — The environment shown in the image is not a temperate forest with lush greenery; it is a desert mountain range.
Least grounded: statement 2 — The environment shown in the image is not a tropical coastal area with sandy beaches; it is a desert mountain range.",false
39550e3c246330ee49d6f5a3f3889db8418aacf3d9ef71108ad4fb5fd27d7259,1,,false
39550e3c246330ee49d6f5a3f3889db8418aacf3d9ef71108ad4fb5fd27d7259,2,,true
5f985ee30b7a618a99ff580a47522f7cc271a7a3b17ad62cc6c5859813f6d171,0,"Answer: 2

Most grounded: statement 2 — The bus has images of cultural and historical figures, suggesting it is a mobile museum displaying exhibits.
Less grounded: statement 1 — There is no clear indication that the bus is for tourists, as it is not labeled as such.
Least grounded: statement 3 — The bus is not labeled as a public transportation bus and the context suggests it is not for daily commuters.",false
5f985ee30b7a618a99ff580a47522f7cc271a7a3b17ad62cc6c5859813f6d171,1,,true
5f985ee30b7a618a99ff580a47522f7cc271a7a3b17ad62cc6c5859813f6d171,2,,false
4eaad96db51485f183fbe3ea0b14ef16e47e4daf99ef10fc29b51fee26d69b52,0,"Answer: 2

Most grounded: statement 2 — The jeweled tiara and decorated headscarf are ornate and elaborate, suggesting they are used for special occasions rather than everyday wear or sports activities.
Less grounded: statement 1 — There is no evidence in the image to suggest that the tiara is part of a school uniform.
Least grounded: statement 3 — The tiara and headscarf are not typical attire for sports activities, making this statement the least grounded.",false
4eaad96db51485f183fbe3ea0b14ef16e47e4daf99ef10fc29b51fee26d69b52,1,,true
4eaad96db51485f183fbe3ea0b14ef16e47e4daf99ef10fc29b51fee26d69b52,2,,false
38a6dc0eb0d96a64eda567173baab7698a6054f285cc82ee26d1b51658820a06,0,"Answer: 1

Most grounded: statement 1 — The image shows a tea with a visible mint leaf, indicating that mint is a primary ingredient.
Less grounded: statement 2 — There is no visual evidence of chamomile in the image.
Least grounded: statement 3 — There is no visual evidence of jasmine in the image.",true
38a6dc0eb0d96a64eda567173baab7698a6054f285cc82ee26d1b51658820a06,1,,false
38a6dc0eb0d96a64eda567173baab7698a6054f285cc82ee26d1b51658820a06,2,,false
6f0acf368620aba6c02fae6e97dc641c439de3d51333c1a0936753e3e8393c48,0,"Answer: 1

Most grounded: statement 1 — The aircraft has a distinctive shape with a large radar dome on top, which is characteristic of military surveillance aircraft.
Less grounded: statement 2 — There is no visible branding or design that would indicate it is a commercial passenger plane.
Least grounded: statement 3 — The aircraft does not have the cargo bay doors open or any cargo loading/unloading equipment visible, which would be indicative of a cargo transport plane.",true
6f0acf368620aba6c02fae6e97dc641c439de3d51333c1a0936753e3e8393c48,1,,false
6f0acf368620aba6c02fae6e97dc641c439de3d51333c1a0936753e3e8393c48,2,,false
15d81593d6188c3cfc630067c02f70f97a60a7625023833410bc49ead618b773,0,"Answer: 3

Most grounded: statement 3 — The person is holding a bow and arrow, aiming at a target, which strongly supports the activity of archery practice.
Less grounded: statement 2 — There is no evidence of hunting in the image. Hunting typically involves using a firearm or trap, which is not depicted here.
Least grounded: statement 1 — Fishing requires a fishing rod or net, neither of which are present in the image. Additionally, the person is aiming an arrow, not fishing.",false
15d81593d6188c3cfc630067c02f70f97a60a7625023833410bc49ead618b773,1,,false
15d81593d6188c3cfc630067c02f70f97a60a7625023833410bc49ead618b773,2,,true
3186adf7f819686f71839a1d9a48d43bf2970ec436a345dd705d8fc8f40cf717,0,"Answer: 2

Most grounded: statement 2 — The blazer is indeed burnt orange and has structured shoulders, which can be clearly seen in the image.
Less grounded: statement 1 — There is no evidence of the blazer being a black leather biker jacket; it appears to be a different color and material.
Least grounded: statement 3 — The blazer does not appear to be a casual denim jacket with patches; it looks more formal and structured.",false
3186adf7f819686f71839a1d9a48d43bf2970ec436a345dd705d8fc8f40cf717,1,,true
3186adf7f819686f71839a1d9a48d43bf2970ec436a345dd705d8fc8f40cf717,2,,false
431192ee74f3c24a181452b35e20176a105560d01b79db447400d27f446bc30b,0,"Answer: 1

Most grounded: statement 1 — The rug shown in the image is most closely associated with Muslim daily prayers (salat). The central medallion and the overall design are characteristic of Islamic prayer rugs, which are used to indicate the direction of Mecca during prayer.

Less grounded: statement 2 — The rug shown in the image is most closely associated with Hindu meditation rituals. There is no visual evidence in the image that suggests the rug is used for Hindu meditation rituals. The design does not align with typical Hindu symbols or motifs.

Least grounded: statement 3 — The rug shown in the image is most closely associated with Christian church services. The design of the rug does not resemble any Christian symbols or motifs, making it less likely to be associated with Christian church services.",true
431192ee74f3c24a181452b35e20176a105560d01b79db447400d27f446bc30b,1,,false
431192ee74f3c24a181452b35e20176a105560d01b79db447400d27f446bc30b,2,,false
13f10cfb4aac3fbd382e210b09c44e70a80be386937aee9f84a3e36b70202564,0,"Answer: 3

Most grounded: statement 3 — The image shows boats with fishing gear and nets, indicating that the primary function of these boats is fishing activities.
Less grounded: statement 1 — There is no clear evidence that these boats are used for luxury yachts or tourism. The boats appear to be small and utilitarian, which is more typical of fishing boats.
Least grounded: statement 2 — There is no evidence in the image to suggest that these boats are police patrol boats. The boats and gear visible do not align with typical police patrol equipment or design.",false
13f10cfb4aac3fbd382e210b09c44e70a80be386937aee9f84a3e36b70202564,1,,false
13f10cfb4aac3fbd382e210b09c44e70a80be386937aee9f84a3e36b70202564,2,,true
f08128c6e27b047e6f33a7b12a8be07eeffb9b812e344c43810e9300f7933942,0,"Answer: 1

Most grounded: statement 1 — The image clearly shows a mosque with two tall minarets and a large central dome.
Less grounded: statement 2 — There is no evidence of a pagoda-style roof or wooden beams in the image.
Least grounded: statement 3 — The image does not show any bell tower or stained glass windows.",true
f08128c6e27b047e6f33a7b12a8be07eeffb9b812e344c43810e9300f7933942,1,,false
f08128c6e27b047e6f33a7b12a8be07eeffb9b812e344c43810e9300f7933942,2,,false
4701f69d7028310325d3b8746d76691140e64c4caa0385f64a0c5a805d5bb417,0,"Answer: 2

Most grounded: statement 2 — The image shows a desert landscape with tall sandstone formations, which are clearly visible and support this statement.
Less grounded: statement 1 — There is no evidence of a lush forest or waterfalls in the image.
Least grounded: statement 3 — The image does not show any snowy mountain range, which contradicts this statement.",false
4701f69d7028310325d3b8746d76691140e64c4caa0385f64a0c5a805d5bb417,1,,true
4701f69d7028310325d3b8746d76691140e64c4caa0385f64a0c5a805d5bb417,2,,false
40cc444afe6647f21b3f74100ccadf5e22cae49eb7849b11547127abef202a40,0,"Answer: 3

Most grounded: statement 3 — The text overlay on the image explicitly states ""Algerian Vermicelli Soup - Chorba Vermicelle,"" indicating that the soup is associated with Algeria.

Less grounded: statement 1 — There is no visual evidence in the image to suggest that the soup is associated with India.

Least grounded: statement 2 — Similarly, there is no visual evidence in the image to suggest that the soup is associated with Italy.",false
40cc444afe6647f21b3f74100ccadf5e22cae49eb7849b11547127abef202a40,1,,false
40cc444afe6647f21b3f74100ccadf5e22cae49eb7849b11547127abef202a40,2,,true
b2960a3818d96f79756dc9b546c3050647565534e55c17f92eb2adbdf4965375,0,"Answer: 1

Most grounded: statement 1 — The runner is wearing a white tank top, black shorts, red compression socks, and blue running shoes, which matches the description in the statement.
Less grounded: statement 2 — There is no evidence of a red jacket, black jeans, hiking boots, or a scarf in the image.
Least grounded: statement 3 — The runner is not wearing a yellow t-shirt, green pants, white sneakers, or a sun hat.",true
b2960a3818d96f79756dc9b546c3050647565534e55c17f92eb2adbdf4965375,1,,false
b2960a3818d96f79756dc9b546c3050647565534e55c17f92eb2adbdf4965375,2,,false
62e90e2f6be94e3d441b90602c2b748b827e58d44250926aa008b0ce4ea9b159,0,"Answer: 1

Most grounded: statement 1 — The presence of livestock and the involvement of people in what appears to be a transaction or inspection of the animals strongly suggests a religious ritual involving livestock, such as a sacrifice or offering.

Less grounded: statement 2 — While there are vehicles and people, there is no clear indication of an auction taking place. The setting does not resemble a typical livestock auction environment.

Least grounded: statement 3 — There is no evidence in the image to suggest a community festival. The focus is on the livestock and the interactions around them, which do not align with typical festival activities.",true
62e90e2f6be94e3d441b90602c2b748b827e58d44250926aa008b0ce4ea9b159,1,,false
62e90e2f6be94e3d441b90602c2b748b827e58d44250926aa008b0ce4ea9b159,2,,false
bc223d547760f8808409711e32d8dbbf801867e8713f8ae51abcb2c0d02566e4,0,"Answer: 2

Most grounded: statement 2 — The object shown in the image is a compact mirror case. The image clearly shows a small, ornate object with a reflective surface and a hinged lid, which is characteristic of a compact mirror case.

Less grounded: statement 1 — The object shown in the image is a pendant designed to hold small religious scriptures. While the object is ornate and could potentially be used as a pendant, there is no clear evidence that it is specifically designed to hold religious scriptures.

Least grounded: statement 3 — The object shown in the image is a decorative brooch for clothing. The object does have a loop at the top, which could be used as a brooch, but it is primarily designed as a compact mirror case, making this statement less grounded than the others.",false
bc223d547760f8808409711e32d8dbbf801867e8713f8ae51abcb2c0d02566e4,1,,true
bc223d547760f8808409711e32d8dbbf801867e8713f8ae51abcb2c0d02566e4,2,,false
a5f556cefa064d136c22b8c06b2785e9d9fd17064513b377896ed5a183000366,0,"Answer: 1

Most grounded: statement 1 — There is no bowl of fruit visible in the image.
Less grounded: statement 2 — Decorative ceramic plates are visible in the image.
Least grounded: statement 3 — A glass of white wine is visible in the image.",true
a5f556cefa064d136c22b8c06b2785e9d9fd17064513b377896ed5a183000366,1,,false
a5f556cefa064d136c22b8c06b2785e9d9fd17064513b377896ed5a183000366,2,,false
95c3deb1e6d8505899f1da230ed1f9fc984e741b8c9f40425f88ddbcf5c947ba,0,"Answer: 3

Most grounded: statement 3 — The ship is clearly labeled ""RESCUE ZONE"" on its side, indicating that it is a rescue vessel.
Less grounded: statement 1 — While the ship is large and on water, there is no clear indication that it is a cargo ship.
Least grounded: statement 2 — There is no evidence in the image to suggest that the ship is a fishing boat.",false
95c3deb1e6d8505899f1da230ed1f9fc984e741b8c9f40425f88ddbcf5c947ba,1,,false
95c3deb1e6d8505899f1da230ed1f9fc984e741b8c9f40425f88ddbcf5c947ba,2,,true
853c3cc79483c345ffa2762b690d6f17d873314b1025a2822ba6ff6e9eec9381,0,"Answer: 1

Most grounded: statement 1 — The image shows a desert environment with rock formations and sand dunes, which strongly supports this statement.
Less grounded: statement 2 — There is no evidence of a coastal beach or sea cliffs in the image.
Least grounded: statement 3 — The image does not show a mountainous forest or rivers, which contradicts this statement.",true
853c3cc79483c345ffa2762b690d6f17d873314b1025a2822ba6ff6e9eec9381,1,,false
853c3cc79483c345ffa2762b690d6f17d873314b1025a2822ba6ff6e9eec9381,2,,false
4030235e980ca962459e0fb568e5a9f9da5f802d0b12d2c7b147023872732333,0,"Answer: 2

Most grounded: statement 2 — The image shows a tea set, which is typically used for serving tea and other beverages. The design and structure of the teapot and cups are consistent with those used for serving drinks.

Less grounded: statement 1 — While the tea set is decorative, the primary function of the object is to serve tea and other beverages, not to decorate a living room.

Least grounded: statement 3 — The tea set is not designed for storing food items, as it lacks features such as lids or containers that are typically associated with food storage.",false
4030235e980ca962459e0fb568e5a9f9da5f802d0b12d2c7b147023872732333,1,,true
4030235e980ca962459e0fb568e5a9f9da5f802d0b12d2c7b147023872732333,2,,false
c8db077a0919b5ccb2c27f5cde87bce0ba8adad1373209c479024492c96a64e5,0,"Answer: 3

Most grounded: statement 3 — The backdrop clearly includes ""Las Vegas"" multiple times, indicating that the event is likely taking place in Las Vegas.
Less grounded: statement 1 — The backdrop does not include any specific reference to Los Angeles, making this less grounded.
Least grounded: statement 2 — The backdrop does not include any specific reference to New York City, making this the least grounded.",false
c8db077a0919b5ccb2c27f5cde87bce0ba8adad1373209c479024492c96a64e5,1,,false
c8db077a0919b5ccb2c27f5cde87bce0ba8adad1373209c479024492c96a64e5,2,,true
6d7552ee0748b7c24fcc23c07a3ebd549228922288d7cc1dfe4dee522ac5f235,0,"Answer: 3

Most grounded: statement 3 — [specific visual evidence]
Less grounded: statement 1 — [why the evidence is weak or absent]
Least grounded: statement 2 — [why it is contradicted]",false
6d7552ee0748b7c24fcc23c07a3ebd549228922288d7cc1dfe4dee522ac5f235,1,,false
6d7552ee0748b7c24fcc23c07a3ebd549228922288d7cc1dfe4dee522ac5f235,2,,true
e9fd9b635b64a7ee090d4ab9da281209da8958037fe9103200260a27bd239c99,0,"Answer: 1

Most grounded: statement 1 — The structure appears to be an ancient tomb or monument, as indicated by its dome-like shape and the presence of large stones, which are typical of ancient burial sites.
Less grounded: statement 2 — There is no clear evidence that this is a Roman amphitheater, as the structure does not resemble the typical amphitheater design with seating tiers or an open arena.
Least grounded: statement 3 — The structure does not resemble a medieval castle, which typically features walls, towers, and a more fortified appearance.",true
e9fd9b635b64a7ee090d4ab9da281209da8958037fe9103200260a27bd239c99,1,,false
e9fd9b635b64a7ee090d4ab9da281209da8958037fe9103200260a27bd239c99,2,,false
8dba00bbbea7bea5f59da101b271732df61c920732fba975fe34603d5770afe7,0,"Answer: 2

Most grounded: statement 2 — The image shows a rectangular object with a detailed pattern, which is characteristic of tapestries used for wall decoration.
Less grounded: statement 1 — While the object could be a table runner, the image does not provide any specific evidence that it is used as a table runner.
Least grounded: statement 3 — There is no evidence in the image to suggest that the object is a prayer rug used in Islamic rituals.",false
8dba00bbbea7bea5f59da101b271732df61c920732fba975fe34603d5770afe7,1,,true
8dba00bbbea7bea5f59da101b271732df61c920732fba975fe34603d5770afe7,2,,false
1515019169ee631548a685651fc7c9d9f01afc60fcea04babc3aefb3cab124d2,0,"Answer: 1

Most grounded: statement 1 — The coat in the image is indeed a long, elegant gray coat with ribbed sleeves and a belted waist. The image clearly shows these features.
Less grounded: statement 2 — The image does not show a bright-colored trench coat with floral patterns. The coat is gray and does not have floral patterns.
Least grounded: statement 3 — The image does not show a short casual jacket with zipper details. The coat is long and does not have zipper details.",true
1515019169ee631548a685651fc7c9d9f01afc60fcea04babc3aefb3cab124d2,1,,false
1515019169ee631548a685651fc7c9d9f01afc60fcea04babc3aefb3cab124d2,2,,false
c94f2378f0c87445df82b24cac7c15dcc4b5ca1f64bf9b6c9341a1c6e4e92a32,0,"Answer: 1

Most grounded: statement 1 — The image shows a group of camels with riders, which is indicative of a caravan or group traveling through the desert. The presence of multiple camels and riders suggests a coordinated journey, typical of desert trekking.

Less grounded: statement 2 — There is no evidence of racing in the image. The camels are moving at a steady pace, and there are no signs of competition or speed.

Least grounded: statement 3 — There is no indication of hunting in the image. The presence of camels and riders does not suggest hunting activities.",true
c94f2378f0c87445df82b24cac7c15dcc4b5ca1f64bf9b6c9341a1c6e4e92a32,1,,false
c94f2378f0c87445df82b24cac7c15dcc4b5ca1f64bf9b6c9341a1c6e4e92a32,2,,false
2571c59db69638eca0d5bef88d7e8725b411dcf07dbd18afa96bc8ca4b4c575f,0,"Answer: 3

Most grounded: statement 3 — The architectural structure shown in the image is a Roman amphitheater. The image shows a large, circular structure with tiered seating, which is characteristic of Roman amphitheaters. The use of stone and the arrangement of the seating further support this identification.

Less grounded: statement 1 — The architectural structure shown in the image is a medieval castle. While the structure does resemble a castle, the specific architectural features that are more indicative of a Roman amphitheater are more prominent in the image.

Least grounded: statement 2 — The architectural structure shown in the image is a royal mausoleum. There are no specific features in the image that would suggest this structure is a mausoleum, such as tomb-like structures or inscriptions typically found in royal tombs.",false
2571c59db69638eca0d5bef88d7e8725b411dcf07dbd18afa96bc8ca4b4c575f,1,,false
2571c59db69638eca0d5bef88d7e8725b411dcf07dbd18afa96bc8ca4b4c575f,2,,true
e7f60dd1952c62677b6dd6ce1305951631cbbbbc404e174796558660014cbaf8,0,"Answer: 3

Most grounded: statement 3 — The image shows a man in a white coat, which is commonly associated with medical professionals, and an elderly woman in a wheelchair, suggesting a medical setting. Additionally, the background includes other individuals in white coats, further supporting the idea of a hospital or medical facility.

Less grounded: statement 1 — There is no visible courtroom setting or legal elements in the image. The presence of medical professionals and a patient in a wheelchair strongly suggests a medical environment rather than a legal one.

Least grounded: statement 2 — There are no educational elements or classroom settings visible in the image. The focus is on medical professionals and a patient, which does not align with a classroom setting.",false
e7f60dd1952c62677b6dd6ce1305951631cbbbbc404e174796558660014cbaf8,1,,false
e7f60dd1952c62677b6dd6ce1305951631cbbbbc404e174796558660014cbaf8,2,,true
09f1068fd4bc7bec23092ddd069d4262996dc9a5790233d64b2357c35c43bbc3,0,"Answer: 1

Most grounded: statement 1 — The person is holding a camera, which strongly suggests they are engaged in photography.
Less grounded: statement 2 — There is no visible sandboard or equipment that would strongly suggest sandboarding.
Least grounded: statement 3 — There is no visible hiking gear or trail, and the terrain is not conducive to hiking.",true
09f1068fd4bc7bec23092ddd069d4262996dc9a5790233d64b2357c35c43bbc3,1,,false
09f1068fd4bc7bec23092ddd069d4262996dc9a5790233d64b2357c35c43bbc3,2,,false
84fab13f96e838eab5ed60534d733e6cabf0ab9f1936a797cc93c35f6ea3c2d8,0,"Answer: 1

Most grounded: statement 1 — The image shows various woven straw bags, which are typically used for carrying items. The presence of handles and the design of the bags support this function.

Less grounded: statement 2 — There is no evidence in the image to suggest that the bags are used as decorative wall hangings. The bags are displayed in a way that emphasizes their utility rather than decoration.

Least grounded: statement 3 — The image does not show any containers specifically designed for storing liquids. While some bags may have the capacity to hold liquids, there is no clear indication that this is their primary function.",true
84fab13f96e838eab5ed60534d733e6cabf0ab9f1936a797cc93c35f6ea3c2d8,1,,false
84fab13f96e838eab5ed60534d733e6cabf0ab9f1936a797cc93c35f6ea3c2d8,2,,false
129215dbc8d8f471c55ad54d930bf74178b998b7477814b303506df5467424f9,0,"Answer: 2

Most grounded: statement 2 — Domes are prominently visible in the Sikh Gurdwara in San Jose. The image clearly shows multiple domes on top of the building.
Less grounded: statement 1 — Pyramids are prominently visible in the Sikh Gurdwara in San Jose. There are no pyramids visible in the image.
Least grounded: statement 3 — Spiral Towers are prominently visible in the Sikh Gurdwara in San Jose. The image does not show any spiral towers, only domes and arches.",false
129215dbc8d8f471c55ad54d930bf74178b998b7477814b303506df5467424f9,1,,true
129215dbc8d8f471c55ad54d930bf74178b998b7477814b303506df5467424f9,2,,false
9212d047d787162f71fc597ad55df5a4c1b665e66240d4749807f3da3aae226c,0,"Answer: 2

Most grounded: statement 2 — The boys are wearing formal school uniforms in the image. The uniforms consist of maroon vests, white shirts, and maroon trousers, which are typical of formal school attire.
Less grounded: statement 1 — The boys are wearing sports uniforms in the image. While the uniforms are formal, they are not specifically designed for sports.
Least grounded: statement 3 — The boys are wearing casual attire in the image. This is contradicted by the formal nature of their uniforms, which are clearly not casual.",false
9212d047d787162f71fc597ad55df5a4c1b665e66240d4749807f3da3aae226c,1,,true
9212d047d787162f71fc597ad55df5a4c1b665e66240d4749807f3da3aae226c,2,,false
651dc2d9956251af80f32b3a1cb2d40f2ff45e482ed0e6daefc9f1f1dec8b380,0,"Answer: 1

Most grounded: statement 1 — The sandal in the image has a thick, flat heel that tapers slightly towards the bottom, which is characteristic of a wedge heel.
Less grounded: statement 2 — The sandal does not have a block heel, which is typically a thicker and more squared heel.
Least grounded: statement 3 — The sandal does not have a stiletto heel, which is a thin and high heel.",true
651dc2d9956251af80f32b3a1cb2d40f2ff45e482ed0e6daefc9f1f1dec8b380,1,,false
651dc2d9956251af80f32b3a1cb2d40f2ff45e482ed0e6daefc9f1f1dec8b380,2,,false
47fb4cc67c7de0ac76a159e8eb8e160686bf80a8b2f823aa7f607c57a7af0355,0,"Answer: 1

Most grounded: statement 1 — The image shows the engine compartment of a car, which is designed to house the engine.
Less grounded: statement 2 — There is no evidence in the image to suggest that the compartment is used for personal items storage.
Least grounded: statement 3 — While the compartment does have cooling elements like the radiator, it is not the primary function of the compartment itself.",true
47fb4cc67c7de0ac76a159e8eb8e160686bf80a8b2f823aa7f607c57a7af0355,1,,false
47fb4cc67c7de0ac76a159e8eb8e160686bf80a8b2f823aa7f607c57a7af0355,2,,false
3a27cf97aa63e2e506eed5a3933ac870fb7c316364f03c3e9c1e9480c92fe2b2,0,"Answer: 2

Most grounded: statement 2 — The interior is luxurious with plush seating, a table with a beverage, and high-end finishes, indicating luxury air travel.
Less grounded: statement 1 — There is no military insignia or equipment visible, making it less likely to be associated with military air transport.
Least grounded: statement 3 — The interior is too luxurious and exclusive for commercial airline travel, which typically has more basic and less personalized seating arrangements.",false
3a27cf97aa63e2e506eed5a3933ac870fb7c316364f03c3e9c1e9480c92fe2b2,1,,true
3a27cf97aa63e2e506eed5a3933ac870fb7c316364f03c3e9c1e9480c92fe2b2,2,,false
ae140bcb0ca783c2a56438565507556547c6ce5f5d1f269bedf91daefaf271ce,0,"Answer: 1

Most grounded: statement 1 — The image shows a red carpet event with attendees in formal attire, photographers, and a backdrop with the text ""BIF BRYDEALO FACTORY,"" which is indicative of a film festival.
Less grounded: statement 2 — There is no evidence in the image to suggest that this is a corporate meeting. The formal attire and red carpet are more typical of a film festival.
Least grounded: statement 3 — The formal attire, red carpet, and presence of photographers suggest that this is a formal event, not a casual gathering.",true
ae140bcb0ca783c2a56438565507556547c6ce5f5d1f269bedf91daefaf271ce,1,,false
ae140bcb0ca783c2a56438565507556547c6ce5f5d1f269bedf91daefaf271ce,2,,false
6ae8c37b60d9994eb7d60bd9d36bd77487c555d7580697b17cd60467e11280df,0,"Answer: 3

Most grounded: statement 3 — The sign ""MoMA"" is clearly visible, indicating that this is the entrance to the Museum of Modern Art.
Less grounded: statement 2 — There is no visual evidence of a shopping mall entrance, only a corporate office building entrance.
Least grounded: statement 1 — The image does not represent a corporate office building entrance, but rather the entrance to the Museum of Modern Art.",false
6ae8c37b60d9994eb7d60bd9d36bd77487c555d7580697b17cd60467e11280df,1,,false
6ae8c37b60d9994eb7d60bd9d36bd77487c555d7580697b17cd60467e11280df,2,,true
03783038c9e119decab0f571c4d4ea1ecddb201279dcad38f8362879bf6531cc,0,"Answer: 1

Most grounded: statement 1 — The image shows a person playing a drum, which is a musical instrument, and another person holding a microphone, indicating a performance. The presence of an audience and the setting also support this interpretation.

Less grounded: statement 2 — There is no evidence of a formal business meeting in the image. The attire and setting do not suggest a business environment.

Least grounded: statement 3 — The image does not depict a sports competition. There are no visible sports equipment or participants engaged in a game.",true
03783038c9e119decab0f571c4d4ea1ecddb201279dcad38f8362879bf6531cc,1,,false
03783038c9e119decab0f571c4d4ea1ecddb201279dcad38f8362879bf6531cc,2,,false
8497eecafff7982cf7e1f1909cce8eb1f3dcdc16aee114be6c53d55ea41c8de6,0,"Answer: 3

Most grounded: statement 3 — The image shows oil lamps (diyas) being lit, which is a common practice during Diwali in Hindu culture.
Less grounded: statement 1 — While oil lamps are used during Raksha Bandhan, the image does not specifically support this.
Least grounded: statement 2 — Oil lamps are not typically used during Holi, and the image does not support this statement.",false
8497eecafff7982cf7e1f1909cce8eb1f3dcdc16aee114be6c53d55ea41c8de6,1,,false
8497eecafff7982cf7e1f1909cce8eb1f3dcdc16aee114be6c53d55ea41c8de6,2,,true
6ed4c9f1c238bb58b061a6690fc12c33b56a01c646a35ab33686b2bcc404595a,0,"Answer: 1

Most grounded: statement 1 — The striped structure near the ruins resembles the typical design of an archaeological research station, which often includes such distinctive markings for identification and visibility.
Less grounded: statement 2 — The structure does not resemble a lifeguard hut, which typically has a more modern and functional design, often located near a beach or water body.
Least grounded: statement 3 — The structure does not resemble a storage shed, which would likely have a more utilitarian and less distinctive design.",true
6ed4c9f1c238bb58b061a6690fc12c33b56a01c646a35ab33686b2bcc404595a,1,,false
6ed4c9f1c238bb58b061a6690fc12c33b56a01c646a35ab33686b2bcc404595a,2,,false
cf6c9311991c7005203c8e9d0f70a7139f0e9cd81948ebf1a2fa3d8727f07a51,0,"Answer: 1

Most grounded: statement 1 — The individuals are wearing traditional attire and have lanyards, which are often used in formal events such as sports events. The presence of lanyards suggests they might be attending an organized event.

Less grounded: statement 2 — While the attire is traditional, there is no specific evidence in the image that suggests a wedding ceremony. The lanyards also do not strongly support this.

Least grounded: statement 3 — The attire and lanyards suggest a formal event rather than a casual gathering. The traditional clothing and lanyards indicate a more organized and formal occasion.",true
cf6c9311991c7005203c8e9d0f70a7139f0e9cd81948ebf1a2fa3d8727f07a51,1,,false
cf6c9311991c7005203c8e9d0f70a7139f0e9cd81948ebf1a2fa3d8727f07a51,2,,false
24b619add0d1ccb032a2d128a8a18828351a76a68df2cdde27cf69f56b22e46d,0,"Answer: 1

Most grounded: statement 1 — Cargo ships are docked in the port area shown in the image. The image clearly shows large cargo ships docked at the port.
Less grounded: statement 2 — Fishing boats are docked in the port area shown in the image. There is no evidence of fishing boats in the image.
Least grounded: statement 3 — Passenger ships are docked in the port area shown in the image. The image does not show any passenger ships, only cargo ships.",true
24b619add0d1ccb032a2d128a8a18828351a76a68df2cdde27cf69f56b22e46d,1,,false
24b619add0d1ccb032a2d128a8a18828351a76a68df2cdde27cf69f56b22e46d,2,,false
d1133e8edc66b3b8776417c0464c623fc4044d24cd83ada3f091f95d4ffbbc97,0,"Answer: 2

Most grounded: statement 2 — The tomato roses are placed on top of the dish as decorative elements, adding visual appeal.
Less grounded: statement 1 — While adding flavor is a common purpose for garnishes, there is no direct evidence in the image that the tomato roses specifically enhance the flavor of the dish.
Least grounded: statement 3 — The tomato roses are not a source of protein; they are a decorative element made from tomatoes.",false
d1133e8edc66b3b8776417c0464c623fc4044d24cd83ada3f091f95d4ffbbc97,1,,true
d1133e8edc66b3b8776417c0464c623fc4044d24cd83ada3f091f95d4ffbbc97,2,,false
8d0ac4028d178afeee886e4651f03d1092326299ba3c3ecb7f2493fb78fb0bee,0,"Answer: 2

Most grounded: statement 2 — The image shows a minaret, which is a tall, slender tower typically found in mosques. The primary purpose of a minaret is to call for prayer (Adhan), which is supported by the visual evidence of the minaret in the image.

Less grounded: statement 1 — The image does not provide any visual evidence that the minaret is used for storing religious artifacts. While this is a possible function, it is not supported by the image.

Least grounded: statement 3 — The image does not show any evidence that the minaret is used for providing shelter for visitors. This function is not supported by the visual evidence.",false
8d0ac4028d178afeee886e4651f03d1092326299ba3c3ecb7f2493fb78fb0bee,1,,true
8d0ac4028d178afeee886e4651f03d1092326299ba3c3ecb7f2493fb78fb0bee,2,,false
f2e4eaacb50d09353ca664e50938174235e25df035f08e29c0f1178db47c5566,0,"Answer: 1

Most grounded: statement 1 — The building has a large, open entrance and multiple floors, which are typical features of a cultural center designed for events and exhibitions.
Less grounded: statement 2 — There is no visible signage or architectural features that indicate residential use.
Least grounded: statement 3 — The building's design does not resemble a shopping mall, which typically has large retail spaces and commercial signage.",true
f2e4eaacb50d09353ca664e50938174235e25df035f08e29c0f1178db47c5566,1,,false
f2e4eaacb50d09353ca664e50938174235e25df035f08e29c0f1178db47c5566,2,,false
322ec782a08eccba628addde6e3e75cdb65cd1696f94ba7afd0e21a695b8569b,0,"Answer: 2

Most grounded: statement 2 — Dates are traditionally used to break the fast during Ramadan. The image shows a plate with dates, which supports this statement.
Less grounded: statement 1 — Stuffed grape leaves are traditionally used to break the fast during Ramadan. The image does not show stuffed grape leaves, so this statement is less supported.
Least grounded: statement 3 — Rice is traditionally used to break the fast during Ramadan. The image does not show rice, so this statement is least supported.",false
322ec782a08eccba628addde6e3e75cdb65cd1696f94ba7afd0e21a695b8569b,1,,true
322ec782a08eccba628addde6e3e75cdb65cd1696f94ba7afd0e21a695b8569b,2,,false
c91e4c3f9739ebf7121813f888f1952f5c16cef9680cdbaa1e385908fd5120c6,0,"Answer: 1

Most grounded: statement 1 — Gulf Air is prominently displayed in the image during the Formula 1 race. The blue sign with ""Gulf Air"" is clearly visible in the background.
Less grounded: statement 2 — Rolex is prominently displayed in the image during the Formula 1 race. The evidence is weak because the Rolex sign is not as clearly visible as the Gulf Air sign.
Least grounded: statement 3 — Emirates is prominently displayed in the image during the Formula 1 race. The evidence is absent because there is no Emirates sign visible in the image.",true
c91e4c3f9739ebf7121813f888f1952f5c16cef9680cdbaa1e385908fd5120c6,1,,false
c91e4c3f9739ebf7121813f888f1952f5c16cef9680cdbaa1e385908fd5120c6,2,,false
298509572e3a7162626ea3fcbb3bda2e37a62075c06163b9b8ffff93b60ee5c3,0,"Answer: 3

Most grounded: statement 3 — The image shows a person working with clay on a pottery wheel, which is a clear indication of pottery making.
Less grounded: statement 1 — There is no evidence of glass blowing in the image. The material being worked on appears to be clay, not glass.
Least grounded: statement 2 — The image does not show any tools or techniques associated with wood carving. The focus is on the clay and pottery wheel, not woodworking.",false
298509572e3a7162626ea3fcbb3bda2e37a62075c06163b9b8ffff93b60ee5c3,1,,false
298509572e3a7162626ea3fcbb3bda2e37a62075c06163b9b8ffff93b60ee5c3,2,,true
3e8b2d988a32d1982b1b872524d6fab6f9ae61c032a9b39a06770f79ae695014,0,"Answer: 2

Most grounded: statement 2 — The seating arrangement depicted in the image consists of a large, ornate sofa with cushions, which is typical of traditional communal seating in many Arab cultures. The design and layout are conducive to group gatherings and social interaction, supporting the notion of traditional communal seating.

Less grounded: statement 1 — There is no evidence in the image to suggest that the seating arrangement is intended for a formal dining area. The absence of dining tables or chairs, and the presence of a large sofa, makes this statement less grounded.

Least grounded: statement 3 — The seating arrangement does not resemble an office waiting room. The design and style of the sofa and cushions are more indicative of a living space or a communal area rather than an office setting. This statement is least grounded due to the clear contradiction between the image and the description of an office waiting room.",false
3e8b2d988a32d1982b1b872524d6fab6f9ae61c032a9b39a06770f79ae695014,1,,true
3e8b2d988a32d1982b1b872524d6fab6f9ae61c032a9b39a06770f79ae695014,2,,false
c5600b20c1e8d441c4d1cadabc9cf75cb6713651f7b776ae1b036c6d5afa0628,0,"Answer: 1

Most grounded: statement 1 — The kettle's long gooseneck spout is designed to allow for precise pouring, as it can direct the flow of liquid into a cup or pot with accuracy.
Less grounded: statement 2 — The kettle's circular lid does not inherently make it suitable for precise pouring. While it may help in maintaining the temperature inside the kettle, it does not contribute to the precision of pouring.
Least grounded: statement 3 — The kettle's black color does not make it suitable for precise pouring. The color of the kettle does not affect its functionality in terms of pouring precision.",true
c5600b20c1e8d441c4d1cadabc9cf75cb6713651f7b776ae1b036c6d5afa0628,1,,false
c5600b20c1e8d441c4d1cadabc9cf75cb6713651f7b776ae1b036c6d5afa0628,2,,false
069b13c415ef2f565356b87226737992a345bd9b5c54ab3dee3410756c010819,0,"Answer: 2

Most grounded: statement 2 — The Arabic calligraphy wall piece in the image has a golden color, which strongly suggests it is made of gold-plated metal.
Less grounded: statement 1 — There is no visual evidence in the image to suggest that the calligraphy piece is made of plastic.
Least grounded: statement 3 — The calligraphy piece is not made of wood; it is gold-plated metal, which is clearly visible in the image.",false
069b13c415ef2f565356b87226737992a345bd9b5c54ab3dee3410756c010819,1,,true
069b13c415ef2f565356b87226737992a345bd9b5c54ab3dee3410756c010819,2,,false
744da12c3e94a02f3f32cceac55188260053c27ebdb862b3da7a3054b210f359,0,"Answer: 3

Most grounded: statement 3 — The fort shown in the image is called Qal'at al-Bahrain. This is strongly supported by the presence of the flag of Bahrain flying atop the fort, which is a clear indicator of the fort's location and identity.

Less grounded: statement 1 — The fort shown in the image is called Arad Fort. The evidence for this statement is weak because there is no visible signage or distinctive features that directly indicate it is called Arad Fort.

Least grounded: statement 2 — The fort shown in the image is called Riffa Fort. This statement is contradicted by the presence of the Bahraini flag, which clearly identifies the fort as Qal'at al-Bahrain, not Riffa Fort.",false
744da12c3e94a02f3f32cceac55188260053c27ebdb862b3da7a3054b210f359,1,,false
744da12c3e94a02f3f32cceac55188260053c27ebdb862b3da7a3054b210f359,2,,true
d9847923f255a93244d606ec4e743b39a63f47038889bcc93e0cfe4a49ad4f7e,0,"Answer: 3

Most grounded: statement 3 — The image clearly shows a single chair placed on a red carpet inside the corridor.
Less grounded: statement 1 — There is no visible chandelier in the image.
Least grounded: statement 2 — There is no visible fountain in the image.",false
d9847923f255a93244d606ec4e743b39a63f47038889bcc93e0cfe4a49ad4f7e,1,,false
d9847923f255a93244d606ec4e743b39a63f47038889bcc93e0cfe4a49ad4f7e,2,,true
7bfddd27d687ac68b67a65a47e7af825837a83f969024158b0f403377428e30a,0,"Answer: 3

Most grounded: statement 3 — The instrument has a unique shape with a long neck and a curved body, which is characteristic of an Oud.
Less grounded: statement 1 — While the instrument does resemble a guitar, the specific shape and design elements make it more likely to be an Oud.
Least grounded: statement 2 — The instrument does not resemble a violin, which typically has a more elongated neck and a different body shape.",false
7bfddd27d687ac68b67a65a47e7af825837a83f969024158b0f403377428e30a,1,,false
7bfddd27d687ac68b67a65a47e7af825837a83f969024158b0f403377428e30a,2,,true
f8309d0e45c4eed932b1039bed724df16138a3fa96f8d026c0cec7c76fef8bbd,0,"Answer: 1

Most grounded: statement 1 — The statue appears to have a metallic sheen, which is characteristic of bronze statues.
Less grounded: statement 2 — There is no visual evidence suggesting that the statue is made of wood.
Least grounded: statement 3 — The statue does not have the smooth, polished appearance typical of marble statues.",true
f8309d0e45c4eed932b1039bed724df16138a3fa96f8d026c0cec7c76fef8bbd,1,,false
f8309d0e45c4eed932b1039bed724df16138a3fa96f8d026c0cec7c76fef8bbd,2,,false
fb4c294140d448fe8cb747bb92b2a466e1aa8e53d2abd2a123ec03562f78c7e6,0,"Answer: 3

Most grounded: statement 3 — The image shows an urban area with modern high-rise buildings, including skyscrapers and a busy street with cars. This strongly supports the idea of an urban environment.

Less grounded: statement 1 — The image does not show any coastal town or small shops. The presence of high-rise buildings and a busy street suggests an urban setting rather than a coastal town.

Least grounded: statement 2 — The image does not show any rural village or traditional houses. The presence of modern high-rise buildings and a busy street indicates an urban environment, not a rural village.",false
fb4c294140d448fe8cb747bb92b2a466e1aa8e53d2abd2a123ec03562f78c7e6,1,,false
fb4c294140d448fe8cb747bb92b2a466e1aa8e53d2abd2a123ec03562f78c7e6,2,,true
d825c5f93c24b6498e06d67c4a39e6165ee7fe8b3a90639b616fe694fc082510,0,"Answer: 1

Most grounded: statement 1 — The image shows a variety of meats and cheeses, but no fried chicken is present.
Less grounded: statement 2 — The image includes figs, which are fresh fruits.
Least grounded: statement 3 — The image includes various cured meats, such as salami.",true
d825c5f93c24b6498e06d67c4a39e6165ee7fe8b3a90639b616fe694fc082510,1,,false
d825c5f93c24b6498e06d67c4a39e6165ee7fe8b3a90639b616fe694fc082510,2,,false
73a2e7842857d6addac8be8c5acc4f054e6e305821b1bc52f0b1c12be4706411,0,"Answer: 2

Most grounded: statement 2 — The red logo above the 'Waterfront Bremen' sign resembles a stylized wave, which is a common symbol for water. The wave-like design is clearly visible and supports this interpretation.

Less grounded: statement 1 — While the logo could be interpreted as an abstract art piece, there is no clear evidence in the image to support this interpretation. The wave-like design is more prominent and specific.

Least grounded: statement 3 — There is no evidence in the image to suggest that the red logo represents a flag representing Bremen's heritage. The design does not resemble any known flag, and there is no contextual information to support this interpretation.",false
73a2e7842857d6addac8be8c5acc4f054e6e305821b1bc52f0b1c12be4706411,1,,true
73a2e7842857d6addac8be8c5acc4f054e6e305821b1bc52f0b1c12be4706411,2,,false
955069f8ea8fd4218ef3a90710b9e885defedb7950638da284753754c3eedfc7,0,"Answer: 1

Most grounded: statement 1 — The person is holding a microphone and appears to be performing, which strongly supports the idea that the microphone is for singing or performing.
Less grounded: statement 2 — There is no clear indication that the person is giving a speech, as the context and setting suggest a performance rather than a formal speech.
Least grounded: statement 3 — The microphone is clearly being used for its intended purpose, which is to amplify the person's voice during a performance, making it unlikely that it is being held merely as an accessory.",true
955069f8ea8fd4218ef3a90710b9e885defedb7950638da284753754c3eedfc7,1,,false
955069f8ea8fd4218ef3a90710b9e885defedb7950638da284753754c3eedfc7,2,,false
82d4f77a43546b79831710cd892e6747d02ce97e0cdd248138ec608f97d49818,0,"Answer: 3

Most grounded: statement 3 — The wooden latticework in the image is designed with open spaces, which suggests it serves to provide ventilation and privacy.
Less grounded: statement 1 — There is no clear evidence in the image that the latticework enhances the durability of the facade.
Least grounded: statement 2 — The image does not provide any evidence that the latticework offers structural support to the building.",false
82d4f77a43546b79831710cd892e6747d02ce97e0cdd248138ec608f97d49818,1,,false
82d4f77a43546b79831710cd892e6747d02ce97e0cdd248138ec608f97d49818,2,,true
0382109ef1cca88a96894838aed52b60cb6ee34728e36f4b7844d9c05f21def5,0,"Answer: 1

Most grounded: statement 1 — The image shows a golden mask that resembles the iconic Tutankhamun mask, which is primarily made of gold.
Less grounded: statement 2 — There is no visual evidence in the image to support the use of bronze in the mask.
Least grounded: statement 3 — The image does not provide any evidence to support the use of marble in the mask.",true
0382109ef1cca88a96894838aed52b60cb6ee34728e36f4b7844d9c05f21def5,1,,false
0382109ef1cca88a96894838aed52b60cb6ee34728e36f4b7844d9c05f21def5,2,,false
0bfc117e6862520853ff46452473295d08b8e33049fff55208afb45a7b215880,0,"Answer: 3

Most grounded: statement 3 — The image shows a building with intricate geometric patterns and decorative elements that are characteristic of Nubian architecture, such as the use of geometric shapes and the style of the doorway.

Less grounded: statement 1 — The image does not show any elements typical of Modernist architecture, such as clean lines, minimalism, or the use of new materials and technologies.

Least grounded: statement 2 — The image does not show any elements typical of Gothic architecture, such as pointed arches, ribbed vaults, or flying buttresses.",false
0bfc117e6862520853ff46452473295d08b8e33049fff55208afb45a7b215880,1,,false
0bfc117e6862520853ff46452473295d08b8e33049fff55208afb45a7b215880,2,,true
44c2b1e4710f3d6e1dc4038a03dbe459069dff3ee02e4a88d39359c03f37927c,0,"Answer: 1

Most grounded: statement 1 — The architecture shown in the image, with its mud-brick construction and flat roofs, is characteristic of Middle Eastern architecture, particularly in regions like Morocco or Egypt.
Less grounded: statement 2 — The architecture shown in the image does not resemble Scandinavian architecture, which typically features more modern and minimalist designs with less emphasis on mud-brick construction.
Least grounded: statement 3 — The architecture shown in the image does not resemble South American architecture, which often includes elements like adobe construction but is typically more varied and influenced by indigenous cultures.",true
44c2b1e4710f3d6e1dc4038a03dbe459069dff3ee02e4a88d39359c03f37927c,1,,false
44c2b1e4710f3d6e1dc4038a03dbe459069dff3ee02e4a88d39359c03f37927c,2,,false
63373f09973d27f0f370d6451a1506550af5f363d15f1d2969456c3b27b2002d,0,"Answer: 3

Most grounded: statement 3 — The image shows a close-up of what appears to be a drum, which is a musical instrument. The motion blur and the presence of a performer suggest that it is being played.

Less grounded: statement 1 — While traditional dances often involve musical instruments, the specific context of the dance is not clear from the image alone. The focus is more on the instrument than the dance itself.

Least grounded: statement 2 — There is no evidence in the image to suggest that the performer is participating in a sporting event. The image does not show any sports equipment or setting.",false
63373f09973d27f0f370d6451a1506550af5f363d15f1d2969456c3b27b2002d,1,,false
63373f09973d27f0f370d6451a1506550af5f363d15f1d2969456c3b27b2002d,2,,true
9fb60991d818f060788ee7a9666b15c79042f9476394271f0be72236f8c60eac,0,"Answer: 2

Most grounded: statement 2 — The Empire State Building is known for changing its lights to celebrate holidays, events, or cultural causes. The image shows the building illuminated in different colors, which supports this statement.

Less grounded: statement 1 — The image does not provide any evidence that the illuminated lights are specifically for providing additional lighting for city streets.

Least grounded: statement 3 — The image does not provide any evidence that the illuminated lights are used to signal weather changes in New York City.",false
9fb60991d818f060788ee7a9666b15c79042f9476394271f0be72236f8c60eac,1,,true
9fb60991d818f060788ee7a9666b15c79042f9476394271f0be72236f8c60eac,2,,false
1c6f2e6a732b947a036850742449784931e5b6232c0da65d1e2ee1dd7fc0f6a1,0,"Answer: 2

Most grounded: statement 2 — The image shows desert mountains and greenery in the background, with clear evidence of the mountainous terrain and vegetation.
Less grounded: statement 1 — There is no snow-covered peak or forest visible in the image.
Least grounded: statement 3 — The image does not show any urban skyscrapers or roads, only natural landscapes and a body of water.",false
1c6f2e6a732b947a036850742449784931e5b6232c0da65d1e2ee1dd7fc0f6a1,1,,true
1c6f2e6a732b947a036850742449784931e5b6232c0da65d1e2ee1dd7fc0f6a1,2,,false
145c165299df858c1742709b4a728bc906fa748b7f7278cf5f0fb9e13bbdee45,0,"Answer: 3

Most grounded: statement 3 — The oven is constructed from clay, as evidenced by the rough, uneven texture and earthy color of the oven walls.
Less grounded: statement 1 — There is no visual evidence of wood being used in the construction of the oven.
Least grounded: statement 2 — There is no visual evidence of metal being used in the construction of the oven, and the texture and color suggest it is not metal.",false
145c165299df858c1742709b4a728bc906fa748b7f7278cf5f0fb9e13bbdee45,1,,false
145c165299df858c1742709b4a728bc906fa748b7f7278cf5f0fb9e13bbdee45,2,,true
518cd34da743c76d54a70341f3eaf41a7ea690f75d6320de918bed2676f92bf9,0,"Answer: 2

Most grounded: statement 2 — The image shows a large river, which is a common route for water transport. There are no visible rail tracks or air transport infrastructure in the image.

Less grounded: statement 1 — While rail transport is possible, there are no visible rail tracks in the image. The evidence is weak because the image does not provide clear evidence of rail transport.

Least grounded: statement 3 — There is no evidence of air transport in the image. The image does not show any airports or air traffic, making this statement the least grounded.",false
518cd34da743c76d54a70341f3eaf41a7ea690f75d6320de918bed2676f92bf9,1,,true
518cd34da743c76d54a70341f3eaf41a7ea690f75d6320de918bed2676f92bf9,2,,false
2da6b996a65dcacc2a84297bd441d464211f7b7d825b4a3e212f600043ea8634,0,"Answer: 2

Most grounded: statement 2 — The image most likely depicts sunset. The golden hue of the water and the silhouettes of the boat and people are typical of the lighting conditions during sunset.
Less grounded: statement 1 — The image most likely depicts afternoon. While the golden hue could suggest afternoon, it is less definitive than sunset.
Least grounded: statement 3 — The image most likely depicts morning. The golden hue and the silhouettes do not strongly suggest morning, as mornings often have a different quality of light and activity.",false
2da6b996a65dcacc2a84297bd441d464211f7b7d825b4a3e212f600043ea8634,1,,true
2da6b996a65dcacc2a84297bd441d464211f7b7d825b4a3e212f600043ea8634,2,,false
7dcce62842b9df500422b22b6239cef43b45c4ee7644e204efa7569e97909cbc,0,"Answer: 1

Most grounded: statement 1 — The woman is crouching in front of an ancient stone structure, which could be an artifact, and she is holding a small object, possibly a tool or a device for inspection. This suggests she might be playing the role of an archaeologist.

Less grounded: statement 2 — There is no clear indication of a theatrical setting or performance in the image. The woman's attire and the context do not strongly suggest a performance.

Least grounded: statement 3 — The woman's focused attention on the stone structure and her holding a small object does not strongly suggest she is a tourist exploring the ruins. The context does not clearly indicate tourism activities.",true
7dcce62842b9df500422b22b6239cef43b45c4ee7644e204efa7569e97909cbc,1,,false
7dcce62842b9df500422b22b6239cef43b45c4ee7644e204efa7569e97909cbc,2,,false
46c21f09846000b3f735c0e8371e97f5655f878676d5046690687ac9b850a736,0,"Answer: 2

Most grounded: statement 2 — The stone statues are most likely associated with the Ancient Egyptian civilization. The statues are in the style of the colossal statues of pharaohs and queens, such as those found at the temples of Karnak and Luxor, which are iconic of Ancient Egyptian art and architecture.

Less grounded: statement 1 — The stone statues are most likely associated with the Mayan civilization. The statues do not resemble the Mayan style, which typically features more intricate carvings and a different iconography.

Least grounded: statement 3 — The stone statues are most likely associated with the Ancient Greek civilization. The statues do not resemble the Greek style, which typically features more realistic human forms and less monumental scale compared to Egyptian statues.",false
46c21f09846000b3f735c0e8371e97f5655f878676d5046690687ac9b850a736,1,,true
46c21f09846000b3f735c0e8371e97f5655f878676d5046690687ac9b850a736,2,,false
57dfb319490f24a374c2d3493f19ac6aeacaf31567a5263f44dbbd497fd6aea9,0,"Answer: 2

Most grounded: statement 2 — The large windows allow natural light to enter the restaurant and provide views of the outdoor area, which supports the idea that they are intended to provide natural light and outdoor views.

Less grounded: statement 1 — While the windows do separate different sections of the restaurant, this is not the primary purpose indicated by the image. The primary purpose seems to be to allow natural light and views, rather than separation.

Least grounded: statement 3 — There is no evidence in the image to suggest that the windows are intended to display advertisements. The windows are primarily for natural light and views, not for advertising.",false
57dfb319490f24a374c2d3493f19ac6aeacaf31567a5263f44dbbd497fd6aea9,1,,true
57dfb319490f24a374c2d3493f19ac6aeacaf31567a5263f44dbbd497fd6aea9,2,,false
95ea0537f9a2ba09e19da48d663658674dac7f84ae0a4930c43b3aed70d19f81,0,"Answer: 1

Most grounded: statement 1 — The shape and structure of the cloth, along with its decorative fringes, suggest it could be used in a ceremonial context, potentially in a religious or spiritual setting.
Less grounded: statement 2 — While the cloth could be decorative, there is no specific evidence in the image to suggest it is a tapestry, which typically has a more intricate design and is often hung on walls.
Least grounded: statement 3 — There is no evidence in the image to suggest the cloth is a cover for a holy scripture, as such covers are usually more elaborate and specific in design.",true
95ea0537f9a2ba09e19da48d663658674dac7f84ae0a4930c43b3aed70d19f81,1,,false
95ea0537f9a2ba09e19da48d663658674dac7f84ae0a4930c43b3aed70d19f81,2,,false
c5dd0e4bbeb8f4e88096107662273de7022800daed25382ff3f2eb6b14abbefc,0,"Answer: 3

Most grounded: statement 3 — The individuals are dressed in formal attire and are holding documents, suggesting a professional setting. The presence of a camera and tripod indicates that this could be a professional event or meeting.

Less grounded: statement 2 — While the interaction appears to be casual, the formal attire and documents suggest a more professional context.

Least grounded: statement 1 — The setting does not resemble a social gathering; it appears to be a professional environment.",false
c5dd0e4bbeb8f4e88096107662273de7022800daed25382ff3f2eb6b14abbefc,1,,false
c5dd0e4bbeb8f4e88096107662273de7022800daed25382ff3f2eb6b14abbefc,2,,true
ea21c22362afe70f1857bda2fec2f04015b3fbd1fd47c7824a1660d9e47327c9,0,"Answer: 3

Most grounded: statement 3 — The aircraft in the image has ""ARAB REPUBLIC OF EGYPT"" written on its side, which strongly supports this statement.
Less grounded: statement 1 — There is no visual evidence in the image to support this statement. The aircraft does not have any markings or insignia that indicate it belongs to the United Arab Emirates.
Least grounded: statement 2 — There is no visual evidence in the image to support this statement. The aircraft does not have any markings or insignia that indicate it belongs to the Kingdom of Saudi Arabia.",false
ea21c22362afe70f1857bda2fec2f04015b3fbd1fd47c7824a1660d9e47327c9,1,,false
ea21c22362afe70f1857bda2fec2f04015b3fbd1fd47c7824a1660d9e47327c9,2,,true
4dd982036b66409a9574496e18fd6d3a3dd3ff800c5bddec46dcab2f07c93b21,0,"Answer: 1

Most grounded: statement 1 — Sandy dunes are prominently visible in the background of the image. The image clearly shows large, sandy dunes in the background, which strongly supports this statement.

Less grounded: statement 2 — Snow-capped mountains are prominently visible in the background of the image. The image does not show any snow-capped mountains; instead, it shows sandy dunes, making this statement less grounded.

Least grounded: statement 3 — Dense forests are prominently visible in the background of the image. The image shows a barren landscape with sandy dunes and sparse vegetation, not dense forests, making this statement the least grounded.",true
4dd982036b66409a9574496e18fd6d3a3dd3ff800c5bddec46dcab2f07c93b21,1,,false
4dd982036b66409a9574496e18fd6d3a3dd3ff800c5bddec46dcab2f07c93b21,2,,false
75f70d1e270ea0ef763c291387f11d9b6741cfb5672bbd22d58ca47c51b20d78,0,"Answer: 1

Most grounded: statement 1 — The individuals in the image are wearing uniforms with prominent logos of McLaren and Red Bull Racing, which are clearly visible on their shirts.

Less grounded: statement 2 — There are no visible uniforms or logos that suggest Aston Martin or Alpine. The evidence is weak because there are no recognizable logos or uniforms associated with these teams.

Least grounded: statement 3 — The uniforms do not feature any logos or colors associated with Ferrari or Mercedes. The evidence is absent, making this statement the least grounded.",true
75f70d1e270ea0ef763c291387f11d9b6741cfb5672bbd22d58ca47c51b20d78,1,,false
75f70d1e270ea0ef763c291387f11d9b6741cfb5672bbd22d58ca47c51b20d78,2,,false
07f962d3a52dbeb290bda6b726f41c04daa682415b5d7ae17e1bca682c0dd6a6,0,"Answer: 2

Most grounded: statement 2 — The dish shown in the image is Foul Mudammas. The image shows a dish that appears to be Foul Mudammas, a traditional Middle Eastern dish made with fava beans, onions, and olive oil. The texture and ingredients resemble those of Foul Mudammas.

Less grounded: statement 1 — The dish shown in the image is Hummus. While Hummus is a popular Middle Eastern dish, it typically has a smoother texture and is made from chickpeas, not fava beans. The image does not strongly support this statement.

Least grounded: statement 3 — The dish shown in the image is Tabbouleh. Tabbouleh is a salad made from parsley, tomatoes, onions, and bulgur wheat, which does not match the ingredients and texture of the dish shown in the image. The image strongly contradicts this statement.",false
07f962d3a52dbeb290bda6b726f41c04daa682415b5d7ae17e1bca682c0dd6a6,1,,true
07f962d3a52dbeb290bda6b726f41c04daa682415b5d7ae17e1bca682c0dd6a6,2,,false
ffcabcd8550c8c0ce9ef6daaefcd6262bdfe8062b3bae473e58fba167e1e4bbe,0,"Answer: 2

Most grounded: statement 2 — The umbrellas are providing shade for the vendors and goods, as evidenced by their placement over the stalls and the presence of people under them.
Less grounded: statement 1 — There is no clear evidence that the umbrellas are marking the boundaries of vendor stalls.
Least grounded: statement 3 — There is no indication that the umbrellas are acting as a decorative feature; their primary function appears to be providing shade.",false
ffcabcd8550c8c0ce9ef6daaefcd6262bdfe8062b3bae473e58fba167e1e4bbe,1,,true
ffcabcd8550c8c0ce9ef6daaefcd6262bdfe8062b3bae473e58fba167e1e4bbe,2,,false
631990af5d3cf57251b53816302785cc5937567dda2ec3a0299929bbc0395b99,0,"Answer: 3

Most grounded: statement 3 — The image shows women carrying large metal water vessels, which strongly supports the idea that the traditional activity is carrying water vessels.

Less grounded: statement 1 — There is no visual evidence of weaving textiles in the image. The textiles mentioned in the sign are likely displayed or sold in the museum, not woven by the women.

Least grounded: statement 2 — There is no visual evidence of selling handmade pottery in the image. The pottery is displayed in the shop window, but there is no indication that the women are selling it.",false
631990af5d3cf57251b53816302785cc5937567dda2ec3a0299929bbc0395b99,1,,false
631990af5d3cf57251b53816302785cc5937567dda2ec3a0299929bbc0395b99,2,,true
98e27f27f5456385657ddeff31a004b65a935e019f93a4ba0ceceb6c15e58e1e,0,"Answer: 2

Most grounded: statement 2 — The image shows a desert landscape with rocky formations, which is a typical environment for desert hiking and camping.
Less grounded: statement 1 — While snowboarding is not typically enjoyed in desert landscapes, the image does not provide any evidence to strongly contradict this statement.
Least grounded: statement 3 — Scuba diving is usually associated with underwater environments, which is not depicted in the image. The image clearly shows a dry, desert environment, making this statement the least grounded.",false
98e27f27f5456385657ddeff31a004b65a935e019f93a4ba0ceceb6c15e58e1e,1,,true
98e27f27f5456385657ddeff31a004b65a935e019f93a4ba0ceceb6c15e58e1e,2,,false
c917a665b2f4b7be90aeb18104e896168748be3e0f1c328d9ee80c2e934fce31,0,"Answer: 1

Most grounded: statement 1 — The wooden barrier is clearly separating the two knights, indicating its role in ensuring safety during the jousting competition.

Less grounded: statement 2 — While the barrier does mark the boundary, the primary purpose is safety, as evidenced by the separation of the knights.

Least grounded: statement 3 — There is no visual evidence suggesting that the barrier is intended for aesthetic purposes.",true
c917a665b2f4b7be90aeb18104e896168748be3e0f1c328d9ee80c2e934fce31,1,,false
c917a665b2f4b7be90aeb18104e896168748be3e0f1c328d9ee80c2e934fce31,2,,false
75591dd4b43385d640abbe27adc3695bf4b2318479b48f930ecebdafd4eaf8a9,0,"Answer: 1

Most grounded: statement 1 — The dress displayed on the mannequin in the background is yellow. This is directly visible in the image.
Less grounded: statement 2 — The dress displayed on the mannequin in the background is red. There is no red dress visible in the image.
Least grounded: statement 3 — The dress displayed on the mannequin in the background is black. The mannequin is clearly displaying a yellow dress, not a black one.",true
75591dd4b43385d640abbe27adc3695bf4b2318479b48f930ecebdafd4eaf8a9,1,,false
75591dd4b43385d640abbe27adc3695bf4b2318479b48f930ecebdafd4eaf8a9,2,,false
d109c687ee2d6310bd9aa8cb85e7244326cc1a741e12ae5901b1b75f65485df3,0,"Answer: 1

Most grounded: statement 1 — A bowl, candles, and crosses are visible on the altar in the foreground of this religious ceremony. The image clearly shows a bowl, candles, and crosses on the altar.

Less grounded: statement 2 — Books, incense, and a statue are visible on the altar in the foreground of this religious ceremony. The image does not show books, incense, or a statue on the altar.

Least grounded: statement 3 — A chalice, bread, and flowers are visible on the altar in the foreground of this religious ceremony. The image does not show a chalice, bread, or flowers on the altar.",true
d109c687ee2d6310bd9aa8cb85e7244326cc1a741e12ae5901b1b75f65485df3,1,,false
d109c687ee2d6310bd9aa8cb85e7244326cc1a741e12ae5901b1b75f65485df3,2,,false
753f39baf4771f1958d3f344b53ff87850e9913c8a98c560bdfe61e637675f74,0,"Answer: 3

Most grounded: statement 3 — The checkered paper wrapping around the cheeseburger is visually appealing and helps to keep the burger clean by catching any drips or crumbs. The image shows the burger wrapped in the checkered paper, which supports this statement.

Less grounded: statement 1 — While the checkered paper might help keep the burger warm to some extent, the primary purpose seems to be more about presentation and cleanliness rather than specifically keeping it warm. The evidence is weaker because the primary focus is on the visual appeal and cleanliness rather than warmth.

Least grounded: statement 2 — There is no evidence in the image to suggest that the checkered paper wrapping adds flavor to the burger. This statement is contradicted by the image, which shows the paper primarily serving a functional purpose rather than an additive flavor role.",false
753f39baf4771f1958d3f344b53ff87850e9913c8a98c560bdfe61e637675f74,1,,false
753f39baf4771f1958d3f344b53ff87850e9913c8a98c560bdfe61e637675f74,2,,true
2b4b00673758b001d4cc74c8014233d9d962e90c042b513f67d9890310d86947,0,"Answer: 1

Most grounded: statement 1 — The split image shows two individuals who appear to be from different time periods or contexts, suggesting they could be characters from a movie or series.
Less grounded: statement 2 — There is no clear indication that the two individuals are unrelated; they could be related or from the same context.
Least grounded: statement 3 — There is no evidence in the image to suggest a before-and-after transformation; the individuals appear to be in different contexts rather than showing a change over time.",true
2b4b00673758b001d4cc74c8014233d9d962e90c042b513f67d9890310d86947,1,,false
2b4b00673758b001d4cc74c8014233d9d962e90c042b513f67d9890310d86947,2,,false
9e2e0c16f7fc67d6e6febe95241fc2ab3f0764f27e39f87886e6cee91f8685c2,0,"Answer: 3

Most grounded: statement 3 — The image shows falafel balls, which are typically made from ground chickpeas or fava beans and fried into patties.
Less grounded: statement 2 — The image does not show any pita bread, which is typically made from ground chickpeas or fava beans and fried into patties.
Least grounded: statement 1 — The image does not show French fries, which are not typically made from ground chickpeas or fava beans and fried into patties.",false
9e2e0c16f7fc67d6e6febe95241fc2ab3f0764f27e39f87886e6cee91f8685c2,1,,false
9e2e0c16f7fc67d6e6febe95241fc2ab3f0764f27e39f87886e6cee91f8685c2,2,,true
529c8680d3fd74338917c8d49dfbf260d04dd6f6056d745c4b00f41c3a28dc21,0,"Answer: 3

Most grounded: statement 3 — The people are dressed in traditional attire and are holding hands, which is indicative of a traditional dance performance.
Less grounded: statement 1 — There is no evidence of sports equipment or a sports field, making this less likely.
Least grounded: statement 2 — There are no musical instruments or a stage setup, making this the least supported by the image.",false
529c8680d3fd74338917c8d49dfbf260d04dd6f6056d745c4b00f41c3a28dc21,1,,false
529c8680d3fd74338917c8d49dfbf260d04dd6f6056d745c4b00f41c3a28dc21,2,,true
f0d02d26499ca1816d27e09867544c6411852b0698251d5a57e6fe96c91b8115,0,"Answer: 3

Most grounded: statement 3 — The kayak is clearly red in the image.
Less grounded: statement 1 — There is no yellow kayak in the image.
Least grounded: statement 2 — There is no blue kayak in the image.",false
f0d02d26499ca1816d27e09867544c6411852b0698251d5a57e6fe96c91b8115,1,,false
f0d02d26499ca1816d27e09867544c6411852b0698251d5a57e6fe96c91b8115,2,,true
b66a90fa52076fa8d2bde619741e460e1d1e93368b836d61b0ad73446b895e66,0,"Answer: 3

Most grounded: statement 3 — The architecture and layout of the amphitheater, along with the surrounding environment, strongly suggest that it is located in Amman, Jordan.
Less grounded: statement 1 — There is no specific visual evidence in the image to support that the amphitheater is located in Rome, Italy.
Least grounded: statement 2 — The image does not provide any visual evidence to support that the amphitheater is located in Athens, Greece.",false
b66a90fa52076fa8d2bde619741e460e1d1e93368b836d61b0ad73446b895e66,1,,false
b66a90fa52076fa8d2bde619741e460e1d1e93368b836d61b0ad73446b895e66,2,,true
d0d43cc31af6911c34c8a761514fe8fbe1f37288a2c00e2bdc21d5b16572dcb9,0,"Answer: 1

Most grounded: statement 1 — The city visible in the background of the Roman ruins shown in the image is Amman, Jordan. The image shows a cityscape that matches the topography and layout of Amman, Jordan, with its distinctive hilltops and urban spread.

Less grounded: statement 2 — The city visible in the background of the Roman ruins shown in the image is Athens, Greece. There is no visual evidence in the image that suggests the city is Athens, Greece. The architecture and landscape do not match Athens.

Least grounded: statement 3 — The city visible in the background of the Roman ruins shown in the image is Rome, Italy. The image does not provide any visual evidence that the city is Rome, Italy. The landscape and architecture do not match Rome's distinctive features.",true
d0d43cc31af6911c34c8a761514fe8fbe1f37288a2c00e2bdc21d5b16572dcb9,1,,false
d0d43cc31af6911c34c8a761514fe8fbe1f37288a2c00e2bdc21d5b16572dcb9,2,,false
82482b65958ec1613feba182fe5f3679c514b4ce0077e5245c935c8552d73e2b,0,"Answer: 1

Most grounded: statement 1 — The image shows a poolside area with lounge chairs and umbrellas, which are commonly associated with relaxing by a pool at a resort. The presence of these elements strongly supports the idea that cocktails are often enjoyed in such settings.

Less grounded: statement 2 — The image does not provide any direct evidence of sodas being commonly associated with poolside relaxation. While sodas might be available, there is no specific visual evidence to support this claim.

Least grounded: statement 3 — The image does not show any coffee-related items or activities, making it the least supported by the visual evidence.",true
82482b65958ec1613feba182fe5f3679c514b4ce0077e5245c935c8552d73e2b,1,,false
82482b65958ec1613feba182fe5f3679c514b4ce0077e5245c935c8552d73e2b,2,,false
7547049262a76d15bca0904ef38005c1d66e03d8ad62920fb0611c8d3caf06ac,0,"Answer: 3

Most grounded: statement 3 — The patterned fabric on the walls and ceiling creates a tent-like ambiance, which is visually evident from the image showing a room with a fabric ceiling and walls, resembling a traditional tent.

Less grounded: statement 1 — The evidence is weak because there is no clear indication that the fabric serves as insulation from heat. The fabric's primary purpose seems more decorative than functional.

Least grounded: statement 2 — The evidence is absent because there is no indication that the fabric acts as soundproofing material. The primary focus is on the aesthetic and tent-like ambiance, not on sound insulation.",false
7547049262a76d15bca0904ef38005c1d66e03d8ad62920fb0611c8d3caf06ac,1,,false
7547049262a76d15bca0904ef38005c1d66e03d8ad62920fb0611c8d3caf06ac,2,,true
93e6aa3edcc6e8059a49b04388a45bcaf2fb2e80ceb6524f67cee1e58f347f8b,0,"Answer: 3

Most grounded: statement 3 — The image shows a guitar prominently placed near the fireplace, suggesting a strong association between the guitar and the music.
Less grounded: statement 1 — The image does not provide any direct evidence to support the association of the fireplace with music.
Least grounded: statement 2 — The woven chair is not associated with music in the image; it is simply part of the room's decor.",false
93e6aa3edcc6e8059a49b04388a45bcaf2fb2e80ceb6524f67cee1e58f347f8b,1,,false
93e6aa3edcc6e8059a49b04388a45bcaf2fb2e80ceb6524f67cee1e58f347f8b,2,,true
83a55f22bc70e9c6288061058df13dbdca32774999228f859a8e169fd4ab389b,0,"Answer: 2

Most grounded: statement 2 — The image shows a pizza with various toppings, indicating that the person is involved in pizza preparation.
Less grounded: statement 1 — While the person is in a kitchen, there is no direct evidence that they are specifically preparing bread.
Least grounded: statement 3 — There is no evidence in the image to suggest that the person is a waiter serving food.",false
83a55f22bc70e9c6288061058df13dbdca32774999228f859a8e169fd4ab389b,1,,true
83a55f22bc70e9c6288061058df13dbdca32774999228f859a8e169fd4ab389b,2,,false
cd8994b2b0b1dc9b024ecdc009749e31ddfb1b974a600ded544be7ea9849e67b,0,"Answer: 1

Most grounded: statement 1 — The image shows people holding wine glasses, which strongly suggests a wine tasting event. The presence of greenery in the background also supports the idea of a vineyard setting.

Less grounded: statement 2 — There is no clear evidence of an indoor restaurant setting. The image does not show any tables, chairs, or typical restaurant decor.

Least grounded: statement 3 — The image does not show any beach elements such as sand, water, or beach attire, making it unlikely to be set at a beach party.",true
cd8994b2b0b1dc9b024ecdc009749e31ddfb1b974a600ded544be7ea9849e67b,1,,false
cd8994b2b0b1dc9b024ecdc009749e31ddfb1b974a600ded544be7ea9849e67b,2,,false
5beaada4b9e022c72730f6aeb9a33f7e5d6afd0cce8011e2db2b3153f9d67734,0,"Answer: 1

Most grounded: statement 1 — The men are dressed in ceremonial uniforms and are marching in formation, which is typical of a ceremonial parade.
Less grounded: statement 2 — There is no evidence of a training exercise environment, such as equipment or a training ground.
Least grounded: statement 3 — The men are dressed in formal uniforms and are marching in formation, which is not typical of a casual group walk.",true
5beaada4b9e022c72730f6aeb9a33f7e5d6afd0cce8011e2db2b3153f9d67734,1,,false
5beaada4b9e022c72730f6aeb9a33f7e5d6afd0cce8011e2db2b3153f9d67734,2,,false
7df5d6956082f5e7672c5c54a7b815adf824f486a305af07bd171a6d04776dbb,0,"Answer: 1

Most grounded: statement 1 — There is a glass of coffee (or a similar beverage) in the background of the image, supporting the idea that coffee is served alongside the food platter.
Less grounded: statement 2 — There is no clear evidence of tea being served in the image.
Least grounded: statement 3 — There is no clear evidence of juice being served in the image.",true
7df5d6956082f5e7672c5c54a7b815adf824f486a305af07bd171a6d04776dbb,1,,false
7df5d6956082f5e7672c5c54a7b815adf824f486a305af07bd171a6d04776dbb,2,,false
04f860825d781c26f3dae77c035cf4b9541af09a52a743bffdc28a8aa0d3dee2,0,"Answer: 1

Most grounded: statement 1 — The transparent straw is clearly visible in the glass, indicating it is used to drink the beverage.
Less grounded: statement 2 — There is no visual evidence that the straw is used to stir the drink.
Least grounded: statement 3 — There is no visual evidence that the straw is used to decorate the glass.",true
04f860825d781c26f3dae77c035cf4b9541af09a52a743bffdc28a8aa0d3dee2,1,,false
04f860825d781c26f3dae77c035cf4b9541af09a52a743bffdc28a8aa0d3dee2,2,,false
fed2a1c6c45d118e71e9fcd338f92fdf13911b2ce9af4fc37bc288d4dd25e703,0,"Answer: 1

Most grounded: statement 1 — The sculpture in the image appears to be made of sandstone, as evidenced by its rough, porous texture and the way it has been weathered over time.
Less grounded: statement 2 — The evidence for granite is weak because granite typically has a more uniform and less porous appearance compared to the sandstone in the image.
Least grounded: statement 3 — The evidence for marble is absent because marble generally has a smoother and more polished appearance, which is not consistent with the texture of the sculpture in the image.",true
fed2a1c6c45d118e71e9fcd338f92fdf13911b2ce9af4fc37bc288d4dd25e703,1,,false
fed2a1c6c45d118e71e9fcd338f92fdf13911b2ce9af4fc37bc288d4dd25e703,2,,false
b8aa7648586501baef7b49e39ffa2136bdfb2dd588a9b9001f521bc57335bd95,0,"Answer: 1

Most grounded: statement 1 — Yachts are visible in the image. The image clearly shows several yachts docked along the waterfront.
Less grounded: statement 2 — Cargo ships are visible in the image. There is no evidence of cargo ships in the image.
Least grounded: statement 3 — Fishing boats are visible in the image. The image does not show any fishing boats, only yachts and other recreational boats.",true
b8aa7648586501baef7b49e39ffa2136bdfb2dd588a9b9001f521bc57335bd95,1,,false
b8aa7648586501baef7b49e39ffa2136bdfb2dd588a9b9001f521bc57335bd95,2,,false
74a02d3faa094c4b3669ceb794c769440dc6cb792f78a4f5f5094e56ff6f6011,0,"Answer: 2

Most grounded: statement 2 — The image clearly shows a desert landscape with sand dunes and a clear sky, indicative of a desert setting during sunset.
Less grounded: statement 1 — There is no evidence of a mountain valley in the image; it only shows a desert landscape.
Least grounded: statement 3 — The image does not show any signs of a bustling city square; it is clearly a desert setting.",false
74a02d3faa094c4b3669ceb794c769440dc6cb792f78a4f5f5094e56ff6f6011,1,,true
74a02d3faa094c4b3669ceb794c769440dc6cb792f78a4f5f5094e56ff6f6011,2,,false
c6834cf09ae71141d2e082f1723054b80d99f531cd96ff466f7ed393b2da02ff,0,"Answer: 2

Most grounded: statement 2 — The ornate hats and traditional attire are indicative of Escaramuza, a Mexican rodeo event where women participate in various activities, including riding and roping.

Less grounded: statement 1 — There is no clear evidence in the image that the hats signify rank or status in the rodeo.

Least grounded: statement 3 — The hats are designed for ornamental purposes and cultural significance rather than providing shade and protection from the sun.",false
c6834cf09ae71141d2e082f1723054b80d99f531cd96ff466f7ed393b2da02ff,1,,true
c6834cf09ae71141d2e082f1723054b80d99f531cd96ff466f7ed393b2da02ff,2,,false
f6c2d56429c296a16f62c53d84f47cd6896377090525842439f90795c3018b10,0,"Answer: 2

Most grounded: statement 2 — The people in the image are predominantly wearing traditional layered clothing. This is evident from the attire of the individuals, which includes robes and head coverings typical of traditional clothing in many Arab cultures.

Less grounded: statement 1 — The people in the image are predominantly wearing formal business suits. This is not supported by the image, as the attire of the individuals is clearly traditional and not formal business suits.

Least grounded: statement 3 — The people in the image are predominantly wearing modern casual attire. This is contradicted by the traditional clothing worn by the individuals in the image, which is not indicative of modern casual attire.",false
f6c2d56429c296a16f62c53d84f47cd6896377090525842439f90795c3018b10,1,,true
f6c2d56429c296a16f62c53d84f47cd6896377090525842439f90795c3018b10,2,,false
def867150d433d0b3fd73c919f2baa9f44fa9f67771359dabc8a275c715db681,0,"Answer: 2

Most grounded: statement 2 — The centerpiece of the bracelet is decorated with a scenic painted design. The image shows a large, oval-shaped bead with a painted scene of a bird and a landscape, which strongly supports this statement.

Less grounded: statement 1 — The centerpiece of the bracelet is decorated with geometric patterns. While the bead does have some geometric elements, the main focus is on the painted scene rather than purely geometric patterns.

Least grounded: statement 3 — The centerpiece of the bracelet is decorated with a floral design. There is no evidence of floral designs in the image; the focus is on the painted scene and other decorative elements.",false
def867150d433d0b3fd73c919f2baa9f44fa9f67771359dabc8a275c715db681,1,,true
def867150d433d0b3fd73c919f2baa9f44fa9f67771359dabc8a275c715db681,2,,false
673dfa465878dae79a5268ee4f55d412d7322a7d579713498cc1a2cdc30b18c8,0,"Answer: 1

Most grounded: statement 1 — The primary color of the bottle shown in the image is blue. The image clearly shows a blue bottle.
Less grounded: statement 2 — The primary color of the bottle shown in the image is yellow. The evidence is weak because the bottle is primarily blue, not yellow.
Least grounded: statement 3 — The primary color of the bottle shown in the image is black. This is contradicted by the image, which shows a blue bottle.",true
673dfa465878dae79a5268ee4f55d412d7322a7d579713498cc1a2cdc30b18c8,1,,false
673dfa465878dae79a5268ee4f55d412d7322a7d579713498cc1a2cdc30b18c8,2,,false
77522881923ca506d5bb616852ec5f72892befe30b4dd7f61ebc143604d2711e,0,"Answer: 2

Most grounded: statement 2 — The person in the image is covered in mud, which strongly suggests they are applying therapeutic mud.
Less grounded: statement 1 — There is no visual evidence of sandcastles being built, so this statement is less grounded.
Least grounded: statement 3 — The person is standing on the shore, not swimming in the ocean, so this statement is least grounded.",false
77522881923ca506d5bb616852ec5f72892befe30b4dd7f61ebc143604d2711e,1,,true
77522881923ca506d5bb616852ec5f72892befe30b4dd7f61ebc143604d2711e,2,,false
5e298622d652b407750ecbef4096901a10353915b52dd70330519cb5ca1bb8ae,0,"Answer: 1

Most grounded: statement 1 — The image shows a box with the Nike logo and the sneakers have the Nike swoosh logo, clearly associating them with the brand Nike.
Less grounded: statement 2 — There is no visual evidence in the image to suggest any association with the brand Puma.
Least grounded: statement 3 — There is no visual evidence in the image to suggest any association with the brand Adidas.",true
5e298622d652b407750ecbef4096901a10353915b52dd70330519cb5ca1bb8ae,1,,false
5e298622d652b407750ecbef4096901a10353915b52dd70330519cb5ca1bb8ae,2,,false
55c4e8729d9c87c62f0598d6fa005170cc0eb1d696b84f114e81b3921bf37edb,0,"Answer: 2

Most grounded: statement 2 — The ruins depicted in the image resemble the Odeon of Herodes Atticus in Athens, Greece, which is a well-known ancient Greek theater.
Less grounded: statement 1 — There is no clear evidence in the image to suggest that the ruins were built by the Egyptian civilization.
Least grounded: statement 3 — The ruins do not resemble any known Roman structures, making it unlikely that they were built by the Roman civilization.",false
55c4e8729d9c87c62f0598d6fa005170cc0eb1d696b84f114e81b3921bf37edb,1,,true
55c4e8729d9c87c62f0598d6fa005170cc0eb1d696b84f114e81b3921bf37edb,2,,false
cd2c058ec1815055d59b3ddebae4c07b7c5169d8a06b5bc287150f1c05f6080f,0,"Answer: 1

Most grounded: statement 1 — The teapot is clearly visible in the image, suggesting that tea is most likely prepared using it.
Less grounded: statement 2 — There is no evidence in the image to suggest that hot chocolate is prepared using the teapot.
Least grounded: statement 3 — There is no evidence in the image to suggest that coffee is prepared using the teapot.",true
cd2c058ec1815055d59b3ddebae4c07b7c5169d8a06b5bc287150f1c05f6080f,1,,false
cd2c058ec1815055d59b3ddebae4c07b7c5169d8a06b5bc287150f1c05f6080f,2,,false
8ac88f867da5c1af690650e25dc54c89e3a7f47c7dd5407e15fbc350d854931f,0,"Answer: 1

Most grounded: statement 1 — The image shows a man riding a camel near the Great Pyramid of Giza, which is a popular tourist attraction. The presence of the camel and the man's attire suggest that this is a recreational activity for tourists.

Less grounded: statement 2 — There is no evidence in the image to suggest that camel riding is a competitive sport in the region. The image does not show any signs of a competitive event or any other participants.

Least grounded: statement 3 — The image does not provide any evidence that camel riding is used for transportation across the desert. The man's casual attire and the recreational setting do not support this purpose.",true
8ac88f867da5c1af690650e25dc54c89e3a7f47c7dd5407e15fbc350d854931f,1,,false
8ac88f867da5c1af690650e25dc54c89e3a7f47c7dd5407e15fbc350d854931f,2,,false
51db67baa3f887858c4d93f9648cfca7291fac298834e83cc7ae0f14ec0347fb,0,"Answer: 1

Most grounded: statement 1 — The residential buildings in the background are clearly labeled as residential housing, with visible windows and balconies typical of residential structures.

Less grounded: statement 2 — There is no indication in the image that these buildings are part of a historical monument. The context and appearance do not suggest any historical significance.

Least grounded: statement 3 — The residential buildings in the background are not used for commercial purposes. The image shows a market in the foreground, not the residential buildings, indicating that these buildings are not used for commercial activities.",true
51db67baa3f887858c4d93f9648cfca7291fac298834e83cc7ae0f14ec0347fb,1,,false
51db67baa3f887858c4d93f9648cfca7291fac298834e83cc7ae0f14ec0347fb,2,,false
a22f09f5772f40f1d1affd022bf16272c0fb18b7e7756b9098f0ed98c1dc6506,0,"Answer: 2

Most grounded: statement 2 — The scoops are placed next to containers of grains and legumes, suggesting they are used for serving these items.
Less grounded: statement 1 — There is no visual evidence that the scoops are for decoration.
Least grounded: statement 3 — There is no evidence that the scoops are used for stirring food in pots.",false
a22f09f5772f40f1d1affd022bf16272c0fb18b7e7756b9098f0ed98c1dc6506,1,,true
a22f09f5772f40f1d1affd022bf16272c0fb18b7e7756b9098f0ed98c1dc6506,2,,false
582093f0f94477bec7f02c1be0361d3ef6d0beef930230f223dc2798d64e5406,0,"Answer: 2

Most grounded: statement 2 — The keffiyeh in the image has a fringe, which suggests it is designed to provide warmth and protection from the elements.
Less grounded: statement 1 — There is no evidence in the image that the keffiyeh is used as a decorative tablecloth.
Least grounded: statement 3 — There is no evidence in the image that the keffiyeh is used as a ceremonial flag.",false
582093f0f94477bec7f02c1be0361d3ef6d0beef930230f223dc2798d64e5406,1,,true
582093f0f94477bec7f02c1be0361d3ef6d0beef930230f223dc2798d64e5406,2,,false
a4c299814f4f128d99816a1f9c4d667bd814aef6e46c3937859dc43405b4a65c,0,"Answer: 2

Most grounded: statement 2 — The image shows a person herding livestock, as evidenced by the presence of multiple animals following the person along a road.
Less grounded: statement 1 — There is no evidence of building a wooden structure in the image.
Least grounded: statement 3 — The image does not depict hunting in the wilderness; it shows a person and livestock on a road, not in a wilderness setting.",false
a4c299814f4f128d99816a1f9c4d667bd814aef6e46c3937859dc43405b4a65c,1,,true
a4c299814f4f128d99816a1f9c4d667bd814aef6e46c3937859dc43405b4a65c,2,,false
33ccafc0abe3388c52f4395435ff6e1427c8a79663863cfecc3d0a62dade7e62,0,"Answer: 2

Most grounded: statement 2 — The image shows a large mosque with a prominent dome and a structure that appears to be the Kaaba, which is located in Mecca.
Less grounded: statement 1 — The image does not show the city of Medina, but rather a different city with a mosque and the Kaaba.
Least grounded: statement 3 — The image does not show the city of Riyadh, and the Grand Mosque and Kaaba are not located in Riyadh.",false
33ccafc0abe3388c52f4395435ff6e1427c8a79663863cfecc3d0a62dade7e62,1,,true
33ccafc0abe3388c52f4395435ff6e1427c8a79663863cfecc3d0a62dade7e62,2,,false
14b3d4fd73a1a2bba6652df81f705185e394b09a36e7f5d85f90d1214775df44,0,"Answer: 1

Most grounded: statement 1 — The image shows players wearing basketball uniforms with the word ""Michigan"" and numbers, indicating they are part of a basketball team. The setting appears to be a basketball court with a hoop and a crowd in the background, which supports the idea that this is a college basketball game.

Less grounded: statement 2 — There is no evidence in the image to suggest that this is a soccer match. The uniforms and setting are clearly indicative of a basketball game.

Least grounded: statement 3 — The image does not show any elements that would indicate a tennis tournament. The presence of a basketball court and players in basketball uniforms strongly contradicts this statement.",true
14b3d4fd73a1a2bba6652df81f705185e394b09a36e7f5d85f90d1214775df44,1,,false
14b3d4fd73a1a2bba6652df81f705185e394b09a36e7f5d85f90d1214775df44,2,,false
2b59a2c6d3de327c5ca63ed2fcf91fd31bf7b204de5e64779b739cc1e087baa7,0,"Answer: 2

Most grounded: statement 2 — The image shows a dry, mountainous area adjacent to the sea, with the settlement situated in a valley surrounded by barren land and mountains.
Less grounded: statement 1 — There is no evidence of lush forests, rivers, or lakes in the image. The environment appears arid and barren.
Least grounded: statement 3 — The image does not show extensive agricultural fields; instead, it shows a flat plain with sparse vegetation and no clear signs of agriculture.",false
2b59a2c6d3de327c5ca63ed2fcf91fd31bf7b204de5e64779b739cc1e087baa7,1,,true
2b59a2c6d3de327c5ca63ed2fcf91fd31bf7b204de5e64779b739cc1e087baa7,2,,false
28a7522db63a0638f404221118e6b58d1f7235ea7ef88da120a7b6c125b67a2d,0,"Answer: 1

Most grounded: statement 1 — The beanie worn by the person in the image is light green. This is directly supported by the visual evidence in the image.
Less grounded: statement 3 — The beanie worn by the person in the image is gray. This is less grounded because the beanie is clearly light green, not gray.
Least grounded: statement 2 — The beanie worn by the person in the image is black. This is the least grounded because the beanie is clearly light green, not black.",true
28a7522db63a0638f404221118e6b58d1f7235ea7ef88da120a7b6c125b67a2d,1,,false
28a7522db63a0638f404221118e6b58d1f7235ea7ef88da120a7b6c125b67a2d,2,,false
19f9b36ef76b47c74764bd32d4c7c9cab75cc4237d333651f167235f2d5f31f3,0,"Answer: 2

Most grounded: statement 2 — Apples are not visible in the bowl in the image. The bowl contains lemons and limes, but no apples are present.
Less grounded: statement 1 — Lemons are not visible in the bowl in the image. This is incorrect because lemons are clearly visible in the bowl.
Least grounded: statement 3 — Limes are not visible in the bowl in the image. This is incorrect because limes are clearly visible in the bowl.",false
19f9b36ef76b47c74764bd32d4c7c9cab75cc4237d333651f167235f2d5f31f3,1,,true
19f9b36ef76b47c74764bd32d4c7c9cab75cc4237d333651f167235f2d5f31f3,2,,false
7bd6aff6eb87d55c78b65f34d8ad213b685a45d4713cd7c94482bb06cce2530b,0,"Answer: 1

Most grounded: statement 1 — The translucent blue sole of the sneaker appears to be made of rubber, as rubber is commonly used in sneaker soles for its durability and flexibility.
Less grounded: statement 2 — There is no visual evidence to suggest that the sole is made of plastic. Plastic is less common in sneaker soles compared to rubber.
Least grounded: statement 3 — The sole does not appear to be made of foam, as foam soles typically have a different texture and appearance compared to the translucent blue material shown in the image.",true
7bd6aff6eb87d55c78b65f34d8ad213b685a45d4713cd7c94482bb06cce2530b,1,,false
7bd6aff6eb87d55c78b65f34d8ad213b685a45d4713cd7c94482bb06cce2530b,2,,false
5f9aa8d0b1eca017e442a4f3b673e18d2fc46b58978069d72aaa7f06ecda91ef,0,"Answer: 3

Most grounded: statement 3 — The presence of small huts and pathways among the palm trees indicates human activity and infrastructure, which is commonly associated with areas used for relaxation or tourism.

Less grounded: statement 1 — The dense greenery without any visible structures does not strongly suggest that the area is used for relaxation or tourism, as it could also be a natural, undeveloped area.

Least grounded: statement 2 — The rocky cliffs at the edge of the image do not strongly suggest that the area is used for relaxation or tourism, as cliffs are a natural feature and do not necessarily indicate human activity or tourism infrastructure.",false
5f9aa8d0b1eca017e442a4f3b673e18d2fc46b58978069d72aaa7f06ecda91ef,1,,false
5f9aa8d0b1eca017e442a4f3b673e18d2fc46b58978069d72aaa7f06ecda91ef,2,,true
cc5af2500a4d696a723140f309e49fc390a32c2c2c47f1bd05426d0fef3912ec,0,"Answer: 3

Most grounded: statement 3 — The dessert in the image is a rolled ice cream, as evidenced by the cylindrical shape and the way it is presented on a stick, which is characteristic of rolled ice cream.
Less grounded: statement 1 — The dessert is not gelato, as gelato typically comes in a cone or cup and is not presented on a stick.
Least grounded: statement 2 — The dessert is not a cupcake, as cupcakes are typically small, round, and have a flat top, and are not presented in this manner.",false
cc5af2500a4d696a723140f309e49fc390a32c2c2c47f1bd05426d0fef3912ec,1,,false
cc5af2500a4d696a723140f309e49fc390a32c2c2c47f1bd05426d0fef3912ec,2,,true
50e78cf4533828454e89dbedff2c5f643f9b9b075fadd0173921b56e88acb5a8,0,"Answer: 2

Most grounded: statement 2 — The building prominently features large glass windows, which are clearly visible in the image.
Less grounded: statement 1 — There is no evidence of a thatched roof in the image.
Least grounded: statement 3 — There are no traditional wooden elements visible in the image.",false
50e78cf4533828454e89dbedff2c5f643f9b9b075fadd0173921b56e88acb5a8,1,,true
50e78cf4533828454e89dbedff2c5f643f9b9b075fadd0173921b56e88acb5a8,2,,false
b22d0e4bb5f4c10b272e107acae12a4ae96e4bf14affc3237122d85a636dc050,0,"Answer: 1

Most grounded: statement 1 — The image shows a building under construction with illuminated projections on its facade. These projections typically display construction updates, such as timelines, progress reports, and safety information, to inform the public and workers about the ongoing construction process.

Less grounded: statement 2 — The image does not provide any clear evidence that the projections are showcasing artistic visuals and cultural themes. The content appears to be more informational rather than artistic or culturally themed.

Least grounded: statement 3 — The image does not show any advertisements for nearby businesses on the building's facade. The projections seem to be focused on construction updates rather than commercial advertisements.",true
b22d0e4bb5f4c10b272e107acae12a4ae96e4bf14affc3237122d85a636dc050,1,,false
b22d0e4bb5f4c10b272e107acae12a4ae96e4bf14affc3237122d85a636dc050,2,,false
f79461e2333403b90cea6456cbebe63b9a3748593ddee089e7cac3040d9c1cdd,0,"Answer: 1

Most grounded: statement 1 — The desserts in the image have a distinct yellow color, which is commonly associated with turmeric. Turmeric is a common ingredient in many desserts from the Arab world and is known for its vibrant yellow hue.

Less grounded: statement 2 — Curry powder typically has a reddish-brown color and is not commonly used to create the yellow color seen in the desserts. The desserts' yellow color does not match the typical appearance of curry powder.

Least grounded: statement 3 — Saffron is known for its deep yellow to orange color, which is not consistent with the lighter yellow of the desserts in the image. The desserts' color is more closely associated with turmeric than saffron.",true
f79461e2333403b90cea6456cbebe63b9a3748593ddee089e7cac3040d9c1cdd,1,,false
f79461e2333403b90cea6456cbebe63b9a3748593ddee089e7cac3040d9c1cdd,2,,false
80b84869fdb412d166c7474c2e9739eddf0d8354046dc8c866daf487416dda62,0,"Answer: 3

Most grounded: statement 3 — The image clearly shows the coffee machine with a metallic finish and a digital display, which supports this statement.
Less grounded: statement 2 — The image does not provide any visual evidence of the coffee machine's ability to brew tea, making this statement less grounded.
Least grounded: statement 1 — The image does not highlight the coffee machine's compact design for portability, making this statement the least grounded.",false
80b84869fdb412d166c7474c2e9739eddf0d8354046dc8c866daf487416dda62,1,,false
80b84869fdb412d166c7474c2e9739eddf0d8354046dc8c866daf487416dda62,2,,true
c6c3eb979d422540e033a3b45bb65494e255e453f73da45d3b4decb293954266,0,"Answer: 2

Most grounded: statement 2 — The illuminated towers resemble the Burj Khalifa and another tower in Dubai, which are located in the United Arab Emirates.
Less grounded: statement 1 — The towers do not resemble any prominent towers in Saudi Arabia.
Least grounded: statement 3 — The towers do not resemble any prominent towers in Kuwait.",false
c6c3eb979d422540e033a3b45bb65494e255e453f73da45d3b4decb293954266,1,,true
c6c3eb979d422540e033a3b45bb65494e255e453f73da45d3b4decb293954266,2,,false
d14e0c97e4b901dc492d67c879a1b7c282f6e4e4975fc0930863020936ee9865,0,"Answer: 1

Most grounded: statement 1 — The image shows a person dressed in traditional attire, seated on a stage with a backdrop that includes text in Arabic, which is often associated with religious or cultural events. The presence of a stage and formal attire suggests an award ceremony.

Less grounded: statement 2 — There is no evidence in the image to suggest that this is a business conference. The setting and attire do not align with typical business conference environments.

Least grounded: statement 3 — While cultural performances can involve traditional attire and stages, the specific context of the image, including the text and formal setting, leans more towards a religious award ceremony than a cultural performance.",true
d14e0c97e4b901dc492d67c879a1b7c282f6e4e4975fc0930863020936ee9865,1,,false
d14e0c97e4b901dc492d67c879a1b7c282f6e4e4975fc0930863020936ee9865,2,,false
8371f5bce8a5588462e0d3f36227c023461211875bcfec68b2983a215a9b28c7,0,"Answer: 1

Most grounded: statement 1 — The image clearly shows ceramic plates with speckled designs in various colors.
Less grounded: statement 2 — The evidence is weak because the plates are not plain white; they have colored speckled designs.
Least grounded: statement 3 — The evidence is absent because there are no engraved patterns visible on the plates.",true
8371f5bce8a5588462e0d3f36227c023461211875bcfec68b2983a215a9b28c7,1,,false
8371f5bce8a5588462e0d3f36227c023461211875bcfec68b2983a215a9b28c7,2,,false
e565e4996286a9db0f9b0f79e25c953c89891d588000874c1cdc59b5dec83a41,0,"Answer: 2

Most grounded: statement 2 — The image clearly shows buildings with geometric patterns and hexagonal shapes, which are prominently featured in the architecture.
Less grounded: statement 1 — There is no evidence of traditional brickwork and arches in the image.
Least grounded: statement 3 — The image does not show smooth glass curtain walls, but rather a faceted exterior with hexagonal shapes.",false
e565e4996286a9db0f9b0f79e25c953c89891d588000874c1cdc59b5dec83a41,1,,true
e565e4996286a9db0f9b0f79e25c953c89891d588000874c1cdc59b5dec83a41,2,,false
6e481b17a77fe6cbdeb81b935c1175e30fc4e33fb0b66df85d7105db751d38d2,0,"Answer: 3

Most grounded: statement 3 — The image shows people walking and carrying shopping bags, indicating that shopping and walking are primary activities in this setting.
Less grounded: statement 1 — There is no visible evidence of dining at restaurants, such as tables, chairs, or food vendors.
Least grounded: statement 2 — There is no evidence of a live performance, such as a stage, performers, or an audience.",false
6e481b17a77fe6cbdeb81b935c1175e30fc4e33fb0b66df85d7105db751d38d2,1,,false
6e481b17a77fe6cbdeb81b935c1175e30fc4e33fb0b66df85d7105db751d38d2,2,,true
9996ce05358ad8f6d0fc539144490f3daeb0bbbc2e01b7b550ab322af0fe41bd,0,"Answer: 2

Most grounded: statement 2 — The image clearly shows ""250 mL"" written on the can, providing specific visual evidence.
Less grounded: statement 1 — The evidence is weak because the image does not show ""500 mL"" anywhere on the can.
Least grounded: statement 3 — The evidence is absent because the image does not show ""330 mL"" anywhere on the can.",false
9996ce05358ad8f6d0fc539144490f3daeb0bbbc2e01b7b550ab322af0fe41bd,1,,true
9996ce05358ad8f6d0fc539144490f3daeb0bbbc2e01b7b550ab322af0fe41bd,2,,false
32baae2728fdb72971f415cddfa8964ad8118a2ba339b289545558a2038c2776,0,"Answer: 3

Most grounded: statement 3 — The image shows a metal pot being used to pour a beverage, which is a common method for serving traditional Arabic coffee. The setting and the style of the pot are consistent with traditional Middle Eastern practices.

Less grounded: statement 2 — The image does not provide any visual evidence of mint being used, which is a key ingredient in green tea. The presence of mint is not supported by the image.

Least grounded: statement 1 — The image does not show a ceramic mug, and hot chocolate is not a traditional beverage in Middle Eastern settings. The evidence is weak and absent.",false
32baae2728fdb72971f415cddfa8964ad8118a2ba339b289545558a2038c2776,1,,false
32baae2728fdb72971f415cddfa8964ad8118a2ba339b289545558a2038c2776,2,,true
84a00e447d1254e83d803570fbafddb33867eeab9d9f48d3788811e7420a254b,0,"Answer: 3

Most grounded: statement 3 — There is a bar counter with various bottles and glasses, indicating that alcoholic beverages are likely served.
Less grounded: statement 2 — There is no clear evidence of soft drinks or juices being served, as the focus is on the bar counter with alcoholic beverages.
Least grounded: statement 1 — While tea and coffee are common beverages, there is no specific evidence in the image to support this claim. The focus is more on alcoholic beverages.",false
84a00e447d1254e83d803570fbafddb33867eeab9d9f48d3788811e7420a254b,1,,false
84a00e447d1254e83d803570fbafddb33867eeab9d9f48d3788811e7420a254b,2,,true
e13946f305ed6bd37531d28fc586bfa1f3b27eed7e55ad4749e950701d31be26,0,"Answer: 3

Most grounded: statement 3 — The buildings in the image are modern glass skyscrapers, characterized by their tall, sleek design and extensive use of glass and steel.
Less grounded: statement 1 — The image does not show traditional stone structures; instead, it shows modern glass skyscrapers.
Least grounded: statement 2 — The image does not show wooden rural houses; it shows modern glass skyscrapers.",false
e13946f305ed6bd37531d28fc586bfa1f3b27eed7e55ad4749e950701d31be26,1,,false
e13946f305ed6bd37531d28fc586bfa1f3b27eed7e55ad4749e950701d31be26,2,,true
8388fe21f407730d8d71cffa13b1f5035ca8c01c42ff52905cba44d3e97eee3d,0,"Answer: 2

Most grounded: statement 2 — The teapot has a matte finish and a smooth surface, which are characteristics of ceramic.
Less grounded: statement 1 — The teapot does not have the reflective quality or shine typically associated with metal.
Least grounded: statement 3 — The teapot does not have the transparency or thinness characteristic of glass.",false
8388fe21f407730d8d71cffa13b1f5035ca8c01c42ff52905cba44d3e97eee3d,1,,true
8388fe21f407730d8d71cffa13b1f5035ca8c01c42ff52905cba44d3e97eee3d,2,,false
b1eb98cbc3c4cbdf10d95d84b6dfb7112532ed9af4eee7c24e27075e71f71e0b,0,"Answer: 3

Most grounded: statement 3 — The teapots in the image are traditional items used in Middle Eastern tea ceremonies. The teapots have a traditional design and are often used in Middle Eastern tea ceremonies, which is a cultural practice in the region.

Less grounded: statement 1 — The teapots in the image are purely decorative items with no cultural ties. The teapots have a traditional design, which suggests they have cultural ties, making this statement less grounded.

Least grounded: statement 2 — The teapots in the image are modern kitchen appliances for boiling water. The teapots have a traditional design and are not typical modern kitchen appliances, making this statement least grounded.",false
b1eb98cbc3c4cbdf10d95d84b6dfb7112532ed9af4eee7c24e27075e71f71e0b,1,,false
b1eb98cbc3c4cbdf10d95d84b6dfb7112532ed9af4eee7c24e27075e71f71e0b,2,,true
314d2cfb8e86eeee025acb4694606760a177dc483ceb64d3916b5b7e8352ef74,0,"Answer: 2

Most grounded: statement 2 — The liquid inside the bottles appears brown.
Less grounded: statement 1 — The evidence is weak because the liquid is not entirely transparent.
Least grounded: statement 3 — The evidence is absent because the liquid is not green.",false
314d2cfb8e86eeee025acb4694606760a177dc483ceb64d3916b5b7e8352ef74,1,,true
314d2cfb8e86eeee025acb4694606760a177dc483ceb64d3916b5b7e8352ef74,2,,false
7c4bcf6b99ecee105992796dfb2836645890cb12f892193edf4a5c79561167b0,0,"Answer: 1

Most grounded: statement 1 — The badge worn by the individual on the right clearly shows the International Committee of the Red Cross logo.
Less grounded: statement 2 — There is no visual evidence in the image to support this statement.
Least grounded: statement 3 — The badge does not resemble the United Nations logo, making this statement unsupported by the image.",true
7c4bcf6b99ecee105992796dfb2836645890cb12f892193edf4a5c79561167b0,1,,false
7c4bcf6b99ecee105992796dfb2836645890cb12f892193edf4a5c79561167b0,2,,false
48de441dc39acda5e929126aa0ce321aed218f457ee61015aaf60116086194cf,0,"Answer: 2

Most grounded: statement 2 — The backing of the earring is clearly heart-shaped.
Less grounded: statement 1 — The backing is not butterfly-shaped, but rather heart-shaped.
Least grounded: statement 3 — The backing is not circular-shaped, but rather heart-shaped.",false
48de441dc39acda5e929126aa0ce321aed218f457ee61015aaf60116086194cf,1,,true
48de441dc39acda5e929126aa0ce321aed218f457ee61015aaf60116086194cf,2,,false
37a2f143bf7cb727f93f2ce991e7d634eef3a9b06c2a837e5317fcc0bb84eeb3,0,"Answer: 1

Most grounded: statement 1 — The bracelet in the image has a golden color and a shiny appearance, which strongly suggests it is made of gold.
Less grounded: statement 2 — There is no visual evidence in the image to suggest that the bracelet is made of silver.
Least grounded: statement 3 — The bracelet does not have the appearance of being made of plastic; it looks more like metal, which contradicts the statement.",true
37a2f143bf7cb727f93f2ce991e7d634eef3a9b06c2a837e5317fcc0bb84eeb3,1,,false
37a2f143bf7cb727f93f2ce991e7d634eef3a9b06c2a837e5317fcc0bb84eeb3,2,,false
e50997375c2d79e82bb7156c29c6f881099c69dad750b14bfee79df2fb391d70,0,"Answer: 1

Most grounded: statement 1 — People are walking around the mall, which is a common activity for shopping.
Less grounded: statement 2 — There is no visible evidence of a musical concert, such as a stage or musical instruments.
Least grounded: statement 3 — There is no indication of a historical museum, such as exhibits or informational displays.",true
e50997375c2d79e82bb7156c29c6f881099c69dad750b14bfee79df2fb391d70,1,,false
e50997375c2d79e82bb7156c29c6f881099c69dad750b14bfee79df2fb391d70,2,,false
c09e5097291b5549dcc61836af1d0c37d48e1862d7bb9467f28abd226ffd73db,0,"Answer: 3

Most grounded: statement 3 — The image prominently features a tall, slender structure that is characteristic of a minaret, which is a common architectural element in mosques.

Less grounded: statement 1 — The image does not show any stained glass windows, which are typically found in Western-style churches rather than mosques.

Least grounded: statement 2 — The image does not show a bell tower, which is a feature commonly associated with Western-style churches and not typically found in mosques.",false
c09e5097291b5549dcc61836af1d0c37d48e1862d7bb9467f28abd226ffd73db,1,,false
c09e5097291b5549dcc61836af1d0c37d48e1862d7bb9467f28abd226ffd73db,2,,true
1eaf6f707c2a7a04d04f4fe3c9495881c2afddf46ab1420bbf3a505f855ed496,0,"Answer: 1

Most grounded: statement 1 — The person is holding a falcon and has a falconry glove on their hand, which strongly supports the idea that they are participating in falconry.
Less grounded: statement 3 — There is no visual evidence of archery equipment or activity in the image.
Least grounded: statement 2 — There is no visual evidence of horse racing or any related equipment or activity in the image.",true
1eaf6f707c2a7a04d04f4fe3c9495881c2afddf46ab1420bbf3a505f855ed496,1,,false
1eaf6f707c2a7a04d04f4fe3c9495881c2afddf46ab1420bbf3a505f855ed496,2,,false
a648a113187ee3640ff5bbfbca83a14b8f20ac72072cfaf59f7ebdac943d93d1,0,"Answer: 2

Most grounded: statement 2 — The large dome with gold detailing is clearly visible and prominent in the image.
Less grounded: statement 1 — The rectangular windows are present but not as visually dominant as the dome.
Least grounded: statement 3 — The surrounding trees are not the most prominent feature; they are in the foreground and partially obscure the building.",false
a648a113187ee3640ff5bbfbca83a14b8f20ac72072cfaf59f7ebdac943d93d1,1,,true
a648a113187ee3640ff5bbfbca83a14b8f20ac72072cfaf59f7ebdac943d93d1,2,,false
0b97f0fc2a3326080fff121b55bb7bc492d7e1cd390a0e1173298174b228bb3a,0,"Answer: 1

Most grounded: statement 1 — The couple is dressed in formal wedding attire, with the woman wearing a white wedding dress and the man in a suit, which strongly suggests a wedding ceremony.
Less grounded: statement 2 — There is no evidence of a business meeting setting, such as a conference room or business attire.
Least grounded: statement 3 — The formal attire and the intimate pose of the couple do not suggest a casual outing.",true
0b97f0fc2a3326080fff121b55bb7bc492d7e1cd390a0e1173298174b228bb3a,1,,false
0b97f0fc2a3326080fff121b55bb7bc492d7e1cd390a0e1173298174b228bb3a,2,,false
893e4b59b6de29a3a1d50697df4feac821b9a5d8b8de4144071afc327be253cd,0,"Answer: 1

Most grounded: statement 1 — The traditional wooden sailboat in the image is likely used for fishing and trade, as it is a common practice in many coastal regions of the Arab world.
Less grounded: statement 2 — There is no evidence in the image to suggest that the sailboat is used for military operations.
Least grounded: statement 3 — The image does not provide any evidence that the sailboat is used for recreational sports.",true
893e4b59b6de29a3a1d50697df4feac821b9a5d8b8de4144071afc327be253cd,1,,false
893e4b59b6de29a3a1d50697df4feac821b9a5d8b8de4144071afc327be253cd,2,,false
6def718e4acfe5057dd09e01c353d37e6487127e677b5f763d0aa8d288c29538,0,"Answer: 3

Most grounded: statement 3 — The image shows a decorative candle with a floral and pearl design, which is commonly associated with weddings. The elegant and sophisticated design is typical for wedding decorations.

Less grounded: statement 1 — While the candle is decorated, it does not specifically indicate that it is used for birthday celebrations. The design is versatile and could be used for various occasions.

Least grounded: statement 2 — There is no direct evidence in the image that this candle is used for religious ceremonies. The design is more suited for formal events like weddings rather than religious ceremonies.",false
6def718e4acfe5057dd09e01c353d37e6487127e677b5f763d0aa8d288c29538,1,,false
6def718e4acfe5057dd09e01c353d37e6487127e677b5f763d0aa8d288c29538,2,,true
793f3f7f75193748e50fa4f9b9e540cc4f72da3dc21d89a9e8903aceee23eb00,0,"Answer: 1

Most grounded: statement 1 — The multi-panel wall art with Arabic calligraphy is a clear representation of Islamic cultural influence, as it prominently features Islamic script and decorative elements.

Less grounded: statement 2 — The blue sofa does not strongly reflect Islamic cultural influence, as there are no specific Islamic symbols or design elements visible on the sofa.

Least grounded: statement 3 — The round wooden coffee tables do not strongly reflect Islamic cultural influence, as there are no specific Islamic symbols or design elements visible on the tables.",true
793f3f7f75193748e50fa4f9b9e540cc4f72da3dc21d89a9e8903aceee23eb00,1,,false
793f3f7f75193748e50fa4f9b9e540cc4f72da3dc21d89a9e8903aceee23eb00,2,,false
a3ab7378418d3bbc9a8c60e106b3fbf27b5ddb59bee6c0a749b5f774cc0fcca5,0,"Answer: 2

Most grounded: statement 2 — The gray beard in the image most likely signifies wisdom and experience in the context of religion and spirituality. The gray beard is often associated with age and maturity, which are commonly valued in religious and spiritual contexts.

Less grounded: statement 1 — The gray beard in the image most likely signifies youthfulness in the context of religion and spirituality. This statement is less grounded because a gray beard typically represents age and experience, not youthfulness.

Least grounded: statement 3 — The gray beard in the image most likely signifies a fashion preference in the context of religion and spirituality. This statement is least grounded because the context of the beard in the image is more aligned with traditional religious symbolism rather than a fashion preference.",false
a3ab7378418d3bbc9a8c60e106b3fbf27b5ddb59bee6c0a749b5f774cc0fcca5,1,,true
a3ab7378418d3bbc9a8c60e106b3fbf27b5ddb59bee6c0a749b5f774cc0fcca5,2,,false
700e485f661d6e5090ffd5eb8d054f3ae7a5cefb9eba5403d691275f9339722c,0,"Answer: 1

Most grounded: statement 1 — The boats shown in the image have sails, which strongly indicates that they are sailboats.
Less grounded: statement 2 — There is no evidence in the image to suggest that the boats are rowboats, as rowboats typically do not have sails.
Least grounded: statement 3 — The boats in the image have sails, which contradicts the idea that they are motorboats, as motorboats typically do not have sails.",true
700e485f661d6e5090ffd5eb8d054f3ae7a5cefb9eba5403d691275f9339722c,1,,false
700e485f661d6e5090ffd5eb8d054f3ae7a5cefb9eba5403d691275f9339722c,2,,false
b429e3294d4dcfb54b0f2d3a5a9779f2abedc220683344c993dd09afe56b083b,0,"Answer: 2

Most grounded: statement 2 — The image shows a person aiming an arrow at a target, which implies the goal is to hit the center of the target.
Less grounded: statement 1 — The image does not provide any evidence that the primary goal is to shoot arrows as far as possible.
Least grounded: statement 3 — The image does not suggest that performing tricks with the bow is a primary goal.",false
b429e3294d4dcfb54b0f2d3a5a9779f2abedc220683344c993dd09afe56b083b,1,,true
b429e3294d4dcfb54b0f2d3a5a9779f2abedc220683344c993dd09afe56b083b,2,,false
8ed36307aefad04cd04651ac8e77882fbfe012ae3bd54820c937b9f0baf0a514,0,"Answer: 2

Most grounded: statement 2 — The peeling paint and bullet holes on the building suggest that it has possibly witnessed conflict or neglect. The visible signs of wear and damage indicate a history of exposure to harsh conditions or possible conflict, which supports this statement.

Less grounded: statement 1 — The evidence is weak because the building's appearance does not necessarily indicate that it is newly constructed. The peeling paint and bullet holes suggest age and wear rather than newness.

Least grounded: statement 3 — This statement is contradicted by the overall appearance of the building. The peeling paint and bullet holes suggest neglect rather than recent renovation.",false
8ed36307aefad04cd04651ac8e77882fbfe012ae3bd54820c937b9f0baf0a514,1,,true
8ed36307aefad04cd04651ac8e77882fbfe012ae3bd54820c937b9f0baf0a514,2,,false
faf9256385913a8852ca3058fb1d998ca8af285ed2a915b1e2aa31fe7ba9a591,0,"Answer: 3

Most grounded: statement 3 — The image shows a man performing ablution before prayer, which is a common practice in Islamic culture. The presence of water fountains and the man's actions strongly support this statement.

Less grounded: statement 2 — The image does not provide clear evidence of religious ceremonies being conducted. While the area could be used for such purposes, there is no direct evidence of this in the image.

Least grounded: statement 1 — The image does not show people relaxing or enjoying the outdoors. The primary focus is on the man performing ablution, which suggests a religious function rather than a recreational one.",false
faf9256385913a8852ca3058fb1d998ca8af285ed2a915b1e2aa31fe7ba9a591,1,,false
faf9256385913a8852ca3058fb1d998ca8af285ed2a915b1e2aa31fe7ba9a591,2,,true
00c65ee412817601b3e450f26f088c0eb876f7003825010f1a7c41b3f560f439,0,"Answer: 3

Most grounded: statement 3 — The vehicle is a safari vehicle, commonly used for transporting tourists on wildlife safaris. The sign ""Nadad's Migration Camp"" suggests it is a place for safaris, and the open design of the vehicle is typical for safaris.

Less grounded: statement 1 — There is no direct evidence in the image that the vehicle is used for delivering goods to remote villages. The context provided by the sign suggests a safari camp, not a delivery service.

Least grounded: statement 2 — There is no evidence in the image that the vehicle is used for providing emergency medical services. The context and design of the vehicle do not support this purpose.",false
00c65ee412817601b3e450f26f088c0eb876f7003825010f1a7c41b3f560f439,1,,false
00c65ee412817601b3e450f26f088c0eb876f7003825010f1a7c41b3f560f439,2,,true
ff4aa6b830370f47b53b9c955d4c79149497e6e8ff225faa95527f501d73baa3,0,"Answer: 2

Most grounded: statement 2 — The athletes are competing on a blue wrestling mat. This is evident from the image showing a blue mat with white lines, which is typical for wrestling competitions.

Less grounded: statement 1 — The athletes are competing on a wooden court. The evidence is weak because the image does not show any wooden elements, only a blue mat.

Least grounded: statement 3 — The athletes are competing on a grass field. This is contradicted by the image, which clearly shows a wrestling mat, not a grass field.",false
ff4aa6b830370f47b53b9c955d4c79149497e6e8ff225faa95527f501d73baa3,1,,true
ff4aa6b830370f47b53b9c955d4c79149497e6e8ff225faa95527f501d73baa3,2,,false
170d2edd40b1b1afab8bae70a46f6d926d0be521706b2c51ab3ffd8576226091,0,"Answer: 3

Most grounded: statement 3 — The image shows a structure with arches and columns, which are typical features of ancient religious temples. The ruins have a grand and formal architectural style, which is often associated with religious buildings.

Less grounded: statement 1 — While the site could potentially be used as a modern-day park, there is no direct evidence in the image to support this. The ruins are in a state of disrepair and do not appear to be maintained for public use.

Least grounded: statement 2 — The site shown in the image does not resemble an industrial warehouse. The architectural style and features do not align with industrial structures, making this statement the least supported by the image.",false
170d2edd40b1b1afab8bae70a46f6d926d0be521706b2c51ab3ffd8576226091,1,,false
170d2edd40b1b1afab8bae70a46f6d926d0be521706b2c51ab3ffd8576226091,2,,true
4437f4253824920510960c5b9a7343a841933d5b79e6f7a86841bb7d9c32d67b,0,"Answer: 3

Most grounded: statement 3 — The ladder on the pier is positioned at the edge of the water, suggesting it is used for accessing the water for swimming.
Less grounded: statement 1 — There is no visual evidence that the ladder is used to anchor the pier.
Least grounded: statement 2 — There is no visual evidence that the ladder is used to climb onto boats.",false
4437f4253824920510960c5b9a7343a841933d5b79e6f7a86841bb7d9c32d67b,1,,false
4437f4253824920510960c5b9a7343a841933d5b79e6f7a86841bb7d9c32d67b,2,,true
8cd93566938e6aacdf58e99b16a3fec7db669c795dfbef9682886cfc0efdc3c3,0,"Answer: 2

Most grounded: statement 2 — The canoe in the image has a visible wood grain pattern, indicating that it is made of wood.
Less grounded: statement 1 — There is no evidence in the image to suggest that the canoe is made of plastic.
Least grounded: statement 3 — There is no evidence in the image to suggest that the canoe is made of metal.",false
8cd93566938e6aacdf58e99b16a3fec7db669c795dfbef9682886cfc0efdc3c3,1,,true
8cd93566938e6aacdf58e99b16a3fec7db669c795dfbef9682886cfc0efdc3c3,2,,false
a05e955af4d4f801bb40e9182695be9f46ea71f71a1b4bdd16bfaaa72269b695,0,"Answer: 2

Most grounded: statement 2 — The background of the image on the left depicts a shopping street. This is evident from the presence of various signs and storefronts, which are typical of a commercial area.

Less grounded: statement 1 — The background of the image on the left depicts a rural area. This is less supported by the image, as there are no visible fields, trees, or open spaces that are characteristic of a rural setting.

Least grounded: statement 3 — The background of the image on the left depicts a park. This is contradicted by the presence of commercial signs and storefronts, which are not typical of a park setting.",false
a05e955af4d4f801bb40e9182695be9f46ea71f71a1b4bdd16bfaaa72269b695,1,,true
a05e955af4d4f801bb40e9182695be9f46ea71f71a1b4bdd16bfaaa72269b695,2,,false
a4e4b2c332c6c6f1601a79321d4d765ad8db1291566da77c61926073f3e0b0d3,0,"Answer: 1

Most grounded: statement 1 — The staircase is constructed with stone, as evidenced by the visible stone steps and the stone walls surrounding the staircase.
Less grounded: statement 2 — There is no visual evidence of wood being used in the construction of the staircase. The material appears to be stone, not wood.
Least grounded: statement 3 — There is no visual evidence of glass being used in the construction of the staircase. The material appears to be stone, not glass.",true
a4e4b2c332c6c6f1601a79321d4d765ad8db1291566da77c61926073f3e0b0d3,1,,false
a4e4b2c332c6c6f1601a79321d4d765ad8db1291566da77c61926073f3e0b0d3,2,,false
0a3867d2ce545aa6d8d2547648346365f63ae77fd771a6a06ff6bd44c63e77f8,0,"Answer: 1

Most grounded: statement 1 — The image shows a coastal landscape with cliffs and the ocean, which strongly supports this statement.
Less grounded: statement 2 — The image does not show any mountains, making this statement less supported.
Least grounded: statement 3 — The image does not show any dunes or desert, making this statement the least supported.",true
0a3867d2ce545aa6d8d2547648346365f63ae77fd771a6a06ff6bd44c63e77f8,1,,false
0a3867d2ce545aa6d8d2547648346365f63ae77fd771a6a06ff6bd44c63e77f8,2,,false
0fd1d1a353d20c58c124ede18c9dbf1b99d84075a6465ba70308276812bf281b,0,"Answer: 3

Most grounded: statement 3 — Hummus is typically made from chickpeas and tahini. The image shows a bowl of hummus, which is a strong visual evidence supporting this statement.

Less grounded: statement 2 — Tabbouleh is typically made from chickpeas and tahini. The image does not show any evidence of tahini or chickpeas in the tabbouleh, making this statement less grounded.

Least grounded: statement 1 — Kibbeh is typically made from chickpeas and tahini. The image does not show any evidence of chickpeas or tahini in the kibbeh, making this statement least grounded.",false
0fd1d1a353d20c58c124ede18c9dbf1b99d84075a6465ba70308276812bf281b,1,,false
0fd1d1a353d20c58c124ede18c9dbf1b99d84075a6465ba70308276812bf281b,2,,true
604c812cad4549556676691f6c1866e46503b46a20ee22432d0a9942fa29f9c1,0,"Answer: 3

Most grounded: statement 3 — The image shows the ruins of the Inca Trail, which is a popular hiking route among visitors to the site.
Less grounded: statement 1 — There is no evidence of skiing slopes in the image, as the terrain is mountainous and covered in vegetation.
Least grounded: statement 2 — Scuba diving is not a common activity in the ruins, as the ruins are located on a high-altitude mountain and are not near any water bodies suitable for scuba diving.",false
604c812cad4549556676691f6c1866e46503b46a20ee22432d0a9942fa29f9c1,1,,false
604c812cad4549556676691f6c1866e46503b46a20ee22432d0a9942fa29f9c1,2,,true
1a2ead3a3198e5713faa360e4d6643eb46a2f132ba1cbce6b92c01400a08af2a,0,"Answer: 3

Most grounded: statement 3 — The participants are dressed in elaborate traditional costumes and riding horses, which strongly suggests a cultural ceremony.
Less grounded: statement 1 — While the event involves horses, the elaborate costumes and the setting do not strongly suggest a horse racing competition.
Least grounded: statement 2 — The event does not appear to be a casual parade in a town square, as the setting and participants' attire suggest a more formal and traditional event.",false
1a2ead3a3198e5713faa360e4d6643eb46a2f132ba1cbce6b92c01400a08af2a,1,,false
1a2ead3a3198e5713faa360e4d6643eb46a2f132ba1cbce6b92c01400a08af2a,2,,true
950361ed73a83cea3f35285ef749fcb0d431657cbe02ff432608c463b3d80053,0,"Answer: 2

Most grounded: statement 2 — The image clearly shows a person on a paddleboard, identifiable by the paddle and the design of the board.
Less grounded: statement 1 — While a kayak is a possibility, the board's design and the paddle more strongly suggest a paddleboard.
Least grounded: statement 3 — There is no evidence of a motorboat in the image; the board is the only visible form of transportation.",false
950361ed73a83cea3f35285ef749fcb0d431657cbe02ff432608c463b3d80053,1,,true
950361ed73a83cea3f35285ef749fcb0d431657cbe02ff432608c463b3d80053,2,,false
94b6eca84a1617f55a29d8d2d48200964daa431dad9da10711ff6048a7dccf69,0,"Answer: 1

Most grounded: statement 1 — The image shows a lantern and dates, which are commonly associated with Ramadan.
Less grounded: statement 3 — Diwali is not typically associated with dates, and the image does not provide any evidence related to Diwali.
Least grounded: statement 2 — Christmas is not associated with decorative lanterns and dates, and the image does not provide any evidence related to Christmas.",true
94b6eca84a1617f55a29d8d2d48200964daa431dad9da10711ff6048a7dccf69,1,,false
94b6eca84a1617f55a29d8d2d48200964daa431dad9da10711ff6048a7dccf69,2,,false
a92f6043df7ce3a483cd009631d78990225a02fd72180bb3b4c8d0ef41f37aa7,0,"Answer: 3

Most grounded: statement 3 — The image shows a rustic traditional space with stone walls and a dimly lit ambiance, which is characteristic of traditional settings in the Arab world.

Less grounded: statement 1 — There is no evidence of a modern café setting, such as modern furniture or a bright, open environment.

Least grounded: statement 2 — The image does not show an outdoor picnic area, as there are no elements like grass, trees, or open sky visible.",false
a92f6043df7ce3a483cd009631d78990225a02fd72180bb3b4c8d0ef41f37aa7,1,,false
a92f6043df7ce3a483cd009631d78990225a02fd72180bb3b4c8d0ef41f37aa7,2,,true
33500f73161cb94909b8d063578b829de116768d8e6c6d35306545e8db450ecf,0,"Answer: 2

Most grounded: statement 2 — The warm, golden light and long shadows cast by the buildings and vehicles strongly suggest that the image is depicting sunset.
Less grounded: statement 1 — While the lighting does suggest it is afternoon, the term ""afternoon"" is less specific than ""sunset.""
Least grounded: statement 3 — The lighting and shadows in the image do not support the idea of morning, as the light is too warm and the shadows too long.",false
33500f73161cb94909b8d063578b829de116768d8e6c6d35306545e8db450ecf,1,,true
33500f73161cb94909b8d063578b829de116768d8e6c6d35306545e8db450ecf,2,,false
fb58606c85e2c63b4fa730df147c43964ee8d23509a5b683ccc29dbc8e4014b0,0,"Answer: 3

Most grounded: statement 3 — The woman is wearing an elaborate, formal white dress with intricate lace details, which is typical attire for a wedding ceremony.
Less grounded: statement 1 — The dress is not casual but rather formal and elaborate, which makes this statement less grounded.
Least grounded: statement 2 — The dress is not business attire but rather formal and elaborate, which makes this statement least grounded.",false
fb58606c85e2c63b4fa730df147c43964ee8d23509a5b683ccc29dbc8e4014b0,1,,false
fb58606c85e2c63b4fa730df147c43964ee8d23509a5b683ccc29dbc8e4014b0,2,,true
8138571c4d05ec1c15e0fce658f60d61a4308b2d8a9420c8b86eb67e35a70da2,0,"Answer: 1

Most grounded: statement 1 — The image shows the sky with warm colors typical of a sunset.
Less grounded: statement 2 — There is no evidence of morning light or sky conditions.
Least grounded: statement 3 — The image clearly shows daylight, which contradicts the notion of midnight.",true
8138571c4d05ec1c15e0fce658f60d61a4308b2d8a9420c8b86eb67e35a70da2,1,,false
8138571c4d05ec1c15e0fce658f60d61a4308b2d8a9420c8b86eb67e35a70da2,2,,false
30f34d6c9a22ae43a1177ebca16c784abf2eb034e6b3553492d59924fea0a403,0,"Answer: 1

Most grounded: statement 1 — The ambulance is likely providing emergency medical assistance. The ambulance is present at the scene of a vehicle fire, which is a situation that typically requires emergency medical assistance.

Less grounded: statement 2 — The ambulance is likely transporting passengers to a nearby station. There is no evidence in the image to suggest that the ambulance is involved in transporting passengers to a station.

Least grounded: statement 3 — The ambulance is likely delivering goods to a local store. The image does not show any goods or delivery activities, making this statement the least grounded.",true
30f34d6c9a22ae43a1177ebca16c784abf2eb034e6b3553492d59924fea0a403,1,,false
30f34d6c9a22ae43a1177ebca16c784abf2eb034e6b3553492d59924fea0a403,2,,false
efb0c18fb0200bc56027fe36316c2b6bea772605e8f47d213bffbb9eb50f162b,0,"Answer: 2

Most grounded: statement 2 — The menu board clearly displays ""Christmas Feast"" with an image of a Christmas tree and presents it as available to book now.
Less grounded: statement 1 — There is no visible evidence of a Daily Happy Hour promotion on the menu board.
Least grounded: statement 3 — There is no indication of Weekend Brunch Specials on the menu board.",false
efb0c18fb0200bc56027fe36316c2b6bea772605e8f47d213bffbb9eb50f162b,1,,true
efb0c18fb0200bc56027fe36316c2b6bea772605e8f47d213bffbb9eb50f162b,2,,false
1f5719518b163e8178ef96543b59613078fca726dcca78194b766804b9538697,0,"Answer: 2

Most grounded: statement 2 — The individuals in the image are holding posters of a man, which is a common practice in political protests or demonstrations. The serious expressions and the act of holding up posters suggest a form of collective action or demonstration.

Less grounded: statement 1 — There is no clear evidence in the image that this is a cultural festival. Festivals often have more festive and colorful decorations, music, and activities, which are not visible in the image.

Least grounded: statement 3 — The image does not show any religious symbols, rituals, or attire that would indicate a religious ceremony. The focus is on the posters and the serious demeanor of the participants, which is more indicative of a political context rather than a religious one.",false
1f5719518b163e8178ef96543b59613078fca726dcca78194b766804b9538697,1,,true
1f5719518b163e8178ef96543b59613078fca726dcca78194b766804b9538697,2,,false
27bbc3dd8a10789d314af80ee09e32dfe121a52f8bad09ec56bd3ec29d6e4d9b,0,"Answer: 3

Most grounded: statement 3 — The keychains in the image prominently feature red and white colors, with red being the dominant color in the macrame design and white being used in the tassels and wooden beads.
Less grounded: statement 1 — There is no evidence of green or black in the keychains. The image clearly shows red and white as the primary colors.
Least grounded: statement 2 — There is no evidence of blue or yellow in the keychains. The image shows red and white as the primary colors, making this statement completely unsupported.",false
27bbc3dd8a10789d314af80ee09e32dfe121a52f8bad09ec56bd3ec29d6e4d9b,1,,false
27bbc3dd8a10789d314af80ee09e32dfe121a52f8bad09ec56bd3ec29d6e4d9b,2,,true
b1056cb9f2103a137434e744f73fc09406f3891f4c224bea2207d9807fc5c7ae,0,"Answer: 1

Most grounded: statement 1 — A refrigerator is not visible in this kitchen. The kitchen counter and cabinets are clearly visible, but there is no refrigerator in sight.
Less grounded: statement 2 — Decorative jars are not visible in this kitchen. The image shows a shelf with jars, which contradicts this statement.
Least grounded: statement 3 — A large plant is not visible in this kitchen. The image clearly shows a large plant on the left side of the kitchen, which contradicts this statement.",true
b1056cb9f2103a137434e744f73fc09406f3891f4c224bea2207d9807fc5c7ae,1,,false
b1056cb9f2103a137434e744f73fc09406f3891f4c224bea2207d9807fc5c7ae,2,,false
15480351e96c1bb437eff9f2d52b2795e78c0a5563d058d2b60b5142ee35818c,0,"Answer: 2

Most grounded: statement 2 — The orange structures in the background resemble sports bench covers, as they are positioned in a way that suggests they are meant to cover benches, and their shape and color are consistent with typical sports bench covers.
Less grounded: statement 1 — The evidence for this statement is weak because the structures do not resemble typical public transport shelters, which are usually more enclosed and designed for waiting passengers.
Least grounded: statement 3 — This statement is contradicted by the context of the image, which shows the structures in a sports setting, making it unlikely that they are construction scaffolding.",false
15480351e96c1bb437eff9f2d52b2795e78c0a5563d058d2b60b5142ee35818c,1,,true
15480351e96c1bb437eff9f2d52b2795e78c0a5563d058d2b60b5142ee35818c,2,,false
791445be6aa8f7aca569a86ecbb42b9f02ccf251fa2962098606806d18c9a311,0,"Answer: 3

Most grounded: statement 3 — The image shows a desert with sand dunes and an oasis, which is strongly supported by the visual evidence of sand dunes and a water body in the middle of the desert.

Less grounded: statement 1 — The evidence for this statement is weak because the image does not show a dense rainforest or a flowing river. Instead, it shows a desert landscape.

Least grounded: statement 2 — This statement is contradicted by the image, which clearly shows a desert landscape with sand dunes and an oasis, not a mountainous region with snow-covered peaks.",false
791445be6aa8f7aca569a86ecbb42b9f02ccf251fa2962098606806d18c9a311,1,,false
791445be6aa8f7aca569a86ecbb42b9f02ccf251fa2962098606806d18c9a311,2,,true
f3104096bc233080dff536e2fa7d4344fb5c88bae3ed8f46547b80a25fba81dc,0,"Answer: 2

Most grounded: statement 2 — The IV cannula is typically used to administer fluids or medication, which is a common medical practice in hospitals and clinics.
Less grounded: statement 1 — There is no specific evidence in the image that the IV cannula is used to measure blood sugar levels.
Least grounded: statement 3 — There is no evidence in the image that the IV cannula is used to check oxygen levels.",false
f3104096bc233080dff536e2fa7d4344fb5c88bae3ed8f46547b80a25fba81dc,1,,true
f3104096bc233080dff536e2fa7d4344fb5c88bae3ed8f46547b80a25fba81dc,2,,false
0da6303d394b72be0cfbecf9627514ed600c23d69b56f943f2cf62ca9922ffab,0,"Answer: 3

Most grounded: statement 3 — The door is part of a traditional or historical building. The door is set within a stone wall, which suggests it is part of an older structure, likely historical or traditional in nature.

Less grounded: statement 1 — The door was used as a decorative piece in a museum. There is no evidence in the image to suggest that the door is currently displayed in a museum.

Least grounded: statement 2 — The door served as an entrance to a modern apartment. The door's traditional design and the stone wall it is set in do not suggest it is part of a modern apartment building.",false
0da6303d394b72be0cfbecf9627514ed600c23d69b56f943f2cf62ca9922ffab,1,,false
0da6303d394b72be0cfbecf9627514ed600c23d69b56f943f2cf62ca9922ffab,2,,true
a7afc21caa2943a7d5594ba43b1996a8605fe69813cc6fd7061d62345fd42c05,0,"Answer: 1

Most grounded: statement 1 — The image clearly shows an overcrowded boat with numerous people, which strongly supports the idea that the primary mode of transportation is an overcrowded migrant boat.
Less grounded: statement 2 — There is no evidence in the image to suggest that this is a commercial cruise ship. The boat appears to be small and overcrowded, which is not typical of a commercial cruise ship.
Least grounded: statement 3 — The image does not provide any visual evidence to suggest that this is a fishing vessel. The boat's design and the overcrowded nature do not align with typical fishing vessels.",true
a7afc21caa2943a7d5594ba43b1996a8605fe69813cc6fd7061d62345fd42c05,1,,false
a7afc21caa2943a7d5594ba43b1996a8605fe69813cc6fd7061d62345fd42c05,2,,false
fae4f22c3b9a6aa66a62de5082d4830495bba8fff93e607dcedb959baa2787de,0,"Answer: 1

Most grounded: statement 1 — A metallic tripod floor lamp is prominently featured in the living room. The lamp is clearly visible on the left side of the image, with its metallic tripod structure and dome-shaped lampshade.

Less grounded: statement 2 — A large bookshelf filled with books is prominently featured in the living room. The evidence for this statement is weak because there is no visible bookshelf in the image.

Least grounded: statement 3 — A fireplace is prominently featured in the living room. This statement is contradicted because there is no visible fireplace in the image.",true
fae4f22c3b9a6aa66a62de5082d4830495bba8fff93e607dcedb959baa2787de,1,,false
fae4f22c3b9a6aa66a62de5082d4830495bba8fff93e607dcedb959baa2787de,2,,false
b1c3a043524b90fe989716a21903c1c8f9600a90c47e3615e82da03c997bd630,0,"Answer: 3

Most grounded: statement 3 — The image shows a person standing on a sand dune, which strongly supports the idea of sand dune hiking.
Less grounded: statement 1 — There is no visual evidence of a camel in the image, so this statement is less supported.
Least grounded: statement 2 — There is no evidence of wildlife or photography in the image, so this statement is the least supported.",false
b1c3a043524b90fe989716a21903c1c8f9600a90c47e3615e82da03c997bd630,1,,false
b1c3a043524b90fe989716a21903c1c8f9600a90c47e3615e82da03c997bd630,2,,true
3e5714ee655519296aafa61e2273055a10b987d41ae6042f84d9dbc4cc7eb063,0,"Answer: 3

Most grounded: statement 3 — The stone slab has inscriptions that appear to be ancient, suggesting it was used for historical documentation.
Less grounded: statement 2 — There is no clear indication that this is a gravestone from the medieval period.
Least grounded: statement 1 — The stone slab does not appear to be a decorative piece for modern architecture, as it has inscriptions and an ancient appearance.",false
3e5714ee655519296aafa61e2273055a10b987d41ae6042f84d9dbc4cc7eb063,1,,false
3e5714ee655519296aafa61e2273055a10b987d41ae6042f84d9dbc4cc7eb063,2,,true
11caad0015d98e39fdc4b051037a088e1915baa01418fa6c5d4a5f07cb28cb5a,0,"Answer: 2

Most grounded: statement 2 — The foreground in the image has debris and trash scattered, as evidenced by the visible trash bags and scattered debris in the foreground.
Less grounded: statement 1 — The evidence for this statement is weak because the foreground is mostly covered with dirt and debris, not vegetation.
Least grounded: statement 3 — This statement is contradicted by the visible trash and debris in the foreground, indicating that it is not clean and well-maintained.",false
11caad0015d98e39fdc4b051037a088e1915baa01418fa6c5d4a5f07cb28cb5a,1,,true
11caad0015d98e39fdc4b051037a088e1915baa01418fa6c5d4a5f07cb28cb5a,2,,false
6f4aa69c1fb10f8c8d76e8ae814dc1acbb9427d0e89986ab6d206c4b6e749913,0,"Answer: 2

Most grounded: statement 2 — The flags being waved in the image are of different colors and patterns, which are commonly used to represent various nations or political movements. The presence of military personnel and the crowd holding flags suggests a political or national gathering.

Less grounded: statement 1 — There is no evidence in the image to suggest that the flags are being used to advertise a product. The flags are being waved by the crowd, which is more indicative of a political or national event rather than a commercial advertisement.

Least grounded: statement 3 — There is no indication in the image that the flags being waved are related to a sports event. The presence of military personnel and the flags being waved do not align with typical sports event paraphernalia.",false
6f4aa69c1fb10f8c8d76e8ae814dc1acbb9427d0e89986ab6d206c4b6e749913,1,,true
6f4aa69c1fb10f8c8d76e8ae814dc1acbb9427d0e89986ab6d206c4b6e749913,2,,false
8bbc2c84190f9d029ceae9e72bbdbe0a7ba61d3cf934145e3c81b5c13d7fd32e,0,"Answer: 3

Most grounded: statement 3 — The image shows a textured pattern that is commonly associated with carpet flooring. The material appears to be thick and fibrous, which is typical for carpeting.

Less grounded: statement 1 — The material does not appear to be glassy or translucent, which is not typical for glassware production. The texture and appearance do not support this claim.

Least grounded: statement 2 — The material does not appear to be smooth or flat, which is not typical for wall painting. The texture and appearance do not support this claim.",false
8bbc2c84190f9d029ceae9e72bbdbe0a7ba61d3cf934145e3c81b5c13d7fd32e,1,,false
8bbc2c84190f9d029ceae9e72bbdbe0a7ba61d3cf934145e3c81b5c13d7fd32e,2,,true
0e0fae945bca83f7b7e4c0a3d498c14ea64ffac50fc5f83caaa34e1424f6903e,0,"Answer: 3

Most grounded: statement 3 — The building features blue and white azulejos, which are a traditional Portuguese decorative tile art. The style and color scheme are strongly indicative of Portuguese architecture.

Less grounded: statement 1 — The building does not exhibit the clean lines and simplicity characteristic of Modern minimalist architecture. The ornate tile work and detailed façade suggest a more complex and decorative style.

Least grounded: statement 2 — The building does not have the pointed arches, ribbed vaults, and flying buttresses typical of Gothic revival architecture. The style is more consistent with traditional Portuguese rather than Gothic revival.",false
0e0fae945bca83f7b7e4c0a3d498c14ea64ffac50fc5f83caaa34e1424f6903e,1,,false
0e0fae945bca83f7b7e4c0a3d498c14ea64ffac50fc5f83caaa34e1424f6903e,2,,true
45bb618fd386f324c45d8e519aedc7bdf968c638fb4546e3cfef4c2be6d53847,0,"Answer: 1

Most grounded: statement 1 — The vase has a textured appearance and a matte finish, which are characteristics commonly associated with ceramic materials.
Less grounded: statement 2 — There is no visual evidence suggesting that the vase is made of metal, as metal vases typically have a shiny or reflective surface.
Least grounded: statement 3 — The vase does not have the smooth, uniform appearance typically associated with plastic, and plastic vases often have a more uniform color and finish.",true
45bb618fd386f324c45d8e519aedc7bdf968c638fb4546e3cfef4c2be6d53847,1,,false
45bb618fd386f324c45d8e519aedc7bdf968c638fb4546e3cfef4c2be6d53847,2,,false
dd220a6002b9e99da758475fde212490a74a6ddd0bf49b0fc23edc21c5c16e36,0,"Answer: 2

Most grounded: statement 2 — The image shows large industrial cranes and cargo containers, which are typical of cargo handling and storage facilities.
Less grounded: statement 1 — There is no visible evidence of recreational boating facilities such as marinas or yacht clubs.
Least grounded: statement 3 — There is no evidence of fishing activities such as fishing boats or nets.",false
dd220a6002b9e99da758475fde212490a74a6ddd0bf49b0fc23edc21c5c16e36,1,,true
dd220a6002b9e99da758475fde212490a74a6ddd0bf49b0fc23edc21c5c16e36,2,,false
08d0f01d274f8422e030d1f9e6e86eed458e74b6836b46b8a12fd6f9dc3e1637,0,"Answer: 2

Most grounded: statement 2 — The fabric is being used to create a visually striking effect, with its vibrant colors and flowing motion enhancing the visual dynamics of the dance.
Less grounded: statement 1 — There is no evidence in the image that the fabric is being used for warmth; it is primarily focused on movement and visual impact.
Least grounded: statement 3 — The fabric is clearly part of the dancer's attire and is actively being used in the performance, making it less likely to be serving as a stage backdrop.",false
08d0f01d274f8422e030d1f9e6e86eed458e74b6836b46b8a12fd6f9dc3e1637,1,,true
08d0f01d274f8422e030d1f9e6e86eed458e74b6836b46b8a12fd6f9dc3e1637,2,,false
98f0157e8abf8f4d4370c31e65bb3709ce0fe5d89c44f908bbffc4685c809b1d,0,"Answer: 2

Most grounded: statement 2 — The dish in the image appears to be a layered dessert with nuts, as evidenced by the visible layers and the presence of nuts.
Less grounded: statement 1 — There is no clear evidence that the dish is a savory casserole, as the image does not show a baked or cooked dish.
Least grounded: statement 3 — The dish is not a fruit salad, as there are no visible fruits in the image.",false
98f0157e8abf8f4d4370c31e65bb3709ce0fe5d89c44f908bbffc4685c809b1d,1,,true
98f0157e8abf8f4d4370c31e65bb3709ce0fe5d89c44f908bbffc4685c809b1d,2,,false
b84a15b378b5808748d29a781caf840d4d9aa1ccfa87f9e8d3815e89501d90cb,0,"Answer: 3

Most grounded: statement 3 — The image shows a desert landscape with sand dunes and a clear sky, which strongly supports this statement.
Less grounded: statement 1 — There is no evidence of a tropical rainforest in the image. The environment is arid and sandy, which is not characteristic of a rainforest.
Least grounded: statement 2 — The image does not show any snow or mountainous terrain, so this statement is contradicted by the visual evidence.",false
b84a15b378b5808748d29a781caf840d4d9aa1ccfa87f9e8d3815e89501d90cb,1,,false
b84a15b378b5808748d29a781caf840d4d9aa1ccfa87f9e8d3815e89501d90cb,2,,true
a730fb90732129d3dabb4d1d26ea4dc9d9f9daf570e359b145656548998d5430,0,"Answer: 1

Most grounded: statement 1 — Sailboats are visible in the waterfront scene. There are colorful sailboats floating on the water in the background.
Less grounded: statement 2 — Motorboats are visible in the waterfront scene. There is no evidence of motorboats in the image.
Least grounded: statement 3 — Fishing boats are visible in the waterfront scene. There is no evidence of fishing boats in the image.",true
a730fb90732129d3dabb4d1d26ea4dc9d9f9daf570e359b145656548998d5430,1,,false
a730fb90732129d3dabb4d1d26ea4dc9d9f9daf570e359b145656548998d5430,2,,false
419177719d5b94b5ae78f33505d325f9010845d9f151bdfdee4905670e6701f3,0,"Answer: 2

Most grounded: statement 2 — The person is wearing a uniform with a cap that has a logo, which is typical for flight attendants. The presence of a uniform and the cap with a logo strongly supports this statement.

Less grounded: statement 1 — While the uniform could be that of an airport security officer, the cap with a logo is more indicative of a flight attendant uniform. The evidence is weaker for this statement.

Least grounded: statement 3 — The uniform does not have any clear indicators of a pilot's uniform, such as a specific insignia or rank insignia. This statement is least supported by the image.",false
419177719d5b94b5ae78f33505d325f9010845d9f151bdfdee4905670e6701f3,1,,true
419177719d5b94b5ae78f33505d325f9010845d9f151bdfdee4905670e6701f3,2,,false
17c4f1010bed9013958742b66e1e3d4ce9a9397e19b808a33a3c214b65260bd3,0,"Answer: 1

Most grounded: statement 1 — The flat cap features multiple shades of brown, beige, and black in its color scheme. The image clearly shows a flat cap with a pattern that includes these colors.

Less grounded: statement 2 — The flat cap has a solid black color scheme. The evidence is weak because the image shows multiple colors, not just black.

Least grounded: statement 3 — The flat cap is designed with bright neon colors. The evidence is absent because the image shows muted colors, not bright neon colors.",true
17c4f1010bed9013958742b66e1e3d4ce9a9397e19b808a33a3c214b65260bd3,1,,false
17c4f1010bed9013958742b66e1e3d4ce9a9397e19b808a33a3c214b65260bd3,2,,false
f99958bee6cf40d10084a53cd982cc1455065bad8467375b486f0205f9dae166,0,"Answer: 1

Most grounded: statement 1 — The 'S C' inscription on the reverse side of the coin stands for 'Senatus Consulto (by decree of the Senate)'. This is supported by the visual evidence of the inscription 'S C' on the reverse side of the coin, which is a common Roman coinage notation indicating that the coin was approved by the Senate.

Less grounded: statement 2 — The 'S C' inscription on the reverse side of the coin stands for 'Symbol of Caesar'. While this is a plausible interpretation, there is no direct visual evidence on the coin to support this specific meaning.

Least grounded: statement 3 — The 'S C' inscription on the reverse side of the coin stands for 'Sacred Coinage'. This interpretation is not supported by any visual evidence on the coin and is therefore the least grounded statement.",true
f99958bee6cf40d10084a53cd982cc1455065bad8467375b486f0205f9dae166,1,,false
f99958bee6cf40d10084a53cd982cc1455065bad8467375b486f0205f9dae166,2,,false
08e7c81a8c393040df8b22d6ecd9e8b5246ea1ccf57d3a5fe681fe694e1573f9,0,"Answer: 2

Most grounded: statement 2 — The primary color of the gemstones on the ring is green. The image clearly shows green gemstones on the ring.
Less grounded: statement 1 — The primary color of the gemstones on the ring is red. There are no red gemstones visible in the image.
Least grounded: statement 3 — The primary color of the gemstones on the ring is blue. There are no blue gemstones visible in the image.",false
08e7c81a8c393040df8b22d6ecd9e8b5246ea1ccf57d3a5fe681fe694e1573f9,1,,true
08e7c81a8c393040df8b22d6ecd9e8b5246ea1ccf57d3a5fe681fe694e1573f9,2,,false
18e56eedd394321586cffca1a0cf27f7c1528f45fc16ebf89b1e576eec10476a,0,"Answer: 3

Most grounded: statement 3 — The woman is wearing a black abaya, which is clearly visible in the image.
Less grounded: statement 1 — The abaya is primarily black, not purple, although there are purple floral decorations.
Least grounded: statement 2 — The abaya is not white, it is black, which is the primary color.",false
18e56eedd394321586cffca1a0cf27f7c1528f45fc16ebf89b1e576eec10476a,1,,false
18e56eedd394321586cffca1a0cf27f7c1528f45fc16ebf89b1e576eec10476a,2,,true
cfe73f670234f873e3059c8b31ab2e61172534b8856076acf94a37b1291ede7b,0,"Answer: 1

Most grounded: statement 1 — The image clearly shows a coastal shoreline with waves crashing against the rocks and a cityscape in the background, indicating a coastal setting.
Less grounded: statement 2 — There is no evidence of a desert landscape in the image. The presence of water and vegetation suggests a coastal or semi-arid environment, not a desert.
Least grounded: statement 3 — The image does not show any mountainous terrain. The visible features are coastal and urban, not mountainous.",true
cfe73f670234f873e3059c8b31ab2e61172534b8856076acf94a37b1291ede7b,1,,false
cfe73f670234f873e3059c8b31ab2e61172534b8856076acf94a37b1291ede7b,2,,false
9a8f94060d50ef8e0092b4ab986e765d60cdc7933934a593426fce31115cb322,0,"Answer: 3

Most grounded: statement 3 — The image shows dates with shiny and smooth golden-brown skin, which strongly supports this statement.
Less grounded: statement 1 — The image does not provide clear evidence of the dates being dark and sticky, as the focus is on the skin rather than the texture inside.
Least grounded: statement 2 — The image shows dates with smooth skin, which contradicts the idea of dates having dry and wrinkled skin.",false
9a8f94060d50ef8e0092b4ab986e765d60cdc7933934a593426fce31115cb322,1,,false
9a8f94060d50ef8e0092b4ab986e765d60cdc7933934a593426fce31115cb322,2,,true
7463ffe77168a2e0cae143d5ac06033d7645725d39955e3d7ce7192619b8abc5,0,"Answer: 3

Most grounded: statement 3 — The mannequin is wearing a patterned fabric, as evidenced by the detailed and colorful design visible on the fabric around the mannequin's waist.
Less grounded: statement 1 — The evidence for this statement is weak because the material of the fabric is not explicitly mentioned, and the focus is more on the pattern rather than the material.
Least grounded: statement 2 — This statement is contradicted by the image, which clearly shows a patterned fabric, not plain cotton.",false
7463ffe77168a2e0cae143d5ac06033d7645725d39955e3d7ce7192619b8abc5,1,,false
7463ffe77168a2e0cae143d5ac06033d7645725d39955e3d7ce7192619b8abc5,2,,true
cb78c0a787b9664f4bf6e4f8c7d6c16eb7a3f80880bf21425f1c49f5a389a9ae,0,"Answer: 3

Most grounded: statement 3 — People are shopping for fresh produce in the scene. This is evident from the presence of a fruit and vegetable stall with various items like tomatoes, onions, and other vegetables.

Less grounded: statement 1 — A street performance is taking place in the scene. There is no visual evidence of a performance taking place; the scene appears to be focused on a market setting.

Least grounded: statement 2 — The scene shows a car repair workshop. There is no evidence of a car repair workshop in the scene; the focus is on a market with a fruit and vegetable stall.",false
cb78c0a787b9664f4bf6e4f8c7d6c16eb7a3f80880bf21425f1c49f5a389a9ae,1,,false
cb78c0a787b9664f4bf6e4f8c7d6c16eb7a3f80880bf21425f1c49f5a389a9ae,2,,true
d13611f7d1093aa1acb3be1007547c84f89438952c287c3d8f36f27db26462c3,0,"Answer: 2

Most grounded: statement 2 — The dish shown in the image is most likely associated with Mediterranean cuisine. The presence of couscous, a staple in North African and Mediterranean cuisine, along with the use of vegetables and a meat-based stew, is characteristic of Mediterranean dishes.

Less grounded: statement 1 — The evidence is weak because while the dish could be found in Mexican cuisine, the specific ingredients and presentation are more indicative of Mediterranean cuisine.

Least grounded: statement 3 — The evidence is absent because East Asian cuisine typically does not feature couscous or the specific combination of vegetables and meat seen in the image.",false
d13611f7d1093aa1acb3be1007547c84f89438952c287c3d8f36f27db26462c3,1,,true
d13611f7d1093aa1acb3be1007547c84f89438952c287c3d8f36f27db26462c3,2,,false
2f257c7f16f5c35f8a332d153efc6f6561161862f28b84f05f3935c627728e06,0,"Answer: 2

Most grounded: statement 2 — The winding wall stretching across green hills and mountains is a strong visual evidence of The Great Wall of China.
Less grounded: statement 1 — Hadrian's Wall is not as strongly supported by the image as The Great Wall of China due to the specific winding wall and mountainous terrain.
Least grounded: statement 3 — Machu Picchu is least supported by the image as it is a completely different landmark with no resemblance to the winding wall depicted in the photograph.",false
2f257c7f16f5c35f8a332d153efc6f6561161862f28b84f05f3935c627728e06,1,,true
2f257c7f16f5c35f8a332d153efc6f6561161862f28b84f05f3935c627728e06,2,,false
5c98048da7e0c2071b2f7db3855de5d584e8558fe26c2a48d7dbfcebeb74cbd3,0,"Answer: 3

Most grounded: statement 3 — The man is wearing a formal black suit for a special occasion. The evidence is strong as the man is clearly dressed in a formal black suit, which is typically worn for special occasions.

Less grounded: statement 1 — The man is wearing a casual outfit for a day out. The evidence is weak because the man's attire is formal rather than casual.

Least grounded: statement 2 — The man is wearing traditional attire for a cultural event. The evidence is absent as there is no indication that the attire is traditional or specifically for a cultural event.",false
5c98048da7e0c2071b2f7db3855de5d584e8558fe26c2a48d7dbfcebeb74cbd3,1,,false
5c98048da7e0c2071b2f7db3855de5d584e8558fe26c2a48d7dbfcebeb74cbd3,2,,true
ca5fb37c5869f96e95b177618c8ea7bb87afe19aef101d7575fdef9f2518b299,0,"Answer: 1

Most grounded: statement 1 — The image shows a narrow canyon with steep rock walls and a flat path along the bottom, which is characteristic of the Todgha Gorge in Morocco.

Less grounded: statement 2 — The image does not resemble the Grand Canyon, which is much wider and has a different geological appearance.

Least grounded: statement 3 — The image does not resemble Antelope Canyon, which is known for its smooth, flowing rock formations and light beams, unlike the rugged and steep rock walls seen in the image.",true
ca5fb37c5869f96e95b177618c8ea7bb87afe19aef101d7575fdef9f2518b299,1,,false
ca5fb37c5869f96e95b177618c8ea7bb87afe19aef101d7575fdef9f2518b299,2,,false
e56b5e26ce0b5f446db2958a76ab87e6d9f2dd7286e6628dd5d0a79c8c640453,0,"Answer: 1

Most grounded: statement 1 — The signage above the entrance clearly reads ""Hammam Ziani,"" which is a traditional Moroccan bathhouse. The traditional design and architecture further support this.
Less grounded: statement 2 — There is no evidence in the image to suggest that Hammam Ziani is a modern spa. The traditional design elements indicate it is likely a bathhouse.
Least grounded: statement 3 — There is no evidence in the image to suggest that Hammam Ziani is a cultural museum. The design and context suggest it is a bathhouse.",true
e56b5e26ce0b5f446db2958a76ab87e6d9f2dd7286e6628dd5d0a79c8c640453,1,,false
e56b5e26ce0b5f446db2958a76ab87e6d9f2dd7286e6628dd5d0a79c8c640453,2,,false
ba929d53b538c3a0ac2d57ee6da15762288ecb64948e22cb481af1a559eaae31,0,"Answer: 1

Most grounded: statement 1 — The image shows a mosque minaret, which is traditionally used to call worshippers to prayer.
Less grounded: statement 2 — There is no evidence in the image that the minaret houses prayer rooms.
Least grounded: statement 3 — The image does not provide any evidence that the minaret serves as a decorative structure.",true
ba929d53b538c3a0ac2d57ee6da15762288ecb64948e22cb481af1a559eaae31,1,,false
ba929d53b538c3a0ac2d57ee6da15762288ecb64948e22cb481af1a559eaae31,2,,false
452b46e54415e4a4525bcadcfc1d7590887f189ec9f8cd636a86c87bde2208d1,0,"Answer: 3

Most grounded: statement 3 — The structure in the image resembles the El Badi Palace, which is known for its large, fortress-like appearance and the presence of a large courtyard with a reflecting pool, as seen in the image.

Less grounded: statement 1 — The structure does not resemble the Alhambra, which is characterized by intricate Islamic architecture and detailed tile work, not the large, fortress-like appearance seen in the image.

Least grounded: statement 2 — The structure does not resemble the Taj Mahal, which is known for its white marble and intricate tomb structure, not the large, fortress-like appearance seen in the image.",false
452b46e54415e4a4525bcadcfc1d7590887f189ec9f8cd636a86c87bde2208d1,1,,false
452b46e54415e4a4525bcadcfc1d7590887f189ec9f8cd636a86c87bde2208d1,2,,true
86f7aba040aed7a80f48bdd3bf32195b7796174e9355256ec091d3ccc1c7be6b,0,"Answer: 3

Most grounded: statement 3 — The person is using a sandboard, as evidenced by the board's design and the sandy environment.
Less grounded: statement 1 — The evidence is weak because snowboards are typically used in snowy environments, not sandy ones.
Least grounded: statement 2 — The evidence is absent because skateboards are designed for pavement and are not suitable for sandy terrains.",false
86f7aba040aed7a80f48bdd3bf32195b7796174e9355256ec091d3ccc1c7be6b,1,,false
86f7aba040aed7a80f48bdd3bf32195b7796174e9355256ec091d3ccc1c7be6b,2,,true
f2ecb7b498eda0b537cc750362867125519781565cddb2648082dc48db1e2397,0,"Answer: 2

Most grounded: statement 2 — The structure depicted in the image is likely a mosque. The presence of Arabic calligraphy and intricate geometric patterns are common in Islamic architecture, which is often found in mosques.

Less grounded: statement 1 — The structure depicted in the image is likely a palace. While the intricate design could be found in palaces, the specific elements such as the calligraphy and the style of the arches are more indicative of a mosque.

Least grounded: statement 3 — The structure depicted in the image is likely a marketplace. There is no evidence in the image to suggest that this is a marketplace. The design elements are more consistent with religious or ceremonial architecture rather than a marketplace.",false
f2ecb7b498eda0b537cc750362867125519781565cddb2648082dc48db1e2397,1,,true
f2ecb7b498eda0b537cc750362867125519781565cddb2648082dc48db1e2397,2,,false
9dd38d671e905d30f34db8fc5959d28a7943b1368833f96965f8e6bd5d0a8cfe,0,"Answer: 1

Most grounded: statement 1 — The image shows a blue-painted street with artisanal marketplaces, which strongly supports the idea that Chefchaouen, Morocco is famous for its blue-painted streets and artisanal marketplaces.

Less grounded: statement 2 — The image does not show any blue-painted streets or artisanal marketplaces, so there is no visual evidence to support this statement.

Least grounded: statement 3 — The image does not show any blue-painted streets or artisanal marketplaces, so there is no visual evidence to support this statement.",true
9dd38d671e905d30f34db8fc5959d28a7943b1368833f96965f8e6bd5d0a8cfe,1,,false
9dd38d671e905d30f34db8fc5959d28a7943b1368833f96965f8e6bd5d0a8cfe,2,,false
35c77c36383a6bbd0c9b410f5b7cfe671767887fc74ad7a2f2682793f9cf384f,0,"Answer: 1

Most grounded: statement 1 — The image shows a dish that appears to be a traditional Moroccan tagine, which is a common serving style in Moroccan cuisine. The ingredients and serving style strongly suggest this.

Less grounded: statement 3 — The image shows ingredients and serving style that could be associated with Mediterranean cuisine, but the specificity of the Moroccan tagine makes statement 1 more grounded.

Least grounded: statement 2 — There is no evidence in the image to suggest that this meal represents Japanese cuisine. The ingredients and serving style do not align with typical Japanese dishes.",true
35c77c36383a6bbd0c9b410f5b7cfe671767887fc74ad7a2f2682793f9cf384f,1,,false
35c77c36383a6bbd0c9b410f5b7cfe671767887fc74ad7a2f2682793f9cf384f,2,,false
0cf8ade38877aae95963e4e85b5e2612f393478330f286933109feff4519219a,0,"Answer: 3

Most grounded: statement 3 — The image shows a mosque courtyard with a prominent minaret and a mosque structure, which strongly supports this statement.
Less grounded: statement 1 — The image shows a public space with people walking and vehicles, which could be interpreted as a park, but the presence of a mosque and minaret makes it less likely to be a generic public park.
Least grounded: statement 2 — There is no evidence in the image to suggest that this is a shopping mall. The architectural features and the presence of a mosque make this statement the least supported by the image.",false
0cf8ade38877aae95963e4e85b5e2612f393478330f286933109feff4519219a,1,,false
0cf8ade38877aae95963e4e85b5e2612f393478330f286933109feff4519219a,2,,true
284ce606c572469fc1f26375fee3ef6ebba14681879ca9c8ec5f8f68a627cd7e,0,"Answer: 1

Most grounded: statement 1 — A horse is pulling a cart in this marketplace scene. There is clear visual evidence of a horse pulling a cart in the middle of the image.
Less grounded: statement 2 — A camel is pulling a cart in this marketplace scene. There is no visual evidence of a camel in the image, making this statement less grounded.
Least grounded: statement 3 — A donkey is pulling a cart in this marketplace scene. There is no visual evidence of a donkey in the image, making this statement least grounded.",true
284ce606c572469fc1f26375fee3ef6ebba14681879ca9c8ec5f8f68a627cd7e,1,,false
284ce606c572469fc1f26375fee3ef6ebba14681879ca9c8ec5f8f68a627cd7e,2,,false
e16e812ae462d2e8d9b52cedf023f5ab16edaf97fa4566989292623ba23f0708,0,"Answer: 1

Most grounded: statement 1 — The lantern in the image appears to be made of metal, as indicated by its shiny, reflective surface and the intricate, detailed craftsmanship that is typical of metalwork.

Less grounded: statement 2 — There is no visual evidence in the image to suggest that the lantern is made of wood. The material appears too reflective and uniform to be wood.

Least grounded: statement 3 — The lantern does not appear to be made of plastic, as plastic typically has a more uniform and less reflective surface compared to the metal lantern shown in the image.",true
e16e812ae462d2e8d9b52cedf023f5ab16edaf97fa4566989292623ba23f0708,1,,false
e16e812ae462d2e8d9b52cedf023f5ab16edaf97fa4566989292623ba23f0708,2,,false
778681cc7f2d8aa23350f2b0d83fc2489f2417428a1b1fa454c7cba0c60598df,0,"Answer: 2

Most grounded: statement 2 — The image clearly shows multiple silver rings on the person's fingers.
Less grounded: statement 1 — There is no visible leather belt in the image.
Least grounded: statement 3 — There is no visible silver necklace in the image.",false
778681cc7f2d8aa23350f2b0d83fc2489f2417428a1b1fa454c7cba0c60598df,1,,true
778681cc7f2d8aa23350f2b0d83fc2489f2417428a1b1fa454c7cba0c60598df,2,,false
e7e1e77a40b12a8ae2df942b08a1a423e3cab220af51dce895b21fc64ad99fa3,0,"Answer: 1

Most grounded: statement 1 — The image prominently features the UNESCO logo and the text ""UNESCO"" on the sand dune, suggesting the cultural importance of the event.
Less grounded: statement 2 — The image does not feature the United Nations logo or text, making this statement less grounded.
Least grounded: statement 3 — The image does not feature the World Wildlife Fund logo or text, making this statement least grounded.",true
e7e1e77a40b12a8ae2df942b08a1a423e3cab220af51dce895b21fc64ad99fa3,1,,false
e7e1e77a40b12a8ae2df942b08a1a423e3cab220af51dce895b21fc64ad99fa3,2,,false
fd425a3624e7e7abbe1b652ffc8b445f11d0fb60fc29e56202087199493bdd12,0,"Answer: 3

Most grounded: statement 3 — The image shows a traditional tagine dish, which is a type of stew that is commonly associated with Moroccan cuisine. The tagine pot itself is a distinctive feature of Moroccan cooking.

Less grounded: statement 1 — The image does not provide any evidence that the tagine dish is associated with Italy. The tagine is not a common dish in Italian cuisine.

Least grounded: statement 2 — The image does not provide any evidence that the tagine dish is associated with India. The tagine is not a common dish in Indian cuisine.",false
fd425a3624e7e7abbe1b652ffc8b445f11d0fb60fc29e56202087199493bdd12,1,,false
fd425a3624e7e7abbe1b652ffc8b445f11d0fb60fc29e56202087199493bdd12,2,,true
ecf6be46870b810f5e5176e3b4af0346fbe627b28423f1b0cc960a4d83320624,0,"Answer: 3

Most grounded: statement 3 — The rug shown in the image has clear geometric patterns and designs, which are visible and identifiable.
Less grounded: statement 1 — While the rug does have floral motifs, they are not as prominent or clear as the geometric designs.
Least grounded: statement 2 — The rug is not solid-colored; it has multiple patterns and designs, making this statement false.",false
ecf6be46870b810f5e5176e3b4af0346fbe627b28423f1b0cc960a4d83320624,1,,false
ecf6be46870b810f5e5176e3b4af0346fbe627b28423f1b0cc960a4d83320624,2,,true
06f74f400cae942cf6abc004040471b041056be90a47a3ddecea70dcab1ec106,0,"Answer: 1

Most grounded: statement 1 — The pots have a distinct terracotta color and texture, which is typical of clay-based ceramics.
Less grounded: statement 3 — While the pots do appear to be ceramic, the image does not provide enough specific evidence to confirm this over statement 1.
Least grounded: statement 2 — There is no visual evidence in the image to suggest that the pots are made from metal.",true
06f74f400cae942cf6abc004040471b041056be90a47a3ddecea70dcab1ec106,1,,false
06f74f400cae942cf6abc004040471b041056be90a47a3ddecea70dcab1ec106,2,,false
b8ada52bbf13faef18bbb0558643ef98b378ab23d6f16e600e9de78a66ea9438,0,"Answer: 1

Most grounded: statement 1 — The recessed niches in the courtyard walls are holding decorative sculptures, which can be clearly seen in the image.
Less grounded: statement 2 — There is no evidence in the image to suggest that the niches are used for storage space.
Least grounded: statement 3 — The niches are not designed as windows for ventilation; they are clearly meant for decorative purposes.",true
b8ada52bbf13faef18bbb0558643ef98b378ab23d6f16e600e9de78a66ea9438,1,,false
b8ada52bbf13faef18bbb0558643ef98b378ab23d6f16e600e9de78a66ea9438,2,,false
27f59f913951e28b297b1631b310beb350e6adcf46627ed9556865b674b05dc5,0,"Answer: 1

Most grounded: statement 1 — The image shows a variety of intricately designed ceramic items, which are often used for decoration and cultural preservation. The detailed patterns and designs suggest that these items are meant to be visually appealing and culturally significant.

Less grounded: statement 2 — There is no evidence in the image to suggest that these ceramic items are used for industrial purposes. The items are displayed in a way that emphasizes their aesthetic and cultural value rather than their industrial function.

Least grounded: statement 3 — The image does not show any ceramic items that are specifically designed for food packaging. The items are primarily decorative and do not appear to have any functional attributes related to food packaging.",true
27f59f913951e28b297b1631b310beb350e6adcf46627ed9556865b674b05dc5,1,,false
27f59f913951e28b297b1631b310beb350e6adcf46627ed9556865b674b05dc5,2,,false
bd456b35ed43bebe499dbc4b8a8c89da20b06eea52cc7f12c8ff9292e4b8659b,0,"Answer: 1

Most grounded: statement 1 — The city depicted in the image is Fez, Morocco. The image shows a dense, hilly cityscape with distinctive architecture, including mosques with green domes and minarets, which are characteristic of Fez, Morocco.

Less grounded: statement 2 — The city depicted in the image is Istanbul, Turkey. The architecture and layout of the city do not strongly resemble Istanbul, Turkey, which is known for its grand mosques and historical structures like the Hagia Sophia and the Blue Mosque.

Least grounded: statement 3 — The city depicted in the image is Cairo, Egypt. Cairo is known for its sprawling urban landscape and iconic landmarks like the Pyramids of Giza and the Great Mosque of Cairo, which are not depicted in the image. The architecture and layout of the city in the image do not strongly resemble Cairo.",true
bd456b35ed43bebe499dbc4b8a8c89da20b06eea52cc7f12c8ff9292e4b8659b,1,,false
bd456b35ed43bebe499dbc4b8a8c89da20b06eea52cc7f12c8ff9292e4b8659b,2,,false
9a0bb52062c6b6b883d4d3ef91347fc8c63a191afc92979a479daf61e1ee3dfe,0,"Answer: 2

Most grounded: statement 2 — The texture and appearance of the rug in the image suggest it is made of cotton, which is known for its soft and fluffy texture.
Less grounded: statement 1 — Silk rugs typically have a smoother and more lustrous appearance, which is not evident in the image.
Least grounded: statement 3 — Wool rugs often have a more pronounced pile and a coarser texture, which is not consistent with the image.",false
9a0bb52062c6b6b883d4d3ef91347fc8c63a191afc92979a479daf61e1ee3dfe,1,,true
9a0bb52062c6b6b883d4d3ef91347fc8c63a191afc92979a479daf61e1ee3dfe,2,,false
811ff98691f716d2f78b8beef77846a1827188987df54e2cbfbd5da5ee5294b6,0,"Answer: 3

Most grounded: statement 3 — The architectural style and patterns, including the use of intricate tile work and the horseshoe arch, are characteristic of Moroccan architecture, particularly the Hassan II Mosque in Casablanca.

Less grounded: statement 1 — The Taj Mahal in India is known for its white marble and symmetrical design, which is not reflected in the image.

Least grounded: statement 2 — The Blue Mosque in Turkey is known for its blue tiles and large windows, which are not present in the image.",false
811ff98691f716d2f78b8beef77846a1827188987df54e2cbfbd5da5ee5294b6,1,,false
811ff98691f716d2f78b8beef77846a1827188987df54e2cbfbd5da5ee5294b6,2,,true
ad3a8a716fea7f0251663b040f28b3b27ec72b440fcffef181a5b2d3af0d8c74,0,"Answer: 3

Most grounded: statement 3 — The image shows a person pouring a liquid from a teapot into a cup, which strongly suggests that the beverage being prepared is tea.
Less grounded: statement 1 — There is no visual evidence in the image to support the idea that the beverage being prepared is hot chocolate.
Least grounded: statement 2 — The image does not provide any visual evidence to support the idea that the beverage being prepared is coffee.",false
ad3a8a716fea7f0251663b040f28b3b27ec72b440fcffef181a5b2d3af0d8c74,1,,false
ad3a8a716fea7f0251663b040f28b3b27ec72b440fcffef181a5b2d3af0d8c74,2,,true
dbac647dc77367ed928664c1e1fc1f72ed357da489dcb0be344132a2b1144ea3,0,"Answer: 1

Most grounded: statement 1 — The signage at Gare Casa Voyageurs uses Arabic and French. The image clearly shows the signage with both Arabic and French text.
Less grounded: statement 2 — The signage at Gare Casa Voyageurs uses Arabic and English. There is no visible English text on the signage in the image.
Least grounded: statement 3 — The signage at Gare Casa Voyageurs uses French and Spanish. There is no visible Spanish text on the signage in the image.",true
dbac647dc77367ed928664c1e1fc1f72ed357da489dcb0be344132a2b1144ea3,1,,false
dbac647dc77367ed928664c1e1fc1f72ed357da489dcb0be344132a2b1144ea3,2,,false
73fd8f243bcf461d051f07873182747d56220df25bf492f035fa5db64d113b5e,0,"Answer: 1

Most grounded: statement 1 — The rock depicted in the image has a reddish-brown color and a coarse-grained texture, which are characteristic features of granite. Granite is known for its interlocking crystals and can often appear in these colors.

Less grounded: statement 2 — Basalt is typically dark in color and has a fine-grained texture, which does not match the reddish-brown color and coarse texture seen in the image.

Least grounded: statement 3 — Sandstone generally has a more uniform and fine-grained texture, and while it can come in various colors, it is less likely to have the distinct reddish-brown color and coarse texture observed in the image.",true
73fd8f243bcf461d051f07873182747d56220df25bf492f035fa5db64d113b5e,1,,false
73fd8f243bcf461d051f07873182747d56220df25bf492f035fa5db64d113b5e,2,,false
d4b168cf24a39c0253f20ffe08d17d689e23f29fabc8d29e31f481f1a363e5df,0,"Answer: 1

Most grounded: statement 1 — The image shows a traditional Moroccan tagine pot, which is commonly used for slow cooking stews. The design and structure of the pot are consistent with those used for this purpose.

Less grounded: statement 2 — The image does not provide any visual evidence that the tagine pot is used for serving tea. While tagines can be used for serving tea, this is not their primary use.

Least grounded: statement 3 — The image does not provide any visual evidence that the tagine pot is used for baking bread. While tagines can be used for baking, this is not their primary use, and the design of the pot is more suited for stews and slow cooking.",true
d4b168cf24a39c0253f20ffe08d17d689e23f29fabc8d29e31f481f1a363e5df,1,,false
d4b168cf24a39c0253f20ffe08d17d689e23f29fabc8d29e31f481f1a363e5df,2,,false
472b01378e6d356e47da6b8a1fc73608678a3b4e7ba25b1998daa705265337f8,0,"Answer: 2

Most grounded: statement 2 — The platform shown in the image is elevated and has people standing on it, suggesting it is a place for sightseeing and enjoying panoramic views.
Less grounded: statement 1 — There is no visible musical equipment or stage setup that would indicate the platform is used for live musical performances.
Least grounded: statement 3 — There is no hot air balloon or any equipment related to hot air balloons visible in the image, making this statement unsupported.",false
472b01378e6d356e47da6b8a1fc73608678a3b4e7ba25b1998daa705265337f8,1,,true
472b01378e6d356e47da6b8a1fc73608678a3b4e7ba25b1998daa705265337f8,2,,false
d597111f88ae34f80fa23fdec6f6b90b28edad5bab3b40340c5fa75d44ac9084,0,"Answer: 2

Most grounded: statement 2 — The architecture shown in the image, with its white-washed walls and arched doorways, is characteristic of traditional North African architecture, particularly in regions like Morocco or Tunisia.

Less grounded: statement 1 — The architecture does not strongly suggest East Asian influences. While East Asian architecture can also feature white walls, the specific style of the arched doorways and the overall design are more indicative of North African architecture.

Least grounded: statement 3 — The architecture shown in the image is not associated with Scandinavia. Scandinavian architecture often features different design elements, such as steep roofs and extensive use of wood, which are not present in this image.",false
d597111f88ae34f80fa23fdec6f6b90b28edad5bab3b40340c5fa75d44ac9084,1,,true
d597111f88ae34f80fa23fdec6f6b90b28edad5bab3b40340c5fa75d44ac9084,2,,false
15871c7d9d4dae5aab98b0639a957de55d38c16d559c8295e0f0c36ef40431bc,0,"Answer: 2

Most grounded: statement 2 — A serene lake surrounded by mountains is prominently visible in the background of the Canadian flag in the image. The image clearly shows a serene lake with mountains in the background, which strongly supports this statement.

Less grounded: statement 1 — A dense urban cityscape is prominently visible in the background of the Canadian flag in the image. The evidence for this statement is weak because the image does not show any urban cityscape in the background of the Canadian flag.

Least grounded: statement 3 — A desert with sand dunes is prominently visible in the background of the Canadian flag in the image. This statement is contradicted by the image, which shows a lake and mountains, not a desert with sand dunes.",false
15871c7d9d4dae5aab98b0639a957de55d38c16d559c8295e0f0c36ef40431bc,1,,true
15871c7d9d4dae5aab98b0639a957de55d38c16d559c8295e0f0c36ef40431bc,2,,false
c9f4d52aee146c5c1ee07722b49bec00f7895a72ecbe5086457f5136abab01dc,0,"Answer: 2

Most grounded: statement 2 — The image clearly shows a traditional dress that is predominantly blue.
Less grounded: statement 1 — There is no red color visible in the dress.
Least grounded: statement 3 — There is no green color visible in the dress.",false
c9f4d52aee146c5c1ee07722b49bec00f7895a72ecbe5086457f5136abab01dc,1,,true
c9f4d52aee146c5c1ee07722b49bec00f7895a72ecbe5086457f5136abab01dc,2,,false
f0b6c336575fcb24a5a9686df93a53b3d24e018beff806f419ddbac883a01517,0,"Answer: 1

Most grounded: statement 1 — The image clearly shows the aircraft with ""OMAN AIR"" written on it, which strongly supports this statement.
Less grounded: statement 2 — There is no visible branding or logo that indicates Qatar Airways.
Least grounded: statement 3 — The aircraft does not have any branding or logo that indicates Emirates.",true
f0b6c336575fcb24a5a9686df93a53b3d24e018beff806f419ddbac883a01517,1,,false
f0b6c336575fcb24a5a9686df93a53b3d24e018beff806f419ddbac883a01517,2,,false
1313b8eab411543044b44b2e330ff5b2c9db348468047bc457b4d109644562f5,0,"Answer: 2

Most grounded: statement 2 — The individuals are wearing traditional Balinese attire and headpieces, which are commonly used in Balinese dance performances. The setting by the poolside also suggests a cultural or ceremonial context rather than a casual gathering.

Less grounded: statement 1 — While the attire could be associated with religious pilgrimages, there is no direct evidence in the image that they are specifically preparing for a religious pilgrimage. The setting and attire are more indicative of a cultural performance.

Least grounded: statement 3 — The attire and headpieces are not typical for a casual poolside gathering, making this statement the least supported by the image.",false
1313b8eab411543044b44b2e330ff5b2c9db348468047bc457b4d109644562f5,1,,true
1313b8eab411543044b44b2e330ff5b2c9db348468047bc457b4d109644562f5,2,,false
aa563c2700e58fe7291af169390fb5a0e4ee23fd093a692e994d949d5e887328,0,"Answer: 1

Most grounded: statement 1 — The athletes on the podium are prominently displaying the flag of Bahrain. The flag is clearly visible in the image, with the red, white, and green colors and the emblem in the center.

Less grounded: statement 2 — The athletes on the podium are prominently displaying the flag of Oman. There is no visible flag of Oman in the image.

Least grounded: statement 3 — The athletes on the podium are prominently displaying the flag of Qatar. There is no visible flag of Qatar in the image.",true
aa563c2700e58fe7291af169390fb5a0e4ee23fd093a692e994d949d5e887328,1,,false
aa563c2700e58fe7291af169390fb5a0e4ee23fd093a692e994d949d5e887328,2,,false
2091623ee84e8a7eb347ea59d71884121b6dce29d94c50994296aa828060aa48,0,"Answer: 2

Most grounded: statement 2 — The image clearly shows a modern high school building with the name ""Muriel Williams Battle High School"" prominently displayed.
Less grounded: statement 1 — There is no visible glass dome structure in the image.
Least grounded: statement 3 — The image does not show any historical monument, only a modern high school building.",false
2091623ee84e8a7eb347ea59d71884121b6dce29d94c50994296aa828060aa48,1,,true
2091623ee84e8a7eb347ea59d71884121b6dce29d94c50994296aa828060aa48,2,,false
271907de2d807f9111bdbe4b8798a49da9756c4a360bdb58ce8abe4bf70dfa8c,0,"Answer: 3

Most grounded: statement 3 — [specific visual evidence]
- People are taking photos of the sea turtle, which indicates they are documenting a rare sighting.

Less grounded: statement 1 — [why the evidence is weak or absent]
- There is no clear evidence that the people are researching the turtle's habitat.

Least grounded: statement 2 — [why it is contradicted]
- There is no indication in the image that the people are preparing the turtle for relocation.",false
271907de2d807f9111bdbe4b8798a49da9756c4a360bdb58ce8abe4bf70dfa8c,1,,false
271907de2d807f9111bdbe4b8798a49da9756c4a360bdb58ce8abe4bf70dfa8c,2,,true
651d53b9c746a06872cf8305d7f7db62a9256f8c392520ef2588af892955c145,0,"Answer: 3

Most grounded: statement 3 — The books are casually arranged and appear to be of various genres, suggesting they are used for casual reading and entertainment.
Less grounded: statement 1 — There is no specific evidence in the image to suggest these books are used for scientific research and experimentation.
Least grounded: statement 2 — There is no evidence in the image to suggest these books are used for religious study and worship.",false
651d53b9c746a06872cf8305d7f7db62a9256f8c392520ef2588af892955c145,1,,false
651d53b9c746a06872cf8305d7f7db62a9256f8c392520ef2588af892955c145,2,,true
0dffdb6536b7ab3e20898d78ad5c33dc1e8442f0f0b5c26cf283e4483dbee61e,0,"Answer: 1

Most grounded: statement 1 — The image shows a woman with a needle in her arm and a blood bag connected to it, which strongly suggests a medical treatment facility.
Less grounded: statement 2 — There is no evidence in the image to suggest that this is a recreational center.
Least grounded: statement 3 — There is no evidence in the image to suggest that this is a classroom.",true
0dffdb6536b7ab3e20898d78ad5c33dc1e8442f0f0b5c26cf283e4483dbee61e,1,,false
0dffdb6536b7ab3e20898d78ad5c33dc1e8442f0f0b5c26cf283e4483dbee61e,2,,false
c3bf14f1fb01ec91bb6ced6b377dc55940c1cac3caa2d70acef68788b2285f62,0,"Answer: 1

Most grounded: statement 1 — A numismatist is a specialist in the study and authentication of coins, and the image shows a coin with Arabic script and a denomination, which is relevant to numismatics.
Less grounded: statement 2 — A cartographer studies maps and geographic information, which is not directly related to coins or numismatics.
Least grounded: statement 3 — A linguist studies languages, and while the Arabic script on the coin is relevant, linguists typically do not specialize in the study and authentication of coins.",true
c3bf14f1fb01ec91bb6ced6b377dc55940c1cac3caa2d70acef68788b2285f62,1,,false
c3bf14f1fb01ec91bb6ced6b377dc55940c1cac3caa2d70acef68788b2285f62,2,,false
c07f9e90a3144f7c18df49b37dc8202f4a0b984e97edca6e5358fde151ca96ed,0,"Answer: 1

Most grounded: statement 1 — The style of clothing seen in the image, with its embroidered patterns and headgear, is most closely associated with South Asian traditional attire, such as a sherwani or a kurta.

Less grounded: statement 2 — The style of clothing seen in the image does not resemble traditional Northern European clothing, which typically includes garments like kilts, tunics, and woolen hats.

Least grounded: statement 3 — The style of clothing seen in the image does not align with East African traditional attire, which often includes garments like the kanga or the dashiki, and headgear like the kufi.",true
c07f9e90a3144f7c18df49b37dc8202f4a0b984e97edca6e5358fde151ca96ed,1,,false
c07f9e90a3144f7c18df49b37dc8202f4a0b984e97edca6e5358fde151ca96ed,2,,false
b10b0c5e8478d9a278699d00bc5b9b97f955e2ba9d794c03b8d313104be1663f,0,"Answer: 1

Most grounded: statement 1 — The architectural features such as the arched windows and the style of the terracotta pots are characteristic of Middle Eastern architecture and pottery.

Less grounded: statement 2 — There is no evidence in the image that suggests South American architectural or pottery styles.

Least grounded: statement 3 — The architectural features and terracotta pots in the image do not resemble those typically found in Scandinavia.",true
b10b0c5e8478d9a278699d00bc5b9b97f955e2ba9d794c03b8d313104be1663f,1,,false
b10b0c5e8478d9a278699d00bc5b9b97f955e2ba9d794c03b8d313104be1663f,2,,false
8f811e9841e8ea7e2975849f45f870c756596a495102e30f659972eba2c883ec,0,"Answer: 2

Most grounded: statement 2 — The seating pods are designed with privacy and comfort in mind, as evidenced by the enclosed and padded design, which provides a personal space for passengers.

Less grounded: statement 1 — There is no visual evidence in the image that the pods are used for storing luggage. The design and placement do not suggest this purpose.

Least grounded: statement 3 — The image does not show any entertainment areas or screens within the pods, making it unlikely that they serve as entertainment areas for passengers.",false
8f811e9841e8ea7e2975849f45f870c756596a495102e30f659972eba2c883ec,1,,true
8f811e9841e8ea7e2975849f45f870c756596a495102e30f659972eba2c883ec,2,,false
e467bf0e9c964b55198e3da52b0c8ff7c40cda79c57fcc580cefd22716bdd69c,0,"Answer: 3

Most grounded: statement 3 — The image shows ancient stone ruins in a desert-like environment, which supports the idea that such ruins are commonly found in desert regions.
Less grounded: statement 1 — The image does not show a tropical rainforest environment, making this statement less supported by the visual evidence.
Least grounded: statement 2 — The image does not show an urban city center, making this statement the least supported by the visual evidence.",false
e467bf0e9c964b55198e3da52b0c8ff7c40cda79c57fcc580cefd22716bdd69c,1,,false
e467bf0e9c964b55198e3da52b0c8ff7c40cda79c57fcc580cefd22716bdd69c,2,,true
df32536a386778b3f719be2d6cb7a321d1628b6fa7ca4e2b4d5bb5db8299836c,0,"Answer: 3

Most grounded: statement 3 — The image shows terracotta pots, which are commonly used in many cultures to store water and grains. The design and shape of the pots are typical for such purposes.

Less grounded: statement 1 — There is no visual evidence in the image to suggest that terracotta pots are commonly used to store jewelry and clothing. This statement is less grounded because the image does not provide any direct evidence supporting this claim.

Least grounded: statement 2 — The image does not provide any visual evidence to support the claim that terracotta pots are commonly used to store books and papers. This statement is least grounded because there is no direct evidence in the image to support it.",false
df32536a386778b3f719be2d6cb7a321d1628b6fa7ca4e2b4d5bb5db8299836c,1,,false
df32536a386778b3f719be2d6cb7a321d1628b6fa7ca4e2b4d5bb5db8299836c,2,,true
0cd63bcb00b8bb70a566c04cb7568fa27c19bf70d17e3790e13c9b4bd9e2a500,0,"Answer: 1

Most grounded: statement 1 — The fortress appears to be made of mud or stone, as evidenced by its earthy, textured appearance and the visible layers of construction materials.
Less grounded: statement 2 — There is no visible evidence of wood in the construction of the fortress. The materials look more like mud or stone.
Least grounded: statement 3 — Concrete is not typically used in the construction of desert fortresses, which are usually made from locally available materials like mud or stone. The fortress's appearance does not suggest the use of concrete.",true
0cd63bcb00b8bb70a566c04cb7568fa27c19bf70d17e3790e13c9b4bd9e2a500,1,,false
0cd63bcb00b8bb70a566c04cb7568fa27c19bf70d17e3790e13c9b4bd9e2a500,2,,false
e1961f4c6e6dc1cb0dbf374737f16f9742b41afdcad778eb9e987b89cfa1d7c4,0,"Answer: 1

Most grounded: statement 1 — The texture and appearance of the basket suggest it is made of natural fibers, which is typical for woven baskets.
Less grounded: statement 2 — There is no visual evidence to suggest the basket is made of metal.
Least grounded: statement 3 — The basket does not have the smooth, uniform appearance typically associated with plastic.",true
e1961f4c6e6dc1cb0dbf374737f16f9742b41afdcad778eb9e987b89cfa1d7c4,1,,false
e1961f4c6e6dc1cb0dbf374737f16f9742b41afdcad778eb9e987b89cfa1d7c4,2,,false
8307dff2be6a333f6bed2ffad42585e5803f8f00004919e3ccc1d479794ac7d3,0,"Answer: 3

Most grounded: statement 3 — The image clearly shows the building with multiple arched doorways.
Less grounded: statement 1 — The image does not show any slanted roofs, only flat roofs.
Least grounded: statement 2 — The image does not show any domes, only arched doorways and a flat roof.",false
8307dff2be6a333f6bed2ffad42585e5803f8f00004919e3ccc1d479794ac7d3,1,,false
8307dff2be6a333f6bed2ffad42585e5803f8f00004919e3ccc1d479794ac7d3,2,,true
4303f9dc22cbd4d29ac1e39e469b96f907f01132cdfe19d61a05bfc1100c0232,0,"Answer: 2

Most grounded: statement 2 — The building is primarily made of stone and mud. The image shows a structure with a rough, uneven surface, which is characteristic of stone and mud constructions. The presence of large stones and the overall appearance of the building support this statement.

Less grounded: statement 1 — The building is primarily made of concrete and steel. There is no visible evidence of concrete or steel in the image. The structure appears to be made of natural materials rather than industrial ones.

Least grounded: statement 3 — The building is primarily made of wood and bricks. The image does not show any wooden elements or brickwork. The building's surface and materials are more consistent with stone and mud constructions rather than wood and bricks.",false
4303f9dc22cbd4d29ac1e39e469b96f907f01132cdfe19d61a05bfc1100c0232,1,,true
4303f9dc22cbd4d29ac1e39e469b96f907f01132cdfe19d61a05bfc1100c0232,2,,false
2e817ed5ccc4785dc4a3a7da426d5ab26d9067d72117c237efca06a6f524a2ab,0,"Answer: 1

Most grounded: statement 1 — The presence of flags, formal attire, and a handshake between two men in front of a doorway suggests a formal diplomatic meeting.
Less grounded: statement 2 — There is no indication of a fashion show, such as models or clothing displays.
Least grounded: statement 3 — There is no indication of a sports award ceremony, such as trophies or athletes.",true
2e817ed5ccc4785dc4a3a7da426d5ab26d9067d72117c237efca06a6f524a2ab,1,,false
2e817ed5ccc4785dc4a3a7da426d5ab26d9067d72117c237efca06a6f524a2ab,2,,false
da2514d67cfd89f8008d79092b00f89b8bc6d9278556761fd9e40bd9ad2f4e57,0,"Answer: 1

Most grounded: statement 1 — The dress has intricate embroidery and cultural patterns, which strongly supports this statement.
Less grounded: statement 2 — There are no metallic accents visible in the dress, making this statement less supported.
Least grounded: statement 3 — The dress is clearly not a business suit, making this statement contradicted by the image.",true
da2514d67cfd89f8008d79092b00f89b8bc6d9278556761fd9e40bd9ad2f4e57,1,,false
da2514d67cfd89f8008d79092b00f89b8bc6d9278556761fd9e40bd9ad2f4e57,2,,false
47be8b58f25f76e00d3ec008680bcb2cd815608114d170f65c421e423e083478,0,"Answer: 3

Most grounded: statement 3 — The crenellations are a clear visual evidence of a defensive structure, designed to provide cover for defenders while allowing them to fire upon attackers.

Less grounded: statement 1 — The image does not provide any evidence that the crenellations are purely for decoration. While it is possible, there is no clear indication that this is their primary purpose.

Least grounded: statement 2 — The image does not suggest that ventilation is a primary purpose of the crenellations. There is no visual evidence to support this claim, and it is unlikely given the historical context of fortifications.",false
47be8b58f25f76e00d3ec008680bcb2cd815608114d170f65c421e423e083478,1,,false
47be8b58f25f76e00d3ec008680bcb2cd815608114d170f65c421e423e083478,2,,true
9f9ffdf4de8b9316c6cc2a083e20013b35f1926d28cc5977a02713ff1f25a746,0,"Answer: 2

Most grounded: statement 2 — The image shows a person dressed in traditional Islamic attire, standing in a space with large windows and ornate columns, which are characteristic of a church setting. The presence of stained glass windows and the architectural style further support this.

Less grounded: statement 1 — While the image does show a person in traditional attire, the setting does not strongly resemble a museum. Museums often have more varied and diverse displays, and the architectural elements seen here are more indicative of a church.

Least grounded: statement 3 — The image does not provide any visual evidence that it is set in a library. Libraries typically have bookshelves filled with books, and the architectural style seen here does not match that of a library.",false
9f9ffdf4de8b9316c6cc2a083e20013b35f1926d28cc5977a02713ff1f25a746,1,,true
9f9ffdf4de8b9316c6cc2a083e20013b35f1926d28cc5977a02713ff1f25a746,2,,false
b9cf06abcb106a8ad8d31e454df899218a6c014ce018d888e74b5a084dd7fe4a,0,"Answer: 1

Most grounded: statement 1 — The omnidirectional treadmills are equipped with VR headsets and controllers, indicating their use for free movement in virtual reality games.
Less grounded: statement 2 — There is no evidence in the image to suggest that these treadmills are used for physical fitness during gaming.
Least grounded: statement 3 — The treadmills are clearly designed for physical activity and gaming, not for seating.",true
b9cf06abcb106a8ad8d31e454df899218a6c014ce018d888e74b5a084dd7fe4a,1,,false
b9cf06abcb106a8ad8d31e454df899218a6c014ce018d888e74b5a084dd7fe4a,2,,false
eb95bcfb2c949a836960baeeeb68d5aee8716f679217cb4a4c83707a45f860d5,0,"Answer: 2

Most grounded: statement 2 — The individuals are raising rifles in this image as part of a protest or demonstration. This is supported by the context of the image, which shows a group of people holding rifles and a flag, often indicative of a protest or demonstration.

Less grounded: statement 1 — The individuals are raising rifles in this image to celebrate a cultural event. While the rifles and traditional clothing suggest a cultural context, there is no clear indication that this is a celebration.

Least grounded: statement 3 — The individuals are raising rifles in this image in preparation for a sports competition. There is no evidence in the image to suggest that this is related to a sports competition.",false
eb95bcfb2c949a836960baeeeb68d5aee8716f679217cb4a4c83707a45f860d5,1,,true
eb95bcfb2c949a836960baeeeb68d5aee8716f679217cb4a4c83707a45f860d5,2,,false
a5ffe93c0ff6398bb717cb1aca18c1e1337876b2789956c80aae3c65d10195ba,0,"Answer: 1

Most grounded: statement 1 — The jug has a copper or brass-like appearance, which is supported by the color and sheen visible in the image.
Less grounded: statement 2 — There is no visual evidence in the image to suggest that the jug is made of silver.
Least grounded: statement 3 — The jug does not have the appearance or texture typically associated with ceramic, making this statement the least supported by the image.",true
a5ffe93c0ff6398bb717cb1aca18c1e1337876b2789956c80aae3c65d10195ba,1,,false
a5ffe93c0ff6398bb717cb1aca18c1e1337876b2789956c80aae3c65d10195ba,2,,false
122f752d2ca69550fdfa946dab718ed61564539839850c44a57b25dfcdb1ec89,0,"Answer: 1

Most grounded: statement 1 — The image shows a large, comfortable sofa with multiple pillows and rolled-up towels, suggesting a space designed for relaxation and comfort, typical of a spa or wellness center.

Less grounded: statement 2 — There is no evidence in the image to suggest that this space is used for business conferences. The lack of a table, chairs, or any formal setup makes this statement less grounded.

Least grounded: statement 3 — The image does not show any dining tables, chairs, or any other elements typically associated with a formal dining area. The presence of a sofa and relaxation items strongly contradicts this statement.",true
122f752d2ca69550fdfa946dab718ed61564539839850c44a57b25dfcdb1ec89,1,,false
122f752d2ca69550fdfa946dab718ed61564539839850c44a57b25dfcdb1ec89,2,,false
f2eb95c464ed84f0c64c2e9f3c5f13b1a5fdb094c2c87b619840fc9a62b9560e,0,"Answer: 3

Most grounded: statement 3 — A fisherman is most closely associated with the use of the blue boat seen on the beach in this image. The blue boat is commonly used by fishermen for navigating coastal waters and fishing.

Less grounded: statement 1 — A mountain guide is most closely associated with the use of the blue boat seen on the beach in this image. There is no visual evidence in the image that suggests a mountain guide is associated with the boat.

Least grounded: statement 2 — A construction worker is most closely associated with the use of the blue boat seen on the beach in this image. The image does not provide any evidence that a construction worker is associated with the blue boat.",false
f2eb95c464ed84f0c64c2e9f3c5f13b1a5fdb094c2c87b619840fc9a62b9560e,1,,false
f2eb95c464ed84f0c64c2e9f3c5f13b1a5fdb094c2c87b619840fc9a62b9560e,2,,true
8dca531dbce3a22a749a7c4946e3f0df308b05db2e9fc2e4a75efd004494abe6,0,"Answer: 1

Most grounded: statement 1 — The word ""OPERAN"" is clearly visible on the building, indicating that it is an opera house.
Less grounded: statement 2 — There is no clear evidence in the image to suggest that the building is a library.
Least grounded: statement 3 — There is no clear evidence in the image to suggest that the building is a museum.",true
8dca531dbce3a22a749a7c4946e3f0df308b05db2e9fc2e4a75efd004494abe6,1,,false
8dca531dbce3a22a749a7c4946e3f0df308b05db2e9fc2e4a75efd004494abe6,2,,false
2a423bdeb63cd24df92f76889e8bff6236baa1361f8faf42f36753730bdbaf2b,0,"Answer: 1

Most grounded: statement 1 — The person is sitting on the sand, which strongly supports the idea that they are relaxing.
Less grounded: statement 2 — There is no clear evidence that the person is climbing the dune, as they are sitting rather than ascending.
Least grounded: statement 3 — There is no indication that the person is preparing for sandboarding, as they are simply sitting on the dune.",true
2a423bdeb63cd24df92f76889e8bff6236baa1361f8faf42f36753730bdbaf2b,1,,false
2a423bdeb63cd24df92f76889e8bff6236baa1361f8faf42f36753730bdbaf2b,2,,false
9d02a19bbe8cc5a6eeff5147df30509b86f1bac44c333d147ee798090b0d24bd,0,"Answer: 1

Most grounded: statement 1 — The image shows a visually appealing presentation with a smoke dome on the cocktail glasses, which supports the idea that the primary purpose is to create an attractive visual effect.
Less grounded: statement 2 — There is no evidence in the image to suggest that the smoke dome enhances the flavor of the drink.
Least grounded: statement 3 — The image does not provide any evidence that the smoke dome is used to keep the drink cold.",true
9d02a19bbe8cc5a6eeff5147df30509b86f1bac44c333d147ee798090b0d24bd,1,,false
9d02a19bbe8cc5a6eeff5147df30509b86f1bac44c333d147ee798090b0d24bd,2,,false
7d2b79d132823b8010464afdc0d8a7db4ea83460a6432f184324b07c8af45ad7,0,"Answer: 2

Most grounded: statement 2 — The image clearly shows sand dunes, which are characteristic of a desert environment. The undulating patterns and the color of the sand are typical of desert landscapes.

Less grounded: statement 1 — There is no evidence of snow or mountains in the image. The environment depicted is arid and sandy, not icy and mountainous.

Least grounded: statement 3 — The image does not show any features associated with a tropical rainforest, such as dense vegetation, lush greenery, or a humid atmosphere. The environment is dry and sandy, which is the opposite of a rainforest.",false
7d2b79d132823b8010464afdc0d8a7db4ea83460a6432f184324b07c8af45ad7,1,,true
7d2b79d132823b8010464afdc0d8a7db4ea83460a6432f184324b07c8af45ad7,2,,false
4f4d81517d7ee2346145f1f9cf07c63be52ebdf94fdf6fcf4565b0932047aaaf,0,"Answer: 3

Most grounded: statement 3 — The woman is wearing a headset and appears to be in a setting that could be associated with a gaming event or show. The headset is commonly used in gaming environments, and the overall ambiance suggests a tech or gaming-related event.

Less grounded: statement 1 — While the text 'NIGHT WIRE' could be associated with a news broadcast, there is no clear visual evidence in the image that directly supports this interpretation. The context is more likely related to gaming or technology.

Least grounded: statement 2 — There is no visual evidence in the image that suggests a music concert. The presence of the headset and the woman's expression do not align with typical concert settings.",false
4f4d81517d7ee2346145f1f9cf07c63be52ebdf94fdf6fcf4565b0932047aaaf,1,,false
4f4d81517d7ee2346145f1f9cf07c63be52ebdf94fdf6fcf4565b0932047aaaf,2,,true
f5a08c5aa47d9f9c4cad2956c40d84f9c45390f9305a5199f1e279f1942491fc,0,"Answer: 2

Most grounded: statement 2 — The garment is predominantly black, with red and other colors used for decorative patterns.
Less grounded: statement 1 — While red is a prominent color in the patterns, it is not the primary color of the garment.
Least grounded: statement 3 — There is no evidence of blue in the garment, making this statement false.",false
f5a08c5aa47d9f9c4cad2956c40d84f9c45390f9305a5199f1e279f1942491fc,1,,true
f5a08c5aa47d9f9c4cad2956c40d84f9c45390f9305a5199f1e279f1942491fc,2,,false
9b2ed3bc636fa4782a9c86fe94b9a69969590bea033b217fa2fe7acefb4806f6,0,"Answer: 1

Most grounded: statement 1 — The Dome of the Rock is prominently visible in the Temple Mount photograph from 1898. The image clearly shows the Dome of the Rock in the center of the photograph.

Less grounded: statement 2 — The Church of the Holy Sepulchre is not prominently visible in the Temple Mount photograph from 1898. The photograph focuses on the Dome of the Rock and does not clearly show the Church of the Holy Sepulchre.

Least grounded: statement 3 — The Western Wall is not prominently visible in the Temple Mount photograph from 1898. The photograph does not show the Western Wall, which is located on the right side of the Temple Mount complex.",true
9b2ed3bc636fa4782a9c86fe94b9a69969590bea033b217fa2fe7acefb4806f6,1,,false
9b2ed3bc636fa4782a9c86fe94b9a69969590bea033b217fa2fe7acefb4806f6,2,,false
6d63fdf22861f4859527657306e13d4eab0222da2563bda142410d564545dc0c,0,"Answer: 2

Most grounded: statement 2 — The building labeled 'QUERCUS' and 'ARP' is an office or corporate building. This is strongly supported by the presence of multiple floors, numerous windows, and the signage indicating a corporate name.

Less grounded: statement 1 — The building labeled 'QUERCUS' and 'ARP' is a residential apartment complex. The evidence is weak because there are no visible features such as balconies or residential entrances that would typically indicate an apartment complex.

Least grounded: statement 3 — The building labeled 'QUERCUS' and 'ARP' is a shopping mall. This is contradicted by the lack of visible retail signage or entrance features that would typically indicate a shopping mall.",false
6d63fdf22861f4859527657306e13d4eab0222da2563bda142410d564545dc0c,1,,true
6d63fdf22861f4859527657306e13d4eab0222da2563bda142410d564545dc0c,2,,false
b8513cdf9719b2e6c83aeceaae1d3dc8f37711fd18d2b58731bca64b2684af57,0,"Answer: 3

Most grounded: statement 3 — The image shows a medical procedure taking place in a tent-like structure, which is indicative of an emergency or temporary medical setting.
Less grounded: statement 2 — There is no clear evidence of a hospital room environment, such as hospital beds or standard medical equipment.
Least grounded: statement 1 — The setting does not resemble a pharmacy, which typically has a different layout and environment.",false
b8513cdf9719b2e6c83aeceaae1d3dc8f37711fd18d2b58731bca64b2684af57,1,,false
b8513cdf9719b2e6c83aeceaae1d3dc8f37711fd18d2b58731bca64b2684af57,2,,true
a0b57786384396d5e4cfb122c657477422616c9e0b1613ee153c87157eef95ad,0,"Answer: 2

Most grounded: statement 2 — The image shows a soap with the label ""Nablus"" which strongly suggests that the soap is from Nablus, a region known for its olive oil production. Therefore, it is reasonable to infer that Nablus soap is traditionally made using olive oil.

Less grounded: statement 1 — While palm oil is a common ingredient in many soaps, there is no direct evidence in the image to support the use of palm oil specifically in Nablus soap.

Least grounded: statement 3 — There is no evidence in the image to suggest that coconut oil is used in Nablus soap.",false
a0b57786384396d5e4cfb122c657477422616c9e0b1613ee153c87157eef95ad,1,,true
a0b57786384396d5e4cfb122c657477422616c9e0b1613ee153c87157eef95ad,2,,false
63c4fa592916c49b082f5c19fa15aaecf6454485d1578086dcbf07cc3926aaaf,0,"Answer: 1

Most grounded: statement 1 — The image clearly shows a bottle labeled ""HiBAR. SOLID SHAMPOO,"" indicating that solid shampoo is visible.
Less grounded: statement 2 — There is no visual evidence of toothpaste in the image, making this statement less grounded.
Least grounded: statement 3 — The image shows wool dryer balls, which contradicts the statement that they are not visible.",true
63c4fa592916c49b082f5c19fa15aaecf6454485d1578086dcbf07cc3926aaaf,1,,false
63c4fa592916c49b082f5c19fa15aaecf6454485d1578086dcbf07cc3926aaaf,2,,false
28e2b8ead0d749ff66a2b5a8a3acccbd1348a5eec5a4e4dd202a3fb4540131f4,0,"Answer: 1

Most grounded: statement 1 — The sun is low on the horizon, which typically indicates morning or evening. The lighting is soft and diffused, which is common during the early morning or late evening hours.

Less grounded: statement 2 — The position and lighting of the sun do not support this statement. The sun's position is too low for it to be the afternoon.

Least grounded: statement 3 — The image does not provide enough evidence to definitively conclude that it is sunset. While the sun is low, the exact time of day cannot be determined without additional context.",true
28e2b8ead0d749ff66a2b5a8a3acccbd1348a5eec5a4e4dd202a3fb4540131f4,1,,false
28e2b8ead0d749ff66a2b5a8a3acccbd1348a5eec5a4e4dd202a3fb4540131f4,2,,false
dccf8d188975ee269b7598ca8317513f23bb669e2fe67d27738c3417db149f8e,0,"Answer: 2

Most grounded: statement 2 — The flag in the background has a red, white, and black color scheme, which is characteristic of the Jordanian flag.
Less grounded: statement 1 — The United Arab Emirates flag typically has a green, white, black, and red color scheme, which is not represented in the image.
Least grounded: statement 3 — The flag of Palestine typically has a green, white, black, and red color scheme, which is not represented in the image.",false
dccf8d188975ee269b7598ca8317513f23bb669e2fe67d27738c3417db149f8e,1,,true
dccf8d188975ee269b7598ca8317513f23bb669e2fe67d27738c3417db149f8e,2,,false
e9ad5a1956dc1ec172cea80a02ec1280943e385d5cd8996ac9d44ba13e344a6d,0,"Answer: 3

Most grounded: statement 3 — The image shows multiple gaming setups with monitors, keyboards, and gaming chairs, indicating that the space is used for hosting esports tournaments.

Less grounded: statement 1 — There is no evidence in the image to suggest that the space is used for office meetings. The setup is more suited for gaming rather than a professional office environment.

Least grounded: statement 2 — The image does not show any art exhibitions or displays. The focus is entirely on gaming setups, making this statement the least supported by the image.",false
e9ad5a1956dc1ec172cea80a02ec1280943e385d5cd8996ac9d44ba13e344a6d,1,,false
e9ad5a1956dc1ec172cea80a02ec1280943e385d5cd8996ac9d44ba13e344a6d,2,,true
b5dfb06be5f689953b1d6eccfd49dc1b96b2854a5fac03c72a08477790430a96,0,"Answer: 1

Most grounded: statement 1 — The image shows a group of students and staff wearing uniforms, which suggests a school setting. The presence of adults and the organized nature of the gathering support the idea of an educational event.

Less grounded: statement 2 — There is no clear evidence of sports equipment or activities in the image, making this less likely.

Least grounded: statement 3 — There is no indication of protest or demonstration in the image, making this the least supported statement.",true
b5dfb06be5f689953b1d6eccfd49dc1b96b2854a5fac03c72a08477790430a96,1,,false
b5dfb06be5f689953b1d6eccfd49dc1b96b2854a5fac03c72a08477790430a96,2,,false
0a8891aa1329a8c55ebfee1b098f47540f40176e23c855d1fb53aa48162d2457,0,"Answer: 3

Most grounded: statement 3 — The image shows a crowd of people wearing red caps and uniforms, gathered near a religious site with a Christmas tree, indicating a Christmas celebration.
Less grounded: statement 1 — There is no clear evidence of a political rally taking place, as the crowd seems to be more uniformly dressed and organized.
Least grounded: statement 2 — There is no evidence of a military parade, as the crowd is not in formation or displaying military equipment.",false
0a8891aa1329a8c55ebfee1b098f47540f40176e23c855d1fb53aa48162d2457,1,,false
0a8891aa1329a8c55ebfee1b098f47540f40176e23c855d1fb53aa48162d2457,2,,true
e7ddde6c7e4d5f85cc5b667bdf5cdd07e9f422ad16a7059fe17a12357d705f7e,0,"Answer: 1

Most grounded: statement 1 — The Star of David is clearly visible on the flag in the image, representing Judaism and Jewish identity.
Less grounded: statement 2 — While the Star of David does symbolize peace and unity, this is not explicitly depicted in the image.
Least grounded: statement 3 — This statement is contradicted by the presence of the Star of David on the flag, which has a specific meaning.",true
e7ddde6c7e4d5f85cc5b667bdf5cdd07e9f422ad16a7059fe17a12357d705f7e,1,,false
e7ddde6c7e4d5f85cc5b667bdf5cdd07e9f422ad16a7059fe17a12357d705f7e,2,,false
5cd6b2cb0c17580da11f38f22447f4f0841ddc06773b69478e68ed08a000908a,0,"Answer: 2

Most grounded: statement 2 — The gradient colors of the sunset sky contribute most to the ambiance of this outdoor dining setting. The image shows a beautiful sunset with a gradient of colors, which creates a serene and romantic atmosphere for the dining area.

Less grounded: statement 1 — The tall city buildings in the background contribute most to the ambiance of this outdoor dining setting. The image does not show any tall city buildings in the background, so this statement is not supported by the visual evidence.

Least grounded: statement 3 — The presence of sports equipment contributes most to the ambiance of this outdoor dining setting. The image does not show any sports equipment, so this statement is contradicted by the visual evidence.",false
5cd6b2cb0c17580da11f38f22447f4f0841ddc06773b69478e68ed08a000908a,1,,true
5cd6b2cb0c17580da11f38f22447f4f0841ddc06773b69478e68ed08a000908a,2,,false
09fe2909fd5f095ae05fdabd1939beead6ffa8db51157f07e5e9eb37ca4d0fa1,0,"Answer: 2

Most grounded: statement 2 — The mural in the background of the image features an abstract and colorful design. The mural is clearly visible and shows a variety of abstract shapes and vibrant colors, which strongly supports this statement.

Less grounded: statement 1 — The mural in the background of the image features a historical painting. There is no clear evidence in the image that the mural is a historical painting, as it appears more abstract and colorful.

Least grounded: statement 3 — The mural in the background of the image features minimalist geometric shapes. The mural does not clearly show minimalist geometric shapes, as it appears more abstract and colorful rather than minimalist.",false
09fe2909fd5f095ae05fdabd1939beead6ffa8db51157f07e5e9eb37ca4d0fa1,1,,true
09fe2909fd5f095ae05fdabd1939beead6ffa8db51157f07e5e9eb37ca4d0fa1,2,,false
4af9a07aff7759bb3bc0ff9ce1eb613b95c1c1a354487622c731ecd4c174eae4,0,"Answer: 1

Most grounded: statement 1 — The crucifix appears to be made of wood and metal, as evidenced by the visible wood grain and metal components.
Less grounded: statement 2 — There is no evidence of plastic or glass materials in the image.
Least grounded: statement 3 — The crucifix does not appear to be made of stone or ceramic, as there is no indication of these materials in the image.",true
4af9a07aff7759bb3bc0ff9ce1eb613b95c1c1a354487622c731ecd4c174eae4,1,,false
4af9a07aff7759bb3bc0ff9ce1eb613b95c1c1a354487622c731ecd4c174eae4,2,,false
34e68cb39b33220621fc39a8dbaaae0150262b02de045dab8516c34908a61005,0,"Answer: 1

Most grounded: statement 1 — The scene is likely located in a Middle Eastern city.
- Specific visual evidence: The architecture of the buildings, the style of the minaret, and the general urban layout are characteristic of Middle Eastern cities.

Less grounded: statement 2 — The scene is likely located in a European city.
- Why the evidence is weak or absent: While some European cities have similar architectural styles, the specific minaret and overall urban design are more indicative of a Middle Eastern city.

Least grounded: statement 3 — The scene is likely located in a South American city.
- Why it is contradicted: The architectural style and the presence of a minaret are not typical of South American cities, making this statement the least supported by the image.",true
34e68cb39b33220621fc39a8dbaaae0150262b02de045dab8516c34908a61005,1,,false
34e68cb39b33220621fc39a8dbaaae0150262b02de045dab8516c34908a61005,2,,false
3dc6730a21a436da006081244906771f6a7e58e471fde3349a88ea07150c0ece,0,"Answer: 1

Most grounded: statement 1 — The image shows a group of people performing a dance that appears to be Arabic, as indicated by the text ""BEST SURPRISE FLASH MOB ARABIC DANCE"" and the attire of the performers, which includes traditional Arabic clothing.

Less grounded: statement 2 — There is no visual evidence in the image to suggest that the dance performance is related to Western ballet. The attire and style of the dance do not resemble ballet.

Least grounded: statement 3 — The image does not provide any visual evidence to support the claim that the dance performance is related to Indian classical dance. The attire and style of the dance do not resemble Indian classical dance.",true
3dc6730a21a436da006081244906771f6a7e58e471fde3349a88ea07150c0ece,1,,false
3dc6730a21a436da006081244906771f6a7e58e471fde3349a88ea07150c0ece,2,,false
7b1c3cfcfb14efc917cb493837052fa06b1297a72a8c1c5220eae5df73312d01,0,"Answer: 1

Most grounded: statement 1 — The bouquet held by the person includes orange roses and white flowers. This is directly supported by the image, where the bouquet clearly contains orange roses and white flowers.

Less grounded: statement 2 — The bouquet held by the person includes pink carnations and lavender. The evidence for this statement is weak because there are no visible pink carnations or lavender in the bouquet.

Least grounded: statement 3 — The bouquet held by the person includes red tulips and yellow daisies. This statement is contradicted by the image, as there are no red tulips or yellow daisies visible in the bouquet.",true
7b1c3cfcfb14efc917cb493837052fa06b1297a72a8c1c5220eae5df73312d01,1,,false
7b1c3cfcfb14efc917cb493837052fa06b1297a72a8c1c5220eae5df73312d01,2,,false
9bc56a33ed0006f7034a9b56be06e58ac8c8ee214611268364fdd10ed7bacd11,0,"Answer: 3

Most grounded: statement 3 — The sign clearly reads ""Old City Pharmacy,"" which strongly suggests that the building is a pharmacy.
Less grounded: statement 2 — There is no clear evidence that the building is residential; it could be a pharmacy or another type of establishment.
Least grounded: statement 1 — The sign indicates it is a pharmacy, not a restaurant, so this statement is contradicted by the signage.",false
9bc56a33ed0006f7034a9b56be06e58ac8c8ee214611268364fdd10ed7bacd11,1,,false
9bc56a33ed0006f7034a9b56be06e58ac8c8ee214611268364fdd10ed7bacd11,2,,true
d420ebb7925086882bc394b4763871b0039ef1db091adb2e14028b50b1dbc364,0,"Answer: 1

Most grounded: statement 1 — Stone walls and domes are clearly visible in the image, supporting this statement.
Less grounded: statement 2 — There is no evidence of glass panels or steel beams in the image.
Least grounded: statement 3 — The image does not show any wooden structures or thatched roofs.",true
d420ebb7925086882bc394b4763871b0039ef1db091adb2e14028b50b1dbc364,1,,false
d420ebb7925086882bc394b4763871b0039ef1db091adb2e14028b50b1dbc364,2,,false
bb2bf3a692d94989c4072f90246e5d9c6bf5f44c8d7f6d3adb869eccaca99b03,0,"Answer: 2

Most grounded: statement 2 — The screened porch is a common feature in cabins designed to provide an outdoor space free from insects, allowing occupants to enjoy the outdoors without being bothered by bugs.
Less grounded: statement 1 — While the screened porch may serve a decorative purpose, the primary function is to protect from insects, as indicated by the design and context.
Least grounded: statement 3 — There is no visual evidence in the image to suggest that the screened porch is used for storage.",false
bb2bf3a692d94989c4072f90246e5d9c6bf5f44c8d7f6d3adb869eccaca99b03,1,,true
bb2bf3a692d94989c4072f90246e5d9c6bf5f44c8d7f6d3adb869eccaca99b03,2,,false
f6934f8de9cb64ff3639e46e8b44b2549754aa674b5671d74f6ddd70e724284f,0,"Answer: 1

Most grounded: statement 1 — The food items shown, such as the rice dish and the salad, are common in Middle Eastern cuisine.
Less grounded: statement 2 — There is no evidence in the image to suggest Italian cuisine, as the food items are not typical of Italian dishes.
Least grounded: statement 3 — The food items shown do not resemble typical Mexican cuisine, making this statement the least supported by the image.",true
f6934f8de9cb64ff3639e46e8b44b2549754aa674b5671d74f6ddd70e724284f,1,,false
f6934f8de9cb64ff3639e46e8b44b2549754aa674b5671d74f6ddd70e724284f,2,,false
36746a766496ac85da822d8954982f261c1efc97bb1d8ec26e723a0b864324dc,0,"Answer: 3

Most grounded: statement 3 — The stacked stones are part of an ancient dwelling or structure. The image shows a formation that appears to be deliberately stacked, which is characteristic of ancient dwellings or structures.

Less grounded: statement 1 — The stacked stones are naturally formed by erosion. The evidence is weak because the formation looks too deliberate and structured for natural erosion.

Least grounded: statement 2 — The stacked stones are a modern art installation. The evidence is absent because there is no indication of modern materials or human intervention in the image.",false
36746a766496ac85da822d8954982f261c1efc97bb1d8ec26e723a0b864324dc,1,,false
36746a766496ac85da822d8954982f261c1efc97bb1d8ec26e723a0b864324dc,2,,true
75137521cfa7da02e3c1fbe6781272109c71c2a8b9395aa58094fa8e446fe209,0,"Answer: 2

Most grounded: statement 2 — The planter in the image is made of woven natural fibers. This is evident as the texture and appearance of the planter clearly show a woven pattern, which is characteristic of natural fiber materials.

Less grounded: statement 1 — The planter in the image is made of metal. This statement is less grounded because there is no visual evidence of metal in the planter's construction. The texture and appearance do not match that of metal.

Least grounded: statement 3 — The planter in the image is made of plastic. This statement is least grounded because there is no visual evidence of plastic in the planter's construction. The texture and appearance do not match that of plastic.",false
75137521cfa7da02e3c1fbe6781272109c71c2a8b9395aa58094fa8e446fe209,1,,true
75137521cfa7da02e3c1fbe6781272109c71c2a8b9395aa58094fa8e446fe209,2,,false
3329d973bbe7104e2f633eece86ffd1f2c1b7bb05f4355a9f5a6aa9e3176f191,0,"Answer: 2

Most grounded: statement 2 — The handles of the handbag are made from wood. This is evident as the handles have a natural, wooden appearance with visible grain and texture.

Less grounded: statement 1 — The handles of the handbag are made from metal. There is no visual evidence in the image to support this statement, as metal handles would not have the natural texture and appearance seen in the image.

Least grounded: statement 3 — The handles of the handbag are made from plastic. This statement is contradicted by the visual evidence, as plastic handles would not have the natural, wooden appearance seen in the image.",false
3329d973bbe7104e2f633eece86ffd1f2c1b7bb05f4355a9f5a6aa9e3176f191,1,,true
3329d973bbe7104e2f633eece86ffd1f2c1b7bb05f4355a9f5a6aa9e3176f191,2,,false
d29bbbf0c52ccecc47a37cc07cc4ae855f44ff4c612e609f2670a6cbd5afd9b6,0,"Answer: 2

Most grounded: statement 2 — The script in the image resembles Hebrew script, which is characterized by its right-to-left writing direction and specific letterforms.

Less grounded: statement 1 — While Greek and Hebrew scripts can be similar in appearance, Greek typically has a more rounded and less angular appearance compared to the script in the image.

Least grounded: statement 3 — Latin script is written left-to-right, which is not consistent with the right-to-left writing direction of the script in the image.",false
d29bbbf0c52ccecc47a37cc07cc4ae855f44ff4c612e609f2670a6cbd5afd9b6,1,,true
d29bbbf0c52ccecc47a37cc07cc4ae855f44ff4c612e609f2670a6cbd5afd9b6,2,,false
14e6efea3eac5ff92178bba9dcd00378ffd780cb0445a1a81df7dbef9e667a26,0,"Answer: 3

Most grounded: statement 3 — The image shows a large number of trees that appear to be olive trees, which are commonly found in Mediterranean agricultural landscapes.

Less grounded: statement 2 — There are no visible pine trees in the image, as the trees shown are not the typical conical shape associated with pine trees.

Least grounded: statement 1 — The trees in the image do not resemble palm trees, which typically have a different shape and are not commonly found in this type of agricultural landscape.",false
14e6efea3eac5ff92178bba9dcd00378ffd780cb0445a1a81df7dbef9e667a26,1,,false
14e6efea3eac5ff92178bba9dcd00378ffd780cb0445a1a81df7dbef9e667a26,2,,true
1335e0592fa2a0a8a3a32a34d205df1a9071db99d9e637734c3732a32d017555,0,"Answer: 1

Most grounded: statement 1 — The fort's location along the coastline and its robust construction suggest it was intended for defense against naval attacks.
Less grounded: statement 2 — There is no visible evidence in the image to suggest the fort was used as a storage facility for trade goods.
Least grounded: statement 3 — The fort's current state and the absence of any modern tourist infrastructure suggest it is not primarily intended as a tourist attraction.",true
1335e0592fa2a0a8a3a32a34d205df1a9071db99d9e637734c3732a32d017555,1,,false
1335e0592fa2a0a8a3a32a34d205df1a9071db99d9e637734c3732a32d017555,2,,false
977cfea717bac9e874cffd295341223d8faae55d66eeefb333ac9c10b621ba23,0,"Answer: 2

Most grounded: statement 2 — The image shows individuals practicing golf swings on artificial turf mats, which strongly supports the idea that the facility is used for practicing golf swings.

Less grounded: statement 1 — There is no visible evidence of tennis equipment or courts in the image, making this statement less grounded.

Least grounded: statement 3 — The image does not show any football equipment or fields, making this statement the least grounded.",false
977cfea717bac9e874cffd295341223d8faae55d66eeefb333ac9c10b621ba23,1,,true
977cfea717bac9e874cffd295341223d8faae55d66eeefb333ac9c10b621ba23,2,,false
06c36a70dc8535a9316c1cb3a26003c141d02cc0a39a26b52089bc33f1416586,0,"Answer: 1

Most grounded: statement 1 — The image clearly shows sand dunes illuminated under a starry sky.
Less grounded: statement 2 — There is no cityscape or lights visible in the image.
Least grounded: statement 3 — There is no dense forest visible in the image.",true
06c36a70dc8535a9316c1cb3a26003c141d02cc0a39a26b52089bc33f1416586,1,,false
06c36a70dc8535a9316c1cb3a26003c141d02cc0a39a26b52089bc33f1416586,2,,false
5577cc59b56fa5692b2a1e51d2aaee52d73a6550ebfec2d55249a96bb8b3a60b,0,"Answer: 2

Most grounded: statement 2 — The dish shown in the image is Biryani. The presence of rice, meat, and spices, along with the specific arrangement and presentation, strongly suggest that this is a Biryani dish.
Less grounded: statement 1 — The dish shown in the image is Paella. While the rice and meat are similar to those found in Paella, the specific ingredients and presentation do not strongly indicate that this is a Paella dish.
Least grounded: statement 3 — The dish shown in the image is Risotto. Risotto typically has a creamy texture and is often served in a different manner compared to the rice and meat presented in the image.",false
5577cc59b56fa5692b2a1e51d2aaee52d73a6550ebfec2d55249a96bb8b3a60b,1,,true
5577cc59b56fa5692b2a1e51d2aaee52d73a6550ebfec2d55249a96bb8b3a60b,2,,false
e7964d23045b0cd421bcf387c86a8b2b073f553c5492c8fe7ecceff6bd96699e,0,"Answer: 2

Most grounded: statement 2 — The red carpet is laid out in a manner that suggests it is designated as a prayer area for worshippers, as it is centrally located and unobstructed.
Less grounded: statement 1 — There is no direct evidence in the image that the red carpet is specifically designed to reduce noise.
Least grounded: statement 3 — While the red carpet does enhance the visual appeal, the primary function is not explicitly indicated in the image as being for visual appeal alone.",false
e7964d23045b0cd421bcf387c86a8b2b073f553c5492c8fe7ecceff6bd96699e,1,,true
e7964d23045b0cd421bcf387c86a8b2b073f553c5492c8fe7ecceff6bd96699e,2,,false
87541278eafea5178d69886a36f37e2bef5a9613add380dc054040c7ae0b327f,0,"Answer: 3

Most grounded: statement 3 — The image shows the large golden thumb sculpture in an outdoor plaza surrounded by traditional buildings.
Less grounded: statement 1 — There is no evidence in the image to suggest that the sculpture is located on a busy street intersection.
Least grounded: statement 2 — There is no evidence in the image to suggest that the sculpture is located inside a museum setting.",false
87541278eafea5178d69886a36f37e2bef5a9613add380dc054040c7ae0b327f,1,,false
87541278eafea5178d69886a36f37e2bef5a9613add380dc054040c7ae0b327f,2,,true
58923b56fdd28e58025099068541a8b59b4846ea58bde6b95db925f41fceaa07,0,"Answer: 1

Most grounded: statement 1 — The image shows people seated at tables with umbrellas, which strongly suggests outdoor dining.
Less grounded: statement 2 — There is no visible evidence of a cultural performance taking place, such as a stage or performers.
Least grounded: statement 3 — There is no indication of a market or shopping activity, such as stalls or people browsing goods.",true
58923b56fdd28e58025099068541a8b59b4846ea58bde6b95db925f41fceaa07,1,,false
58923b56fdd28e58025099068541a8b59b4846ea58bde6b95db925f41fceaa07,2,,false
45b58277ea3e68d85193c0816f5cb484dd20e3896e86a7c43cb0a8d2c75e1682,0,"Answer: 3

Most grounded: statement 3 — The circular platform is clearly marked with a helicopter, indicating it is a helicopter landing pad.
Less grounded: statement 1 — There is no visible signage or structure that indicates it is a rooftop restaurant.
Least grounded: statement 2 — There is no visible water or pool structure that indicates it is a swimming pool.",false
45b58277ea3e68d85193c0816f5cb484dd20e3896e86a7c43cb0a8d2c75e1682,1,,false
45b58277ea3e68d85193c0816f5cb484dd20e3896e86a7c43cb0a8d2c75e1682,2,,true
cda242553d0ba9f1813b5d1a7e3810d8d0134e4784a4da3d240c426235d9e2d6,0,"Answer: 2

Most grounded: statement 2 — The dhow boat in the image is made entirely of wood and showcases traditional craftsmanship. The boat's wooden structure and traditional design are clearly visible in the image.

Less grounded: statement 1 — The image does not provide any evidence of advanced engines or modern technologies being used in the dhow boat. The presence of ropes and traditional design elements suggest it relies on traditional methods.

Least grounded: statement 3 — The image does not provide any evidence that the dhow boat is designed for high-speed racing. The boat appears to be stationary and does not have any racing-specific features.",false
cda242553d0ba9f1813b5d1a7e3810d8d0134e4784a4da3d240c426235d9e2d6,1,,true
cda242553d0ba9f1813b5d1a7e3810d8d0134e4784a4da3d240c426235d9e2d6,2,,false
3d398b623d455f0195413a2b961cd229ca06709d31239ac9ed7f4fd4991eef62,0,"Answer: 1

Most grounded: statement 1 — The colorful building facades are most likely intended to enhance aesthetic appeal. The vibrant colors and modern design of the building facades suggest an emphasis on visual appeal, which is a common architectural practice to make structures more attractive and engaging.

Less grounded: statement 2 — The colorful building facades are most likely intended to reduce heat absorption. While colorful facades can sometimes help reduce heat absorption by reflecting sunlight, there is no direct evidence in the image to support this claim. The facades appear to be more focused on aesthetics rather than heat reduction.

Least grounded: statement 3 — The colorful building facades are most likely intended to provide structural support. There is no visual evidence in the image to suggest that the colorful facades are designed for structural support. Structural support is typically achieved through the use of materials and designs that are not primarily aesthetic in nature.",true
3d398b623d455f0195413a2b961cd229ca06709d31239ac9ed7f4fd4991eef62,1,,false
3d398b623d455f0195413a2b961cd229ca06709d31239ac9ed7f4fd4991eef62,2,,false
7db71561f1dbb62ed2cf6bfaf1d41c49368ef795eebf4f10ce062430b7b9f895,0,"Answer: 3

Most grounded: statement 3 — The image shows traditional dhows with sails, which are commonly used for sailing races. The presence of multiple boats and the arrangement suggest a competitive event rather than leisure or fishing.

Less grounded: statement 1 — There is no clear evidence of fishing activities such as nets or fishermen. The boats are more likely to be used for sailing rather than fishing.

Least grounded: statement 2 — The image does not show any leisure activities typical of a boat ride, such as people relaxing or enjoying the scenery. The boats are actively sailing, indicating a more competitive or ceremonial activity.",false
7db71561f1dbb62ed2cf6bfaf1d41c49368ef795eebf4f10ce062430b7b9f895,1,,false
7db71561f1dbb62ed2cf6bfaf1d41c49368ef795eebf4f10ce062430b7b9f895,2,,true
504f1d7203d2b9358ea756410c3aa40b37fa86b10114e337eff7519ed7e80dd9,0,"Answer: 3

Most grounded: statement 3 — The traditional dhow boat in the image appears to be a fishing and trading vessel, as it is equipped with multiple masts and rigging, which are typical for such boats used in these activities.

Less grounded: statement 1 — There is no visual evidence in the image to suggest that the dhow boat is used for military operations. The image does not show any military equipment or personnel.

Least grounded: statement 2 — The image does not provide any evidence that the dhow boat is used for luxury cruises. There are no signs of luxury amenities or passenger facilities visible on the boat.",false
504f1d7203d2b9358ea756410c3aa40b37fa86b10114e337eff7519ed7e80dd9,1,,false
504f1d7203d2b9358ea756410c3aa40b37fa86b10114e337eff7519ed7e80dd9,2,,true
5d855e7ffd6a9d99385d14ef078cabd01e2ccccbfc243656bd69b75b841b6be2,0,"Answer: 2

Most grounded: statement 2 — The image shows a stadium filled with people, many of whom are wearing sports jerseys and casual clothing, suggesting that they are attending a sports event. The presence of red seats and the overall atmosphere of a large gathering also support this interpretation.

Less grounded: statement 1 — While there are people wearing casual clothing and some holding items that could be related to a music concert, there is no clear evidence of musical instruments, stage setup, or any specific indicators that a music concert is taking place.

Least grounded: statement 3 — There is no visual evidence in the image that suggests a political rally is taking place. The crowd appears to be diverse and not uniformly dressed in a manner that would indicate a political gathering.",false
5d855e7ffd6a9d99385d14ef078cabd01e2ccccbfc243656bd69b75b841b6be2,1,,true
5d855e7ffd6a9d99385d14ef078cabd01e2ccccbfc243656bd69b75b841b6be2,2,,false
ecd6cc45aff64746aa989788fbc92b63d54c1575232b30a5d15edfc530cccac3,0,"Answer: 1

Most grounded: statement 1 — The exhibit showcases religious artifacts and scriptures, such as the scrolls and ancient objects displayed.
Less grounded: statement 2 — There is no evidence of modern art pieces in the image.
Least grounded: statement 3 — The image does not show any scientific instruments, only religious artifacts.",true
ecd6cc45aff64746aa989788fbc92b63d54c1575232b30a5d15edfc530cccac3,1,,false
ecd6cc45aff64746aa989788fbc92b63d54c1575232b30a5d15edfc530cccac3,2,,false
5b71bbf20182b6d949477f3614318e05e59d56f1cf91eb1808fd47ec3652cc69,0,"Answer: 1

Most grounded: statement 1 — The sculpture is clearly an abstract form with elements resembling Arabic calligraphy, as evidenced by the intricate, flowing lines and shapes that are characteristic of Arabic script.

Less grounded: statement 2 — There is no evidence in the image to suggest that the sculpture is a stone statue depicting a historical figure. The abstract nature of the sculpture makes it unlikely to be a depiction of a person.

Least grounded: statement 3 — The sculpture is not wooden and does not resemble a musical instrument. The image clearly shows a metallic structure, not a wooden installation.",true
5b71bbf20182b6d949477f3614318e05e59d56f1cf91eb1808fd47ec3652cc69,1,,false
5b71bbf20182b6d949477f3614318e05e59d56f1cf91eb1808fd47ec3652cc69,2,,false
a93ce30da83648067b73e70527ff9dd5ce4565d94ced5b45b23bb69d5c634f92,0,"Answer: 1

Most grounded: statement 1 — The image shows buildings with traditional Middle Eastern stone architecture, characterized by their stone facades and ornate details.
Less grounded: statement 2 — There is no evidence of Victorian-style architecture in the image, which is typically characterized by ornate facades and large windows, often seen in Western architecture.
Least grounded: statement 3 — The image does not show any modern glass architecture, which is characterized by large, transparent windows and sleek, minimalist designs.",true
a93ce30da83648067b73e70527ff9dd5ce4565d94ced5b45b23bb69d5c634f92,1,,false
a93ce30da83648067b73e70527ff9dd5ce4565d94ced5b45b23bb69d5c634f92,2,,false
515cec218ca2944d0ea49ebdb05d56dd40fe6212fba0008844465f48fa6bfc28,0,"Answer: 1

Most grounded: statement 1 — The sculpture features abstract shapes and forms that resemble Arabic calligraphy, with intricate curves and lines that are characteristic of this art form.
Less grounded: statement 2 — There is no evidence in the image that suggests the sculpture represents African wood carving, as the shapes and forms do not resemble traditional African carvings.
Least grounded: statement 3 — The sculpture does not resemble Japanese origami, which typically involves paper folding into intricate shapes. The forms in the sculpture are too complex and three-dimensional to be associated with origami.",true
515cec218ca2944d0ea49ebdb05d56dd40fe6212fba0008844465f48fa6bfc28,1,,false
515cec218ca2944d0ea49ebdb05d56dd40fe6212fba0008844465f48fa6bfc28,2,,false
734044ecb95d9f104b61e778b785049006a35fcc6a8b6b6991db1708a86467a3,0,"Answer: 2

Most grounded: statement 2 — The image shows a building with interlocking disc shapes, which is characteristic of the Guggenheim Museum Bilbao's architecture inspired by the desert rose.
Less grounded: statement 1 — The Louvre Abu Dhabi is known for its architecture inspired by the desert rose and features interlocking disc shapes, but the image does not provide specific visual evidence of this.
Least grounded: statement 3 — The National Museum of Qatar is known for its architecture inspired by the desert rose and features interlocking disc shapes, but the image does not provide specific visual evidence of this.",false
734044ecb95d9f104b61e778b785049006a35fcc6a8b6b6991db1708a86467a3,1,,true
734044ecb95d9f104b61e778b785049006a35fcc6a8b6b6991db1708a86467a3,2,,false
b21820e5ac32afe5d568380b20010b2d2b041f61cddf119d89d413f1d8978072,0,"Answer: 3

Most grounded: statement 3 — The image clearly shows Spider-Man and Iron Man prominently featured in the wall art on the left side of the gaming cafe.
Less grounded: statement 1 — There is no evidence of Batman or Superman in the wall art.
Least grounded: statement 2 — There is no evidence of Thor or Hulk in the wall art.",false
b21820e5ac32afe5d568380b20010b2d2b041f61cddf119d89d413f1d8978072,1,,false
b21820e5ac32afe5d568380b20010b2d2b041f61cddf119d89d413f1d8978072,2,,true
b4e0d22b37c3aa6cda0e692208b111d25f56e11e4ee59e5d5c4cacdb0fae6f07,0,"Answer: 3

Most grounded: statement 3 — The image depicts a desert with sedimentary rock formations. The image shows a large, white sedimentary rock formation in a desert environment, which strongly supports this statement.

Less grounded: statement 1 — The image depicts a coastal cliff. While the rock formation could be found along a coast, the surrounding environment is a desert, not a coastal area. This statement is less strongly supported by the image.

Least grounded: statement 2 — The image depicts a forested mountain range. The image shows a desert environment with no visible vegetation or mountain ranges, making this statement the least supported by the image.",false
b4e0d22b37c3aa6cda0e692208b111d25f56e11e4ee59e5d5c4cacdb0fae6f07,1,,false
b4e0d22b37c3aa6cda0e692208b111d25f56e11e4ee59e5d5c4cacdb0fae6f07,2,,true
841801281a0fdfbf869099ad2228e592a62349c4bbdf772b6798e40b9c537f05,0,"Answer: 2

Most grounded: statement 2 — The image shows a logo with the letters ""DAZN"" which is associated with a sports streaming service that covers various sports, including boxing.
Less grounded: statement 1 — While DAZN covers MMA, the image does not specifically depict MMA-related imagery.
Least grounded: statement 3 — There is no direct evidence in the image to suggest that the sport depicted is wrestling.",false
841801281a0fdfbf869099ad2228e592a62349c4bbdf772b6798e40b9c537f05,1,,true
841801281a0fdfbf869099ad2228e592a62349c4bbdf772b6798e40b9c537f05,2,,false
1ffddf3a6d0845ef11b4770bdcb950f589b04ccf490152e84c0f31bfe3812f29,0,"Answer: 1

Most grounded: statement 1 — The signboard displays Arabic calligraphy, which is commonly used to display sacred texts or spiritual messages in Islamic architecture.
Less grounded: statement 2 — There is no direct evidence in the image that the signboard serves as a directional guide for visitors.
Least grounded: statement 3 — The signboard does not indicate the entrance to a marketplace; it is purely decorative with calligraphy.",true
1ffddf3a6d0845ef11b4770bdcb950f589b04ccf490152e84c0f31bfe3812f29,1,,false
1ffddf3a6d0845ef11b4770bdcb950f589b04ccf490152e84c0f31bfe3812f29,2,,false
5552ca02fc9726322cb39361e72325e422411e104673ebb616498f137877c551,0,"Answer: 1

Most grounded: statement 1 — The ornate lanterns are commonly used during Ramadan, especially in the Arab world, to illuminate the streets and homes during the night.
Less grounded: statement 2 — There is no direct association between Christmas and ornate lanterns in the Arab world.
Least grounded: statement 3 — Diwali is primarily celebrated in India and other parts of South Asia, and while lanterns are part of the celebration, they are not as strongly associated with Diwali in the Arab world as they are with Ramadan.",true
5552ca02fc9726322cb39361e72325e422411e104673ebb616498f137877c551,1,,false
5552ca02fc9726322cb39361e72325e422411e104673ebb616498f137877c551,2,,false
0ce75b901a6c60bda24eb425e876f020dea77ea2a3ec6b7ae80bd9c78a1f2b46,0,"Answer: 2

Most grounded: statement 2 — The building depicted in the image has architectural features typical of historic monasteries, such as the dome and arched windows.
Less grounded: statement 1 — There is no clear evidence that the building is a modern museum, as it does not have the typical features of a museum, such as large glass windows or modern signage.
Least grounded: statement 3 — The building does not have the typical features of a medieval castle, such as thick stone walls, battlements, or a moat.",false
0ce75b901a6c60bda24eb425e876f020dea77ea2a3ec6b7ae80bd9c78a1f2b46,1,,true
0ce75b901a6c60bda24eb425e876f020dea77ea2a3ec6b7ae80bd9c78a1f2b46,2,,false
9305bb3647a16addd7ebc99c808f2f5cef48af4a48775bc885ca23a4e20060ec,0,"Answer: 2

Most grounded: statement 2 — The wooden podium with microphones in the foreground suggests that the space is used for public speeches or religious sermons. The presence of a podium and microphones is commonly associated with public speaking events, including religious sermons.

Less grounded: statement 1 — The evidence is weak or absent because there is no indication of musical performance equipment or setup in the image.

Least grounded: statement 3 — The evidence is contradicted because there is no indication of a market stall or goods being sold in the image.",false
9305bb3647a16addd7ebc99c808f2f5cef48af4a48775bc885ca23a4e20060ec,1,,true
9305bb3647a16addd7ebc99c808f2f5cef48af4a48775bc885ca23a4e20060ec,2,,false
d390bce021e187e3ea9a54f24b586673cecd31353c60146dcfa76f363b6ffafd,0,"Answer: 1

Most grounded: statement 1 — People are seen jogging and walking along the paved pathway, which strongly supports this statement.
Less grounded: statement 2 — There is no evidence of cycling races happening along the pathway.
Least grounded: statement 3 — There is no evidence of fishing competitions happening along the pathway.",true
d390bce021e187e3ea9a54f24b586673cecd31353c60146dcfa76f363b6ffafd,1,,false
d390bce021e187e3ea9a54f24b586673cecd31353c60146dcfa76f363b6ffafd,2,,false
f5923b613425908d1762bee076ba7023a7ef76a7c0b25201f779d99208396a75,0,"Answer: 2

Most grounded: statement 2 — The café predominantly features chairs with colorful patterned upholstery for seating. This is evident from the numerous chairs visible in the image, all of which have colorful and patterned upholstery.

Less grounded: statement 1 — The café predominantly features metal stools for seating. The evidence for this statement is weak because there are no metal stools visible in the image.

Least grounded: statement 3 — The café predominantly features wooden benches for seating. This statement is contradicted by the image, which shows no wooden benches but rather chairs and tables.",false
f5923b613425908d1762bee076ba7023a7ef76a7c0b25201f779d99208396a75,1,,true
f5923b613425908d1762bee076ba7023a7ef76a7c0b25201f779d99208396a75,2,,false
6c5aa79d0797a37eb1eb5b175565bc24a787d8f8f11ade429a6858e524abd640,0,"Answer: 1

Most grounded: statement 1 — The image shows a train on a track, which strongly supports the depiction of an automated train system.
Less grounded: statement 3 — The image shows the train on an elevated track, which suggests it is not underground, making this statement less grounded.
Least grounded: statement 2 — There is no visible cable system or any indication of a cable car system in the image, making this statement the least grounded.",true
6c5aa79d0797a37eb1eb5b175565bc24a787d8f8f11ade429a6858e524abd640,1,,false
6c5aa79d0797a37eb1eb5b175565bc24a787d8f8f11ade429a6858e524abd640,2,,false
f33660d26463e55f45c6ec239ec12520a626eb4dd4edc178a5c5bd2eae104ea8,0,"Answer: 1

Most grounded: statement 1 — A traditional wooden dhow is docked by the shore in the image. The dhow is clearly visible in the foreground, docked along the waterfront.
Less grounded: statement 2 — A modern yacht is docked by the shore in the image. There is no visible evidence of a modern yacht in the image.
Least grounded: statement 3 — A fishing trawler is docked by the shore in the image. The image does not show any fishing trawler; it only shows a traditional wooden dhow.",true
f33660d26463e55f45c6ec239ec12520a626eb4dd4edc178a5c5bd2eae104ea8,1,,false
f33660d26463e55f45c6ec239ec12520a626eb4dd4edc178a5c5bd2eae104ea8,2,,false
f56157039ac4ae1f02bcc670974abb2b7c55861388dd63e331d62211362cc645,0,"Answer: 1

Most grounded: statement 1 — The central painting in the gallery is indeed a colorful abstract work featuring stylized human figures and a detailed background. The vibrant colors and abstract style are clearly visible.

Less grounded: statement 2 — The evidence is weak or absent because the painting is not monochrome and has significant detail, which contradicts the statement.

Least grounded: statement 3 — The statement is contradicted because the painting is not a realistic portrait of a single individual but rather an abstract work with multiple figures.",true
f56157039ac4ae1f02bcc670974abb2b7c55861388dd63e331d62211362cc645,1,,false
f56157039ac4ae1f02bcc670974abb2b7c55861388dd63e331d62211362cc645,2,,false
7414d2cbe73a8c258ec24483aff81cf2141cbd85c092017e8559d9ec1455e9d5,0,"Answer: 3

Most grounded: statement 3 — The room has exposed beams, concrete floors, and large windows, which are characteristic of an industrial-style setting.
Less grounded: statement 2 — There is minimal decoration, but the room's raw and unfinished elements lean more towards industrial rather than minimalist.
Least grounded: statement 1 — The room does not have the ornate and decorative elements typical of Victorian-style rooms.",false
7414d2cbe73a8c258ec24483aff81cf2141cbd85c092017e8559d9ec1455e9d5,1,,false
7414d2cbe73a8c258ec24483aff81cf2141cbd85c092017e8559d9ec1455e9d5,2,,true
1fca5455a9bc0144853d07fbb9bf91c6bd3bf4dcae9ac3f7d169c1eb3ad5d642,0,"Answer: 3

Most grounded: statement 3 — The image shows a railing and the edge of a boat, which strongly suggests that the image depicts a boat.
Less grounded: statement 1 — The image does not show any tracks or wheels that would indicate a train.
Least grounded: statement 2 — The image does not show any wings or windows that would indicate an airplane.",false
1fca5455a9bc0144853d07fbb9bf91c6bd3bf4dcae9ac3f7d169c1eb3ad5d642,1,,false
1fca5455a9bc0144853d07fbb9bf91c6bd3bf4dcae9ac3f7d169c1eb3ad5d642,2,,true
da01de58b9eb98475e60bbbcc120520e8007cfc6d48004b913a945d86be19f41,0,"Answer: 2

Most grounded: statement 2 — The image shows a red carpet laid out for a procession, with people walking on it, indicating its primary function is to guide people in a procession.
Less grounded: statement 1 — While the red carpet does provide a soft surface, this is not its primary function, which is more clearly depicted in the image.
Least grounded: statement 3 — The image does not provide any evidence that the red carpet is there to add color to the room's decor.",false
da01de58b9eb98475e60bbbcc120520e8007cfc6d48004b913a945d86be19f41,1,,true
da01de58b9eb98475e60bbbcc120520e8007cfc6d48004b913a945d86be19f41,2,,false
12f9128f8ffc520cfe180ed5a8546145805adfb93d0e4610baa75c9fb2f82f70,0,"Answer: 3

Most grounded: statement 3 — The image shows camels being used for transportation and carrying goods, as evidenced by the presence of saddles and harnesses on the camels, and the individuals interacting with them.
Less grounded: statement 1 — There is no visual evidence in the image to support the use of camels for guarding property.
Least grounded: statement 2 — There is no evidence in the image to suggest that camels are used for racing in organized sports.",false
12f9128f8ffc520cfe180ed5a8546145805adfb93d0e4610baa75c9fb2f82f70,1,,false
12f9128f8ffc520cfe180ed5a8546145805adfb93d0e4610baa75c9fb2f82f70,2,,true
bc41823c33193898b0b0661b0b2c9d8475dd17293e79ef40b1b9d2915c321708,0,"Answer: 1

Most grounded: statement 1 — The image shows a large crowd of people gathered around the Kaaba, which is the focal point of the Hajj pilgrimage. The presence of numerous pilgrims in traditional attire and the large number of people gathered around the Kaaba strongly support this statement.

Less grounded: statement 2 — The image does not show a mosque or a prayer hall, which are typical venues for Friday prayer gatherings. The architecture and the specific location depicted in the image strongly suggest that this is not a regular Friday prayer gathering.

Least grounded: statement 3 — The image does not show any evidence of the Kaaba's cloth covering being replaced. The Kiswa replacement is a specific and relatively short event, and there is no indication in the image that this is taking place.",true
bc41823c33193898b0b0661b0b2c9d8475dd17293e79ef40b1b9d2915c321708,1,,false
bc41823c33193898b0b0661b0b2c9d8475dd17293e79ef40b1b9d2915c321708,2,,false
ef6a7c5b7782e4cca6367aa7dae0f6dc1fb210c9d36f9e1cd94933639a48050b,0,"Answer: 2

Most grounded: statement 2 — The image shows a large, ornate space with architectural elements typical of a mosque, such as the dome and arches, which are commonly used for religious gatherings and prayers.

Less grounded: statement 1 — There is no evidence in the image to suggest that the space is used as a marketplace. The absence of stalls, goods, or people engaged in commerce makes this statement less grounded.

Least grounded: statement 3 — The image does not show any art exhibitions or displays. The focus is on the architectural and religious elements, making this statement the least grounded.",false
ef6a7c5b7782e4cca6367aa7dae0f6dc1fb210c9d36f9e1cd94933639a48050b,1,,true
ef6a7c5b7782e4cca6367aa7dae0f6dc1fb210c9d36f9e1cd94933639a48050b,2,,false
341ba0dbec8b2080e3222ac00c54d32afa3e5f1114fcc0e1348b8b2a71179c3f,0,"Answer: 1

Most grounded: statement 1 — The dish in the image includes rice and meat, which are common in Indian cuisine. The presence of a yogurt-based side dish and a tomato-based side dish also aligns with Indian culinary traditions.

Less grounded: statement 2 — There is no evidence in the image that the dish belongs to Japanese cuisine. Japanese cuisine typically features different ingredients and presentation styles, which are not present here.

Least grounded: statement 3 — The dish in the image does not resemble any typical Italian cuisine. Italian dishes often include pasta, pizza, or other specific ingredients that are not visible in this image.",true
341ba0dbec8b2080e3222ac00c54d32afa3e5f1114fcc0e1348b8b2a71179c3f,1,,false
341ba0dbec8b2080e3222ac00c54d32afa3e5f1114fcc0e1348b8b2a71179c3f,2,,false
4836a89f12bca1d7053e5ea0408e86e5e6b670eb5ec40e33d6fc678d199f8fbd,0,"Answer: 2

Most grounded: statement 2 — The image shows mud-brick architecture and palm trees, which are typical of the Middle East.
Less grounded: statement 1 — South America is not known for mud-brick architecture and palm trees, so this statement is less supported by the image.
Least grounded: statement 3 — Scandinavia is not known for mud-brick architecture and palm trees, so this statement is contradicted by the image.",false
4836a89f12bca1d7053e5ea0408e86e5e6b670eb5ec40e33d6fc678d199f8fbd,1,,true
4836a89f12bca1d7053e5ea0408e86e5e6b670eb5ec40e33d6fc678d199f8fbd,2,,false
22ec4a987fcc96e513e9504376b7739a40dd1cfafd92967bc87629d08abf6803,0,"Answer: 2

Most grounded: statement 2 — The image shows a large crowd of people performing a ritual around the Kaaba, which is characteristic of the Tawaf, a fundamental Islamic pilgrimage ritual performed during Hajj and Umrah.

Less grounded: statement 1 — While Salah is a prayer performed in Islam, the image does not specifically show people performing the prayer around the Kaaba. The Tawaf is more identifiable as a continuous movement around the Kaaba.

Least grounded: statement 3 — Zakat is a form of almsgiving in Islam, and there is no visual evidence in the image to support that this ritual is being performed around the Kaaba.",false
22ec4a987fcc96e513e9504376b7739a40dd1cfafd92967bc87629d08abf6803,1,,true
22ec4a987fcc96e513e9504376b7739a40dd1cfafd92967bc87629d08abf6803,2,,false
2206b28c4b0e34d224639b28a8e3a5c28f446eac06e463b0fed095f7b03d6819,0,"Answer: 3

Most grounded: statement 3 — The golden ornament, which includes Arabic calligraphy, adds cultural significance to the arrangement. The calligraphy and design elements are indicative of traditional Arabic art and culture.

Less grounded: statement 2 — The evidence for the golden ornament providing structural support is weak. There is no clear indication that the ornament is holding or supporting any part of the arrangement.

Least grounded: statement 1 — The evidence for the golden ornament serving as a lighting element is absent. There is no indication that the ornament is illuminated or used to light up the arrangement.",false
2206b28c4b0e34d224639b28a8e3a5c28f446eac06e463b0fed095f7b03d6819,1,,false
2206b28c4b0e34d224639b28a8e3a5c28f446eac06e463b0fed095f7b03d6819,2,,true
4f4f5fdeeea2f66c197138e9e675bfead96977069846e12796bdd5a659a50e73,0,"Answer: 3

Most grounded: statement 3 — The bracelet of the wristwatch is made of stainless steel. This is strongly supported by the visual evidence of the metallic and reflective appearance of the bracelet.

Less grounded: statement 1 — The bracelet of the wristwatch is made of leather. This is less supported because there is no visual evidence of leather material, and the bracelet appears to be metallic.

Least grounded: statement 2 — The bracelet of the wristwatch is made of plastic. This is least supported because the bracelet does not have the appearance of plastic, and it is more likely to be made of stainless steel.",false
4f4f5fdeeea2f66c197138e9e675bfead96977069846e12796bdd5a659a50e73,1,,false
4f4f5fdeeea2f66c197138e9e675bfead96977069846e12796bdd5a659a50e73,2,,true
9c38cba22aa3b9b9e4d01b28091f5b5daa657aafd70976f5cbe55abf72b938f1,0,"Answer: 2

Most grounded: statement 2 — The image depicts an airport terminal. The presence of escalators, the architectural design, and the overall layout are typical of an airport terminal.
Less grounded: statement 1 — The image depicts a train station. While the escalators and architectural design could be found in a train station, the specific elements such as the large open space and the presence of what appears to be a check-in area are more indicative of an airport terminal.
Least grounded: statement 3 — The image depicts a bus station. The architectural design and layout do not strongly suggest a bus station. The presence of escalators and the large open space are more characteristic of an airport terminal rather than a bus station.",false
9c38cba22aa3b9b9e4d01b28091f5b5daa657aafd70976f5cbe55abf72b938f1,1,,true
9c38cba22aa3b9b9e4d01b28091f5b5daa657aafd70976f5cbe55abf72b938f1,2,,false
6d65c38313ad5110ff07dc021203ddcdf877c54d169b2595ffea2ce497f1c9db,0,"Answer: 3

Most grounded: statement 3 — The image shows what appears to be stuffed dates with pistachios on top, which is visually consistent with this description.
Less grounded: statement 1 — The image does not show chocolate truffles, which are typically small, round, and smooth in appearance, whereas the items in the image are more elongated and have a more textured appearance.
Least grounded: statement 2 — The image does not show a fruit salad, which typically consists of various fruits cut into pieces and mixed together, whereas the items in the image are whole and not mixed.",false
6d65c38313ad5110ff07dc021203ddcdf877c54d169b2595ffea2ce497f1c9db,1,,false
6d65c38313ad5110ff07dc021203ddcdf877c54d169b2595ffea2ce497f1c9db,2,,true
25183efc69b18c7a1e2e17d60a62784edd12b3b910b5c168d7b271a6f8777c7a,0,"Answer: 3

Most grounded: statement 3 — The site shown in the image is most closely associated with the Hajj pilgrimage. The image depicts the Kaaba, which is the focal point of the Hajj pilgrimage in Islam.

Less grounded: statement 1 — The evidence is weak because the site is not primarily associated with Christian baptism. The Kaaba is a sacred site in Islam, not Christianity.

Least grounded: statement 2 — The evidence is absent because the site is not related to Buddhist meditation. The Kaaba is a significant site in Islam, not Buddhism.",false
25183efc69b18c7a1e2e17d60a62784edd12b3b910b5c168d7b271a6f8777c7a,1,,false
25183efc69b18c7a1e2e17d60a62784edd12b3b910b5c168d7b271a6f8777c7a,2,,true
aac74723d8ae9f8cf08bc13f9e8e9b315f0504a1ca10a1b6f75c01a7502ebd24,0,"Answer: 2

Most grounded: statement 2 — The image shows a large crowd, a stage with a prominent display of the ""ESPORTS WORLD CUP"" logo, and a group of people on stage, which strongly suggests an esports championship event.

Less grounded: statement 1 — The image does not show any musical instruments or performers, making it less likely to be a musical concert.

Least grounded: statement 3 — The image does not show any formal business attire or conference setup, making it least likely to be a formal business conference.",false
aac74723d8ae9f8cf08bc13f9e8e9b315f0504a1ca10a1b6f75c01a7502ebd24,1,,true
aac74723d8ae9f8cf08bc13f9e8e9b315f0504a1ca10a1b6f75c01a7502ebd24,2,,false
76f31011e3230675f33beb2026442f0e94f636bb2b1190410bd6175407571660,0,"Answer: 1

Most grounded: statement 1 — The image shows an outdoor farmers market with various fresh produce, indicating that the main purpose is to provide fresh produce to the community.
Less grounded: statement 2 — There is no evidence in the image to suggest that the market is hosting a cultural festival.
Least grounded: statement 3 — The image does not show any handmade crafts, so there is no evidence to support this statement.",true
76f31011e3230675f33beb2026442f0e94f636bb2b1190410bd6175407571660,1,,false
76f31011e3230675f33beb2026442f0e94f636bb2b1190410bd6175407571660,2,,false
387fcb0ab6031124337f598fbd13fd635d4307943f95e2b2be5fff3dc902e917,0,"Answer: 2

Most grounded: statement 2 — The mosque is situated on a rocky shoreline, as evidenced by the visible rocks surrounding the building and the proximity to the water.

Less grounded: statement 1 — While the mosque is in a desert region, the image does not provide explicit evidence of a desert environment. The presence of water and rocks suggests a coastal or semi-arid region rather than a pure desert.

Least grounded: statement 3 — The mosque is not located in a forested area. The image shows a clear view of the surrounding landscape, which includes rocks and water, but no trees or forested areas are visible.",false
387fcb0ab6031124337f598fbd13fd635d4307943f95e2b2be5fff3dc902e917,1,,true
387fcb0ab6031124337f598fbd13fd635d4307943f95e2b2be5fff3dc902e917,2,,false
9a267c7ae99096c9acb4274c57c78db18d6a51cbb4c3d70db1b03d8edda31f68,0,"Answer: 1

Most grounded: statement 1 — The stage, lighting, and large screen displaying text suggest a musical concert.
Less grounded: statement 2 — There is no visual evidence of a wedding ceremony, such as a bride and groom or wedding attire.
Least grounded: statement 3 — There is no visual evidence of a celebration for Saudi National Day, such as specific decorations or symbols related to the holiday.",true
9a267c7ae99096c9acb4274c57c78db18d6a51cbb4c3d70db1b03d8edda31f68,1,,false
9a267c7ae99096c9acb4274c57c78db18d6a51cbb4c3d70db1b03d8edda31f68,2,,false
75a2c118351401499f159f11ce5c1bbdf5fcfdd0d102310b20b9d0ebadeb2391,0,"Answer: 2

Most grounded: statement 2 — The image shows a vast tent city with numerous tents and people, which is characteristic of the Hajj pilgrimage in Mina, Saudi Arabia. The presence of the tent city and the large number of people are strong visual evidence supporting this statement.

Less grounded: statement 1 — The image does not provide any specific visual evidence to support the location being Dubai, UAE, or that it is used for a cultural festival. The tents and people could be in any location and for any event.

Least grounded: statement 3 — The image does not provide any visual evidence to support the location being Cairo, Egypt, or that it is used for a religious conference. The tents and people could be in any location and for any event.",false
75a2c118351401499f159f11ce5c1bbdf5fcfdd0d102310b20b9d0ebadeb2391,1,,true
75a2c118351401499f159f11ce5c1bbdf5fcfdd0d102310b20b9d0ebadeb2391,2,,false
5d77de1efc2f2eb9aa4c3bd9e6941af1ed864ee6410b31ff1c31a63a468456ed,0,"Answer: 2

Most grounded: statement 2 — The decorative object in the image has a visible wood grain texture, indicating it is most likely made of wood.
Less grounded: statement 1 — The image does not provide any visual evidence that the object is made of plastic.
Least grounded: statement 3 — The image does not provide any visual evidence that the object is made of metal.",false
5d77de1efc2f2eb9aa4c3bd9e6941af1ed864ee6410b31ff1c31a63a468456ed,1,,true
5d77de1efc2f2eb9aa4c3bd9e6941af1ed864ee6410b31ff1c31a63a468456ed,2,,false
920aef92030ba7a8e1376eb97b650eaaabd275eec84160cdef2dd09ac5734508,0,"Answer: 1

Most grounded: statement 1 — The mosque depicted in the image is Al-Masjid an-Nabawi in Medina. The image shows a mosque with a distinctive white color and multiple minarets, which are characteristic features of Al-Masjid an-Nabawi in Medina.

Less grounded: statement 2 — The mosque depicted in the image is the Blue Mosque in Istanbul. The Blue Mosque is known for its blue tiles and intricate interior design, which are not visible in the image.

Least grounded: statement 3 — The mosque depicted in the image is Sheikh Zayed Grand Mosque in Abu Dhabi. The Sheikh Zayed Grand Mosque is known for its large size and intricate geometric patterns, which are not visible in the image.",true
920aef92030ba7a8e1376eb97b650eaaabd275eec84160cdef2dd09ac5734508,1,,false
920aef92030ba7a8e1376eb97b650eaaabd275eec84160cdef2dd09ac5734508,2,,false
fd1fbb4b8a6c1b03c6e4750901821a04d462b950bd1616fe3ad86c9137f2f8ed,0,"Answer: 1

Most grounded: statement 1 — The image shows a fabric styled as a skirt, with a floral pattern and a waistband, which is typical of a skirt design.
Less grounded: statement 2 — There is no evidence in the image to suggest that the fabric is styled as a tablecloth. The shape and design do not resemble a tablecloth.
Least grounded: statement 3 — The fabric is not styled as a scarf. The presence of a waistband and the way the fabric is displayed on a mannequin suggest it is a skirt, not a scarf.",true
fd1fbb4b8a6c1b03c6e4750901821a04d462b950bd1616fe3ad86c9137f2f8ed,1,,false
fd1fbb4b8a6c1b03c6e4750901821a04d462b950bd1616fe3ad86c9137f2f8ed,2,,false
fb04c169f4bbdf83350c8ac6cfe3366122f0e2e6430cdfd4f08674e24e461e41,0,"Answer: 3

Most grounded: statement 3 — The gold bracelet in the image features floral designs. The intricate patterns and embellishments on the bracelet resemble floral motifs, making this statement strongly supported by the visual evidence.

Less grounded: statement 1 — The gold bracelet in the image features geometric patterns. While the bracelet does have some geometric elements, the floral designs are more prominent and visually dominant, making this statement less strongly supported.

Least grounded: statement 2 — The gold bracelet in the image features abstract shapes. The bracelet does not have any clear abstract shapes, as the patterns are more floral and intricate, making this statement the least supported by the visual evidence.",false
fb04c169f4bbdf83350c8ac6cfe3366122f0e2e6430cdfd4f08674e24e461e41,1,,false
fb04c169f4bbdf83350c8ac6cfe3366122f0e2e6430cdfd4f08674e24e461e41,2,,true
942d84d386db40745cff838d7d493b0ee8dee6460148abec4bf54a2fce00a17d,0,"Answer: 3

Most grounded: statement 3 — The image shows a radiator pressure tester kit, which includes a pressure gauge, hoses, and other related components.
Less grounded: statement 1 — The image does not show medical diagnostic equipment, but rather automotive parts.
Least grounded: statement 2 — The image does not show plumbing repair equipment, but rather automotive parts.",false
942d84d386db40745cff838d7d493b0ee8dee6460148abec4bf54a2fce00a17d,1,,false
942d84d386db40745cff838d7d493b0ee8dee6460148abec4bf54a2fce00a17d,2,,true
cccea5fa9634407807c3e4d32591a2b680025db49e92f1783be16d5891fdd7c0,0,"Answer: 1

Most grounded: statement 1 — The image prominently features stone walls with wooden beams. The walls are clearly made of stone and have wooden beams supporting the roof, which is evident from the texture and appearance of the materials.

Less grounded: statement 2 — The image prominently features concrete walls with steel reinforcements. There is no evidence of concrete or steel reinforcements in the image. The walls are made of stone, not concrete, and there are no visible steel reinforcements.

Least grounded: statement 3 — The image prominently features glass walls with metal frames. The image does not show any glass walls or metal frames. The walls are made of stone, and there are no glass or metal elements visible.",true
cccea5fa9634407807c3e4d32591a2b680025db49e92f1783be16d5891fdd7c0,1,,false
cccea5fa9634407807c3e4d32591a2b680025db49e92f1783be16d5891fdd7c0,2,,false
a52f488750324e73ddc1ecf7ba11cc56427c46bda312d3e3ad9eb1a6387ed141,0,"Answer: 3

Most grounded: statement 3 — The man is wearing traditional Middle Eastern attire, including a keffiyeh and a vest, and the background features a rocky, arid landscape typical of desert regions in the Middle East.

Less grounded: statement 1 — There is no snow or mountainous terrain visible in the image, making this statement less supported.

Least grounded: statement 2 — The image does not show any tropical rainforest elements such as dense vegetation or a warm, humid climate, making this statement the least supported.",false
a52f488750324e73ddc1ecf7ba11cc56427c46bda312d3e3ad9eb1a6387ed141,1,,false
a52f488750324e73ddc1ecf7ba11cc56427c46bda312d3e3ad9eb1a6387ed141,2,,true
4546038c51400534317edba9e80c46d890f1d160b259db81aa95d244ee2eb2c5,0,"Answer: 2

Most grounded: statement 2 — The image shows a display with historical swords and photographs, which directly supports this statement.
Less grounded: statement 1 — There is no clear evidence of natural history fossils in the image.
Least grounded: statement 3 — The image does not show any paintings, making this statement unsupported.",false
4546038c51400534317edba9e80c46d890f1d160b259db81aa95d244ee2eb2c5,1,,true
4546038c51400534317edba9e80c46d890f1d160b259db81aa95d244ee2eb2c5,2,,false
7d086f02e50b795bd9959ef8410cfe219d96f1a781432b14fb49b0e5bab43987,0,"Answer: 2

Most grounded: statement 2 — The outfit prominently features floral design embroidery, with various flowers and floral patterns visible on the skirt and sleeves.
Less grounded: statement 1 — The evidence for geometric pattern embroidery is weak, as the primary focus is on floral designs rather than geometric patterns.
Least grounded: statement 3 — The outfit does not prominently feature abstract motif embroidery, as the designs are clearly floral and not abstract.",false
7d086f02e50b795bd9959ef8410cfe219d96f1a781432b14fb49b0e5bab43987,1,,true
7d086f02e50b795bd9959ef8410cfe219d96f1a781432b14fb49b0e5bab43987,2,,false
38433f2ef250a6689b515dc31e39f992fdeb5d60b575488bfea9612461e5f705,0,"Answer: 1

Most grounded: statement 1 — The dish prominently featured in the image appears to be stuffed bell peppers, as the rolls have a bell pepper-like shape and are stuffed with a filling that resembles a mixture of ingredients.
Less grounded: statement 2 — The evidence for this statement is weak because the rolls do not resemble the typical shape or appearance of crispy spring rolls, which are usually cylindrical and deep-fried.
Least grounded: statement 3 — This statement is contradicted by the image, as the rolls do not resemble grilled chicken skewers, which are typically skewered and grilled, not rolled and stuffed.",true
38433f2ef250a6689b515dc31e39f992fdeb5d60b575488bfea9612461e5f705,1,,false
38433f2ef250a6689b515dc31e39f992fdeb5d60b575488bfea9612461e5f705,2,,false
91ba16b5ee2facf6086b8f44268ef89a0283d3e5c2fa9706522ac3df6a817290,0,"Answer: 2

Most grounded: statement 2 — The image clearly shows a decorative lattice structure on the building.
Less grounded: statement 1 — There is no visible glass dome in the image.
Least grounded: statement 3 — There is no visible rooftop garden in the image.",false
91ba16b5ee2facf6086b8f44268ef89a0283d3e5c2fa9706522ac3df6a817290,1,,true
91ba16b5ee2facf6086b8f44268ef89a0283d3e5c2fa9706522ac3df6a817290,2,,false
8d8752a06a54b4d752df6282643655cae228264545b639e143e0bd837207a20a,0,"Answer: 2

Most grounded: statement 2 — The image shows a market stall with a variety of dried fruits and nuts, indicating that they are commonly sold and easily transported. The presence of different types of dried fruits and nuts suggests they have a long shelf life.

Less grounded: statement 1 — The image does not provide any evidence about refrigeration requirements for dried fruits and nuts. This statement is not directly supported by the image.

Least grounded: statement 3 — The image does not suggest that dried fruits and nuts are only used during special festivals. The variety and abundance of the products imply they are sold regularly, not just for special occasions.",false
8d8752a06a54b4d752df6282643655cae228264545b639e143e0bd837207a20a,1,,true
8d8752a06a54b4d752df6282643655cae228264545b639e143e0bd837207a20a,2,,false
65982bc2a0553f7635aec12e75c2cc4564bf363d5fb861500125892df2eee95c,0,"Answer: 3

Most grounded: statement 3 — The presence of palm trees and dry vegetation strongly suggests a warm and dry climate, as these are typical characteristics of such environments.

Less grounded: statement 2 — While the presence of palm trees does suggest a tropical climate, the dry vegetation might indicate a drier season or a region that experiences a dry season, which is not necessarily humid all year round.

Least grounded: statement 1 — The presence of palm trees and dry vegetation does not suggest a cold and snowy climate, as these conditions are not typical for such vegetation.",false
65982bc2a0553f7635aec12e75c2cc4564bf363d5fb861500125892df2eee95c,1,,false
65982bc2a0553f7635aec12e75c2cc4564bf363d5fb861500125892df2eee95c,2,,true
ce5ee8bd5d19df0355145536f7d248ff095c30426fcb7a785dcd09e6e591047c,0,"Answer: 1

Most grounded: statement 1 — The wrestlers are on a sandy surface, which strongly supports the idea that the wrestling match is set in an outdoor sandy arena.
Less grounded: statement 2 — There is no evidence of an indoor gymnasium setting, as the image clearly shows an outdoor environment.
Least grounded: statement 3 — The image does not show concrete pavement, but rather a sandy surface, which contradicts the idea of a concrete pavement setting.",true
ce5ee8bd5d19df0355145536f7d248ff095c30426fcb7a785dcd09e6e591047c,1,,false
ce5ee8bd5d19df0355145536f7d248ff095c30426fcb7a785dcd09e6e591047c,2,,false
9fa0356604435740b33ca6f657dcdc97f25596aa6f1868d6d353a37e573ede62,0,"Answer: 3

Most grounded: statement 3 — The image shows a group of people riding camels in a desert environment, which is a common scene in the Arab world. There is no indication of a ceremonial procession or a racing competition.

Less grounded: statement 1 — While the image does show a group of people on camels, there is no clear indication that this is a ceremonial procession. It could be a regular day in the desert.

Least grounded: statement 2 — There is no evidence in the image to suggest that this is a camel racing competition. The camels are not in a competitive setting, and the riders do not appear to be engaged in a race.",false
9fa0356604435740b33ca6f657dcdc97f25596aa6f1868d6d353a37e573ede62,1,,false
9fa0356604435740b33ca6f657dcdc97f25596aa6f1868d6d353a37e573ede62,2,,true
ec047ea17a31f8211da18782a6ac4405763eba5c693308ed8d44b6e47565ddfd,0,"Answer: 3

Most grounded: statement 3 — The image shows a large Palestinian flag prominently displayed in the center of the square, indicating that the gathering is focused on displaying the flag.
Less grounded: statement 1 — There is no clear evidence in the image that the gathering is protesting against transportation issues. The image does not show any signs, banners, or placards related to transportation.
Least grounded: statement 2 — There is no evidence in the image that the gathering is celebrating a cultural festival. The image does not show any decorations, costumes, or activities typical of a cultural festival.",false
ec047ea17a31f8211da18782a6ac4405763eba5c693308ed8d44b6e47565ddfd,1,,false
ec047ea17a31f8211da18782a6ac4405763eba5c693308ed8d44b6e47565ddfd,2,,true
c14b317ae06fb7e4e22fd6011c4e896b9c5eedb0c967fdf2865908bf5ebc9ee5,0,"Answer: 2

Most grounded: statement 2 — The intricate and detailed designs on the ceramic dish suggest a high level of craftsmanship that is typically associated with hand-painting. The variations in color and the complexity of the patterns indicate that they were likely created by hand rather than through machine printing or embossing.

Less grounded: statement 1 — While embossing could create some of the patterns, the complexity and variety of colors suggest that hand-painting is more likely.

Least grounded: statement 3 — Machine printing typically produces uniform and repetitive patterns, which do not match the intricate and varied designs seen on the ceramic dish.",false
c14b317ae06fb7e4e22fd6011c4e896b9c5eedb0c967fdf2865908bf5ebc9ee5,1,,true
c14b317ae06fb7e4e22fd6011c4e896b9c5eedb0c967fdf2865908bf5ebc9ee5,2,,false
a948ef0275f5de455a887613e3342466f92f9da11f2bf2bb0871ea1d39868fcc,0,"Answer: 1

Most grounded: statement 1 — The graves are clearly visible around the green-domed buildings, suggesting they are part of a cemetery associated with the religious site.
Less grounded: statement 2 — There is no visual evidence to suggest that the graves are decorative features of the landscape.
Least grounded: statement 3 — The graves do not appear to be unused burial plots awaiting future use, as they are not marked or maintained in a way that suggests they are unused.",true
a948ef0275f5de455a887613e3342466f92f9da11f2bf2bb0871ea1d39868fcc,1,,false
a948ef0275f5de455a887613e3342466f92f9da11f2bf2bb0871ea1d39868fcc,2,,false
b3898428f17dbc016a708ae929613d8e9125734e7fada409d2d8e2fcbe319129,0,"Answer: 1

Most grounded: statement 1 — A shoreline with people and a boat can be seen in the background of the image. The shoreline, people, and a boat are clearly visible in the background.

Less grounded: statement 2 — A forest with wildlife can be seen in the background of the image. There is no evidence of a forest or wildlife in the background.

Least grounded: statement 3 — A desert landscape can be seen in the background of the image. The background shows a shoreline and a boat, not a desert landscape.",true
b3898428f17dbc016a708ae929613d8e9125734e7fada409d2d8e2fcbe319129,1,,false
b3898428f17dbc016a708ae929613d8e9125734e7fada409d2d8e2fcbe319129,2,,false
fe5a007551a94df8a5c2ce4ea508668f37450192ecc2c0fcf934f6ceba2061d8,0,"Answer: 1

Most grounded: statement 1 — The adobe-style buildings in the background are most likely used for storage for goods. The buildings are large and appear to be constructed from materials typical of storage facilities in arid regions.

Less grounded: statement 2 — The adobe-style buildings in the background are most likely used for residential housing. There is no clear evidence of windows or doors that would indicate residential use.

Least grounded: statement 3 — The adobe-style buildings in the background are most likely used as a modern shopping mall. The buildings do not have the modern architectural features or signage that would indicate a shopping mall.",true
fe5a007551a94df8a5c2ce4ea508668f37450192ecc2c0fcf934f6ceba2061d8,1,,false
fe5a007551a94df8a5c2ce4ea508668f37450192ecc2c0fcf934f6ceba2061d8,2,,false
b3ee6f299203a214f949dc79fe28f4f4faa3073d707da583caf770db2dc7b921,0,"Answer: 1

Most grounded: statement 1 — The sheets of dried bark or fiber material could be associated with boat construction in water transport. The image shows a piece of material that could be used in boat construction, such as a plank or a layer of material that could be used in the construction of a boat.

Less grounded: statement 2 — The sheets of dried bark or fiber material could be associated with fishing nets in water transport. The evidence is weak because the image does not show any netting or fishing equipment, and the material does not appear to be suitable for net construction.

Least grounded: statement 3 — The sheets of dried bark or fiber material could be associated with buoys in water transport. The evidence is absent because the image does not show any buoys or buoy-related materials, and the material does not appear to be suitable for buoy construction.",true
b3ee6f299203a214f949dc79fe28f4f4faa3073d707da583caf770db2dc7b921,1,,false
b3ee6f299203a214f949dc79fe28f4f4faa3073d707da583caf770db2dc7b921,2,,false
f89f089a55f3629d84f841e93d319656eac7fb024677013d813d9d0538a36300,0,"Answer: 2

Most grounded: statement 2 — The image shows rocky terrain with dry hills surrounding the river, which supports this statement.
Less grounded: statement 1 — There is no dense forest or lush greenery visible in the image.
Least grounded: statement 3 — The image does not show any snow-covered mountains.",false
f89f089a55f3629d84f841e93d319656eac7fb024677013d813d9d0538a36300,1,,true
f89f089a55f3629d84f841e93d319656eac7fb024677013d813d9d0538a36300,2,,false
66ccd26487e0649344ce1f939c1f3c6cab41f31a02879cf65c895edfa4966685,0,"Answer: 2

Most grounded: statement 2 — The barrier in the background of the image is a glass panel that separates the players from the spectators, which serves both to protect the spectators from the puck and to display advertisements.
Less grounded: statement 1 — While advertisements are displayed on the barrier, the primary function of the barrier is to protect spectators from the puck, which is more strongly supported by the image.
Least grounded: statement 3 — The barrier does protect spectators from the puck, but the image does not provide strong evidence that this is its primary function, as the primary function is more strongly supported by the presence of advertisements on the barrier.",false
66ccd26487e0649344ce1f939c1f3c6cab41f31a02879cf65c895edfa4966685,1,,true
66ccd26487e0649344ce1f939c1f3c6cab41f31a02879cf65c895edfa4966685,2,,false
84a50fc71eca5fd72072011f57e6a998e1cf2842586e03b8cc1ee62ff85712fc,0,"Answer: 2

Most grounded: statement 2 — The pyramids shown in the image are located in Egypt. The image clearly depicts the pyramids of Giza, which are located in Egypt.

Less grounded: statement 1 — The pyramids shown in the image are located in Morocco. There is no evidence in the image to support this claim. The pyramids shown are not similar to those found in Morocco.

Least grounded: statement 3 — The pyramids shown in the image are located in Sudan. The pyramids shown in the image are not similar to those found in Sudan, and there is no evidence in the image to support this claim.",false
84a50fc71eca5fd72072011f57e6a998e1cf2842586e03b8cc1ee62ff85712fc,1,,true
84a50fc71eca5fd72072011f57e6a998e1cf2842586e03b8cc1ee62ff85712fc,2,,false
13c74d20a3b76608ef277bc7c80dbd8a4ba6d3d2c07a37e8e56a92a03f2a110e,0,"Answer: 3

Most grounded: statement 3 — The image shows individuals in military-style uniforms and life vests, actively using an inflatable boat to rescue people from floodwaters. This strongly supports the idea that the boat is being used for rescue operations during floods.

Less grounded: statement 1 — The image does not provide any evidence that the boat is used for recreational boating in urban areas. The context of the image is focused on flood rescue, not leisure activities.

Least grounded: statement 2 — The image does not provide any evidence that the boat is used for fishing in flooded areas. The context of the image is focused on flood rescue, not fishing activities.",false
13c74d20a3b76608ef277bc7c80dbd8a4ba6d3d2c07a37e8e56a92a03f2a110e,1,,false
13c74d20a3b76608ef277bc7c80dbd8a4ba6d3d2c07a37e8e56a92a03f2a110e,2,,true
68290e9fbd73c198beef550c3590494594b55824662534cbf1057ac4b89997c1,0,"Answer: 3

Most grounded: statement 3 — The buildings prominently feature half-timbered (Tudor-style) architecture, characterized by the exposed wooden beams and white plaster or brick infill.

Less grounded: statement 1 — There is no evidence of modern glass and steel architecture in the image. The buildings are clearly historical and not modern.

Least grounded: statement 2 — There is no evidence of brutalist concrete architecture in the image. The buildings are more traditional and not characterized by the raw, unfinished concrete typical of brutalism.",false
68290e9fbd73c198beef550c3590494594b55824662534cbf1057ac4b89997c1,1,,false
68290e9fbd73c198beef550c3590494594b55824662534cbf1057ac4b89997c1,2,,true
d906c249a76d86d8198ebe5124774aa4a71e475fd6d7eedbb301943fdbdcbfda,0,"Answer: 1

Most grounded: statement 1 — The image shows clouds and the sky visible from an airplane window, directly supporting this statement.
Less grounded: statement 3 — The image does not show the ground or cities below, so this statement is less supported.
Least grounded: statement 2 — The interior of the airplane wing is not visible from an airplane window, making this statement the least supported.",true
d906c249a76d86d8198ebe5124774aa4a71e475fd6d7eedbb301943fdbdcbfda,1,,false
d906c249a76d86d8198ebe5124774aa4a71e475fd6d7eedbb301943fdbdcbfda,2,,false
5fa4904dab3408f157947154434998f56341b61c550045900582cab249b02c6d,0,"Answer: 3

Most grounded: statement 3 — The image clearly shows a diamond ring on the light-skinned hand.
Less grounded: statement 1 — There is no visible tattoo on the light-skinned hand.
Least grounded: statement 2 — There is no visible bracelet on the light-skinned hand.",false
5fa4904dab3408f157947154434998f56341b61c550045900582cab249b02c6d,1,,false
5fa4904dab3408f157947154434998f56341b61c550045900582cab249b02c6d,2,,true
263ea61e67545788e3ab77e4b4cf9e48b16bb763d977bc99beb8563c92597bb7,0,"Answer: 2

Most grounded: statement 2 — The image shows a catalytic converter with a metallic finish, which is characteristic of aluminum construction.
Less grounded: statement 1 — There is no specific evidence in the image to support the use of titanium in catalytic converters.
Least grounded: statement 3 — The image does not provide any evidence to support the use of steel in catalytic converters.",false
263ea61e67545788e3ab77e4b4cf9e48b16bb763d977bc99beb8563c92597bb7,1,,true
263ea61e67545788e3ab77e4b4cf9e48b16bb763d977bc99beb8563c92597bb7,2,,false
0b768a050a37d0b2c7414ff81ddf4e6c26e7fffa0d484b0e0e2fdaac8c68df0b,0,"Answer: 1

Most grounded: statement 1 — The image shows a group of people, including a family, gathered outdoors near a building, which suggests a casual family outing.
Less grounded: statement 2 — There is no clear evidence of a business meeting, such as a table, documents, or formal attire specific to a business setting.
Least grounded: statement 3 — There are no religious symbols, attire, or context that would suggest a religious ceremony.",true
0b768a050a37d0b2c7414ff81ddf4e6c26e7fffa0d484b0e0e2fdaac8c68df0b,1,,false
0b768a050a37d0b2c7414ff81ddf4e6c26e7fffa0d484b0e0e2fdaac8c68df0b,2,,false
48ca5f9679df64f81542f072909075f9e89a0136bf28d009e9de8f7c464ecdd2,0,"Answer: 1

Most grounded: statement 1 — The airplane shown in the image has a passenger jet design with windows along the fuselage, which is typical for commercial passenger aircraft.
Less grounded: statement 2 — There is no visible cargo hold or cargo door, which are typical features of cargo planes.
Least grounded: statement 3 — The airplane does not have any military markings or features that would indicate it is used for military operations.",true
48ca5f9679df64f81542f072909075f9e89a0136bf28d009e9de8f7c464ecdd2,1,,false
48ca5f9679df64f81542f072909075f9e89a0136bf28d009e9de8f7c464ecdd2,2,,false
274ce81b15c1748da00a56ff68068135e66f521eda4df71db2b876396ae2dc94,0,"Answer: 2

Most grounded: statement 2 — The structure depicted in the image is a historical minaret or fortification. The image shows a tall, narrow tower with a balcony and a conical roof, which are characteristic features of historical minarets or fortifications found in the Arab world.

Less grounded: statement 3 — The structure depicted in the image is a lighthouse. While the tower's height and narrow structure could be associated with a lighthouse, the specific architectural details such as the balcony and conical roof are more indicative of a minaret or fortification.

Least grounded: statement 1 — The structure depicted in the image is a modern skyscraper. This statement is least grounded because the architectural style and features of the tower do not match those of modern skyscrapers, which typically have a more rectangular and less ornate design.",false
274ce81b15c1748da00a56ff68068135e66f521eda4df71db2b876396ae2dc94,1,,true
274ce81b15c1748da00a56ff68068135e66f521eda4df71db2b876396ae2dc94,2,,false
d76285f3c1ed4022b169ed928d1fb2b2aa55c78c086e5941836b217b1590e589,0,"Answer: 1

Most grounded: statement 1 — The statue appears to have a metallic sheen and texture consistent with bronze.
Less grounded: statement 2 — There is no visual evidence of marble, which typically has a different texture and appearance.
Least grounded: statement 3 — Wood would have a different texture and appearance, and there is no evidence of wood in the image.",true
d76285f3c1ed4022b169ed928d1fb2b2aa55c78c086e5941836b217b1590e589,1,,false
d76285f3c1ed4022b169ed928d1fb2b2aa55c78c086e5941836b217b1590e589,2,,false
fd5aced68ebf575fa1eba6542764fcfaf2bf59488d0d438c7ef740a5a810fa66,0,"Answer: 3

Most grounded: statement 3 — Traditional huts are predominantly visible in the image. The image shows several structures that resemble traditional huts with thatched roofs, which are characteristic of rural or less developed areas.

Less grounded: statement 1 — Tent shelters are predominantly visible in the image. While there are some tents visible, they are not as numerous or prominent as the traditional huts.

Least grounded: statement 2 — Modern apartment buildings are predominantly visible in the image. There are no modern apartment buildings visible in the image, making this statement false.",false
fd5aced68ebf575fa1eba6542764fcfaf2bf59488d0d438c7ef740a5a810fa66,1,,false
fd5aced68ebf575fa1eba6542764fcfaf2bf59488d0d438c7ef740a5a810fa66,2,,true
59abf574ec92cadecdbfb126c36763759a06e75d9c8a72bda5080d2bee98d126,0,"Answer: 2

Most grounded: statement 2 — The individuals are wearing traditional Sufi attire, including turbans and flowing robes, and are engaged in a dance that is characteristic of Sufi whirling ceremonies. The presence of a flute also supports this, as music is often an integral part of such ceremonies.

Less grounded: statement 1 — While the attire is formal and the posture is disciplined, there is no clear indication of a military parade. The setting and the nature of the dance suggest a cultural or religious performance rather than a military one.

Least grounded: statement 3 — Traditional wedding dances typically involve couples or groups of people dancing in a celebratory manner, often with music and specific choreography. The image does not provide any clear evidence of a wedding context, such as the presence of a bride and groom or wedding attire.",false
59abf574ec92cadecdbfb126c36763759a06e75d9c8a72bda5080d2bee98d126,1,,true
59abf574ec92cadecdbfb126c36763759a06e75d9c8a72bda5080d2bee98d126,2,,false
e409e79d6f7a916177ddbb3392c84e50e814a36912bc0e907758be43263fce1d,0,"Answer: 1

Most grounded: statement 1 — The purple pot has a design resembling a household object. The pot has a shape that resembles a household object, such as a vase or a container.
Less grounded: statement 2 — The green pot has a design resembling a household object. The evidence is weak because the green pot does not have a clear design resembling a household object.
Least grounded: statement 3 — The white pot has a design resembling a household object. The evidence is absent because the white pot does not have a clear design resembling a household object.",true
e409e79d6f7a916177ddbb3392c84e50e814a36912bc0e907758be43263fce1d,1,,false
e409e79d6f7a916177ddbb3392c84e50e814a36912bc0e907758be43263fce1d,2,,false
8b68eac5b2fc888e20f3e37588a4d7be5016805de0c84a1c5b34e70c41b752ee,0,"Answer: 2

Most grounded: statement 2 — The image shows a festive scene with decorated trees, lights, and a Ferris wheel, which are typical elements of a holiday festival.
Less grounded: statement 1 — There is no evidence of a business conference in the image. The setting appears to be more recreational and festive.
Least grounded: statement 3 — The image does not depict any sports event. The presence of decorations and a Ferris wheel suggests a holiday festival rather than a sports event.",false
8b68eac5b2fc888e20f3e37588a4d7be5016805de0c84a1c5b34e70c41b752ee,1,,true
8b68eac5b2fc888e20f3e37588a4d7be5016805de0c84a1c5b34e70c41b752ee,2,,false
299318da3baaf4c5b12d108fc5f21635c1db075a227042aaae53dca5a0173128,0,"Answer: 2

Most grounded: statement 2 — The image shows a large crowd gathered around a mosque, which is a strong visual evidence supporting the idea that the event is a religious ceremony near a mosque.
Less grounded: statement 1 — There is no clear indication that this is a political rally. The crowd is gathered around a mosque, which is more indicative of a religious event.
Least grounded: statement 3 — The image does not show any musical instruments or a park setting, making it unlikely that this is a music festival.",false
299318da3baaf4c5b12d108fc5f21635c1db075a227042aaae53dca5a0173128,1,,true
299318da3baaf4c5b12d108fc5f21635c1db075a227042aaae53dca5a0173128,2,,false
5c7ab4ab377c60ef8fadb34d212098f9ce730f10ae01b6f4ae11a6a4ccd47eb8,0,"Answer: 1

Most grounded: statement 1 — The artifact is primarily made of gold, as evidenced by the golden color and the intricate gold detailing visible in the image.
Less grounded: statement 2 — The evidence is weak because there is no visible wood material in the image. The artifact appears to be entirely covered in gold.
Least grounded: statement 3 — The evidence is absent because the artifact is clearly gold, not silver.",true
5c7ab4ab377c60ef8fadb34d212098f9ce730f10ae01b6f4ae11a6a4ccd47eb8,1,,false
5c7ab4ab377c60ef8fadb34d212098f9ce730f10ae01b6f4ae11a6a4ccd47eb8,2,,false
44aa94694c6dee820cddd87766c92fb7b509c42064871fea2fb885f59a979dc8,0,"Answer: 3

Most grounded: statement 3 — Paramount Oxford Films is mentioned on the labels of the film reels in the image. The label on the blue reel clearly states ""PARAMOUNT OXFORD FILMS.""

Less grounded: statement 1 — Warner Bros is mentioned on the labels of the film reels in the image. There is no evidence in the image to support this statement.

Least grounded: statement 2 — Universal Pictures is mentioned on the labels of the film reels in the image. There is no evidence in the image to support this statement.",false
44aa94694c6dee820cddd87766c92fb7b509c42064871fea2fb885f59a979dc8,1,,false
44aa94694c6dee820cddd87766c92fb7b509c42064871fea2fb885f59a979dc8,2,,true
0465396f13330c509dd7b8bea6ba23ae51b3350bb409e3fc06484c80bfa38ddf,0,"Answer: 1

Most grounded: statement 1 — The people in the image are wearing traditional clothing. This is evident as they are dressed in garments that are distinctly traditional, such as the headscarves, robes, and specific patterns and colors that are characteristic of traditional attire.

Less grounded: statement 2 — The people in the image are wearing formal business attire. This is less supported by the image as there is no presence of formal business attire such as suits, ties, or formal dresses.

Least grounded: statement 3 — The people in the image are wearing casual clothing. This is contradicted by the image as the individuals are clearly wearing traditional clothing, not casual attire.",true
0465396f13330c509dd7b8bea6ba23ae51b3350bb409e3fc06484c80bfa38ddf,1,,false
0465396f13330c509dd7b8bea6ba23ae51b3350bb409e3fc06484c80bfa38ddf,2,,false
f2c8265a06afd99374ef169e7f5486a439ace5ba812b871b2b5fb666343afed0,0,"Answer: 3

Most grounded: statement 3 — The soap bars are being held by hands, which implies personal use. The presence of water on the hands also supports the idea that the soap is intended for personal hygiene.

Less grounded: statement 1 — There is no visual evidence in the image to suggest that the soap bars are intended for cooking purposes. The context of the image does not support this statement.

Least grounded: statement 2 — The image does not provide any visual evidence to suggest that the soap bars are intended for decorative use. The context of the image does not support this statement.",false
f2c8265a06afd99374ef169e7f5486a439ace5ba812b871b2b5fb666343afed0,1,,false
f2c8265a06afd99374ef169e7f5486a439ace5ba812b871b2b5fb666343afed0,2,,true
c6f3d6b43f545109a9b4afd16a519a4b7bcfe3da07669fd8913dcc6f5a37dc2f,0,"Answer: 3

Most grounded: statement 3 — The image shows a destroyed building and debris, which strongly suggests a war-affected area.
Less grounded: statement 2 — While there is some construction material, the overall context of destruction makes this less likely.
Least grounded: statement 1 — There is no recreational equipment or park-like features visible, making this the least supported statement.",false
c6f3d6b43f545109a9b4afd16a519a4b7bcfe3da07669fd8913dcc6f5a37dc2f,1,,false
c6f3d6b43f545109a9b4afd16a519a4b7bcfe3da07669fd8913dcc6f5a37dc2f,2,,true
5d8d448de9ba55be2a0343ddbd72e50ab7598a228170e85e96af4b6f055e309e,0,"Answer: 2

Most grounded: statement 2 — The people are dressed in robes and appear to be in a hotel room, suggesting they are relaxing. There is no evidence of a formal event or cooking.

Less grounded: statement 1 — The image does not provide any evidence of preparation for a formal event.

Least grounded: statement 3 — The image does not show any kitchen or cooking activities, making this statement the least grounded.",false
5d8d448de9ba55be2a0343ddbd72e50ab7598a228170e85e96af4b6f055e309e,1,,true
5d8d448de9ba55be2a0343ddbd72e50ab7598a228170e85e96af4b6f055e309e,2,,false
f1febbc3342d1e75730effa090ad15f07a831e23903347b46ad357376885c5af,0,"Answer: 3

Most grounded: statement 3 — The courtyard features benches and tables, suggesting it is a place for social gatherings and relaxation.
Less grounded: statement 1 — There is no direct evidence of religious rituals taking place, but the courtyard could potentially be used for such purposes.
Least grounded: statement 2 — There is no evidence of trading goods or a marketplace in the courtyard.",false
f1febbc3342d1e75730effa090ad15f07a831e23903347b46ad357376885c5af,1,,false
f1febbc3342d1e75730effa090ad15f07a831e23903347b46ad357376885c5af,2,,true
88e6ab4466b163edc28f32f6041caeab81fd11eb6c942204fdaa0fd3b8faf518,0,"Answer: 2

Most grounded: statement 2 — The garnish visible on the meat in the image is cilantro. The green leafy garnish on the meat closely resembles cilantro.

Less grounded: statement 1 — The garnish visible on the meat in the image is basil. The evidence for basil is weak because basil typically has a more rounded shape and is not as finely chopped as the garnish seen in the image.

Least grounded: statement 3 — The garnish visible on the meat in the image is parsley. The evidence for parsley is absent because parsley typically has a flat, ribbon-like shape, which is not consistent with the garnish seen in the image.",false
88e6ab4466b163edc28f32f6041caeab81fd11eb6c942204fdaa0fd3b8faf518,1,,true
88e6ab4466b163edc28f32f6041caeab81fd11eb6c942204fdaa0fd3b8faf518,2,,false
7534655fa310f33caf1fec5fac55e2d6212dc97c95403143b3b7d759e2696f5c,0,"Answer: 1

Most grounded: statement 1 — The knife is shown next to a plate of sushi, indicating its use for cutting sushi or sashimi.
Less grounded: statement 2 — There is no visual evidence of the knife being used for carving wood.
Least grounded: statement 3 — There is no visual evidence of the knife being used for peeling fruits.",true
7534655fa310f33caf1fec5fac55e2d6212dc97c95403143b3b7d759e2696f5c,1,,false
7534655fa310f33caf1fec5fac55e2d6212dc97c95403143b3b7d759e2696f5c,2,,false
7e26097b385f2f17d8145e92c38cf7396b0925aa0df363eafb87856217faabf1,0,"Answer: 2

Most grounded: statement 2 — The image shows a tiered serving tray with various food items such as pastries, sandwiches, and fruits, which are organized and displayed in an appealing manner. This supports the idea that the tray's main purpose is to organize and display a variety of food items.

Less grounded: statement 1 — While the tray does store food, the primary purpose seems to be more about organization and display rather than just storage.

Least grounded: statement 3 — The tray does include a teapot and a cup of tea, but it is not the main purpose of the tray as it is primarily used for food items.",false
7e26097b385f2f17d8145e92c38cf7396b0925aa0df363eafb87856217faabf1,1,,true
7e26097b385f2f17d8145e92c38cf7396b0925aa0df363eafb87856217faabf1,2,,false
99f5956ed157c88bbf27967fdfc67c62db84115a3e9cd7c40541f73808ae7ea9,0,"Answer: 1

Most grounded: statement 1 — The image shows a pastry that appears to be Baklava, which is known to be made with layers of dough.
Less grounded: statement 2 — There is no evidence in the image to suggest that Baklava is a savory dish made with meat.
Least grounded: statement 3 — Baklava is not a beverage, so this statement is contradicted by the image and the general knowledge about Baklava.",true
99f5956ed157c88bbf27967fdfc67c62db84115a3e9cd7c40541f73808ae7ea9,1,,false
99f5956ed157c88bbf27967fdfc67c62db84115a3e9cd7c40541f73808ae7ea9,2,,false
7be81522c0fd20352dede1739fccc3f0038195701e040e02a489a51f79696a7a,0,"Answer: 2

Most grounded: statement 2 — The image shows ruins of an ancient temple in the foreground, with columns and a doorway clearly visible.
Less grounded: statement 1 — There is no evidence of a modern church in the image.
Least grounded: statement 3 — There is no evidence of a medieval castle in the image.",false
7be81522c0fd20352dede1739fccc3f0038195701e040e02a489a51f79696a7a,1,,true
7be81522c0fd20352dede1739fccc3f0038195701e040e02a489a51f79696a7a,2,,false
ecb9ccd3bb7c6f5b9b1db6b64215266ce53454994fc0eeee58eb38b0544814ce,0,"Answer: 2

Most grounded: statement 2 — The image shows two people standing in front of framed paintings, which strongly suggests they are in an art gallery. The presence of the paintings and the way they are interacting with them supports this interpretation.

Less grounded: statement 1 — While it is possible that the interaction is a business meeting, the visual evidence of the paintings and the setting makes this less likely compared to statement 2.

Least grounded: statement 3 — The interaction does not strongly suggest a casual conversation about art. The man is pointing at the painting, which could indicate a more formal or guided discussion rather than a casual one.",false
ecb9ccd3bb7c6f5b9b1db6b64215266ce53454994fc0eeee58eb38b0544814ce,1,,true
ecb9ccd3bb7c6f5b9b1db6b64215266ce53454994fc0eeee58eb38b0544814ce,2,,false
0f29a91e74f160a1bac71a5110edf53f0632fe375267c1309cc8685c4b89d190,0,"Answer: 3

Most grounded: statement 3 — The backdrop features a colorful abstract design with yellow and blue hues, which is clearly visible in the image.
Less grounded: statement 2 — There is no plain black curtain visible in the image; the backdrop is not plain or black.
Least grounded: statement 1 — There is no city skyline visible in the image; the backdrop is an abstract design, not a city skyline.",false
0f29a91e74f160a1bac71a5110edf53f0632fe375267c1309cc8685c4b89d190,1,,false
0f29a91e74f160a1bac71a5110edf53f0632fe375267c1309cc8685c4b89d190,2,,true
30fbfeabbf4b626fa01df4865c81318371d7314cc7ac88e6b923840609842b20,0,"Answer: 1

Most grounded: statement 1 — The woman on the right is holding a walking stick and a yellow fruit.
Less grounded: statement 2 — There is no visual evidence of a handbag or sunglasses being held by any of the women.
Least grounded: statement 3 — There is no visual evidence of a book and pen being held by any of the women.",true
30fbfeabbf4b626fa01df4865c81318371d7314cc7ac88e6b923840609842b20,1,,false
30fbfeabbf4b626fa01df4865c81318371d7314cc7ac88e6b923840609842b20,2,,false
bb121876b7c492e69fb6cd30ceb8c541c6f472dfefbf0c19fd66021acb249c75,0,"Answer: 1

Most grounded: statement 1 — [specific visual evidence]
Less grounded: statement 2 — [why the evidence is weak or absent]
Least grounded: statement 3 — [why it is contradicted]",true
bb121876b7c492e69fb6cd30ceb8c541c6f472dfefbf0c19fd66021acb249c75,1,,false
bb121876b7c492e69fb6cd30ceb8c541c6f472dfefbf0c19fd66021acb249c75,2,,false
6b1dfe10acffbe3859c8a7df921192b6e28fd5a338a9075037ec901693dbd442,0,"Answer: 2

Most grounded: statement 2 — The attire, including the ornate headpiece and jewelry, is highly elaborate and ceremonial, suggesting it is associated with a cultural pageant or ceremony.
Less grounded: statement 1 — Casual gatherings typically do not involve such elaborate and formal attire.
Least grounded: statement 3 — Traditional sports competitions do not typically involve such ornate and ceremonial attire.",false
6b1dfe10acffbe3859c8a7df921192b6e28fd5a338a9075037ec901693dbd442,1,,true
6b1dfe10acffbe3859c8a7df921192b6e28fd5a338a9075037ec901693dbd442,2,,false
771cb41f03463edbad116e5210de0f877e6b003254d860013e1b74e764923176,0,"Answer: 1

Most grounded: statement 1 — The star anise is prominently visible in the image, located on the left side.
Less grounded: statement 2 — Turmeric is not prominently visible in the image. There is no clear evidence of turmeric in the image.
Least grounded: statement 3 — Nutmeg is not prominently visible in the image. There is no clear evidence of nutmeg in the image.",true
771cb41f03463edbad116e5210de0f877e6b003254d860013e1b74e764923176,1,,false
771cb41f03463edbad116e5210de0f877e6b003254d860013e1b74e764923176,2,,false
cce67cb8e44284ec2c87ba45243dfd7edac0c5af37b3daf5d55245db75b04855,0,"Answer: 3

Most grounded: statement 3 — A cityscape with buildings and fields is visible through the open window of the aircraft.
Less grounded: statement 1 — A dense forest is visible through the open window of the aircraft. The image shows a landscape with buildings and fields, but there is no dense forest visible.
Least grounded: statement 2 — A mountain covered in snow is visible through the open window of the aircraft. The image does not show any mountains covered in snow; it only shows a landscape with buildings and fields.",false
cce67cb8e44284ec2c87ba45243dfd7edac0c5af37b3daf5d55245db75b04855,1,,false
cce67cb8e44284ec2c87ba45243dfd7edac0c5af37b3daf5d55245db75b04855,2,,true
ed96ad0245b6e371b6dacaad038462ab6872e9fdb448245bd72bc23334eff389,0,"Answer: 1

Most grounded: statement 1 — The golden guard on the sword's hilt is positioned in a way that suggests it is designed to protect the user's hand, providing a barrier between the hand and the sharp edge of the sword.

Less grounded: statement 2 — While the golden guard does add decorative appeal, the primary function suggested by the image is protection rather than decoration.

Least grounded: statement 3 — The image does not provide any evidence that the golden guard is intended to enhance the sword's grip.",true
ed96ad0245b6e371b6dacaad038462ab6872e9fdb448245bd72bc23334eff389,1,,false
ed96ad0245b6e371b6dacaad038462ab6872e9fdb448245bd72bc23334eff389,2,,false
387ffb27766cf5f78df00db2bc351eb83fb87d630f856d49f5f5b369a4951d9d,0,"Answer: 3

Most grounded: statement 3 — The sauce has a bright orange color, which is characteristic of tomato-based sauces.
Less grounded: statement 1 — There is no visual evidence to suggest that spinach is the base ingredient.
Least grounded: statement 2 — The texture and appearance of the sauce do not resemble that of a potato-based sauce.",false
387ffb27766cf5f78df00db2bc351eb83fb87d630f856d49f5f5b369a4951d9d,1,,false
387ffb27766cf5f78df00db2bc351eb83fb87d630f856d49f5f5b369a4951d9d,2,,true
1e375fdab80f3aff0bf1dc6823e8673e20a8f1fc2f13de4a07a73e4c0cdd6123,0,"Answer: 1

Most grounded: statement 1 — The red carpeted flooring in the mosque is laid out in a specific pattern, indicating designated walking paths for worshippers.
Less grounded: statement 2 — While the red carpet does enhance the aesthetic appeal, this is not the primary purpose as indicated by the walking paths.
Least grounded: statement 3 — The primary purpose of the red carpet is not to provide a comfortable area for prayer, but rather to guide the flow of movement within the mosque.",true
1e375fdab80f3aff0bf1dc6823e8673e20a8f1fc2f13de4a07a73e4c0cdd6123,1,,false
1e375fdab80f3aff0bf1dc6823e8673e20a8f1fc2f13de4a07a73e4c0cdd6123,2,,false
650b79bc852d15a8ed261efee1f069e8e62d2ebbf238ff5441fd1b6a8c37f0d7,0,"Answer: 2

Most grounded: statement 2 — A casual family gathering is likely taking place in this image. The image shows a group of people, including both adults and children, posing together in what appears to be a relaxed and informal setting. The presence of both adults and children, along with the casual attire, supports this statement.

Less grounded: statement 1 — A public concert is likely taking place in this image. There is no evidence in the image to suggest that a concert is taking place. The setting appears to be a church or a similar religious building, and the people are posing for a photo rather than engaging in a performance.

Least grounded: statement 3 — A religious ceremony is likely taking place in this image. While the setting does appear to be a religious building, there is no clear evidence of a ceremony taking place. The people are posing for a photo, and there are no visible signs of a ceremony, such as lit candles, religious artifacts, or a priest officiating.",false
650b79bc852d15a8ed261efee1f069e8e62d2ebbf238ff5441fd1b6a8c37f0d7,1,,true
650b79bc852d15a8ed261efee1f069e8e62d2ebbf238ff5441fd1b6a8c37f0d7,2,,false
5db6cad7921e474ccd99d4e323448661e14f4a0074a5d6e2454b5dec8dffb148,0,"Answer: 3

Most grounded: statement 3 — The image shows stained glass windows, which are commonly associated with historic religious or ceremonial buildings.
Less grounded: statement 1 — The image does not show modern lighting fixtures, so this statement is not supported.
Least grounded: statement 2 — The image shows intricate wall designs, which are not minimalist, so this statement is contradicted.",false
5db6cad7921e474ccd99d4e323448661e14f4a0074a5d6e2454b5dec8dffb148,1,,false
5db6cad7921e474ccd99d4e323448661e14f4a0074a5d6e2454b5dec8dffb148,2,,true
079b44aa003d91a4750bf588997c349f4559e447d685e228828466c13b1c83c4,0,"Answer: 1

Most grounded: statement 1 — The image shows multiple PCIe slots on the motherboard, which are used to connect a graphics card.
Less grounded: statement 2 — The image shows RAM slots, which are used to connect RAM modules, not graphics cards.
Least grounded: statement 3 — The image shows a CPU socket, which is used to connect the CPU, not a graphics card.",true
079b44aa003d91a4750bf588997c349f4559e447d685e228828466c13b1c83c4,1,,false
079b44aa003d91a4750bf588997c349f4559e447d685e228828466c13b1c83c4,2,,false
a465fc107292268f87998a24099cebc69a7cc72fbb81e1cf929de8224cddf84f,0,"Answer: 2

Most grounded: statement 2 — The image clearly shows a dense forest with a winding river, which directly supports this statement.
Less grounded: statement 1 — There is no snow-covered mountain range visible in the image, so this statement is weakly supported.
Least grounded: statement 3 — The image does not show any desert or sand dunes, so this statement is contradicted by the image.",false
a465fc107292268f87998a24099cebc69a7cc72fbb81e1cf929de8224cddf84f,1,,true
a465fc107292268f87998a24099cebc69a7cc72fbb81e1cf929de8224cddf84f,2,,false
ba6e1b34f5ebced19b14226f24707fdae20495a7ec7578703a22a730c3c06129,0,"Answer: 3

Most grounded: statement 3 — The vase features Arabic calligraphy, which is clearly visible on the surface of the vase.
Less grounded: statement 1 — While there are some geometric patterns, they are not the primary feature of the vase.
Least grounded: statement 2 — There are no floral designs visible on the vase.",false
ba6e1b34f5ebced19b14226f24707fdae20495a7ec7578703a22a730c3c06129,1,,false
ba6e1b34f5ebced19b14226f24707fdae20495a7ec7578703a22a730c3c06129,2,,true
80f7b29ccb95ea3f418f4ed2dcfe0a3ba1b92e5c6476e10a35ed7abe37198b4c,0,"Answer: 2

Most grounded: statement 2 — The planks in the image appear to be made of wood, as evidenced by their natural color and texture.
Less grounded: statement 1 — There is no visual evidence to suggest that the planks are made of metal.
Least grounded: statement 3 — The planks do not appear to be made of concrete, as concrete would have a different texture and appearance.",false
80f7b29ccb95ea3f418f4ed2dcfe0a3ba1b92e5c6476e10a35ed7abe37198b4c,1,,true
80f7b29ccb95ea3f418f4ed2dcfe0a3ba1b92e5c6476e10a35ed7abe37198b4c,2,,false
238af5eb02ce94bed135d5f86a2b558e3a3321ff167b92266d4b73980963abd1,0,"Answer: 2

Most grounded: statement 2 — The minaret is a distinctive feature of mosques, and the tall, slender structure in the image is clearly a minaret.
Less grounded: statement 1 — Stained glass windows are not a typical feature of mosques, and there are no stained glass windows visible in the image.
Least grounded: statement 3 — While domes are common in many mosques, the image does not show a dome, only a minaret and partially destroyed structures.",false
238af5eb02ce94bed135d5f86a2b558e3a3321ff167b92266d4b73980963abd1,1,,true
238af5eb02ce94bed135d5f86a2b558e3a3321ff167b92266d4b73980963abd1,2,,false
a064afe4d91592794db98b42ea0d3da7196e9cd851120cc597237a3f0a9ec64e,0,"Answer: 2

Most grounded: statement 2 — The person in the foreground is wearing a suit and tie. This is evident from the visible dark suit jacket and the tie around the neck.
Less grounded: statement 1 — The person in the foreground is wearing traditional cultural clothing. There is no evidence of traditional clothing in the image.
Least grounded: statement 3 — The person in the foreground is wearing a casual t-shirt and jeans. This is contradicted by the formal attire visible in the image.",false
a064afe4d91592794db98b42ea0d3da7196e9cd851120cc597237a3f0a9ec64e,1,,true
a064afe4d91592794db98b42ea0d3da7196e9cd851120cc597237a3f0a9ec64e,2,,false
3d6ea02d0bf9c2208be26755ed7f4335f2005818b56c86b9b3c657a129656177,0,"Answer: 3

Most grounded: statement 3 — The perfume bottle appears to be made of glass, as indicated by its transparent and reflective surface.
Less grounded: statement 1 — There is no clear evidence that the bottle is made of plastic, as plastic typically does not have the reflective and transparent properties seen in the image.
Least grounded: statement 2 — There is no evidence to suggest that the bottle is made of metal, as metal would likely have a different appearance and texture.",false
3d6ea02d0bf9c2208be26755ed7f4335f2005818b56c86b9b3c657a129656177,1,,false
3d6ea02d0bf9c2208be26755ed7f4335f2005818b56c86b9b3c657a129656177,2,,true
3eda30fdbe11ba0909a858b6b04adfefad8a2adec44b7eae7351880aa8a213e2,0,"Answer: 3

Most grounded: statement 3 — The ceramic designs in the image feature intricate geometric and floral patterns that are characteristic of Middle Eastern art, particularly the Islamic art tradition known for its use of geometric shapes and calligraphy.

Less grounded: statement 1 — The designs in the image do not strongly resemble Scandinavian styles, which typically feature simpler, more minimalistic patterns and less ornate designs.

Least grounded: statement 2 — The designs in the image do not strongly resemble South American styles, which often include more vibrant colors and different types of patterns, such as indigenous motifs and flora.",false
3eda30fdbe11ba0909a858b6b04adfefad8a2adec44b7eae7351880aa8a213e2,1,,false
3eda30fdbe11ba0909a858b6b04adfefad8a2adec44b7eae7351880aa8a213e2,2,,true
106824cd08ab3b282400f810cc46cff5cb54cdebc018da59108aead987d75acc,0,"Answer: 2

Most grounded: statement 2 — A coastal cityscape with buildings and palm trees is visible in the background of the image. The image clearly shows a beach with buildings and palm trees in the background, supporting this statement.

Less grounded: statement 1 — A dense forest is visible in the background of the image. The image does not show any dense forest in the background; it only shows a beach and buildings.

Least grounded: statement 3 — Snow-covered mountains are visible in the background of the image. The image does not show any snow-covered mountains; it only shows a beach and buildings, making this statement completely unsupported.",false
106824cd08ab3b282400f810cc46cff5cb54cdebc018da59108aead987d75acc,1,,true
106824cd08ab3b282400f810cc46cff5cb54cdebc018da59108aead987d75acc,2,,false
45f1d29bde1395fa551654b534247c56f69451cf2840e9742d6cc381328c6966,0,"Answer: 3

Most grounded: statement 3 — The image shows a 3D printer with a printed object, indicating that the primary function is printing 3D models and components.
Less grounded: statement 1 — There is no evidence in the image that the printer is used for scanning objects for 3D modeling.
Least grounded: statement 2 — There is no evidence in the image that the printer is used for laser cutting materials.",false
45f1d29bde1395fa551654b534247c56f69451cf2840e9742d6cc381328c6966,1,,false
45f1d29bde1395fa551654b534247c56f69451cf2840e9742d6cc381328c6966,2,,true
bbb54f88a29dfd702fae41149abe7239c45ac0e1d917167991085b92b8a3a30c,0,"Answer: 2

Most grounded: statement 2 — The coffee or tea pot in the image has a metallic sheen and a color that is consistent with brass.
Less grounded: statement 1 — While ceramic pots can have a similar appearance, the pot in the image has a distinct metallic look that is more indicative of brass.
Least grounded: statement 3 — The pot does not have the smooth, uniform appearance typical of plastic, and the texture and color are inconsistent with plastic materials.",false
bbb54f88a29dfd702fae41149abe7239c45ac0e1d917167991085b92b8a3a30c,1,,true
bbb54f88a29dfd702fae41149abe7239c45ac0e1d917167991085b92b8a3a30c,2,,false
214422d5123b2a44b808910dc560ba8f1b5458c76e5bb622f8a3ba6f3743d676,0,"Answer: 1

Most grounded: statement 1 — The image shows a traditional woven carpet with intricate floral and geometric patterns, supporting this statement.
Less grounded: statement 2 — The image shows a carpet with complex patterns, contradicting the idea of plain solid colors with no design.
Least grounded: statement 3 — The image shows a handmade carpet with a non-uniform texture, contradicting the idea of machine-made uniform texture.",true
214422d5123b2a44b808910dc560ba8f1b5458c76e5bb622f8a3ba6f3743d676,1,,false
214422d5123b2a44b808910dc560ba8f1b5458c76e5bb622f8a3ba6f3743d676,2,,false
c02610de1d09da503098fdcd3090016041914ee14f0a80eb0d0819f77f367484,0,"Answer: 1

Most grounded: statement 1 — The central water fountain is positioned in a way that suggests it is meant for bathing rituals, as it is placed in the center of the bathhouse where people would gather for bathing.

Less grounded: statement 2 — There is no evidence in the image to suggest that the water fountain serves as a cooling system for the room. The primary function of such a fountain in a bathhouse is typically related to bathing rituals.

Least grounded: statement 3 — While the fountain does have aesthetic appeal due to its central placement and the intricate design of the bathhouse, there is no direct evidence in the image to suggest that its primary function is decoration. The primary function is more likely related to bathing rituals.",true
c02610de1d09da503098fdcd3090016041914ee14f0a80eb0d0819f77f367484,1,,false
c02610de1d09da503098fdcd3090016041914ee14f0a80eb0d0819f77f367484,2,,false
12a869a7570ab1075d15fbacd4e5d7c3935c0111aaeb3f1b296b94c896db1461,0,"Answer: 2

Most grounded: statement 2 — The image shows a variety of pottery and tagines, which are traditional dishes and utensils commonly associated with North African cuisine. The presence of these items in the market strongly supports this statement.

Less grounded: statement 1 — The image does not provide any evidence to support the association of pottery and tagines with South America. This statement is less grounded because there is no visual evidence in the image to support it.

Least grounded: statement 3 — The image does not show any items that are commonly associated with East Asian cuisine, making this statement the least grounded.",false
12a869a7570ab1075d15fbacd4e5d7c3935c0111aaeb3f1b296b94c896db1461,1,,true
12a869a7570ab1075d15fbacd4e5d7c3935c0111aaeb3f1b296b94c896db1461,2,,false
c5ebd6929d038278d0eb47abb519e262a0150207ef87807622a6ceff70fa7473,0,"Answer: 2

Most grounded: statement 2 — The ice is used to keep the seafood fresh by maintaining a cold temperature. This is evident from the ice being used as a base for the seafood display, which is a common practice in seafood markets to preserve the freshness of the fish.

Less grounded: statement 1 — The purpose of the ice used in this seafood market display is to separate different types of seafood. While the ice does separate the seafood, the primary purpose is to keep them fresh, not to separate them.

Least grounded: statement 3 — The purpose of the ice used in this seafood market display is to enhance the visual appeal of the seafood. There is no evidence in the image that suggests the ice is used for visual appeal; its primary function is to keep the seafood fresh.",false
c5ebd6929d038278d0eb47abb519e262a0150207ef87807622a6ceff70fa7473,1,,true
c5ebd6929d038278d0eb47abb519e262a0150207ef87807622a6ceff70fa7473,2,,false
49bbcd7b5f7f5284b11a8414e2c76f45dcd0ff0a226039465d929d197cb93acc,0,"Answer: 3

Most grounded: statement 3 — The tray below the board contains additional game pieces, which supports this statement.
Less grounded: statement 1 — There is no clear evidence that the tray is used to keep score; it is more likely for keeping score to be done on the board itself.
Least grounded: statement 2 — There is no evidence in the image to suggest that the tray is used to hold cards; the tray contains game pieces, not cards.",false
49bbcd7b5f7f5284b11a8414e2c76f45dcd0ff0a226039465d929d197cb93acc,1,,false
49bbcd7b5f7f5284b11a8414e2c76f45dcd0ff0a226039465d929d197cb93acc,2,,true
33ddac1970af793d54f682990f452180bbf53ea7f746552d3ad44cb40b6371df,0,"Answer: 3

Most grounded: statement 3 — The person is harvesting from an olive tree. This is strongly supported by the image, as the tree has olives on it and the person is picking them.

Less grounded: statement 1 — The person is harvesting from an apple tree. The evidence is weak because there are no visible apples on the tree, and the olives are clearly present.

Least grounded: statement 2 — The person is harvesting from a pine tree. This is contradicted by the image, as the tree has olives, not pine cones or needles, which are typical of pine trees.",false
33ddac1970af793d54f682990f452180bbf53ea7f746552d3ad44cb40b6371df,1,,false
33ddac1970af793d54f682990f452180bbf53ea7f746552d3ad44cb40b6371df,2,,true
424770d9da193d9b9504b073f82ddace04282d8b214bdbb4d5726a18f8fdafa3,0,"Answer: 2

Most grounded: statement 2 — [specific visual evidence]
Less grounded: statement 1 — [why the evidence is weak or absent]
Least grounded: statement 3 — [why it is contradicted]",false
424770d9da193d9b9504b073f82ddace04282d8b214bdbb4d5726a18f8fdafa3,1,,true
424770d9da193d9b9504b073f82ddace04282d8b214bdbb4d5726a18f8fdafa3,2,,false
3fb2687fe64d445e1c3aa8b10985fd3de0ebc9ae7cdfe72f1028ee6d1a5484b2,0,"Answer: 1

Most grounded: statement 1 — The image shows green leaves, which are likely banana leaves, wrapped around some of the food items on the table.
Less grounded: statement 2 — The image shows plastic wrap being used to cover some of the food items, but it is not explicitly used to wrap them.
Least grounded: statement 3 — There is no evidence in the image to suggest that paper is used to wrap any of the food items.",true
3fb2687fe64d445e1c3aa8b10985fd3de0ebc9ae7cdfe72f1028ee6d1a5484b2,1,,false
3fb2687fe64d445e1c3aa8b10985fd3de0ebc9ae7cdfe72f1028ee6d1a5484b2,2,,false
404b766629a3705101c65132bd0abf07c31d98e9fddbf19b592bde126ea7610f,0,"Answer: 1

Most grounded: statement 1 — Whitewashed walls are the most indicative feature of traditional Mediterranean architecture. The image shows whitewashed walls, which is a common characteristic of Mediterranean architecture.

Less grounded: statement 2 — Bougainvillea flowers are the most indicative feature of traditional Mediterranean architecture. While bougainvillea is a common plant in Mediterranean regions, it is not the most indicative feature of the architecture itself.

Least grounded: statement 3 — Lantern on the wall is the most indicative feature of traditional Mediterranean architecture. The presence of a lantern on the wall is not a defining feature of Mediterranean architecture and can be found in various other regions as well.",true
404b766629a3705101c65132bd0abf07c31d98e9fddbf19b592bde126ea7610f,1,,false
404b766629a3705101c65132bd0abf07c31d98e9fddbf19b592bde126ea7610f,2,,false
3519d655a5dde66db10907b74b75bde5e909f474d9cbca3dbd1a15cb68c76288,0,"Answer: 2

Most grounded: statement 2 — The door's design, with its yellow color and black and white stripes, is reminiscent of traditional Moroccan or North African architecture. The style of the door and the surrounding wall are characteristic of this region.

Less grounded: statement 1 — The door's design does not strongly suggest Scandinavian architecture, which typically features simpler, more minimalistic designs. The bright colors and intricate patterns are more indicative of North African styles.

Least grounded: statement 3 — Doors like the one shown in the image are not typical of East Asian architecture, which often features more subdued colors and different architectural elements. The vibrant colors and patterns are more aligned with North African styles.",false
3519d655a5dde66db10907b74b75bde5e909f474d9cbca3dbd1a15cb68c76288,1,,true
3519d655a5dde66db10907b74b75bde5e909f474d9cbca3dbd1a15cb68c76288,2,,false
0fb9a8a97ea2dfcbb0fcce5f4488f2fa8abdf21bb6bc75283e7f97c01b9b66b6,0,"Answer: 3

Most grounded: statement 3 — The seating area includes a sofa and armchairs arranged around a coffee table, which are typical elements for relaxation and conversation. The presence of cushions and a rug also suggests a comfortable and informal setting.

Less grounded: statement 1 — While the seating arrangement could be suitable for formal meetings, the overall design and layout do not strongly suggest this purpose. The presence of a coffee table and casual seating arrangement leans more towards a relaxed environment.

Least grounded: statement 2 — There are no dining elements such as a dining table or chairs, and the overall design does not support dining activities. The primary focus is on seating and relaxation rather than dining.",false
0fb9a8a97ea2dfcbb0fcce5f4488f2fa8abdf21bb6bc75283e7f97c01b9b66b6,1,,false
0fb9a8a97ea2dfcbb0fcce5f4488f2fa8abdf21bb6bc75283e7f97c01b9b66b6,2,,true
f7f56b45534156e03fc10cdfe69d7c4b1b2b45c58cb56f68d3d4a284fb7b145f,0,"Answer: 1

Most grounded: statement 1 — The image shows a large crowd of people gathered at a stage with large screens displaying ""SOLIDAYS,"" indicating a music festival. The stage setup and lighting are typical of music festivals.

Less grounded: statement 2 — There is no indication of political themes or messages in the image. The focus is on entertainment rather than political content.

Least grounded: statement 3 — The image does not show any sports-related elements such as a field, athletes, or sports equipment. The setup is clearly for a music event.",true
f7f56b45534156e03fc10cdfe69d7c4b1b2b45c58cb56f68d3d4a284fb7b145f,1,,false
f7f56b45534156e03fc10cdfe69d7c4b1b2b45c58cb56f68d3d4a284fb7b145f,2,,false
4fe28cdc58cfbe33a4024c2aee0ba742acea7bcf9e4245b40960e4fd69be7b67,0,"Answer: 2

Most grounded: statement 2 — The image shows a structure that appears to be a historical cave dwelling, with several arches and openings that suggest it was used for habitation or storage. The presence of these features strongly supports the idea that visitors might engage in exploring historical cave dwellings at this location.

Less grounded: statement 1 — There is no visible evidence of a natural pool or swimming activities in the image. The ground appears to be dry and flat, which makes it less likely that visitors would engage in swimming here.

Least grounded: statement 3 — The image does not show any steep cliffs or any equipment or indications of rock climbing activities. The structure is relatively flat and does not suggest a suitable environment for rock climbing.",false
4fe28cdc58cfbe33a4024c2aee0ba742acea7bcf9e4245b40960e4fd69be7b67,1,,true
4fe28cdc58cfbe33a4024c2aee0ba742acea7bcf9e4245b40960e4fd69be7b67,2,,false
1d47b6141d53c78abce499898b664663b1fd3c10e01c05b4ce3b82266b18e642,0,"Answer: 3

Most grounded: statement 3 — The shoes in the image are ornate and decorated with feathers and beads, which are commonly used in traditional dances and ceremonies in many cultures, including those in the Arab world.

Less grounded: statement 1 — The shoes in the image are not designed for running; they are ornate and decorative, which is not typical for modern sports shoes.

Least grounded: statement 2 — The shoes in the image are not suitable for hiking; they are too ornate and decorative for casual outdoor activities.",false
1d47b6141d53c78abce499898b664663b1fd3c10e01c05b4ce3b82266b18e642,1,,false
1d47b6141d53c78abce499898b664663b1fd3c10e01c05b4ce3b82266b18e642,2,,true
37f7b94248166fea9127c41ac9c7bee8d26a16425aed729411ad19305c6f263f,0,"Answer: 2

Most grounded: statement 2 — The slippers appear to be made of leather, as indicated by the texture and sheen visible in the image.
Less grounded: statement 1 — There is no clear evidence that the slippers are made of rubber, as rubber typically has a different texture and appearance.
Least grounded: statement 3 — Canvas is typically a lighter and more breathable material, which is not consistent with the appearance of the slippers in the image.",false
37f7b94248166fea9127c41ac9c7bee8d26a16425aed729411ad19305c6f263f,1,,true
37f7b94248166fea9127c41ac9c7bee8d26a16425aed729411ad19305c6f263f,2,,false
504dbd0d6bf8f6d87738e6ff5a7b6cae458336471b03b9cc86223f2069b75f68,0,"Answer: 2

Most grounded: statement 2 — The decorative embroidery on the garment is most likely made with silver thread. The image shows a clear pattern of shiny, reflective embellishments along the edge of the garment, which strongly suggests the use of silver thread.

Less grounded: statement 1 — The decorative embroidery on the garment is most likely made with painted designs. While the image does show a patterned design, there is no clear evidence that the designs are painted. The reflective nature of the embellishments makes it more likely that they are made with thread or beads rather than paint.

Least grounded: statement 3 — The decorative embroidery on the garment is most likely made with plastic beads. The image does not provide any evidence that the embellishments are made with plastic beads. The reflective quality and the patterned design suggest the use of thread or other materials, not plastic beads.",false
504dbd0d6bf8f6d87738e6ff5a7b6cae458336471b03b9cc86223f2069b75f68,1,,true
504dbd0d6bf8f6d87738e6ff5a7b6cae458336471b03b9cc86223f2069b75f68,2,,false
0a285737f7f27e70b7c3c81c40ba8fd78ce7384538c258ba1bbc31105d8988db,0,"Answer: 1

Most grounded: statement 1 — The pots in the image appear to have a texture and color that is consistent with clay pots, which are commonly used in many cultures for storage and cooking.
Less grounded: statement 2 — There is no visual evidence in the image to suggest that the pots are made of plastic. Plastic typically has a different texture and appearance compared to clay.
Least grounded: statement 3 — The pots in the image do not have the smooth, reflective surface that is characteristic of metal. Additionally, the pots have a porous texture that is more typical of clay or other natural materials.",true
0a285737f7f27e70b7c3c81c40ba8fd78ce7384538c258ba1bbc31105d8988db,1,,false
0a285737f7f27e70b7c3c81c40ba8fd78ce7384538c258ba1bbc31105d8988db,2,,false
eb1718ddcb71fb01c2b5545faa38059882e2bc8e799930b322626add66d70d29,0,"Answer: 1

Most grounded: statement 1 — The building shown in the image has characteristics of Roman architecture, such as the use of arches and the style of the columns.
Less grounded: statement 2 — The evidence for Greek architecture is weaker because the style of the columns and arches is more indicative of Roman influence.
Least grounded: statement 3 — The architecture does not align with Egyptian styles, which typically feature pyramids and obelisks, not arches and columns.",true
eb1718ddcb71fb01c2b5545faa38059882e2bc8e799930b322626add66d70d29,1,,false
eb1718ddcb71fb01c2b5545faa38059882e2bc8e799930b322626add66d70d29,2,,false
dbd176fc1e508bb0a295782fdf9c4af8429e1413f576e97b9f926042c563d2de,0,"Answer: 1

Most grounded: statement 1 — The person standing in the image is handing food or an item to another person. This is evident as the person is holding a plate and appears to be in the process of passing it to someone seated at the table.

Less grounded: statement 2 — The person standing in the image is cleaning the table. There is no visual evidence to suggest that the person is engaged in cleaning activities.

Least grounded: statement 3 — The person standing in the image is decorating the room. There is no visual evidence to suggest that the person is engaged in decorating activities.",true
dbd176fc1e508bb0a295782fdf9c4af8429e1413f576e97b9f926042c563d2de,1,,false
dbd176fc1e508bb0a295782fdf9c4af8429e1413f576e97b9f926042c563d2de,2,,false
549d84a492d4e11f192ac9827a50c0efff8bc6cbe5fe5ae9f14041792e4b6b3c,0,"Answer: 3

Most grounded: statement 3 — The image shows a roof with solar panels, which strongly supports this statement.
Less grounded: statement 2 — There is no visible evidence of a rainwater harvesting system in the image.
Least grounded: statement 1 — There is no visible evidence of a wind turbine in the image.",false
549d84a492d4e11f192ac9827a50c0efff8bc6cbe5fe5ae9f14041792e4b6b3c,1,,false
549d84a492d4e11f192ac9827a50c0efff8bc6cbe5fe5ae9f14041792e4b6b3c,2,,true
5b85575b7b8c38fe4eee44bf3e0c0d5664f7127abb6052507d21cc45f47f7bfc,0,"Answer: 1

Most grounded: statement 1 — The plaque clearly states ""Presented to Plaque to Reality For passing 100 followers,"" indicating it is meant to recognize surpassing 100 followers on Twitch.
Less grounded: statement 2 — There is no mention of a gaming tournament victory in the plaque.
Least grounded: statement 3 — The plaque does not mention the launch of a new Twitch channel.",true
5b85575b7b8c38fe4eee44bf3e0c0d5664f7127abb6052507d21cc45f47f7bfc,1,,false
5b85575b7b8c38fe4eee44bf3e0c0d5664f7127abb6052507d21cc45f47f7bfc,2,,false
1f62f1c5f5c9a4053ae7bb3862f74f12c0edb04d8b280b51fd3e74ba73c64c1a,0,"Answer: 2

Most grounded: statement 2 — The bamboo poles are seen stacked on the boat, which is a common way to store and transport fishing equipment. The presence of fishing nets also supports this.
Less grounded: statement 1 — There is no visual evidence suggesting that the bamboo poles are used for decoration.
Least grounded: statement 3 — There is no visual evidence suggesting that the bamboo poles are used as building material.",false
1f62f1c5f5c9a4053ae7bb3862f74f12c0edb04d8b280b51fd3e74ba73c64c1a,1,,true
1f62f1c5f5c9a4053ae7bb3862f74f12c0edb04d8b280b51fd3e74ba73c64c1a,2,,false
35a297a52f9c13232cf6907d7e69a315d8a2c7a8d6c317e1e1d565e66ee91f98,0,"Answer: 1

Most grounded: statement 1 — The image shows a rugged mountainous landscape, which is ideal for hiking and trekking. The presence of a winding road suggests that this area is accessible and likely frequented by hikers and trekkers.

Less grounded: statement 2 — The image does not show any urban structures or signs of human habitation, making it less likely to be associated with urban sightseeing.

Least grounded: statement 3 — The image shows a mountainous terrain with no visible beach or sand, making it highly unlikely to be associated with beach volleyball.",true
35a297a52f9c13232cf6907d7e69a315d8a2c7a8d6c317e1e1d565e66ee91f98,1,,false
35a297a52f9c13232cf6907d7e69a315d8a2c7a8d6c317e1e1d565e66ee91f98,2,,false
e93c50ae85dec9791199529623c2664847037791438ed02292a4d3e0e8ba2197,0,"Answer: 3

Most grounded: statement 3 — The image clearly shows a large marble island in the center of the kitchen.
Less grounded: statement 1 — There is no evidence of bright neon lighting in the image.
Least grounded: statement 2 — The image does not show a traditional wood-burning stove; instead, it shows a modern, sleek kitchen with a built-in oven and a gas stove.",false
e93c50ae85dec9791199529623c2664847037791438ed02292a4d3e0e8ba2197,1,,false
e93c50ae85dec9791199529623c2664847037791438ed02292a4d3e0e8ba2197,2,,true
5e0b25eba9adfbe4ba5f4a86fbb24cbbb03a2433f78f4f912cb992c27be6537c,0,"Answer: 1

Most grounded: statement 1 — A stonemason would have been most essential for constructing a structure like the one shown in the image. The image shows a stone structure, which would require the skills of a stonemason to build.

Less grounded: statement 2 — A fisherman would have been most essential for constructing a structure like the one shown in the image. There is no evidence in the image that suggests fishing is involved in the construction process.

Least grounded: statement 3 — A tailor would have been most essential for constructing a structure like the one shown in the image. Tailoring skills are not relevant to the construction of stone structures, and there is no evidence in the image to support this statement.",true
5e0b25eba9adfbe4ba5f4a86fbb24cbbb03a2433f78f4f912cb992c27be6537c,1,,false
5e0b25eba9adfbe4ba5f4a86fbb24cbbb03a2433f78f4f912cb992c27be6537c,2,,false
e099270ecc445de55efc5d639f4f4b150bfe53d9dd53b604d431bbc94340a7d3,0,"Answer: 3

Most grounded: statement 3 — The door knockers have a metallic sheen and detailed craftsmanship that is typical of metalwork.
Less grounded: statement 1 — The image does not provide enough information to definitively determine the material, but the appearance could be consistent with wood.
Least grounded: statement 2 — The image does not support the idea that the door knockers are made of plastic, as plastic typically does not have the detailed and reflective finish seen here.",false
e099270ecc445de55efc5d639f4f4b150bfe53d9dd53b604d431bbc94340a7d3,1,,false
e099270ecc445de55efc5d639f4f4b150bfe53d9dd53b604d431bbc94340a7d3,2,,true
ae6511d92613ad951406a15da4413388c3fef2e5db18da4611559ce6827a202d,0,"Answer: 3

Most grounded: statement 3 — The image shows a ceramic bowl with intricate designs, which suggests it is being displayed to showcase artistic techniques and cultural heritage.

Less grounded: statement 1 — While the bowl is broken, the primary purpose of displaying it in a museum is not explicitly to demonstrate fragility but rather to highlight its artistic and cultural value.

Least grounded: statement 2 — There is no evidence in the image that the bowl is being displayed to highlight modern ceramic production methods. The focus is on the historical and artistic aspects of the bowl.",false
ae6511d92613ad951406a15da4413388c3fef2e5db18da4611559ce6827a202d,1,,false
ae6511d92613ad951406a15da4413388c3fef2e5db18da4611559ce6827a202d,2,,true
ed010ca0146ddd1e58700cded2aafa7cffe020262988ed648301b27b4e1aabe7,0,"Answer: 1

Most grounded: statement 1 — The image shows a structure with wooden and reed materials, which are typical components of traditional boats. The presence of tools and materials suggests that the structure is being used for constructing a boat.

Less grounded: statement 2 — There is no evidence in the image to suggest that the structure is being used as a storage facility. The tools and materials indicate a focus on construction rather than storage.

Least grounded: statement 3 — The image does not show a completed boat, but rather a structure that appears to be in the process of being built. Therefore, it does not support the idea that the structure is being used to display a completed boat.",true
ed010ca0146ddd1e58700cded2aafa7cffe020262988ed648301b27b4e1aabe7,1,,false
ed010ca0146ddd1e58700cded2aafa7cffe020262988ed648301b27b4e1aabe7,2,,false
53de31ab04ca9d558cf3c09eda884d13f680c7adaf145aef3263b906a2c75d6c,0,"Answer: 3

Most grounded: statement 3 — The image clearly shows a serene ocean view through the gym's large windows.
Less grounded: statement 1 — There is no evidence of a bustling cityscape; the view is more open and less densely populated.
Least grounded: statement 2 — The view is not a dense forest; it is an open ocean view, which is clearly visible through the windows.",false
53de31ab04ca9d558cf3c09eda884d13f680c7adaf145aef3263b906a2c75d6c,1,,false
53de31ab04ca9d558cf3c09eda884d13f680c7adaf145aef3263b906a2c75d6c,2,,true
6c1fa79aab9a2ab4029dc6734f43f5c51b4d58bbad0ea28be48d3216d938c74f,0,"Answer: 2

Most grounded: statement 2 — The walls and floor show signs of neglect, such as peeling paint and dirt, which suggest the building has been abandoned and not maintained over time.
Less grounded: statement 1 — There is no visible evidence of ongoing renovations, such as construction materials or tools.
Least grounded: statement 3 — There is no evidence of damage from a natural disaster, such as cracks or structural damage.",false
6c1fa79aab9a2ab4029dc6734f43f5c51b4d58bbad0ea28be48d3216d938c74f,1,,true
6c1fa79aab9a2ab4029dc6734f43f5c51b4d58bbad0ea28be48d3216d938c74f,2,,false
4e83f315358b21ea9e90f468e0d63cbc8b9d0618d2f1bf99f36026c894b9c38e,0,"Answer: 3

Most grounded: statement 3 — The flag of the United Arab Emirates is clearly visible on the yacht.
Less grounded: statement 1 — There is no visible United States flag on the yacht.
Least grounded: statement 2 — There is no visible United Kingdom flag on the yacht.",false
4e83f315358b21ea9e90f468e0d63cbc8b9d0618d2f1bf99f36026c894b9c38e,1,,false
4e83f315358b21ea9e90f468e0d63cbc8b9d0618d2f1bf99f36026c894b9c38e,2,,true
3fd8238f7db7be40be6b81f28f58c8ca9f36216915fbedefb8e6f5613ce37da1,0,"Answer: 2

Most grounded: statement 2 — The image shows a person working on a professional video camera setup, which is typical for behind-the-scenes work on a film production.
Less grounded: statement 1 — There is no clear evidence of a live broadcast, such as a news anchor or live audience.
Least grounded: statement 3 — The presence of a professional video camera and the setting do not strongly suggest a photography workshop.",false
3fd8238f7db7be40be6b81f28f58c8ca9f36216915fbedefb8e6f5613ce37da1,1,,true
3fd8238f7db7be40be6b81f28f58c8ca9f36216915fbedefb8e6f5613ce37da1,2,,false
2c68884ea3c7a303cf1a08aaf3d5cf0d3095dabc9c14e53e07bf0b1c47834bc1,0,"Answer: 2

Most grounded: statement 2 — The image shows numerous shops displaying gold jewelry, and people are seen examining and purchasing these items. The presence of jewelry shops and customers looking at the jewelry strongly supports this statement.

Less grounded: statement 1 — While there is a mosque in the background, there is no visible evidence of a religious service taking place. The focus of the image is on the shops and customers, not on any religious activities.

Least grounded: statement 3 — There is no indication of a restaurant in the image. The shops and the mosque dominate the scene, making this statement the least supported by the visual evidence.",false
2c68884ea3c7a303cf1a08aaf3d5cf0d3095dabc9c14e53e07bf0b1c47834bc1,1,,true
2c68884ea3c7a303cf1a08aaf3d5cf0d3095dabc9c14e53e07bf0b1c47834bc1,2,,false
bad7ef5856db6a56bcfe36712ee7fa308cf59f2ba29508c39af230ec4b3a45cd,0,"Answer: 1

Most grounded: statement 1 — A white SUV is shown performing dune bashing in the image. The image clearly shows a white SUV actively driving through the sand dunes, creating a cloud of dust behind it, which is indicative of dune bashing.
Less grounded: statement 3 — A red quad bike is shown performing dune bashing in the image. The image does not show a red quad bike; it shows a red ATV (all-terrain vehicle) being ridden by a person, not performing dune bashing.
Least grounded: statement 2 — A motorcycle is shown performing dune bashing in the image. The image does not show a motorcycle at all; it only shows vehicles that are clearly SUVs and an ATV.",true
bad7ef5856db6a56bcfe36712ee7fa308cf59f2ba29508c39af230ec4b3a45cd,1,,false
bad7ef5856db6a56bcfe36712ee7fa308cf59f2ba29508c39af230ec4b3a45cd,2,,false
c86cd34b9d73a70a489fc9cb0b9b6234cf1d3a7c74a890d47c3ac62bd79a60fe,0,"Answer: 1

Most grounded: statement 1 — Graffiti and murals are prominently displayed on the building in the image. The image clearly shows a large mural and various graffiti tags on the building's exterior.
Less grounded: statement 2 — Abstract installations are prominently displayed on the building in the image. There is no clear evidence of abstract installations in the image.
Least grounded: statement 3 — Classical sculptures are prominently displayed on the building in the image. The image does not show any classical sculptures; it only shows murals and graffiti.",true
c86cd34b9d73a70a489fc9cb0b9b6234cf1d3a7c74a890d47c3ac62bd79a60fe,1,,false
c86cd34b9d73a70a489fc9cb0b9b6234cf1d3a7c74a890d47c3ac62bd79a60fe,2,,false
0f4ef05f0f58e55ac526863c82441f624b753eb1fdc99400d5bba76c044621c4,0,"Answer: 3

Most grounded: statement 3 — The image clearly shows a latte art design on the surface of the coffee, which is a common practice in many coffee shops around the world, including in the Arab world.

Less grounded: statement 1 — The term ""foam sculpture"" is not commonly used to describe latte art, which is more accurately described as latte art.

Least grounded: statement 2 — There is no evidence in the image to suggest that the art on the coffee is chocolate engraving. The design appears to be created with the foam and milk, typical of latte art.",false
0f4ef05f0f58e55ac526863c82441f624b753eb1fdc99400d5bba76c044621c4,1,,false
0f4ef05f0f58e55ac526863c82441f624b753eb1fdc99400d5bba76c044621c4,2,,true
276ca05162a836bfd41240af0a226f87d7eec84f79f077878a40875e8df11121,0,"Answer: 1

Most grounded: statement 1 — The flooring material used in this outdoor restroom setup is gravel. The image clearly shows a layer of small, rounded stones covering the ground, which is a characteristic of gravel.

Less grounded: statement 2 — The flooring material used in this outdoor restroom setup is wood. There is no visual evidence of wood in the flooring; the stones are clearly visible and distinct from wood.

Least grounded: statement 3 — The flooring material used in this outdoor restroom setup is concrete. Concrete is typically smoother and more uniform in appearance compared to the stones shown in the image. The stones have a more irregular and varied texture, which is more consistent with gravel.",true
276ca05162a836bfd41240af0a226f87d7eec84f79f077878a40875e8df11121,1,,false
276ca05162a836bfd41240af0a226f87d7eec84f79f077878a40875e8df11121,2,,false
fe4571223477f601ce47a604e7c272089ed35699808b0fe22b517b9c1f85df10,0,"Answer: 2

Most grounded: statement 2 — The man is holding a cup of tea, which strongly supports this statement.
Less grounded: statement 1 — There is no visual evidence of cooking food in the image.
Least grounded: statement 3 — There is no visual evidence of reading a book in the image.",false
fe4571223477f601ce47a604e7c272089ed35699808b0fe22b517b9c1f85df10,1,,true
fe4571223477f601ce47a604e7c272089ed35699808b0fe22b517b9c1f85df10,2,,false
6796508f971840ad76ea31a9619944474032c4e45061e6dad9bdf5ee9f0d7add,0,"Answer: 2

Most grounded: statement 2 — The earrings prominently feature rose-shaped ornaments in the center, which are clearly visible and the main decorative elements.
Less grounded: statement 1 — While the earrings have a star-shaped outline, the main decorative feature is the rose-shaped ornaments, not the star shape itself.
Least grounded: statement 3 — There is no diamond-shaped pendant visible in the image; the earrings have a star-shaped outline and rose-shaped ornaments.",false
6796508f971840ad76ea31a9619944474032c4e45061e6dad9bdf5ee9f0d7add,1,,true
6796508f971840ad76ea31a9619944474032c4e45061e6dad9bdf5ee9f0d7add,2,,false
71b799d84743d07dfb6ea951a87bd9f292a65305e2e66fa2ee2e7bd0633150a6,0,"Answer: 2

Most grounded: statement 2 — The image shows a woman using a clay pot, which is a traditional Jebena, to brew coffee during an Ethiopian coffee ceremony.
Less grounded: statement 1 — The image does not provide any visual evidence of a ceramic pot being used for brewing coffee.
Least grounded: statement 3 — The image does not show a woven basket being used for brewing coffee, and woven baskets are not typically used in Ethiopian coffee ceremonies.",false
71b799d84743d07dfb6ea951a87bd9f292a65305e2e66fa2ee2e7bd0633150a6,1,,true
71b799d84743d07dfb6ea951a87bd9f292a65305e2e66fa2ee2e7bd0633150a6,2,,false
a560f068e6f71b9233bd56bbe0554c48a68918495fb647cb4755d5d45a3bf7ef,0,"Answer: 1

Most grounded: statement 1 — The woven basket filled with popcorn is a traditional snack served during coffee ceremonies in this cultural context. The image shows a basket filled with popcorn placed on a table with a coffee cup and a traditional teapot, suggesting that it is a snack served during coffee ceremonies.

Less grounded: statement 2 — The woven basket filled with popcorn is used for storing grains in this cultural context. The evidence is weak because there is no clear indication that the basket is used for storing grains, and popcorn is not typically associated with grain storage.

Least grounded: statement 3 — The woven basket filled with popcorn serves as a decorative item in this cultural context. The evidence is absent because there is no indication that the basket is used purely for decoration; it is clearly intended for holding popcorn, which is a snack.",true
a560f068e6f71b9233bd56bbe0554c48a68918495fb647cb4755d5d45a3bf7ef,1,,false
a560f068e6f71b9233bd56bbe0554c48a68918495fb647cb4755d5d45a3bf7ef,2,,false
cc9e93aba049559b12e404575e46fd0a12a6ab5e984ccdd28a0e2c90b3160594,0,"Answer: 1

Most grounded: statement 1 — The image shows tables and chairs arranged in a manner typical for a restaurant or café, with plates and glasses set for dining. The presence of a bar area and the overall setup strongly supports this interpretation.

Less grounded: statement 2 — There is no visible signage or context indicating that this area is intended for a public waiting area. The arrangement and setup do not resemble a typical waiting area.

Least grounded: statement 3 — The image does not provide any evidence to suggest that this area is intended for a private workspace. The setup and arrangement are more consistent with a public dining area rather than a private workspace.",true
cc9e93aba049559b12e404575e46fd0a12a6ab5e984ccdd28a0e2c90b3160594,1,,false
cc9e93aba049559b12e404575e46fd0a12a6ab5e984ccdd28a0e2c90b3160594,2,,false
4049075e2fa9b793d1b719b61b136101e093822e4847b385aa3082558d9cda31,0,"Answer: 1

Most grounded: statement 1 — The image shows traditional cargo boats docked at a waterfront with buildings in the background, indicating an urban waterfront setting.
Less grounded: statement 2 — There are no luxury yachts visible in the image, only traditional cargo boats.
Least grounded: statement 3 — The image does not show a rural fishing village; it depicts an urban waterfront with buildings and infrastructure.",true
4049075e2fa9b793d1b719b61b136101e093822e4847b385aa3082558d9cda31,1,,false
4049075e2fa9b793d1b719b61b136101e093822e4847b385aa3082558d9cda31,2,,false
314de5409f0efa4ca05ddd95c57a2b53e4ab431b1b56ea617144fc4ecd6cc8c4,0,"Answer: 1

Most grounded: statement 1 — The image clearly shows intricate embroidery with a zigzag pattern on the sleeves of the abaya.
Less grounded: statement 2 — There is no evidence of metallic studs in the image.
Least grounded: statement 3 — The image does not show any floral print on the sleeves.",true
314de5409f0efa4ca05ddd95c57a2b53e4ab431b1b56ea617144fc4ecd6cc8c4,1,,false
314de5409f0efa4ca05ddd95c57a2b53e4ab431b1b56ea617144fc4ecd6cc8c4,2,,false
6f3712a0349b19c0a36060255ed64485cbb0605271ed1a5fd0242f86ddf73ac3,0,"Answer: 3

Most grounded: statement 3 — The image depicts a rocky desert landscape. This is strongly supported by the visible rocky terrain and sparse vegetation, which are characteristic of desert environments.

Less grounded: statement 1 — The image depicts a bustling cityscape. The evidence is weak because the image shows a desert landscape rather than a cityscape with buildings and infrastructure.

Least grounded: statement 2 — The image depicts a dense forest. This is contradicted by the visible rocky terrain and sparse vegetation, which are not typical of dense forests.",false
6f3712a0349b19c0a36060255ed64485cbb0605271ed1a5fd0242f86ddf73ac3,1,,false
6f3712a0349b19c0a36060255ed64485cbb0605271ed1a5fd0242f86ddf73ac3,2,,true
a5be37dcc7d22446033ae6d44c906357a1c6bd304177fcc72f43d3f1ac0d1dbf,0,"Answer: 1

Most grounded: statement 1 — The image shows an interior space with escalators, a glass barrier, and various shops, which are common features of an airport terminal.
Less grounded: statement 2 — There are no tracks or trains visible, which makes it less likely to be a train station.
Least grounded: statement 3 — While there are shops, the overall design and layout suggest an airport terminal more than a typical shopping mall.",true
a5be37dcc7d22446033ae6d44c906357a1c6bd304177fcc72f43d3f1ac0d1dbf,1,,false
a5be37dcc7d22446033ae6d44c906357a1c6bd304177fcc72f43d3f1ac0d1dbf,2,,false
75a851e7f088240f2ec431a12e2102aef5f15f1271cd703a267ffb1c5505bb25,0,"Answer: 3

Most grounded: statement 3 — The image shows children actively playing on the playground equipment, indicating that the primary purpose is to provide a space for physical activity and play.
Less grounded: statement 1 — While the playground has a treehouse-like structure, there is no clear evidence that its primary purpose is to showcase treehouse architecture.
Least grounded: statement 2 — There is no evidence in the image to suggest that the playground is used for formal educational classes.",false
75a851e7f088240f2ec431a12e2102aef5f15f1271cd703a267ffb1c5505bb25,1,,false
75a851e7f088240f2ec431a12e2102aef5f15f1271cd703a267ffb1c5505bb25,2,,true
87a46cd8272e0a1e40ed5e0470f41906c1aa7e9d8e132329f57eba1f09be641b,0,"Answer: 3

Most grounded: statement 3 — The remote control has a voice control microphone for user convenience. This is supported by the presence of a microphone icon on the remote.
Less grounded: statement 2 — The remote control has a touchscreen pad for user convenience. There is no visual evidence of a touchscreen pad in the image.
Least grounded: statement 1 — The remote control has a built-in camera for user convenience. There is no visual evidence of a camera in the image.",false
87a46cd8272e0a1e40ed5e0470f41906c1aa7e9d8e132329f57eba1f09be641b,1,,false
87a46cd8272e0a1e40ed5e0470f41906c1aa7e9d8e132329f57eba1f09be641b,2,,true
9536bd4d54aff75a74936cc21d09624ca985156c6d102ac29462270cb46272dd,0,"Answer: 1

Most grounded: statement 1 — Cars and motorcycles are visible on the road adjacent to the bridge in the image.
Less grounded: statement 2 — Trucks and rickshaws are visible on the road adjacent to the bridge in the image. The image does not provide clear evidence of trucks or rickshaws.
Least grounded: statement 3 — Buses and bicycles are visible on the road adjacent to the bridge in the image. The image does not show any buses or bicycles on the road.",true
9536bd4d54aff75a74936cc21d09624ca985156c6d102ac29462270cb46272dd,1,,false
9536bd4d54aff75a74936cc21d09624ca985156c6d102ac29462270cb46272dd,2,,false
a0e2fc3c80445f026eefb61d66728620db517bc22b6143d9a7924d612d1b6390,0,"Answer: 1

Most grounded: statement 1 — The tents and shaded areas are positioned in a way that suggests they are intended to control the flow of the crowd, acting as barriers.
Less grounded: statement 2 — While the tents do provide shade, there is no clear evidence that they are specifically intended for attendees to seek shelter under.
Least grounded: statement 3 — There is no visual evidence to suggest that the tents are being used for storage purposes.",true
a0e2fc3c80445f026eefb61d66728620db517bc22b6143d9a7924d612d1b6390,1,,false
a0e2fc3c80445f026eefb61d66728620db517bc22b6143d9a7924d612d1b6390,2,,false
b2b9ef681ce6c35ad4cc85c0d7d4e657d4abd0e57dae98b2f4878253b7158ad5,0,"Answer: 1

Most grounded: statement 1 — The image shows a large, well-designed waterfront complex with multiple pavilions and open spaces, which are suitable for hosting music concerts and cultural events. The presence of large, open areas and the design of the pavilions suggest that they are intended for public gatherings and events.

Less grounded: statement 2 — There is no visible industrial equipment or manufacturing facilities in the image. The complex appears to be focused on entertainment and leisure activities rather than industrial manufacturing.

Least grounded: statement 3 — The image does not show any agricultural exhibits or farming-related structures. The focus is on the entertainment and leisure aspects of the complex, making agricultural exhibitions the least likely to be hosted here.",true
b2b9ef681ce6c35ad4cc85c0d7d4e657d4abd0e57dae98b2f4878253b7158ad5,1,,false
b2b9ef681ce6c35ad4cc85c0d7d4e657d4abd0e57dae98b2f4878253b7158ad5,2,,false
39b7d268b68e9626001a1df4ee22be2b12459fcd3d63d3b47383c9df0cf7ada7,0,"Answer: 3

Most grounded: statement 3 — The image shows a mountainous terrain with rocky paths, which is the most prominent feature.
Less grounded: statement 1 — There is no dense forest visible in the image.
Least grounded: statement 2 — There is no large lake visible in the image.",false
39b7d268b68e9626001a1df4ee22be2b12459fcd3d63d3b47383c9df0cf7ada7,1,,false
39b7d268b68e9626001a1df4ee22be2b12459fcd3d63d3b47383c9df0cf7ada7,2,,true
9d34c3854b5628e154175147e18ff8f45d3872f1306584d9cdb7b32f861d2e7e,0,"Answer: 2

Most grounded: statement 2 — The image shows a tablet or screen holder attached to the chair, which is designed to mount a tablet or screen.
Less grounded: statement 1 — The image does not provide any evidence that the tablet or screen holder is used for storing items.
Least grounded: statement 3 — The image does not provide any evidence that the tablet or screen holder is used for holding books.",false
9d34c3854b5628e154175147e18ff8f45d3872f1306584d9cdb7b32f861d2e7e,1,,true
9d34c3854b5628e154175147e18ff8f45d3872f1306584d9cdb7b32f861d2e7e,2,,false
e8cc526d6512d38707477f17b0c82571896a69a7dafccd8056053b8a0f46d55a,0,"Answer: 1

Most grounded: statement 1 — The hangar in the background is designed for passenger boarding and luggage handling, as indicated by its proximity to the aircraft and the presence of jet bridges typically used for boarding passengers.

Less grounded: statement 2 — The evidence for fueling and refueling operations is weak, as there are no visible fueling stations or trucks associated with the hangar.

Least grounded: statement 3 — The image does not provide any evidence to support aircraft maintenance and storage, as there are no visible maintenance tools, hangar doors, or storage facilities.",true
e8cc526d6512d38707477f17b0c82571896a69a7dafccd8056053b8a0f46d55a,1,,false
e8cc526d6512d38707477f17b0c82571896a69a7dafccd8056053b8a0f46d55a,2,,false
51248863107d2ae1286de2a6cc7976b0e128687d802e84cc455dc0ebd5be5846,0,"Answer: 2

Most grounded: statement 2 — The image shows a structure with multiple levels and a large open space, which is characteristic of a public transport station.
Less grounded: statement 1 — While the structure could be part of a shopping mall, there is no direct evidence of retail spaces or shops.
Least grounded: statement 3 — There is no clear indication of a sports arena, such as seating or a field, in the image.",false
51248863107d2ae1286de2a6cc7976b0e128687d802e84cc455dc0ebd5be5846,1,,true
51248863107d2ae1286de2a6cc7976b0e128687d802e84cc455dc0ebd5be5846,2,,false
7b9efe2dc7166ebf5030f64e25dbf1a3eb6aa205148b7a71ce1c9fd5f40cbf12,0,"Answer: 2

Most grounded: statement 2 — The woman is wearing a diamond necklace and earrings that complement her off-shoulder gown. The image clearly shows her wearing diamond jewelry that matches her elegant attire.

Less grounded: statement 1 — The woman is wearing a golden tiara that complements her off-shoulder gown. There is no visible tiara in the image, so this statement is less supported.

Least grounded: statement 3 — The woman is wearing a pearl bracelet that complements her off-shoulder gown. There is no evidence of a pearl bracelet in the image, making this statement the least grounded.",false
7b9efe2dc7166ebf5030f64e25dbf1a3eb6aa205148b7a71ce1c9fd5f40cbf12,1,,true
7b9efe2dc7166ebf5030f64e25dbf1a3eb6aa205148b7a71ce1c9fd5f40cbf12,2,,false
04a302964121ce4f994855a7f023ae250b197b5c92a4c31208cb9cdba5ec63f5,0,"Answer: 1

Most grounded: statement 1 — The image shows tall mud-brick buildings, which are characteristic of Shibam, Yemen. The buildings are densely packed and rise high, resembling the skyscrapers of Manhattan, hence the nickname 'the Manhattan of the desert'.

Less grounded: statement 2 — Petra, Jordan is known for its ancient rock-cut architecture, not tall mud-brick buildings. The image does not support this statement as it does not depict Petra.

Least grounded: statement 3 — Marrakech, Morocco is known for its adobe and stucco buildings, not tall mud-brick buildings. The image does not support this statement as it does not depict Marrakech.",true
04a302964121ce4f994855a7f023ae250b197b5c92a4c31208cb9cdba5ec63f5,1,,false
04a302964121ce4f994855a7f023ae250b197b5c92a4c31208cb9cdba5ec63f5,2,,false
553a6cd77c99de8117314b86da7593e883b3840bb8e0bcd6bfb43993306a3f3b,0,"Answer: 1

Most grounded: statement 1 — The jewelry pieces shown in the image have a metallic sheen and are often gold or silver in color, which strongly suggests they are made of gold or silver.

Less grounded: statement 2 — The jewelry pieces shown in the image do not have the appearance or texture of wood, making this statement less grounded.

Least grounded: statement 3 — The jewelry pieces shown in the image do not have the appearance or texture of plastic, making this statement least grounded.",true
553a6cd77c99de8117314b86da7593e883b3840bb8e0bcd6bfb43993306a3f3b,1,,false
553a6cd77c99de8117314b86da7593e883b3840bb8e0bcd6bfb43993306a3f3b,2,,false
41196790624ab64625f7bbfe54e1f2070ba1563d29e01dfca310c06433583819,0,"Answer: 2

Most grounded: statement 2 — The flatbread is directly placed on the inner walls of the tandoor oven, which is the primary method of cooking flatbread in such ovens.
Less grounded: statement 1 — There is no visible metal tray in the image, so this statement is less supported.
Least grounded: statement 3 — The flatbread is not hanging over the embers, so this statement is contradicted by the image.",false
41196790624ab64625f7bbfe54e1f2070ba1563d29e01dfca310c06433583819,1,,true
41196790624ab64625f7bbfe54e1f2070ba1563d29e01dfca310c06433583819,2,,false
1099904c5507cce4eb186a99fea128fc2d8598569282ff3e284f8167d995e5d1,0,"Answer: 2

Most grounded: statement 2 — The image shows banners with both Arabic and English text, such as ""close"" and ""Juantanamo bay,"" indicating the use of both languages.
Less grounded: statement 1 — The evidence is weak because the presence of English text contradicts the claim that only Arabic is used.
Least grounded: statement 3 — The evidence is absent because the image clearly shows the use of both Arabic and English, disproving the claim that only English is used.",false
1099904c5507cce4eb186a99fea128fc2d8598569282ff3e284f8167d995e5d1,1,,true
1099904c5507cce4eb186a99fea128fc2d8598569282ff3e284f8167d995e5d1,2,,false
9c86485026d1447e8fe90eb1eecd8a39ed49ee2afe2dbd46264d079539346f53,0,"Answer: 1

Most grounded: statement 1 — The person in the image is wearing a saree. The saree is clearly visible and draped around the person's body.
Less grounded: statement 2 — The person in the image is wearing a jumpsuit. There is no evidence of a jumpsuit in the image.
Least grounded: statement 3 — The person in the image is wearing a western dress. The saree is a traditional garment, not a western dress.",true
9c86485026d1447e8fe90eb1eecd8a39ed49ee2afe2dbd46264d079539346f53,1,,false
9c86485026d1447e8fe90eb1eecd8a39ed49ee2afe2dbd46264d079539346f53,2,,false
13dbcf13256c8e043086960b248e9e55a849754f5adb53f1db5d92f9a814bfa8,0,"Answer: 2

Most grounded: statement 2 — The image shows palm groves prominently in the foreground, which are a common type of vegetation in desert cities in the Arab world.
Less grounded: statement 1 — There are no cacti visible in the image, making this statement unsupported.
Least grounded: statement 3 — There are no coniferous trees visible in the image, making this statement unsupported.",false
13dbcf13256c8e043086960b248e9e55a849754f5adb53f1db5d92f9a814bfa8,1,,true
13dbcf13256c8e043086960b248e9e55a849754f5adb53f1db5d92f9a814bfa8,2,,false
16eb892e1fc9842e741e9ff23db91d63aad59105580550847c1755bef2e5c88a,0,"Answer: 2

Most grounded: statement 2 — The stone structure has an engraved plaque with Arabic script, which is commonly found on religious shrines in the Arab world.
Less grounded: statement 1 — There is no clear indication that this is a public restroom, such as a sign or modern amenities.
Least grounded: statement 3 — The structure's design and the presence of the plaque make it less likely to be a storage shed.",false
16eb892e1fc9842e741e9ff23db91d63aad59105580550847c1755bef2e5c88a,1,,true
16eb892e1fc9842e741e9ff23db91d63aad59105580550847c1755bef2e5c88a,2,,false
fc324da285b2ba6ef2d060e5457354b9f9cdff9b12b9bb75caf5f8ece6c91872,0,"Answer: 3

Most grounded: statement 3 — A tall minaret is visible in the background of the image of Sana'a's old city. The image clearly shows a tall minaret, which is a common architectural feature in many cities in the Arab world, including Sana'a.

Less grounded: statement 1 — A modern skyscraper is visible in the background of the image of Sana'a's old city. The image does not show any modern skyscrapers; instead, it shows traditional buildings with a historical architectural style.

Least grounded: statement 2 — A large fountain is visible in the background of the image of Sana'a's old city. There is no evidence of a large fountain in the image; the buildings and the minaret are the primary features visible in the background.",false
fc324da285b2ba6ef2d060e5457354b9f9cdff9b12b9bb75caf5f8ece6c91872,1,,false
fc324da285b2ba6ef2d060e5457354b9f9cdff9b12b9bb75caf5f8ece6c91872,2,,true
abcb70ab989e66a71691a711384c113a526606b8c86e200618b940ace8938986,0,"Answer: 2

Most grounded: statement 2 — The heart-shaped pomegranate arrangement is a clear visual symbol of love or affection.
Less grounded: statement 1 — There is no direct evidence in the image that the heart-shaped arrangement is intended to create a cooling effect.
Least grounded: statement 3 — The image does not provide any information about the nutritional value being enhanced by the heart-shaped arrangement.",false
abcb70ab989e66a71691a711384c113a526606b8c86e200618b940ace8938986,1,,true
abcb70ab989e66a71691a711384c113a526606b8c86e200618b940ace8938986,2,,false
65657b50c0e81220c8d34551ca026cfd885f00c11c4ceac46e71c238c0487088,0,"Answer: 2

Most grounded: statement 2 — The sailboat is docked near a stone wall and other boats, suggesting it is used for trade and transport.
Less grounded: statement 1 — There is no clear evidence that the sailboat is used for recreational sailing.
Least grounded: statement 3 — There is no visual evidence to suggest that the sailboat is used for fishing.",false
65657b50c0e81220c8d34551ca026cfd885f00c11c4ceac46e71c238c0487088,1,,true
65657b50c0e81220c8d34551ca026cfd885f00c11c4ceac46e71c238c0487088,2,,false
45e84558b7516b965d829fbce5d9af8ce5537a0942921f5761399dc720766ccd,0,"Answer: 3

Most grounded: statement 3 — The image shows several people sitting on the floor, some reading books and others in prayer positions, indicating that they are primarily engaged in reading or praying.

Less grounded: statement 1 — There is no evidence of shopping for groceries in the image. The people are not interacting with any grocery items or shopping carts.

Least grounded: statement 2 — There is no evidence of cooking food in the image. The people are not interacting with any cooking utensils or food items.",false
45e84558b7516b965d829fbce5d9af8ce5537a0942921f5761399dc720766ccd,1,,false
45e84558b7516b965d829fbce5d9af8ce5537a0942921f5761399dc720766ccd,2,,true
1909baf0ee4ad1d65da952bf4a15717c92b8d8c0c9ac08f4393aae62dbcc19cd,0,"Answer: 3

Most grounded: statement 3 — The metallic wall decoration features Arabic calligraphy, which is often used to represent Islamic spirituality and religious beliefs. The intricate design and the prominent placement of the calligraphy suggest its significance.

Less grounded: statement 1 — The evidence is weak because the calligraphy is likely to have a specific meaning, given its religious context.

Least grounded: statement 2 — The evidence is absent because the calligraphy is clearly related to religion, making it unrelated to abstract art.",false
1909baf0ee4ad1d65da952bf4a15717c92b8d8c0c9ac08f4393aae62dbcc19cd,1,,false
1909baf0ee4ad1d65da952bf4a15717c92b8d8c0c9ac08f4393aae62dbcc19cd,2,,true
16e3115706dd6ea1b988a32082a6239cff37220a1271ced8dee3e869905d8628,0,"Answer: 3

Most grounded: statement 3 — The image clearly shows the colors red, white, and blue on the depiction of the Yemeni flag painted on the wall.
Less grounded: statement 1 — The evidence is weak because the colors red and black are not visible on the depiction of the Yemeni flag.
Least grounded: statement 2 — The evidence is absent because the color green is not present on the depiction of the Yemeni flag.",false
16e3115706dd6ea1b988a32082a6239cff37220a1271ced8dee3e869905d8628,1,,false
16e3115706dd6ea1b988a32082a6239cff37220a1271ced8dee3e869905d8628,2,,true
9073331a0b96d59c4c1ec77d29dea75f215e8fb2960de5c1bfdddc4a492f95f7,0,"Answer: 1

Most grounded: statement 1 — The wall appears to be made of earthen material, as indicated by the texture and color of the wall.
Less grounded: statement 2 — There is no visual evidence to suggest that the wall is made of concrete.
Least grounded: statement 3 — There is no visual evidence to suggest that the wall is made of brick.",true
9073331a0b96d59c4c1ec77d29dea75f215e8fb2960de5c1bfdddc4a492f95f7,1,,false
9073331a0b96d59c4c1ec77d29dea75f215e8fb2960de5c1bfdddc4a492f95f7,2,,false
c72f7409b70775e1a274cfe6f8a01f11835001fbda3246159c4fb598f3f174a8,0,"Answer: 3

Most grounded: statement 3 — The ruins shown in the image are most likely constructed from mud-brick. The image shows structures that are typical of mud-brick construction, characterized by their earthy, uneven texture and the way they have crumbled over time.

Less grounded: statement 1 — The ruins shown in the image are most likely constructed from stone. While the structures do have a stone-like appearance, the texture and color suggest they are more likely mud-brick.

Least grounded: statement 2 — The ruins shown in the image are most likely constructed from wood. There is no visual evidence in the image to suggest that the ruins are made of wood. The structures appear to be solid and earthy, which is more characteristic of stone or mud-brick construction.",false
c72f7409b70775e1a274cfe6f8a01f11835001fbda3246159c4fb598f3f174a8,1,,false
c72f7409b70775e1a274cfe6f8a01f11835001fbda3246159c4fb598f3f174a8,2,,true
04e5d2fbb37c6dafec3acc8770b94bc04c48454037ec4c9f6de0f35c0c7fdbdc,0,"Answer: 2

Most grounded: statement 2 — The architecture in the image features elements such as arched windows and decorative brickwork, which are characteristic of Middle Eastern architecture. The style of the buildings and the design elements strongly suggest a Middle Eastern origin.

Less grounded: statement 1 — The architecture in the image does not resemble South American styles, which typically include elements like adobe structures, thatched roofs, and different types of decorative patterns. The buildings in the image do not have these characteristics.

Least grounded: statement 3 — The architecture in the image does not resemble Scandinavian styles, which typically include elements like steeply pitched roofs, wooden structures, and different types of decorative patterns. The buildings in the image do not have these characteristics.",false
04e5d2fbb37c6dafec3acc8770b94bc04c48454037ec4c9f6de0f35c0c7fdbdc,1,,true
04e5d2fbb37c6dafec3acc8770b94bc04c48454037ec4c9f6de0f35c0c7fdbdc,2,,false
b2c3e57908dcbb83589238925eac6ca33f702982acbd2d2b4f0d128b0c8cbdcc,0,"Answer: 1

Most grounded: statement 1 — The image shows a library section labeled 'Adult Fiction' with shelves filled with books, indicating that adult fiction novels are likely to be found there.
Less grounded: statement 2 — There is no evidence in the image to suggest that children's picture books are found in the 'Adult Fiction' section.
Least grounded: statement 3 — The image does not provide any evidence to support the presence of academic textbooks in the 'Adult Fiction' section.",true
b2c3e57908dcbb83589238925eac6ca33f702982acbd2d2b4f0d128b0c8cbdcc,1,,false
b2c3e57908dcbb83589238925eac6ca33f702982acbd2d2b4f0d128b0c8cbdcc,2,,false
982a494c2bfc1e66707f3940fd7ff31784345152e648d894f74e223620c6d056,0,"Answer: 2

Most grounded: statement 2 — A brush is being used to create intricate henna designs, as evidenced by the hand holding the brush and applying henna to the skin.
Less grounded: statement 1 — A henna cone is not visible in the image, so there is no direct evidence supporting this statement.
Least grounded: statement 3 — A stencil is not visible in the image, and there is no evidence to suggest that it is used in this henna design process.",false
982a494c2bfc1e66707f3940fd7ff31784345152e648d894f74e223620c6d056,1,,true
982a494c2bfc1e66707f3940fd7ff31784345152e648d894f74e223620c6d056,2,,false
8093aecc225e620a1e003d82d29572668de7a611fc982f07fdbdd1c3418e319e,0,"Answer: 3

Most grounded: statement 3 — The image shows people walking around and interacting with various stalls and goods, indicating an outdoor market setting. There are no signs of a political rally or festival celebration.

Less grounded: statement 2 — While the image does show a crowded area, there are no specific decorations or festive elements that would indicate a festival celebration.

Least grounded: statement 1 — There are no political banners, speakers, or any indication of a political rally taking place in the image.",false
8093aecc225e620a1e003d82d29572668de7a611fc982f07fdbdd1c3418e319e,1,,false
8093aecc225e620a1e003d82d29572668de7a611fc982f07fdbdd1c3418e319e,2,,true
0483d6c865edb18b34d5d32569aff12f8b1cfbee49f248e0ae04fd7a35bffb5d,0,"Answer: 1

Most grounded: statement 1 — The textile shown in the image has a texture that is consistent with wool, which often has a fuzzy and uneven appearance. This is supported by the visible fibers and the overall look of the textile.

Less grounded: statement 2 — The textile shown in the image does not have the smooth and lustrous appearance typically associated with silk. Silk often has a sheen and a more refined texture, which is not evident in this image.

Least grounded: statement 3 — The textile shown in the image does not have the fine, even texture characteristic of cotton. Cotton typically has a smoother and more uniform appearance, which is not present in this image.",true
0483d6c865edb18b34d5d32569aff12f8b1cfbee49f248e0ae04fd7a35bffb5d,1,,false
0483d6c865edb18b34d5d32569aff12f8b1cfbee49f248e0ae04fd7a35bffb5d,2,,false
82005322351179e1b9c8d00cd7f163e15cbbde726ea798171337097d810cd72c,0,"Answer: 1

Most grounded: statement 1 — There are two cups of hot chocolate and coffee on the table, as evidenced by the cups with the text ""Coffee"" and ""Hot Chocolate"" visible.
Less grounded: statement 2 — There is no visual evidence of juice or soda on the table.
Least grounded: statement 3 — There is no visual evidence of tea or lemonade on the table, and the presence of hot chocolate and coffee contradicts the idea of tea and lemonade being served.",true
82005322351179e1b9c8d00cd7f163e15cbbde726ea798171337097d810cd72c,1,,false
82005322351179e1b9c8d00cd7f163e15cbbde726ea798171337097d810cd72c,2,,false
b511168fad505346d7edcc2a10cc4d11dccfed0d0f882606a5dc90ea21875207,0,"Answer: 2

Most grounded: statement 2 — The wooden stand is likely used to hold the ceramic cups. The cups are placed on the stand, indicating its use for holding them.
Less grounded: statement 1 — The evidence is weak because the stand does not have any features typically associated with a cutting board, such as a flat surface or a handle.
Least grounded: statement 3 — The evidence is absent because there is no indication that the stand is used as a decorative tray, as it is not placed on a surface that would suggest decoration.",false
b511168fad505346d7edcc2a10cc4d11dccfed0d0f882606a5dc90ea21875207,1,,true
b511168fad505346d7edcc2a10cc4d11dccfed0d0f882606a5dc90ea21875207,2,,false
11ab083a167f8ab37dac9ef1355ef9e00dac9e695d40ed9a24c08bdce2ca11f8,0,"Answer: 1

Most grounded: statement 1 — The presence of individuals in formal attire, including suits and traditional clothing, along with the backdrop featuring logos and text, suggests a formal event, likely a conference or official gathering. The presence of lanyards and ID badges further supports the idea of a professional or official event.

Less grounded: statement 2 — There is no visual evidence in the image to suggest a private family celebration. The setting and attire are too formal and public for a private family event.

Least grounded: statement 3 — There is no visual evidence in the image to suggest a sports award ceremony. The setting and attire are too formal and official for a sports event.",true
11ab083a167f8ab37dac9ef1355ef9e00dac9e695d40ed9a24c08bdce2ca11f8,1,,false
11ab083a167f8ab37dac9ef1355ef9e00dac9e695d40ed9a24c08bdce2ca11f8,2,,false
4a55716215e2652cd7555c3a251876120e77b2b3152774486056580d9af23a55,0,"Answer: 2

Most grounded: statement 2 — The image shows players in uniforms with the word ""BASKETBALL"" on them, and they are holding a basketball, indicating that the primary activity is a basketball game.
Less grounded: statement 1 — There is no evidence of a tennis match in the image. The players and equipment are clearly related to basketball.
Least grounded: statement 3 — The image does not show any volleyball equipment or players, making it clear that the primary activity is not a volleyball match.",false
4a55716215e2652cd7555c3a251876120e77b2b3152774486056580d9af23a55,1,,true
4a55716215e2652cd7555c3a251876120e77b2b3152774486056580d9af23a55,2,,false
c004200a314e34687369e6850faa3f3a50f584226b5c2c88715090a02480e65e,0,"Answer: 3

Most grounded: statement 3 — The image shows several palm trees scattered around the village area, which strongly supports this statement.
Less grounded: statement 1 — There are no visible pine trees in the image, making this statement weak.
Least grounded: statement 2 — There are no visible cactus plants in the image, making this statement contradicted.",false
c004200a314e34687369e6850faa3f3a50f584226b5c2c88715090a02480e65e,1,,false
c004200a314e34687369e6850faa3f3a50f584226b5c2c88715090a02480e65e,2,,true
31eac3d38e1dd3fb357103699b69c7f737dae921a15065e5fadadb9689d51e72,0,"Answer: 2

Most grounded: statement 2 — The kettle in the image has a copper-like appearance, indicating it is primarily made of copper.
Less grounded: statement 1 — There is no visual evidence to suggest the kettle is made of steel.
Least grounded: statement 3 — There is no visual evidence to suggest the kettle is made of aluminum.",false
31eac3d38e1dd3fb357103699b69c7f737dae921a15065e5fadadb9689d51e72,1,,true
31eac3d38e1dd3fb357103699b69c7f737dae921a15065e5fadadb9689d51e72,2,,false
f2b1cfc324bc9574216fe703f42f0ac653d83b8c8e2b6ec52d486e54cdba045f,0,"Answer: 1

Most grounded: statement 1 — The person is holding a fishing rod and appears to be engaged in fly fishing, which is supported by the outdoor setting and the type of equipment visible.
Less grounded: statement 2 — There is no evidence of ice fishing, such as ice or specific gear designed for ice fishing.
Least grounded: statement 3 — The image does not depict deep-sea fishing, as the setting is on land and the person is not using equipment typically associated with deep-sea fishing.",true
f2b1cfc324bc9574216fe703f42f0ac653d83b8c8e2b6ec52d486e54cdba045f,1,,false
f2b1cfc324bc9574216fe703f42f0ac653d83b8c8e2b6ec52d486e54cdba045f,2,,false
323b0439f1ef36d65f21b5927916a99106da00859e5b829f98262fc0b939916c,0,"Answer: 1

Most grounded: statement 1 — The image shows a street market stall with white buildings in the background, which suggests a rustic urban setting.
Less grounded: statement 2 — There is no clear evidence of modern architecture in the background, making this less grounded.
Least grounded: statement 3 — There is no indication of a beachside town in the architectural style, making this the least grounded.",true
323b0439f1ef36d65f21b5927916a99106da00859e5b829f98262fc0b939916c,1,,false
323b0439f1ef36d65f21b5927916a99106da00859e5b829f98262fc0b939916c,2,,false
e09c919bb6830ca2b9bec74e2830910f51c4a05d2aec41154de263677eea0029,0,"Answer: 3

Most grounded: statement 3 — The structure depicted in the image is a historical tomb or monument. The architecture and design, including the dome and arches, are characteristic of historical tombs or monuments found in the Arab world.

Less grounded: statement 1 — The structure depicted in the image is a public transportation hub. There is no evidence in the image to suggest that this structure is used for public transportation. The design and context do not support this claim.

Least grounded: statement 2 — The structure depicted in the image is a modern government building. The architecture and design of the structure are not indicative of modern government buildings. The historical and ornate design suggests that it is not a modern structure.",false
e09c919bb6830ca2b9bec74e2830910f51c4a05d2aec41154de263677eea0029,1,,false
e09c919bb6830ca2b9bec74e2830910f51c4a05d2aec41154de263677eea0029,2,,true
